// 4.24.0 0x5a1a7bb9 D2 AY R1 FARGB8888 U565 N0 SExtFlashSection
// Generated by imageconverter. Please, do not edit!

#include <touchgfx/hal/Config.hpp>

LOCATION_PRAGMA("ExtFlashSection")
KEEP extern const unsigned char image_aldes100ans[] LOCATION_ATTRIBUTE("ExtFlashSection") = { // 187x80 ARGB8888 pixels.
    0x80, 0x50, 0xa8, 0xff, 0x80, 0x54, 0xa8, 0xff, 0x80, 0x50, 0xb0, 0xff,
    0x78, 0x50, 0xa8, 0xff, 0x80, 0x50, 0xa0, 0xff, 0x80, 0x50, 0xa0, 0xff,
    0x80, 0x50, 0xa0, 0xff, 0x80, 0x4c, 0xa0, 0xff, 0x80, 0x4c, 0x98, 0xff,
    0x80, 0x4c, 0x98, 0xff, 0x80, 0x4c, 0x90, 0xff, 0x88, 0x48, 0x88, 0xff,
    0x80, 0x48, 0x88, 0xff, 0x80, 0x48, 0x88, 0xff, 0x88, 0x44, 0x78, 0xff,
    0x88, 0x44, 0x78, 0xff, 0x80, 0x44, 0x70, 0xff, 0x88, 0x40, 0x70, 0xff,
    0x88, 0x40, 0x70, 0xff, 0x88, 0x40, 0x60, 0xff, 0x88, 0x40, 0x60, 0xff,
    0x88, 0x3c, 0x60, 0xff, 0x88, 0x3c, 0x58, 0xff, 0x88, 0x3c, 0x58, 0xff,
    0x88, 0x38, 0x50, 0xff, 0x88, 0x38, 0x48, 0xff, 0x88, 0x38, 0x48, 0xff,
    0x88, 0x38, 0x40, 0xff, 0x88, 0x34, 0x38, 0xff, 0x88, 0x38, 0x38, 0xff,
    0x88, 0x34, 0x38, 0xff, 0x90, 0x34, 0x28, 0xff, 0x88, 0x34, 0x28, 0xff,
    0x90, 0x34, 0x28, 0xff, 0x88, 0x34, 0x28, 0xff, 0x88, 0x34, 0x28, 0xff,
    0x88, 0x34, 0x28, 0xff, 0x90, 0x34, 0x28, 0xff, 0x90, 0x34, 0x28, 0xff,
    0x88, 0x34, 0x28, 0xff, 0x88, 0x34, 0x28, 0xff, 0x88, 0x34, 0x28, 0xff,
    0x90, 0x34, 0x28, 0xff, 0x88, 0x34, 0x28, 0xff, 0x88, 0x34, 0x28, 0xff,
    0x90, 0x34, 0x28, 0xff, 0x88, 0x34, 0x28, 0xff, 0x88, 0x34, 0x28, 0xff,
    0x88, 0x34, 0x28, 0xff, 0x88, 0x34, 0x28, 0xff, 0x88, 0x34, 0x28, 0xff,
    0x88, 0x34, 0x28, 0xff, 0x90, 0x34, 0x28, 0xff, 0x90, 0x34, 0x28, 0xff,
    0x88, 0x34, 0x28, 0xff, 0x88, 0x34, 0x28, 0xff, 0x88, 0x34, 0x28, 0xff,
    0x88, 0x34, 0x28, 0xff, 0x90, 0x34, 0x28, 0xff, 0x88, 0x34, 0x28, 0xff,
    0x88, 0x34, 0x28, 0xff, 0x90, 0x34, 0x28, 0xff, 0x90, 0x34, 0x28, 0xff,
    0x88, 0x34, 0x28, 0xff, 0x88, 0x34, 0x28, 0xff, 0x90, 0x34, 0x28, 0xff,
    0x88, 0x34, 0x28, 0xff, 0x88, 0x34, 0x28, 0xff, 0x88, 0x34, 0x28, 0xff,
    0x90, 0x34, 0x28, 0xff, 0x88, 0x34, 0x28, 0xff, 0x88, 0x34, 0x28, 0xff,
    0x88, 0x34, 0x28, 0xff, 0x90, 0x34, 0x28, 0xff, 0x88, 0x34, 0x28, 0xff,
    0x90, 0x34, 0x28, 0xff, 0x90, 0x34, 0x28, 0xff, 0x88, 0x34, 0x28, 0xff,
    0x88, 0x34, 0x28, 0xff, 0x88, 0x34, 0x28, 0xc7, 0x80, 0x50, 0xb0, 0xff,
    0x80, 0x54, 0xb0, 0xff, 0x80, 0x54, 0xa8, 0xff, 0x80, 0x50, 0xa8, 0xff,
    0x80, 0x50, 0xa0, 0xff, 0x80, 0x50, 0xa0, 0xff, 0x80, 0x50, 0xa0, 0xff,
    0x80, 0x4c, 0xa0, 0xff, 0x80, 0x4c, 0x98, 0xff, 0x80, 0x4c, 0x98, 0xff,
    0x80, 0x4c, 0x90, 0xff, 0x88, 0x48, 0x88, 0xff, 0x80, 0x48, 0x88, 0xff,
    0x80, 0x48, 0x88, 0xff, 0x88, 0x44, 0x80, 0xff, 0x80, 0x44, 0x78, 0xff,
    0x88, 0x40, 0x70, 0xff, 0x88, 0x40, 0x70, 0xff, 0x88, 0x44, 0x70, 0xff,
    0x88, 0x40, 0x60, 0xff, 0x80, 0x40, 0x60, 0xff, 0x88, 0x3c, 0x60, 0xff,
    0x88, 0x3c, 0x58, 0xff, 0x88, 0x3c, 0x58, 0xff, 0x88, 0x3c, 0x50, 0xff,
    0x88, 0x38, 0x48, 0xff, 0x88, 0x38, 0x40, 0xff, 0x88, 0x38, 0x40, 0xff,
    0x88, 0x34, 0x38, 0xff, 0x90, 0x34, 0x38, 0xff, 0x88, 0x38, 0x38, 0xff,
    0x88, 0x34, 0x28, 0xff, 0x88, 0x34, 0x28, 0xff, 0x88, 0x34, 0x28, 0xff,
    0x90, 0x34, 0x28, 0xff, 0x90, 0x34, 0x28, 0xff, 0x90, 0x34, 0x28, 0xff,
    0x88, 0x34, 0x28, 0xff, 0x88, 0x34, 0x28, 0xff, 0x88, 0x34, 0x28, 0xff,
    0x88, 0x34, 0x28, 0xff, 0x90, 0x34, 0x28, 0xff, 0x88, 0x34, 0x28, 0xff,
    0x90, 0x34, 0x28, 0xff, 0x88, 0x34, 0x28, 0xff, 0x88, 0x34, 0x28, 0xff,
    0x88, 0x34, 0x28, 0xff, 0x90, 0x34, 0x28, 0xff, 0x90, 0x34, 0x28, 0xff,
    0x88, 0x34, 0x28, 0xff, 0x90, 0x34, 0x28, 0xff, 0x90, 0x34, 0x28, 0xff,
    0x88, 0x34, 0x28, 0xff, 0x88, 0x34, 0x28, 0xff, 0x88, 0x34, 0x28, 0xff,
    0x90, 0x34, 0x20, 0xff, 0x88, 0x34, 0x28, 0xff, 0x88, 0x34, 0x28, 0xff,
    0x90, 0x34, 0x28, 0xff, 0x90, 0x34, 0x28, 0xff, 0x88, 0x34, 0x28, 0xff,
    0x88, 0x34, 0x28, 0xff, 0x88, 0x34, 0x28, 0xff, 0x88, 0x34, 0x20, 0xff,
    0x90, 0x34, 0x28, 0xff, 0x88, 0x34, 0x28, 0xff, 0x88, 0x34, 0x28, 0xff,
    0x88, 0x34, 0x28, 0xff, 0x90, 0x34, 0x28, 0xff, 0x88, 0x34, 0x28, 0xff,
    0x88, 0x34, 0x28, 0xff, 0x90, 0x34, 0x20, 0xff, 0x90, 0x34, 0x28, 0xff,
    0x88, 0x34, 0x28, 0xff, 0x88, 0x34, 0x28, 0xff, 0x88, 0x34, 0x28, 0xff,
    0x88, 0x34, 0x28, 0xff, 0x88, 0x34, 0x28, 0xff, 0x90, 0x34, 0x28, 0xff,
    0x90, 0x34, 0x28, 0xc7, 0x80, 0x54, 0xb0, 0xff, 0x78, 0x50, 0xa8, 0xff,
    0x78, 0x50, 0xb0, 0xff, 0x80, 0x54, 0xa8, 0xff, 0x80, 0x50, 0xa8, 0xff,
    0x80, 0x50, 0xa0, 0xff, 0x80, 0x50, 0xa0, 0xff, 0x80, 0x4c, 0xa0, 0xff,
    0x80, 0x4c, 0x90, 0xff, 0x80, 0x4c, 0x90, 0xff, 0x88, 0x4c, 0x90, 0xff,
    0x80, 0x48, 0x88, 0xff, 0x80, 0x48, 0x88, 0xff, 0x88, 0x44, 0x80, 0xff,
    0x88, 0x44, 0x80, 0xff, 0x80, 0x44, 0x78, 0xff, 0x88, 0x40, 0x70, 0xff,
    0x88, 0x40, 0x70, 0xff, 0x88, 0x40, 0x68, 0xff, 0x88, 0x40, 0x60, 0xff,
    0x88, 0x40, 0x68, 0xff, 0x88, 0x3c, 0x60, 0xff, 0x88, 0x3c, 0x58, 0xff,
    0x88, 0x3c, 0x50, 0xff, 0x88, 0x3c, 0x50, 0xff, 0x88, 0x38, 0x48, 0xff,
    0x88, 0x38, 0x48, 0xff, 0x88, 0x38, 0x40, 0xff, 0x90, 0x38, 0x38, 0xff,
    0x88, 0x38, 0x38, 0xff, 0x88, 0x34, 0x38, 0xff, 0x90, 0x34, 0x28, 0xff,
    0x90, 0x34, 0x28, 0xff, 0x88, 0x34, 0x28, 0xff, 0x88, 0x34, 0x28, 0xff,
    0x88, 0x34, 0x28, 0xff, 0x88, 0x34, 0x20, 0xff, 0x88, 0x34, 0x28, 0xff,
    0x88, 0x34, 0x28, 0xff, 0x90, 0x34, 0x28, 0xff, 0x90, 0x34, 0x28, 0xff,
    0x88, 0x34, 0x20, 0xff, 0x88, 0x34, 0x28, 0xff, 0x88, 0x34, 0x28, 0xff,
    0x90, 0x34, 0x20, 0xff, 0x88, 0x34, 0x28, 0xff, 0x90, 0x34, 0x28, 0xff,
    0x88, 0x34, 0x28, 0xff, 0x88, 0x34, 0x28, 0xff, 0x90, 0x34, 0x20, 0xff,
    0x88, 0x34, 0x28, 0xff, 0x88, 0x34, 0x28, 0xff, 0x88, 0x34, 0x20, 0xff,
    0x88, 0x34, 0x28, 0xff, 0x90, 0x34, 0x28, 0xff, 0x88, 0x34, 0x28, 0xff,
    0x90, 0x34, 0x28, 0xff, 0x90, 0x34, 0x28, 0xff, 0x88, 0x34, 0x28, 0xff,
    0x88, 0x34, 0x28, 0xff, 0x88, 0x34, 0x20, 0xff, 0x90, 0x34, 0x28, 0xff,
    0x88, 0x34, 0x28, 0xff, 0x88, 0x34, 0x28, 0xff, 0x88, 0x34, 0x28, 0xff,
    0x90, 0x34, 0x20, 0xff, 0x88, 0x34, 0x28, 0xff, 0x90, 0x34, 0x28, 0xff,
    0x90, 0x34, 0x28, 0xff, 0x88, 0x34, 0x28, 0xff, 0x88, 0x34, 0x28, 0xff,
    0x90, 0x34, 0x28, 0xff, 0x88, 0x34, 0x28, 0xff, 0x88, 0x34, 0x28, 0xff,
    0x90, 0x34, 0x28, 0xff, 0x88, 0x34, 0x28, 0xff, 0x88, 0x34, 0x28, 0xff,
    0x90, 0x34, 0x20, 0xff, 0x88, 0x34, 0x28, 0xff, 0x88, 0x34, 0x28, 0xc7,
    0x80, 0x54, 0xb8, 0xff, 0x80, 0x54, 0xa8, 0xff, 0x80, 0x50, 0xb0, 0xff,
    0x80, 0x50, 0xb0, 0xff, 0x80, 0x50, 0xa8, 0xff, 0x80, 0x50, 0xa0, 0xff,
    0x80, 0x50, 0xa0, 0xff, 0x80, 0x4c, 0xa0, 0xff, 0x80, 0x4c, 0x98, 0xff,
    0x80, 0x4c, 0x98, 0xff, 0x80, 0x48, 0x90, 0xff, 0x88, 0x48, 0x88, 0xff,
    0x80, 0x48, 0x88, 0xff, 0x88, 0x48, 0x80, 0xff, 0x80, 0x44, 0x78, 0xff,
    0x80, 0x44, 0x78, 0xff, 0x88, 0x40, 0x70, 0xff, 0x88, 0x40, 0x70, 0xff,
    0x80, 0x40, 0x68, 0xff, 0x88, 0x40, 0x60, 0xff, 0x88, 0x40, 0x60, 0xff,
    0x88, 0x3c, 0x60, 0xff, 0x88, 0x3c, 0x58, 0xff, 0x88, 0x3c, 0x50, 0xff,
    0x88, 0x3c, 0x50, 0xff, 0x88, 0x38, 0x48, 0xff, 0x88, 0x38, 0x48, 0xff,
    0x88, 0x38, 0x40, 0xff, 0x88, 0x34, 0x38, 0xff, 0x88, 0x34, 0x38, 0xff,
    0x90, 0x38, 0x40, 0xff, 0x88, 0x34, 0x28, 0xff, 0x88, 0x34, 0x28, 0xff,
    0x90, 0x34, 0x28, 0xff, 0x88, 0x34, 0x28, 0xff, 0x88, 0x34, 0x28, 0xff,
    0x88, 0x34, 0x28, 0xff, 0x90, 0x34, 0x28, 0xff, 0x90, 0x34, 0x20, 0xff,
    0x88, 0x34, 0x28, 0xff, 0x88, 0x34, 0x28, 0xff, 0x90, 0x34, 0x28, 0xff,
    0x90, 0x34, 0x28, 0xff, 0x88, 0x34, 0x28, 0xff, 0x88, 0x34, 0x28, 0xff,
    0x90, 0x34, 0x28, 0xff, 0x88, 0x34, 0x28, 0xff, 0x88, 0x34, 0x20, 0xff,
    0x90, 0x34, 0x28, 0xff, 0x88, 0x34, 0x28, 0xff, 0x88, 0x34, 0x28, 0xff,
    0x88, 0x34, 0x28, 0xff, 0x90, 0x34, 0x28, 0xff, 0x90, 0x34, 0x28, 0xff,
    0x88, 0x34, 0x28, 0xff, 0x88, 0x34, 0x28, 0xff, 0x88, 0x34, 0x28, 0xff,
    0x88, 0x34, 0x20, 0xff, 0x88, 0x34, 0x28, 0xff, 0x88, 0x34, 0x28, 0xff,
    0x88, 0x34, 0x28, 0xff, 0x90, 0x34, 0x28, 0xff, 0x90, 0x34, 0x28, 0xff,
    0x88, 0x34, 0x28, 0xff, 0x90, 0x34, 0x28, 0xff, 0x88, 0x34, 0x28, 0xff,
    0x88, 0x34, 0x28, 0xff, 0x90, 0x34, 0x28, 0xff, 0x88, 0x34, 0x20, 0xff,
    0x88, 0x34, 0x28, 0xff, 0x90, 0x34, 0x28, 0xff, 0x88, 0x34, 0x28, 0xff,
    0x88, 0x34, 0x28, 0xff, 0x88, 0x34, 0x28, 0xff, 0x90, 0x34, 0x28, 0xff,
    0x90, 0x34, 0x28, 0xff, 0x90, 0x34, 0x28, 0xff, 0x88, 0x34, 0x28, 0xff,
    0x90, 0x34, 0x28, 0xff, 0x88, 0x34, 0x28, 0xc7, 0x78, 0x54, 0xb8, 0xff,
    0x80, 0x50, 0xb0, 0xff, 0x80, 0x54, 0xa8, 0xff, 0x80, 0x54, 0xa8, 0xff,
    0x80, 0x50, 0xa8, 0xff, 0x80, 0x50, 0xa0, 0xff, 0x80, 0x50, 0xa0, 0xff,
    0x80, 0x4c, 0xa0, 0xff, 0x80, 0x4c, 0x98, 0xff, 0x80, 0x4c, 0x98, 0xff,
    0x88, 0x4c, 0x90, 0xff, 0x80, 0x48, 0x88, 0xff, 0x88, 0x48, 0x88, 0xff,
    0x88, 0x44, 0x80, 0xff, 0x80, 0x44, 0x78, 0xff, 0x88, 0x44, 0x78, 0xff,
    0x88, 0x40, 0x70, 0xff, 0x88, 0x40, 0x70, 0xff, 0x88, 0x40, 0x68, 0xff,
    0x88, 0x40, 0x60, 0xff, 0x88, 0x40, 0x68, 0xff, 0x88, 0x3c, 0x60, 0xff,
    0x88, 0x3c, 0x58, 0xff, 0x88, 0x3c, 0x58, 0xff, 0x88, 0x3c, 0x50, 0xff,
    0x88, 0x38, 0x48, 0xff, 0x88, 0x38, 0x48, 0xff, 0x88, 0x38, 0x40, 0xff,
    0x90, 0x34, 0x38, 0xff, 0x88, 0x38, 0x38, 0xff, 0x88, 0x38, 0x38, 0xff,
    0x90, 0x34, 0x30, 0xff, 0x88, 0x34, 0x28, 0xff, 0x88, 0x34, 0x28, 0xff,
    0x90, 0x34, 0x28, 0xff, 0x90, 0x34, 0x28, 0xff, 0x90, 0x34, 0x28, 0xff,
    0x88, 0x34, 0x28, 0xff, 0x88, 0x34, 0x28, 0xff, 0x90, 0x34, 0x28, 0xff,
    0x88, 0x34, 0x28, 0xff, 0x88, 0x34, 0x28, 0xff, 0x88, 0x34, 0x28, 0xff,
    0x90, 0x34, 0x28, 0xff, 0x88, 0x34, 0x28, 0xff, 0x88, 0x34, 0x28, 0xff,
    0x90, 0x34, 0x28, 0xff, 0x90, 0x34, 0x28, 0xff, 0x88, 0x34, 0x28, 0xff,
    0x88, 0x34, 0x28, 0xff, 0x90, 0x34, 0x28, 0xff, 0x90, 0x34, 0x28, 0xff,
    0x88, 0x34, 0x28, 0xff, 0x88, 0x34, 0x28, 0xff, 0x90, 0x34, 0x20, 0xff,
    0x90, 0x34, 0x28, 0xff, 0x88, 0x34, 0x28, 0xff, 0x90, 0x34, 0x28, 0xff,
    0x90, 0x34, 0x28, 0xff, 0x90, 0x34, 0x28, 0xff, 0x90, 0x34, 0x28, 0xff,
    0x88, 0x34, 0x28, 0xff, 0x88, 0x34, 0x20, 0xff, 0x90, 0x34, 0x28, 0xff,
    0x90, 0x34, 0x28, 0xff, 0x88, 0x34, 0x28, 0xff, 0x88, 0x34, 0x28, 0xff,
    0x90, 0x34, 0x28, 0xff, 0x88, 0x34, 0x28, 0xff, 0x88, 0x34, 0x28, 0xff,
    0x90, 0x40, 0x30, 0xff, 0x90, 0x34, 0x28, 0xff, 0xa0, 0x60, 0x58, 0xff,
    0xb8, 0x9c, 0x98, 0xff, 0xa0, 0x70, 0x68, 0xff, 0x88, 0x34, 0x28, 0xff,
    0x88, 0x34, 0x28, 0xff, 0x88, 0x34, 0x28, 0xff, 0x88, 0x34, 0x28, 0xff,
    0x90, 0x34, 0x28, 0xc7, 0x78, 0x54, 0xb8, 0xff, 0x80, 0x54, 0xb0, 0xff,
    0x80, 0x54, 0xa8, 0xff, 0x78, 0x50, 0xb0, 0xff, 0x80, 0x50, 0xa8, 0xff,
    0x80, 0x50, 0xa0, 0xff, 0x80, 0x50, 0xa0, 0xff, 0x80, 0x4c, 0x98, 0xff,
    0x80, 0x4c, 0x98, 0xff, 0x80, 0x4c, 0x90, 0xff, 0x88, 0x48, 0x88, 0xff,
    0x80, 0x48, 0x88, 0xff, 0x80, 0x48, 0x88, 0xff, 0x88, 0x44, 0x78, 0xff,
    0x80, 0x44, 0x80, 0xff, 0x88, 0x44, 0x78, 0xff, 0x88, 0x40, 0x70, 0xff,
    0x88, 0x40, 0x70, 0xff, 0x80, 0x40, 0x68, 0xff, 0x88, 0x40, 0x60, 0xff,
    0x88, 0x40, 0x68, 0xff, 0x88, 0x3c, 0x60, 0xff, 0x88, 0x3c, 0x58, 0xff,
    0x88, 0x3c, 0x50, 0xff, 0x88, 0x3c, 0x50, 0xff, 0x88, 0x38, 0x48, 0xff,
    0x88, 0x38, 0x48, 0xff, 0x88, 0x38, 0x40, 0xff, 0x90, 0x38, 0x38, 0xff,
    0x88, 0x38, 0x38, 0xff, 0x88, 0x34, 0x38, 0xff, 0x90, 0x34, 0x30, 0xff,
    0x88, 0x34, 0x28, 0xff, 0x88, 0x34, 0x28, 0xff, 0x90, 0x34, 0x28, 0xff,
    0x88, 0x34, 0x28, 0xff, 0x88, 0x34, 0x28, 0xff, 0x88, 0x34, 0x28, 0xff,
    0x90, 0x34, 0x28, 0xff, 0x88, 0x34, 0x28, 0xff, 0x88, 0x34, 0x28, 0xff,
    0x90, 0x34, 0x20, 0xff, 0x88, 0x34, 0x28, 0xff, 0x88, 0x34, 0x28, 0xff,
    0x90, 0x34, 0x20, 0xff, 0x90, 0x34, 0x28, 0xff, 0x88, 0x34, 0x28, 0xff,
    0x88, 0x34, 0x28, 0xff, 0x88, 0x34, 0x28, 0xff, 0x90, 0x34, 0x20, 0xff,
    0x88, 0x34, 0x28, 0xff, 0x88, 0x34, 0x28, 0xff, 0x90, 0x34, 0x20, 0xff,
    0x88, 0x34, 0x28, 0xff, 0x88, 0x34, 0x28, 0xff, 0x88, 0x34, 0x28, 0xff,
    0x90, 0x34, 0x28, 0xff, 0x88, 0x34, 0x28, 0xff, 0x88, 0x34, 0x28, 0xff,
    0x88, 0x34, 0x28, 0xff, 0x88, 0x34, 0x20, 0xff, 0x88, 0x34, 0x28, 0xff,
    0x88, 0x34, 0x28, 0xff, 0x88, 0x34, 0x28, 0xff, 0x88, 0x34, 0x28, 0xff,
    0x88, 0x34, 0x20, 0xff, 0x90, 0x34, 0x28, 0xff, 0x88, 0x34, 0x28, 0xff,
    0x90, 0x48, 0x40, 0xff, 0xe0, 0xd0, 0xc8, 0xff, 0xd8, 0xcc, 0xc8, 0xff,
    0x98, 0x60, 0x58, 0xff, 0xf0, 0xec, 0xe8, 0xff, 0xf8, 0xfc, 0xf8, 0xff,
    0xf8, 0xf4, 0xf8, 0xff, 0xb0, 0x84, 0x80, 0xff, 0x88, 0x34, 0x28, 0xff,
    0x90, 0x34, 0x28, 0xff, 0x90, 0x34, 0x28, 0xff, 0x88, 0x34, 0x28, 0xc7,
    0x78, 0x54, 0xb8, 0xff, 0x80, 0x54, 0xb0, 0xff, 0x80, 0x50, 0xb0, 0xff,
    0x80, 0x50, 0xb0, 0xff, 0x80, 0x50, 0xa8, 0xff, 0x80, 0x50, 0xa0, 0xff,
    0x80, 0x50, 0xa0, 0xff, 0x80, 0x4c, 0x98, 0xff, 0x80, 0x4c, 0x98, 0xff,
    0x80, 0x4c, 0x90, 0xff, 0x88, 0x48, 0x88, 0xff, 0x80, 0x48, 0x88, 0xff,
    0x80, 0x48, 0x88, 0xff, 0x88, 0x44, 0x80, 0xff, 0x80, 0x44, 0x78, 0xff,
    0x88, 0x40, 0x78, 0xff, 0x88, 0x40, 0x70, 0xff, 0x80, 0x40, 0x70, 0xff,
    0x88, 0x40, 0x68, 0xff, 0x88, 0x40, 0x60, 0xff, 0x88, 0x40, 0x60, 0xff,
    0x88, 0x3c, 0x60, 0xff, 0x88, 0x3c, 0x58, 0xff, 0x88, 0x3c, 0x58, 0xff,
    0x88, 0x3c, 0x50, 0xff, 0x88, 0x38, 0x48, 0xff, 0x88, 0x38, 0x48, 0xff,
    0x88, 0x38, 0x48, 0xff, 0x88, 0x38, 0x40, 0xff, 0x88, 0x34, 0x38, 0xff,
    0x88, 0x34, 0x38, 0xff, 0x88, 0x34, 0x38, 0xff, 0x90, 0x34, 0x28, 0xff,
    0x90, 0x34, 0x28, 0xff, 0x88, 0x34, 0x28, 0xff, 0x88, 0x34, 0x28, 0xff,
    0x88, 0x34, 0x28, 0xff, 0x90, 0x34, 0x20, 0xff, 0x90, 0x34, 0x28, 0xff,
    0x88, 0x34, 0x28, 0xff, 0x90, 0x34, 0x28, 0xff, 0x88, 0x34, 0x28, 0xff,
    0x90, 0x34, 0x28, 0xff, 0x88, 0x34, 0x28, 0xff, 0x88, 0x34, 0x28, 0xff,
    0x88, 0x34, 0x28, 0xff, 0x88, 0x34, 0x20, 0xff, 0x88, 0x34, 0x28, 0xff,
    0x90, 0x34, 0x28, 0xff, 0x88, 0x34, 0x28, 0xff, 0x88, 0x34, 0x28, 0xff,
    0x90, 0x34, 0x28, 0xff, 0x88, 0x34, 0x28, 0xff, 0x90, 0x34, 0x28, 0xff,
    0x88, 0x34, 0x28, 0xff, 0x88, 0x34, 0x28, 0xff, 0x88, 0x34, 0x28, 0xff,
    0x90, 0x34, 0x20, 0xff, 0x88, 0x34, 0x28, 0xff, 0x88, 0x34, 0x28, 0xff,
    0x90, 0x34, 0x28, 0xff, 0x90, 0x34, 0x28, 0xff, 0x90, 0x34, 0x28, 0xff,
    0x88, 0x34, 0x28, 0xff, 0x90, 0x34, 0x28, 0xff, 0x90, 0x34, 0x28, 0xff,
    0x88, 0x34, 0x28, 0xff, 0x90, 0x34, 0x28, 0xff, 0xc8, 0xb0, 0xa8, 0xff,
    0xf8, 0xfc, 0xf8, 0xff, 0xe0, 0xd0, 0xd0, 0xff, 0xc8, 0xb4, 0xb8, 0xff,
    0xf8, 0xfc, 0xf8, 0xff, 0xf8, 0xfc, 0xf8, 0xff, 0xf8, 0xfc, 0xf8, 0xff,
    0xe8, 0xdc, 0xd8, 0xff, 0x90, 0x3c, 0x30, 0xff, 0x88, 0x34, 0x28, 0xff,
    0x88, 0x34, 0x28, 0xff, 0x88, 0x34, 0x28, 0xc7, 0x78, 0x54, 0xb8, 0xff,
    0x80, 0x54, 0xb0, 0xff, 0x80, 0x54, 0xa8, 0xff, 0x78, 0x50, 0xa8, 0xff,
    0x80, 0x50, 0xa8, 0xff, 0x80, 0x50, 0xa0, 0xff, 0x80, 0x50, 0xa0, 0xff,
    0x80, 0x4c, 0x98, 0xff, 0x80, 0x4c, 0x98, 0xff, 0x80, 0x4c, 0x90, 0xff,
    0x88, 0x48, 0x88, 0xff, 0x80, 0x48, 0x88, 0xff, 0x88, 0x48, 0x88, 0xff,
    0x88, 0x44, 0x78, 0xff, 0x80, 0x44, 0x78, 0xff, 0x88, 0x44, 0x78, 0xff,
    0x88, 0x40, 0x70, 0xff, 0x80, 0x40, 0x70, 0xff, 0x88, 0x40, 0x68, 0xff,
    0x88, 0x40, 0x60, 0xff, 0x88, 0x40, 0x68, 0xff, 0x88, 0x3c, 0x60, 0xff,
    0x88, 0x3c, 0x58, 0xff, 0x88, 0x3c, 0x58, 0xff, 0x88, 0x3c, 0x58, 0xff,
    0x88, 0x38, 0x48, 0xff, 0x88, 0x38, 0x48, 0xff, 0x88, 0x38, 0x48, 0xff,
    0x90, 0x38, 0x40, 0xff, 0x88, 0x34, 0x38, 0xff, 0x90, 0x38, 0x38, 0xff,
    0x88, 0x38, 0x38, 0xff, 0x88, 0x34, 0x28, 0xff, 0x88, 0x34, 0x28, 0xff,
    0x90, 0x34, 0x28, 0xff, 0x90, 0x34, 0x28, 0xff, 0x88, 0x34, 0x28, 0xff,
    0x88, 0x34, 0x28, 0xff, 0x88, 0x34, 0x28, 0xff, 0x88, 0x34, 0x20, 0xff,
    0x88, 0x34, 0x28, 0xff, 0x90, 0x34, 0x28, 0xff, 0x88, 0x34, 0x20, 0xff,
    0x90, 0x34, 0x28, 0xff, 0x88, 0x34, 0x28, 0xff, 0x88, 0x34, 0x28, 0xff,
    0x90, 0x34, 0x28, 0xff, 0x90, 0x34, 0x28, 0xff, 0x88, 0x34, 0x28, 0xff,
    0x90, 0x34, 0x28, 0xff, 0x90, 0x34, 0x28, 0xff, 0x88, 0x34, 0x28, 0xff,
    0x88, 0x34, 0x28, 0xff, 0x88, 0x34, 0x28, 0xff, 0x90, 0x34, 0x28, 0xff,
    0x90, 0x34, 0x20, 0xff, 0x88, 0x34, 0x28, 0xff, 0x88, 0x34, 0x28, 0xff,
    0x90, 0x34, 0x28, 0xff, 0x90, 0x34, 0x28, 0xff, 0x88, 0x34, 0x28, 0xff,
    0x88, 0x34, 0x28, 0xff, 0x88, 0x34, 0x28, 0xff, 0x90, 0x34, 0x20, 0xff,
    0x88, 0x34, 0x28, 0xff, 0x88, 0x34, 0x28, 0xff, 0x88, 0x34, 0x28, 0xff,
    0x88, 0x34, 0x20, 0xff, 0xe8, 0xe0, 0xe0, 0xff, 0xf8, 0xfc, 0xf8, 0xff,
    0xe0, 0xd0, 0xd0, 0xff, 0xe0, 0xd0, 0xd0, 0xff, 0xf8, 0xfc, 0xf8, 0xff,
    0xf8, 0xfc, 0xf8, 0xff, 0xf8, 0xfc, 0xf8, 0xff, 0xf8, 0xf8, 0xf8, 0xff,
    0xa0, 0x68, 0x60, 0xff, 0x88, 0x34, 0x28, 0xff, 0x88, 0x34, 0x28, 0xff,
    0x90, 0x34, 0x28, 0xc7, 0x78, 0x54, 0xb8, 0xff, 0x80, 0x54, 0xb0, 0xff,
    0x80, 0x50, 0xb0, 0xff, 0x80, 0x54, 0xb0, 0xff, 0x80, 0x50, 0xa0, 0xff,
    0x80, 0x50, 0xa0, 0xff, 0x80, 0x4c, 0xa0, 0xff, 0x80, 0x4c, 0x98, 0xff,
    0x80, 0x4c, 0x98, 0xff, 0x88, 0x4c, 0x90, 0xff, 0x80, 0x48, 0x88, 0xff,
    0x80, 0x48, 0x88, 0xff, 0x88, 0x48, 0x80, 0xff, 0x88, 0x44, 0x78, 0xff,
    0x80, 0x44, 0x80, 0xff, 0x88, 0x44, 0x78, 0xff, 0x88, 0x40, 0x70, 0xff,
    0x88, 0x40, 0x70, 0xff, 0x88, 0x44, 0x68, 0xff, 0x88, 0x40, 0x60, 0xff,
    0x80, 0x40, 0x68, 0xff, 0x88, 0x40, 0x68, 0xff, 0x88, 0x3c, 0x58, 0xff,
    0x88, 0x3c, 0x58, 0xff, 0x88, 0x3c, 0x58, 0xff, 0x88, 0x38, 0x50, 0xff,
    0x88, 0x38, 0x48, 0xff, 0x88, 0x38, 0x40, 0xff, 0x88, 0x38, 0x40, 0xff,
    0x88, 0x38, 0x38, 0xff, 0x88, 0x34, 0x38, 0xff, 0x90, 0x34, 0x38, 0xff,
    0x88, 0x34, 0x30, 0xff, 0x88, 0x34, 0x28, 0xff, 0x88, 0x34, 0x28, 0xff,
    0x88, 0x34, 0x28, 0xff, 0x90, 0x34, 0x28, 0xff, 0x90, 0x34, 0x28, 0xff,
    0x88, 0x34, 0x28, 0xff, 0x88, 0x34, 0x28, 0xff, 0x90, 0x34, 0x28, 0xff,
    0x88, 0x34, 0x28, 0xff, 0x88, 0x34, 0x28, 0xff, 0x88, 0x34, 0x28, 0xff,
    0x90, 0x34, 0x28, 0xff, 0x90, 0x34, 0x28, 0xff, 0x88, 0x34, 0x28, 0xff,
    0x88, 0x34, 0x28, 0xff, 0x90, 0x34, 0x20, 0xff, 0x88, 0x34, 0x28, 0xff,
    0x88, 0x34, 0x28, 0xff, 0x88, 0x34, 0x28, 0xff, 0x90, 0x34, 0x20, 0xff,
    0x88, 0x34, 0x28, 0xff, 0x88, 0x34, 0x28, 0xff, 0x90, 0x34, 0x28, 0xff,
    0x90, 0x34, 0x28, 0xff, 0x88, 0x34, 0x28, 0xff, 0x88, 0x34, 0x28, 0xff,
    0x88, 0x34, 0x28, 0xff, 0x88, 0x34, 0x20, 0xff, 0x88, 0x34, 0x28, 0xff,
    0x90, 0x34, 0x28, 0xff, 0x88, 0x34, 0x28, 0xff, 0x88, 0x34, 0x28, 0xff,
    0x88, 0x34, 0x28, 0xff, 0x90, 0x34, 0x28, 0xff, 0x90, 0x38, 0x28, 0xff,
    0xf8, 0xf8, 0xf8, 0xff, 0xf8, 0xf8, 0xf8, 0xff, 0xb8, 0x94, 0x90, 0xff,
    0xf0, 0xe8, 0xe8, 0xff, 0xf8, 0xfc, 0xf8, 0xff, 0xc8, 0xac, 0xa8, 0xff,
    0xe8, 0xe0, 0xe0, 0xff, 0xf8, 0xfc, 0xf8, 0xff, 0xb0, 0x80, 0x80, 0xff,
    0x88, 0x34, 0x28, 0xff, 0x90, 0x34, 0x28, 0xff, 0x90, 0x34, 0x28, 0xc7,
    0x78, 0x54, 0xb8, 0xff, 0x80, 0x54, 0xb0, 0xff, 0x80, 0x50, 0xa8, 0xff,
    0x78, 0x50, 0xa8, 0xff, 0x80, 0x50, 0xa0, 0xff, 0x80, 0x50, 0xa0, 0xff,
    0x80, 0x4c, 0xa0, 0xff, 0x80, 0x4c, 0x98, 0xff, 0x80, 0x4c, 0x98, 0xff,
    0x88, 0x4c, 0x90, 0xff, 0x88, 0x48, 0x88, 0xff, 0x80, 0x48, 0x88, 0xff,
    0x88, 0x48, 0x88, 0xff, 0x80, 0x44, 0x80, 0xff, 0x80, 0x44, 0x80, 0xff,
    0x88, 0x44, 0x78, 0xff, 0x88, 0x40, 0x70, 0xff, 0x80, 0x40, 0x70, 0xff,
    0x88, 0x44, 0x70, 0xff, 0x88, 0x40, 0x60, 0xff, 0x88, 0x40, 0x60, 0xff,
    0x88, 0x3c, 0x60, 0xff, 0x88, 0x3c, 0x58, 0xff, 0x88, 0x3c, 0x58, 0xff,
    0x88, 0x3c, 0x58, 0xff, 0x88, 0x3c, 0x50, 0xff, 0x88, 0x38, 0x48, 0xff,
    0x88, 0x38, 0x48, 0xff, 0x88, 0x38, 0x40, 0xff, 0x88, 0x34, 0x40, 0xff,
    0x90, 0x38, 0x38, 0xff, 0x88, 0x38, 0x38, 0xff, 0x90, 0x34, 0x38, 0xff,
    0x90, 0x34, 0x28, 0xff, 0x90, 0x34, 0x28, 0xff, 0x88, 0x34, 0x28, 0xff,
    0x88, 0x34, 0x28, 0xff, 0x88, 0x34, 0x28, 0xff, 0x90, 0x34, 0x28, 0xff,
    0x90, 0x34, 0x28, 0xff, 0x90, 0x34, 0x28, 0xff, 0x88, 0x34, 0x28, 0xff,
    0x88, 0x34, 0x28, 0xff, 0x90, 0x34, 0x28, 0xff, 0x88, 0x34, 0x28, 0xff,
    0x88, 0x34, 0x20, 0xff, 0x90, 0x34, 0x28, 0xff, 0x88, 0x34, 0x28, 0xff,
    0x88, 0x34, 0x28, 0xff, 0x88, 0x34, 0x28, 0xff, 0x88, 0x34, 0x20, 0xff,
    0x90, 0x34, 0x28, 0xff, 0x88, 0x34, 0x28, 0xff, 0x90, 0x34, 0x28, 0xff,
    0x88, 0x34, 0x28, 0xff, 0x88, 0x34, 0x28, 0xff, 0x88, 0x34, 0x28, 0xff,
    0x90, 0x34, 0x28, 0xff, 0x88, 0x34, 0x20, 0xff, 0x90, 0x34, 0x28, 0xff,
    0x90, 0x34, 0x28, 0xff, 0x90, 0x34, 0x28, 0xff, 0x88, 0x34, 0x28, 0xff,
    0x88, 0x34, 0x28, 0xff, 0x90, 0x34, 0x28, 0xff, 0x90, 0x34, 0x20, 0xff,
    0x88, 0x34, 0x28, 0xff, 0x98, 0x4c, 0x40, 0xff, 0xf8, 0xf8, 0xf8, 0xff,
    0xf0, 0xe8, 0xe8, 0xff, 0x90, 0x48, 0x38, 0xff, 0xf8, 0xf8, 0xf8, 0xff,
    0xf8, 0xf4, 0xf8, 0xff, 0xa0, 0x68, 0x60, 0xff, 0xc8, 0xb4, 0xb0, 0xff,
    0xf8, 0xfc, 0xf8, 0xff, 0xb0, 0x84, 0x80, 0xff, 0x88, 0x34, 0x28, 0xff,
    0x88, 0x34, 0x28, 0xff, 0x88, 0x34, 0x28, 0xc7, 0x78, 0x54, 0xb8, 0xff,
    0x80, 0x54, 0xb0, 0xff, 0x80, 0x54, 0xa8, 0xff, 0x80, 0x50, 0xa8, 0xff,
    0x80, 0x50, 0xa0, 0xff, 0x80, 0x50, 0xa0, 0xff, 0x80, 0x4c, 0xa0, 0xff,
    0x80, 0x4c, 0x98, 0xff, 0x80, 0x4c, 0x90, 0xff, 0x80, 0x48, 0x90, 0xff,
    0x80, 0x48, 0x88, 0xff, 0x80, 0x48, 0x88, 0xff, 0x80, 0x48, 0x88, 0xff,
    0x88, 0x44, 0x78, 0xff, 0x80, 0x44, 0x78, 0xff, 0x88, 0x44, 0x78, 0xff,
    0x80, 0x40, 0x70, 0xff, 0x88, 0x40, 0x70, 0xff, 0x88, 0x40, 0x70, 0xff,
    0x88, 0x40, 0x68, 0xff, 0x88, 0x40, 0x60, 0xff, 0x88, 0x40, 0x60, 0xff,
    0x88, 0x3c, 0x60, 0xff, 0x88, 0x3c, 0x58, 0xff, 0x88, 0x3c, 0x58, 0xff,
    0x88, 0x3c, 0x50, 0xff, 0x88, 0x38, 0x48, 0xff, 0x88, 0x38, 0x48, 0xff,
    0x88, 0x38, 0x48, 0xff, 0x90, 0x38, 0x40, 0xff, 0x88, 0x38, 0x38, 0xff,
    0x88, 0x34, 0x38, 0xff, 0x88, 0x34, 0x38, 0xff, 0x88, 0x34, 0x28, 0xff,
    0x88, 0x34, 0x28, 0xff, 0x90, 0x34, 0x28, 0xff, 0x88, 0x34, 0x28, 0xff,
    0x90, 0x34, 0x28, 0xff, 0x88, 0x34, 0x28, 0xff, 0x88, 0x34, 0x20, 0xff,
    0x88, 0x34, 0x28, 0xff, 0x88, 0x34, 0x28, 0xff, 0x90, 0x34, 0x20, 0xff,
    0x90, 0x34, 0x28, 0xff, 0x88, 0x34, 0x28, 0xff, 0x88, 0x34, 0x28, 0xff,
    0x88, 0x34, 0x28, 0xff, 0x90, 0x34, 0x28, 0xff, 0x88, 0x34, 0x28, 0xff,
    0x90, 0x34, 0x28, 0xff, 0x90, 0x34, 0x28, 0xff, 0x88, 0x34, 0x28, 0xff,
    0x90, 0x34, 0x28, 0xff, 0x88, 0x34, 0x28, 0xff, 0x90, 0x34, 0x28, 0xff,
    0x88, 0x34, 0x20, 0xff, 0x88, 0x34, 0x28, 0xff, 0x88, 0x34, 0x28, 0xff,
    0x90, 0x34, 0x28, 0xff, 0x88, 0x34, 0x28, 0xff, 0x88, 0x34, 0x28, 0xff,
    0x88, 0x34, 0x28, 0xff, 0x88, 0x34, 0x20, 0xff, 0x90, 0x34, 0x28, 0xff,
    0x88, 0x34, 0x28, 0xff, 0x88, 0x34, 0x28, 0xff, 0x90, 0x34, 0x28, 0xff,
    0x98, 0x48, 0x38, 0xff, 0xf8, 0xf8, 0xf8, 0xff, 0xf0, 0xec, 0xe8, 0xff,
    0xb0, 0x8c, 0x88, 0xff, 0xf8, 0xfc, 0xf8, 0xff, 0xf0, 0xe8, 0xe8, 0xff,
    0x90, 0x44, 0x38, 0xff, 0xd8, 0xc8, 0xc8, 0xff, 0xf8, 0xfc, 0xf8, 0xff,
    0xb0, 0x84, 0x80, 0xff, 0x88, 0x34, 0x28, 0xff, 0x90, 0x34, 0x28, 0xff,
    0x88, 0x34, 0x28, 0xc7, 0x78, 0x54, 0xb8, 0xff, 0x80, 0x54, 0xb0, 0xff,
    0x80, 0x50, 0xb0, 0xff, 0x80, 0x50, 0xa8, 0xff, 0x80, 0x50, 0xa0, 0xff,
    0x80, 0x50, 0xa0, 0xff, 0x80, 0x4c, 0x98, 0xff, 0x80, 0x4c, 0x98, 0xff,
    0x80, 0x4c, 0x98, 0xff, 0x88, 0x4c, 0x90, 0xff, 0x80, 0x48, 0x88, 0xff,
    0x88, 0x48, 0x88, 0xff, 0x88, 0x48, 0x88, 0xff, 0x80, 0x44, 0x80, 0xff,
    0x88, 0x44, 0x78, 0xff, 0x88, 0x44, 0x80, 0xff, 0x88, 0x40, 0x70, 0xff,
    0x88, 0x40, 0x70, 0xff, 0x88, 0x44, 0x70, 0xff, 0x80, 0x40, 0x68, 0xff,
    0x88, 0x40, 0x60, 0xff, 0x88, 0x40, 0x68, 0xff, 0x80, 0x40, 0x60, 0xff,
    0x88, 0x3c, 0x58, 0xff, 0x88, 0x3c, 0x58, 0xff, 0x88, 0x3c, 0x58, 0xff,
    0x88, 0x38, 0x48, 0xff, 0x88, 0x38, 0x48, 0xff, 0x88, 0x38, 0x48, 0xff,
    0x88, 0x38, 0x40, 0xff, 0x88, 0x34, 0x38, 0xff, 0x88, 0x34, 0x38, 0xff,
    0x88, 0x38, 0x38, 0xff, 0x90, 0x34, 0x30, 0xff, 0x88, 0x34, 0x28, 0xff,
    0x88, 0x34, 0x28, 0xff, 0x90, 0x34, 0x28, 0xff, 0x88, 0x34, 0x28, 0xff,
    0x88, 0x34, 0x28, 0xff, 0x88, 0x34, 0x28, 0xff, 0x90, 0x34, 0x28, 0xff,
    0x90, 0x34, 0x28, 0xff, 0x88, 0x34, 0x28, 0xff, 0x88, 0x34, 0x28, 0xff,
    0x90, 0x34, 0x28, 0xff, 0x88, 0x34, 0x28, 0xff, 0x88, 0x34, 0x28, 0xff,
    0x90, 0x34, 0x20, 0xff, 0x88, 0x34, 0x28, 0xff, 0x88, 0x34, 0x28, 0xff,
    0x88, 0x34, 0x28, 0xff, 0x90, 0x34, 0x28, 0xff, 0x88, 0x34, 0x28, 0xff,
    0x88, 0x34, 0x20, 0xff, 0x88, 0x34, 0x28, 0xff, 0x90, 0x34, 0x28, 0xff,
    0x90, 0x34, 0x28, 0xff, 0x90, 0x34, 0x28, 0xff, 0x88, 0x34, 0x28, 0xff,
    0x88, 0x34, 0x28, 0xff, 0x88, 0x34, 0x28, 0xff, 0x90, 0x34, 0x28, 0xff,
    0x90, 0x34, 0x28, 0xff, 0x88, 0x34, 0x28, 0xff, 0x90, 0x34, 0x28, 0xff,
    0x88, 0x34, 0x28, 0xff, 0x88, 0x34, 0x28, 0xff, 0x90, 0x34, 0x20, 0xff,
    0xf8, 0xf0, 0xf0, 0xff, 0xf8, 0xfc, 0xf8, 0xff, 0xf8, 0xf8, 0xf8, 0xff,
    0xf8, 0xfc, 0xf8, 0xff, 0xe8, 0xdc, 0xd8, 0xff, 0xc0, 0xa4, 0xa8, 0xff,
    0xf8, 0xfc, 0xf8, 0xff, 0xf8, 0xfc, 0xf8, 0xff, 0xa8, 0x74, 0x70, 0xff,
    0x90, 0x34, 0x28, 0xff, 0x88, 0x34, 0x28, 0xff, 0x90, 0x34, 0x28, 0xc7,
    0x78, 0x54, 0xb0, 0xff, 0x80, 0x50, 0xa8, 0xff, 0x80, 0x50, 0xa8, 0xff,
    0x80, 0x50, 0xa8, 0xff, 0x80, 0x50, 0xa0, 0xff, 0x80, 0x50, 0xa0, 0xff,
    0x80, 0x4c, 0x98, 0xff, 0x80, 0x4c, 0x98, 0xff, 0x80, 0x4c, 0x98, 0xff,
    0x88, 0x4c, 0x90, 0xff, 0x88, 0x48, 0x88, 0xff, 0x80, 0x48, 0x88, 0xff,
    0x80, 0x48, 0x88, 0xff, 0x88, 0x48, 0x80, 0xff, 0x80, 0x44, 0x80, 0xff,
    0x88, 0x44, 0x78, 0xff, 0x88, 0x44, 0x78, 0xff, 0x80, 0x40, 0x70, 0xff,
    0x88, 0x40, 0x70, 0xff, 0x88, 0x40, 0x68, 0xff, 0x88, 0x40, 0x60, 0xff,
    0x88, 0x40, 0x60, 0xff, 0x88, 0x40, 0x68, 0xff, 0x88, 0x3c, 0x58, 0xff,
    0x88, 0x3c, 0x58, 0xff, 0x88, 0x3c, 0x58, 0xff, 0x88, 0x3c, 0x50, 0xff,
    0x88, 0x38, 0x48, 0xff, 0x88, 0x38, 0x48, 0xff, 0x88, 0x38, 0x40, 0xff,
    0x90, 0x38, 0x40, 0xff, 0x88, 0x38, 0x38, 0xff, 0x90, 0x38, 0x38, 0xff,
    0x90, 0x38, 0x38, 0xff, 0x90, 0x34, 0x28, 0xff, 0x88, 0x34, 0x28, 0xff,
    0x88, 0x34, 0x28, 0xff, 0x88, 0x34, 0x28, 0xff, 0x90, 0x34, 0x28, 0xff,
    0x90, 0x34, 0x28, 0xff, 0x88, 0x34, 0x28, 0xff, 0x88, 0x34, 0x28, 0xff,
    0x88, 0x34, 0x28, 0xff, 0x90, 0x34, 0x28, 0xff, 0x88, 0x34, 0x20, 0xff,
    0x90, 0x34, 0x28, 0xff, 0x90, 0x34, 0x28, 0xff, 0x88, 0x34, 0x28, 0xff,
    0x88, 0x34, 0x28, 0xff, 0x90, 0x34, 0x28, 0xff, 0x90, 0x34, 0x20, 0xff,
    0x88, 0x34, 0x28, 0xff, 0x88, 0x34, 0x28, 0xff, 0x88, 0x34, 0x28, 0xff,
    0x90, 0x34, 0x28, 0xff, 0x88, 0x34, 0x28, 0xff, 0x88, 0x34, 0x28, 0xff,
    0x88, 0x34, 0x20, 0xff, 0x88, 0x34, 0x28, 0xff, 0x90, 0x34, 0x28, 0xff,
    0x90, 0x34, 0x20, 0xff, 0x88, 0x34, 0x28, 0xff, 0x88, 0x34, 0x28, 0xff,
    0x88, 0x34, 0x28, 0xff, 0x88, 0x34, 0x28, 0xff, 0x90, 0x34, 0x20, 0xff,
    0x88, 0x34, 0x28, 0xff, 0x88, 0x34, 0x28, 0xff, 0xe0, 0xd4, 0xd0, 0xff,
    0xf8, 0xfc, 0xf8, 0xff, 0xf8, 0xfc, 0xf8, 0xff, 0xf8, 0xfc, 0xf8, 0xff,
    0xd0, 0xbc, 0xb8, 0xff, 0xd8, 0xc4, 0xc0, 0xff, 0xf8, 0xfc, 0xf8, 0xff,
    0xf0, 0xf0, 0xf0, 0xff, 0x98, 0x50, 0x48, 0xff, 0x88, 0x34, 0x28, 0xff,
    0x88, 0x34, 0x28, 0xff, 0x88, 0x34, 0x28, 0xc7, 0x80, 0x54, 0xb0, 0xff,
    0x80, 0x50, 0xb0, 0xff, 0x80, 0x54, 0xa8, 0xff, 0x80, 0x50, 0xa8, 0xff,
    0x80, 0x50, 0xa0, 0xff, 0x80, 0x50, 0xa0, 0xff, 0x80, 0x4c, 0xa0, 0xff,
    0x80, 0x4c, 0x98, 0xff, 0x80, 0x4c, 0x98, 0xff, 0x80, 0x4c, 0x90, 0xff,
    0x80, 0x48, 0x88, 0xff, 0x80, 0x48, 0x88, 0xff, 0x88, 0x4c, 0x90, 0xff,
    0x88, 0x44, 0x80, 0xff, 0x80, 0x44, 0x78, 0xff, 0x80, 0x44, 0x80, 0xff,
    0x88, 0x44, 0x78, 0xff, 0x88, 0x40, 0x70, 0xff, 0x88, 0x40, 0x70, 0xff,
    0x80, 0x40, 0x70, 0xff, 0x88, 0x40, 0x68, 0xff, 0x88, 0x40, 0x60, 0xff,
    0x88, 0x40, 0x60, 0xff, 0x88, 0x3c, 0x60, 0xff, 0x88, 0x3c, 0x58, 0xff,
    0x88, 0x3c, 0x58, 0xff, 0x88, 0x3c, 0x58, 0xff, 0x88, 0x38, 0x48, 0xff,
    0x88, 0x38, 0x48, 0xff, 0x88, 0x38, 0x48, 0xff, 0x88, 0x38, 0x40, 0xff,
    0x88, 0x34, 0x38, 0xff, 0x88, 0x34, 0x38, 0xff, 0x88, 0x34, 0x38, 0xff,
    0x88, 0x34, 0x30, 0xff, 0x88, 0x34, 0x28, 0xff, 0x90, 0x34, 0x28, 0xff,
    0x90, 0x34, 0x28, 0xff, 0x88, 0x34, 0x28, 0xff, 0x88, 0x34, 0x28, 0xff,
    0x88, 0x34, 0x20, 0xff, 0x88, 0x34, 0x28, 0xff, 0x90, 0x34, 0x28, 0xff,
    0x88, 0x34, 0x28, 0xff, 0x88, 0x34, 0x28, 0xff, 0x88, 0x34, 0x28, 0xff,
    0x90, 0x34, 0x28, 0xff, 0x88, 0x34, 0x28, 0xff, 0x90, 0x34, 0x28, 0xff,
    0x88, 0x34, 0x28, 0xff, 0x88, 0x34, 0x28, 0xff, 0x88, 0x34, 0x28, 0xff,
    0x90, 0x34, 0x28, 0xff, 0x90, 0x34, 0x28, 0xff, 0x88, 0x34, 0x28, 0xff,
    0x88, 0x34, 0x28, 0xff, 0x88, 0x34, 0x28, 0xff, 0x90, 0x34, 0x28, 0xff,
    0x90, 0x34, 0x28, 0xff, 0x88, 0x34, 0x28, 0xff, 0x88, 0x34, 0x28, 0xff,
    0x88, 0x34, 0x28, 0xff, 0x88, 0x34, 0x20, 0xff, 0x90, 0x34, 0x28, 0xff,
    0x90, 0x34, 0x28, 0xff, 0x88, 0x34, 0x28, 0xff, 0x90, 0x34, 0x28, 0xff,
    0x88, 0x34, 0x28, 0xff, 0xb8, 0x8c, 0x88, 0xff, 0xf8, 0xfc, 0xf8, 0xff,
    0xf8, 0xfc, 0xf8, 0xff, 0xf8, 0xfc, 0xf8, 0xff, 0xa8, 0x7c, 0x78, 0xff,
    0xd8, 0xc4, 0xc0, 0xff, 0xf8, 0xfc, 0xf8, 0xff, 0xd0, 0xbc, 0xb8, 0xff,
    0x88, 0x34, 0x28, 0xff, 0x88, 0x34, 0x28, 0xff, 0x90, 0x34, 0x28, 0xff,
    0x88, 0x34, 0x28, 0xc7, 0x80, 0x54, 0xb0, 0xff, 0x80, 0x50, 0xb0, 0xff,
    0x78, 0x50, 0xb0, 0xff, 0x80, 0x50, 0xa8, 0xff, 0x80, 0x50, 0xa0, 0xff,
    0x80, 0x50, 0xa0, 0xff, 0x80, 0x4c, 0xa0, 0xff, 0x80, 0x4c, 0x98, 0xff,
    0x80, 0x4c, 0x98, 0xff, 0x80, 0x4c, 0x98, 0xff, 0x80, 0x48, 0x88, 0xff,
    0x88, 0x48, 0x88, 0xff, 0x80, 0x48, 0x88, 0xff, 0x80, 0x48, 0x88, 0xff,
    0x88, 0x44, 0x78, 0xff, 0x88, 0x44, 0x80, 0xff, 0x80, 0x44, 0x78, 0xff,
    0x88, 0x40, 0x70, 0xff, 0x88, 0x40, 0x70, 0xff, 0x88, 0x44, 0x70, 0xff,
    0x88, 0x40, 0x68, 0xff, 0x88, 0x40, 0x60, 0xff, 0x80, 0x40, 0x60, 0xff,
    0x88, 0x40, 0x60, 0xff, 0x88, 0x3c, 0x58, 0xff, 0x88, 0x3c, 0x58, 0xff,
    0x88, 0x3c, 0x58, 0xff, 0x88, 0x3c, 0x50, 0xff, 0x88, 0x38, 0x48, 0xff,
    0x88, 0x38, 0x48, 0xff, 0x88, 0x38, 0x48, 0xff, 0x90, 0x38, 0x40, 0xff,
    0x88, 0x38, 0x38, 0xff, 0x88, 0x34, 0x38, 0xff, 0x88, 0x34, 0x38, 0xff,
    0x90, 0x34, 0x28, 0xff, 0x88, 0x34, 0x28, 0xff, 0x88, 0x34, 0x28, 0xff,
    0x88, 0x34, 0x28, 0xff, 0x90, 0x34, 0x28, 0xff, 0x90, 0x34, 0x28, 0xff,
    0x90, 0x34, 0x28, 0xff, 0x88, 0x34, 0x20, 0xff, 0x90, 0x34, 0x28, 0xff,
    0x88, 0x34, 0x28, 0xff, 0x88, 0x34, 0x20, 0xff, 0x88, 0x34, 0x28, 0xff,
    0x88, 0x34, 0x28, 0xff, 0x88, 0x34, 0x28, 0xff, 0x90, 0x34, 0x20, 0xff,
    0x88, 0x34, 0x28, 0xff, 0x88, 0x34, 0x28, 0xff, 0x90, 0x34, 0x28, 0xff,
    0x88, 0x34, 0x20, 0xff, 0x88, 0x34, 0x28, 0xff, 0x90, 0x34, 0x28, 0xff,
    0x90, 0x34, 0x20, 0xff, 0x88, 0x34, 0x28, 0xff, 0x88, 0x34, 0x28, 0xff,
    0x88, 0x34, 0x28, 0xff, 0x90, 0x34, 0x28, 0xff, 0x90, 0x34, 0x28, 0xff,
    0x90, 0x34, 0x28, 0xff, 0x88, 0x34, 0x28, 0xff, 0x88, 0x34, 0x28, 0xff,
    0x88, 0x34, 0x28, 0xff, 0x88, 0x34, 0x28, 0xff, 0x90, 0x34, 0x20, 0xff,
    0x90, 0x38, 0x28, 0xff, 0xc0, 0x9c, 0x98, 0xff, 0xd8, 0xcc, 0xc8, 0xff,
    0xb8, 0x98, 0x98, 0xff, 0x88, 0x34, 0x28, 0xff, 0xc8, 0xb0, 0xb0, 0xff,
    0xd8, 0xbc, 0xc0, 0xff, 0x90, 0x44, 0x38, 0xff, 0x90, 0x34, 0x28, 0xff,
    0x90, 0x34, 0x28, 0xff, 0x88, 0x34, 0x28, 0xff, 0x90, 0x34, 0x28, 0xc7,
    0x78, 0x54, 0xb0, 0xff, 0x80, 0x50, 0xa8, 0xff, 0x80, 0x54, 0xa8, 0xff,
    0x80, 0x50, 0xa8, 0xff, 0x80, 0x50, 0xa0, 0xff, 0x80, 0x50, 0xa0, 0xff,
    0x80, 0x50, 0xa0, 0xff, 0x80, 0x4c, 0x98, 0xff, 0x80, 0x4c, 0x98, 0xff,
    0x88, 0x4c, 0x98, 0xff, 0x88, 0x4c, 0x90, 0xff, 0x80, 0x48, 0x88, 0xff,
    0x88, 0x48, 0x88, 0xff, 0x80, 0x48, 0x88, 0xff, 0x80, 0x44, 0x80, 0xff,
    0x88, 0x44, 0x78, 0xff, 0x80, 0x44, 0x80, 0xff, 0x88, 0x44, 0x78, 0xff,
    0x80, 0x40, 0x70, 0xff, 0x88, 0x40, 0x70, 0xff, 0x88, 0x40, 0x70, 0xff,
    0x88, 0x40, 0x60, 0xff, 0x88, 0x40, 0x68, 0xff, 0x88, 0x40, 0x68, 0xff,
    0x88, 0x3c, 0x60, 0xff, 0x88, 0x3c, 0x58, 0xff, 0x88, 0x3c, 0x58, 0xff,
    0x88, 0x3c, 0x50, 0xff, 0x88, 0x38, 0x48, 0xff, 0x88, 0x38, 0x48, 0xff,
    0x88, 0x38, 0x40, 0xff, 0x88, 0x38, 0x40, 0xff, 0x90, 0x34, 0x38, 0xff,
    0x88, 0x38, 0x38, 0xff, 0x90, 0x38, 0x38, 0xff, 0x90, 0x34, 0x30, 0xff,
    0x88, 0x34, 0x28, 0xff, 0x88, 0x34, 0x28, 0xff, 0x90, 0x34, 0x28, 0xff,
    0x88, 0x34, 0x28, 0xff, 0x88, 0x34, 0x28, 0xff, 0x88, 0x34, 0x28, 0xff,
    0x90, 0x34, 0x28, 0xff, 0x88, 0x34, 0x28, 0xff, 0x90, 0x34, 0x28, 0xff,
    0x90, 0x34, 0x28, 0xff, 0x90, 0x34, 0x28, 0xff, 0x90, 0x34, 0x28, 0xff,
    0x88, 0x34, 0x28, 0xff, 0x88, 0x34, 0x28, 0xff, 0x90, 0x34, 0x28, 0xff,
    0x90, 0x34, 0x28, 0xff, 0x88, 0x34, 0x28, 0xff, 0x88, 0x34, 0x28, 0xff,
    0x90, 0x34, 0x28, 0xff, 0x88, 0x34, 0x28, 0xff, 0x88, 0x34, 0x28, 0xff,
    0x90, 0x34, 0x28, 0xff, 0x88, 0x34, 0x20, 0xff, 0x90, 0x34, 0x28, 0xff,
    0x88, 0x34, 0x28, 0xff, 0x88, 0x34, 0x28, 0xff, 0x88, 0x34, 0x28, 0xff,
    0x88, 0x34, 0x28, 0xff, 0x90, 0x34, 0x28, 0xff, 0x90, 0x34, 0x20, 0xff,
    0x88, 0x34, 0x28, 0xff, 0x88, 0x34, 0x28, 0xff, 0x88, 0x34, 0x28, 0xff,
    0x90, 0x38, 0x28, 0xff, 0xb0, 0x88, 0x80, 0xff, 0xd8, 0xc4, 0xc0, 0xff,
    0xd0, 0xc0, 0xc0, 0xff, 0xa0, 0x70, 0x68, 0xff, 0xa8, 0x6c, 0x68, 0xff,
    0x88, 0x34, 0x28, 0xff, 0x88, 0x34, 0x28, 0xff, 0x88, 0x34, 0x28, 0xff,
    0x88, 0x34, 0x28, 0xff, 0x88, 0x34, 0x28, 0xc7, 0x80, 0x54, 0xb0, 0xff,
    0x80, 0x50, 0xb0, 0xff, 0x80, 0x54, 0xa8, 0xff, 0x78, 0x54, 0xa8, 0xff,
    0x80, 0x50, 0xa0, 0xff, 0x80, 0x50, 0xa0, 0xff, 0x80, 0x4c, 0xa0, 0xff,
    0x80, 0x4c, 0x98, 0xff, 0x80, 0x4c, 0x98, 0xff, 0x80, 0x4c, 0x98, 0xff,
    0x88, 0x4c, 0x90, 0xff, 0x80, 0x48, 0x88, 0xff, 0x80, 0x48, 0x88, 0xff,
    0x88, 0x48, 0x88, 0xff, 0x88, 0x48, 0x88, 0xff, 0x80, 0x44, 0x80, 0xff,
    0x88, 0x44, 0x78, 0xff, 0x88, 0x44, 0x78, 0xff, 0x88, 0x40, 0x70, 0xff,
    0x80, 0x40, 0x70, 0xff, 0x88, 0x40, 0x70, 0xff, 0x88, 0x40, 0x68, 0xff,
    0x88, 0x40, 0x60, 0xff, 0x88, 0x40, 0x68, 0xff, 0x88, 0x40, 0x60, 0xff,
    0x88, 0x3c, 0x58, 0xff, 0x88, 0x3c, 0x58, 0xff, 0x88, 0x3c, 0x58, 0xff,
    0x88, 0x3c, 0x50, 0xff, 0x88, 0x38, 0x48, 0xff, 0x88, 0x38, 0x48, 0xff,
    0x88, 0x38, 0x40, 0xff, 0x88, 0x38, 0x40, 0xff, 0x88, 0x38, 0x38, 0xff,
    0x88, 0x34, 0x38, 0xff, 0x88, 0x34, 0x38, 0xff, 0x90, 0x34, 0x30, 0xff,
    0x88, 0x34, 0x28, 0xff, 0x90, 0x34, 0x28, 0xff, 0x88, 0x34, 0x28, 0xff,
    0x88, 0x34, 0x28, 0xff, 0x88, 0x34, 0x28, 0xff, 0x88, 0x34, 0x28, 0xff,
    0x88, 0x34, 0x28, 0xff, 0x88, 0x34, 0x28, 0xff, 0x88, 0x34, 0x28, 0xff,
    0x88, 0x34, 0x28, 0xff, 0x88, 0x34, 0x20, 0xff, 0x90, 0x34, 0x28, 0xff,
    0x90, 0x34, 0x28, 0xff, 0x88, 0x34, 0x28, 0xff, 0x88, 0x34, 0x20, 0xff,
    0x90, 0x34, 0x28, 0xff, 0x88, 0x34, 0x28, 0xff, 0x90, 0x34, 0x28, 0xff,
    0x88, 0x34, 0x28, 0xff, 0x88, 0x34, 0x28, 0xff, 0x88, 0x34, 0x28, 0xff,
    0x90, 0x34, 0x28, 0xff, 0x88, 0x34, 0x28, 0xff, 0x90, 0x34, 0x28, 0xff,
    0x88, 0x34, 0x28, 0xff, 0x88, 0x34, 0x20, 0xff, 0x90, 0x34, 0x28, 0xff,
    0x88, 0x34, 0x28, 0xff, 0x88, 0x34, 0x28, 0xff, 0x90, 0x34, 0x28, 0xff,
    0x90, 0x34, 0x28, 0xff, 0x90, 0x38, 0x28, 0xff, 0xd0, 0xb8, 0xb8, 0xff,
    0xf8, 0xfc, 0xf8, 0xff, 0xf8, 0xfc, 0xf8, 0xff, 0xe8, 0xe4, 0xe0, 0xff,
    0xc0, 0xac, 0xa8, 0xff, 0xf8, 0xf4, 0xf0, 0xff, 0xa8, 0x74, 0x70, 0xff,
    0x88, 0x34, 0x28, 0xff, 0x90, 0x34, 0x28, 0xff, 0x90, 0x34, 0x28, 0xff,
    0x88, 0x34, 0x28, 0xc7, 0x80, 0x54, 0xb8, 0xff, 0x80, 0x50, 0xa8, 0xff,
    0x78, 0x50, 0xb0, 0xff, 0x80, 0x50, 0xb0, 0xff, 0x80, 0x50, 0xa0, 0xff,
    0x80, 0x50, 0xa0, 0xff, 0x80, 0x50, 0xa0, 0xff, 0x80, 0x4c, 0xa0, 0xff,
    0x80, 0x4c, 0x98, 0xff, 0x80, 0x4c, 0x98, 0xff, 0x80, 0x4c, 0x98, 0xff,
    0x80, 0x4c, 0x90, 0xff, 0x80, 0x48, 0x88, 0xff, 0x88, 0x48, 0x88, 0xff,
    0x88, 0x48, 0x88, 0xff, 0x80, 0x44, 0x80, 0xff, 0x80, 0x44, 0x78, 0xff,
    0x88, 0x44, 0x80, 0xff, 0x88, 0x44, 0x78, 0xff, 0x88, 0x40, 0x70, 0xff,
    0x88, 0x40, 0x70, 0xff, 0x80, 0x44, 0x70, 0xff, 0x88, 0x40, 0x60, 0xff,
    0x88, 0x40, 0x60, 0xff, 0x88, 0x40, 0x60, 0xff, 0x88, 0x3c, 0x60, 0xff,
    0x88, 0x3c, 0x58, 0xff, 0x88, 0x3c, 0x58, 0xff, 0x88, 0x3c, 0x58, 0xff,
    0x88, 0x38, 0x50, 0xff, 0x88, 0x38, 0x48, 0xff, 0x88, 0x38, 0x48, 0xff,
    0x88, 0x38, 0x40, 0xff, 0x90, 0x34, 0x40, 0xff, 0x88, 0x38, 0x38, 0xff,
    0x88, 0x34, 0x38, 0xff, 0x88, 0x34, 0x38, 0xff, 0x90, 0x34, 0x28, 0xff,
    0x88, 0x34, 0x28, 0xff, 0x90, 0x34, 0x28, 0xff, 0x90, 0x34, 0x28, 0xff,
    0x90, 0x34, 0x28, 0xff, 0x90, 0x34, 0x20, 0xff, 0x90, 0x34, 0x28, 0xff,
    0x88, 0x34, 0x28, 0xff, 0x90, 0x34, 0x20, 0xff, 0x88, 0x34, 0x28, 0xff,
    0x88, 0x34, 0x28, 0xff, 0x88, 0x34, 0x28, 0xff, 0x88, 0x34, 0x28, 0xff,
    0x88, 0x34, 0x28, 0xff, 0x88, 0x34, 0x28, 0xff, 0x88, 0x34, 0x28, 0xff,
    0x88, 0x34, 0x20, 0xff, 0x88, 0x34, 0x28, 0xff, 0x90, 0x34, 0x28, 0xff,
    0x90, 0x34, 0x20, 0xff, 0x88, 0x34, 0x28, 0xff, 0x88, 0x34, 0x28, 0xff,
    0x88, 0x34, 0x20, 0xff, 0x88, 0x34, 0x28, 0xff, 0x90, 0x34, 0x28, 0xff,
    0x90, 0x34, 0x28, 0xff, 0x88, 0x34, 0x28, 0xff, 0x88, 0x34, 0x28, 0xff,
    0x88, 0x34, 0x28, 0xff, 0x88, 0x34, 0x28, 0xff, 0x88, 0x34, 0x28, 0xff,
    0xb0, 0x8c, 0x88, 0xff, 0xf8, 0xfc, 0xf8, 0xff, 0xf8, 0xfc, 0xf8, 0xff,
    0xf8, 0xfc, 0xf8, 0xff, 0xe8, 0xe4, 0xe8, 0xff, 0xc0, 0xac, 0xa8, 0xff,
    0xf8, 0xfc, 0xf8, 0xff, 0xe0, 0xd4, 0xd0, 0xff, 0x90, 0x34, 0x28, 0xff,
    0x88, 0x34, 0x28, 0xff, 0x88, 0x34, 0x28, 0xff, 0x90, 0x34, 0x28, 0xc7,
    0x78, 0x54, 0xb8, 0xff, 0x80, 0x54, 0xb0, 0xff, 0x80, 0x54, 0xa8, 0xff,
    0x80, 0x54, 0xb0, 0xff, 0x80, 0x50, 0xa8, 0xff, 0x80, 0x50, 0xa0, 0xff,
    0x80, 0x50, 0xa0, 0xff, 0x80, 0x50, 0xa0, 0xff, 0x80, 0x4c, 0x98, 0xff,
    0x80, 0x4c, 0x98, 0xff, 0x80, 0x4c, 0x98, 0xff, 0x88, 0x4c, 0x90, 0xff,
    0x88, 0x48, 0x88, 0xff, 0x80, 0x48, 0x88, 0xff, 0x80, 0x48, 0x88, 0xff,
    0x88, 0x48, 0x80, 0xff, 0x80, 0x44, 0x80, 0xff, 0x80, 0x44, 0x80, 0xff,
    0x88, 0x44, 0x78, 0xff, 0x88, 0x44, 0x70, 0xff, 0x80, 0x40, 0x70, 0xff,
    0x88, 0x40, 0x70, 0xff, 0x88, 0x40, 0x68, 0xff, 0x88, 0x40, 0x60, 0xff,
    0x80, 0x40, 0x68, 0xff, 0x88, 0x40, 0x68, 0xff, 0x88, 0x3c, 0x60, 0xff,
    0x88, 0x3c, 0x58, 0xff, 0x88, 0x3c, 0x58, 0xff, 0x88, 0x3c, 0x50, 0xff,
    0x88, 0x38, 0x48, 0xff, 0x88, 0x38, 0x48, 0xff, 0x88, 0x38, 0x48, 0xff,
    0x88, 0x38, 0x40, 0xff, 0x90, 0x34, 0x38, 0xff, 0x88, 0x38, 0x38, 0xff,
    0x88, 0x38, 0x38, 0xff, 0x88, 0x34, 0x30, 0xff, 0x88, 0x34, 0x28, 0xff,
    0x88, 0x34, 0x28, 0xff, 0x88, 0x34, 0x28, 0xff, 0x88, 0x34, 0x28, 0xff,
    0x88, 0x34, 0x28, 0xff, 0x88, 0x34, 0x28, 0xff, 0x90, 0x34, 0x28, 0xff,
    0x88, 0x34, 0x28, 0xff, 0x90, 0x34, 0x28, 0xff, 0x90, 0x34, 0x28, 0xff,
    0x88, 0x34, 0x28, 0xff, 0x88, 0x34, 0x20, 0xff, 0x90, 0x34, 0x28, 0xff,
    0x90, 0x34, 0x28, 0xff, 0x90, 0x34, 0x28, 0xff, 0x90, 0x34, 0x28, 0xff,
    0x90, 0x34, 0x28, 0xff, 0x88, 0x34, 0x28, 0xff, 0x88, 0x34, 0x28, 0xff,
    0x90, 0x34, 0x28, 0xff, 0x90, 0x34, 0x28, 0xff, 0x90, 0x34, 0x28, 0xff,
    0x88, 0x34, 0x28, 0xff, 0x88, 0x34, 0x28, 0xff, 0x88, 0x34, 0x28, 0xff,
    0x90, 0x34, 0x28, 0xff, 0x90, 0x34, 0x20, 0xff, 0x90, 0x34, 0x28, 0xff,
    0x90, 0x34, 0x28, 0xff, 0x88, 0x34, 0x20, 0xff, 0xe0, 0xd4, 0xd0, 0xff,
    0xf8, 0xfc, 0xf8, 0xff, 0xf8, 0xf8, 0xf8, 0xff, 0xf8, 0xf8, 0xf8, 0xff,
    0xe8, 0xe4, 0xe0, 0xff, 0xc0, 0xa0, 0xa0, 0xff, 0xf8, 0xfc, 0xf8, 0xff,
    0xf8, 0xf4, 0xf0, 0xff, 0xa0, 0x60, 0x58, 0xff, 0x88, 0x34, 0x28, 0xff,
    0x88, 0x34, 0x28, 0xff, 0x88, 0x34, 0x28, 0xc7, 0x78, 0x54, 0xb8, 0xff,
    0x80, 0x54, 0xb0, 0xff, 0x80, 0x54, 0xb0, 0xff, 0x78, 0x50, 0xa8, 0xff,
    0x80, 0x50, 0xb0, 0xff, 0x80, 0x50, 0xa0, 0xff, 0x80, 0x50, 0xa0, 0xff,
    0x80, 0x4c, 0xa0, 0xff, 0x80, 0x4c, 0xa0, 0xff, 0x80, 0x4c, 0x98, 0xff,
    0x80, 0x4c, 0x98, 0xff, 0x80, 0x4c, 0x90, 0xff, 0x88, 0x4c, 0x90, 0xff,
    0x80, 0x48, 0x88, 0xff, 0x80, 0x48, 0x90, 0xff, 0x88, 0x4c, 0x88, 0xff,
    0x88, 0x44, 0x80, 0xff, 0x80, 0x44, 0x78, 0xff, 0x88, 0x44, 0x78, 0xff,
    0x80, 0x44, 0x78, 0xff, 0x88, 0x40, 0x70, 0xff, 0x88, 0x40, 0x70, 0xff,
    0x88, 0x40, 0x70, 0xff, 0x88, 0x40, 0x68, 0xff, 0x88, 0x40, 0x60, 0xff,
    0x88, 0x40, 0x60, 0xff, 0x88, 0x40, 0x60, 0xff, 0x88, 0x3c, 0x58, 0xff,
    0x88, 0x3c, 0x58, 0xff, 0x88, 0x3c, 0x58, 0xff, 0x88, 0x3c, 0x50, 0xff,
    0x88, 0x38, 0x48, 0xff, 0x88, 0x38, 0x48, 0xff, 0x88, 0x38, 0x40, 0xff,
    0x88, 0x38, 0x40, 0xff, 0x90, 0x34, 0x38, 0xff, 0x88, 0x38, 0x38, 0xff,
    0x90, 0x34, 0x38, 0xff, 0x90, 0x34, 0x30, 0xff, 0x88, 0x34, 0x28, 0xff,
    0x90, 0x34, 0x28, 0xff, 0x88, 0x34, 0x28, 0xff, 0x88, 0x34, 0x28, 0xff,
    0x88, 0x34, 0x28, 0xff, 0x88, 0x34, 0x28, 0xff, 0x88, 0x34, 0x28, 0xff,
    0x88, 0x34, 0x28, 0xff, 0x90, 0x34, 0x28, 0xff, 0x90, 0x34, 0x28, 0xff,
    0x90, 0x34, 0x28, 0xff, 0x88, 0x34, 0x28, 0xff, 0x88, 0x34, 0x28, 0xff,
    0x88, 0x34, 0x28, 0xff, 0x88, 0x34, 0x28, 0xff, 0x88, 0x34, 0x28, 0xff,
    0x88, 0x34, 0x28, 0xff, 0x88, 0x34, 0x28, 0xff, 0x88, 0x34, 0x28, 0xff,
    0x88, 0x34, 0x28, 0xff, 0x88, 0x34, 0x28, 0xff, 0x90, 0x34, 0x28, 0xff,
    0x88, 0x34, 0x20, 0xff, 0x90, 0x34, 0x28, 0xff, 0x88, 0x34, 0x28, 0xff,
    0x88, 0x34, 0x28, 0xff, 0x88, 0x34, 0x28, 0xff, 0x88, 0x34, 0x28, 0xff,
    0x90, 0x34, 0x28, 0xff, 0xf8, 0xf4, 0xf0, 0xff, 0xf8, 0xfc, 0xf8, 0xff,
    0xb8, 0x98, 0x98, 0xff, 0xe8, 0xd8, 0xd8, 0xff, 0xe8, 0xe4, 0xe0, 0xff,
    0x90, 0x40, 0x38, 0xff, 0xe8, 0xe0, 0xe0, 0xff, 0xf8, 0xfc, 0xf8, 0xff,
    0xa8, 0x80, 0x78, 0xff, 0x88, 0x34, 0x28, 0xff, 0x90, 0x34, 0x28, 0xff,
    0x90, 0x34, 0x28, 0xc7, 0x78, 0x54, 0xb8, 0xff, 0x78, 0x54, 0xb8, 0xff,
    0x80, 0x54, 0xb0, 0xff, 0x80, 0x50, 0xb0, 0xff, 0x78, 0x54, 0xa8, 0xff,
    0x80, 0x50, 0xa8, 0xff, 0x80, 0x50, 0xa0, 0xff, 0x80, 0x50, 0xa0, 0xff,
    0x80, 0x4c, 0xa0, 0xff, 0x80, 0x4c, 0xa0, 0xff, 0x80, 0x4c, 0x98, 0xff,
    0x80, 0x4c, 0x98, 0xff, 0x80, 0x4c, 0x90, 0xff, 0x88, 0x48, 0x88, 0xff,
    0x80, 0x48, 0x88, 0xff, 0x80, 0x48, 0x90, 0xff, 0x88, 0x48, 0x88, 0xff,
    0x88, 0x44, 0x80, 0xff, 0x80, 0x44, 0x78, 0xff, 0x88, 0x44, 0x80, 0xff,
    0x88, 0x44, 0x78, 0xff, 0x88, 0x40, 0x70, 0xff, 0x80, 0x40, 0x70, 0xff,
    0x88, 0x44, 0x70, 0xff, 0x88, 0x40, 0x68, 0xff, 0x80, 0x40, 0x60, 0xff,
    0x88, 0x40, 0x60, 0xff, 0x88, 0x40, 0x60, 0xff, 0x88, 0x3c, 0x58, 0xff,
    0x88, 0x3c, 0x58, 0xff, 0x88, 0x3c, 0x58, 0xff, 0x88, 0x3c, 0x50, 0xff,
    0x88, 0x38, 0x48, 0xff, 0x88, 0x38, 0x48, 0xff, 0x88, 0x38, 0x48, 0xff,
    0x88, 0x38, 0x40, 0xff, 0x88, 0x34, 0x38, 0xff, 0x88, 0x34, 0x38, 0xff,
    0x88, 0x34, 0x38, 0xff, 0x90, 0x34, 0x30, 0xff, 0x88, 0x34, 0x28, 0xff,
    0x90, 0x34, 0x28, 0xff, 0x90, 0x34, 0x28, 0xff, 0x90, 0x34, 0x28, 0xff,
    0x90, 0x34, 0x20, 0xff, 0x90, 0x34, 0x28, 0xff, 0x88, 0x34, 0x28, 0xff,
    0x88, 0x34, 0x20, 0xff, 0x88, 0x34, 0x28, 0xff, 0x88, 0x34, 0x28, 0xff,
    0x88, 0x34, 0x28, 0xff, 0x90, 0x34, 0x28, 0xff, 0x88, 0x34, 0x20, 0xff,
    0x88, 0x34, 0x28, 0xff, 0x88, 0x34, 0x28, 0xff, 0x90, 0x34, 0x20, 0xff,
    0x90, 0x34, 0x28, 0xff, 0x90, 0x34, 0x28, 0xff, 0x88, 0x34, 0x20, 0xff,
    0x88, 0x34, 0x28, 0xff, 0x88, 0x34, 0x28, 0xff, 0x90, 0x34, 0x28, 0xff,
    0x88, 0x34, 0x28, 0xff, 0x88, 0x34, 0x28, 0xff, 0x88, 0x34, 0x28, 0xff,
    0x88, 0x34, 0x28, 0xff, 0x90, 0x34, 0x28, 0xff, 0x98, 0x4c, 0x40, 0xff,
    0xf8, 0xf8, 0xf8, 0xff, 0xf0, 0xec, 0xe8, 0xff, 0x90, 0x38, 0x30, 0xff,
    0xe8, 0xd4, 0xd0, 0xff, 0xe8, 0xe4, 0xe0, 0xff, 0x88, 0x2c, 0x20, 0xff,
    0xd8, 0xc4, 0xc0, 0xff, 0xf8, 0xfc, 0xf8, 0xff, 0xb0, 0x88, 0x80, 0xff,
    0x90, 0x34, 0x28, 0xff, 0x88, 0x34, 0x28, 0xff, 0x88, 0x34, 0x28, 0xc7,
    0x78, 0x54, 0xb8, 0xff, 0x80, 0x54, 0xb8, 0xff, 0x80, 0x54, 0xb8, 0xff,
    0x80, 0x54, 0xa8, 0xff, 0x80, 0x50, 0xa8, 0xff, 0x78, 0x54, 0xb0, 0xff,
    0x80, 0x50, 0xa8, 0xff, 0x80, 0x50, 0xa0, 0xff, 0x80, 0x50, 0xa0, 0xff,
    0x80, 0x50, 0xa0, 0xff, 0x80, 0x4c, 0x98, 0xff, 0x80, 0x4c, 0x98, 0xff,
    0x80, 0x4c, 0x98, 0xff, 0x80, 0x4c, 0x90, 0xff, 0x88, 0x48, 0x88, 0xff,
    0x80, 0x48, 0x88, 0xff, 0x80, 0x48, 0x88, 0xff, 0x80, 0x48, 0x88, 0xff,
    0x88, 0x44, 0x80, 0xff, 0x80, 0x44, 0x80, 0xff, 0x88, 0x44, 0x80, 0xff,
    0x88, 0x40, 0x70, 0xff, 0x80, 0x40, 0x70, 0xff, 0x88, 0x40, 0x70, 0xff,
    0x88, 0x40, 0x70, 0xff, 0x88, 0x40, 0x68, 0xff, 0x88, 0x40, 0x60, 0xff,
    0x88, 0x40, 0x68, 0xff, 0x88, 0x3c, 0x60, 0xff, 0x88, 0x3c, 0x58, 0xff,
    0x88, 0x3c, 0x58, 0xff, 0x88, 0x3c, 0x50, 0xff, 0x88, 0x38, 0x50, 0xff,
    0x88, 0x38, 0x48, 0xff, 0x88, 0x38, 0x48, 0xff, 0x88, 0x38, 0x48, 0xff,
    0x90, 0x38, 0x40, 0xff, 0x88, 0x38, 0x38, 0xff, 0x88, 0x38, 0x38, 0xff,
    0x88, 0x34, 0x38, 0xff, 0x90, 0x34, 0x28, 0xff, 0x88, 0x34, 0x28, 0xff,
    0x88, 0x34, 0x28, 0xff, 0x88, 0x34, 0x28, 0xff, 0x88, 0x34, 0x28, 0xff,
    0x88, 0x34, 0x28, 0xff, 0x90, 0x34, 0x28, 0xff, 0x88, 0x34, 0x28, 0xff,
    0x88, 0x34, 0x28, 0xff, 0x88, 0x34, 0x20, 0xff, 0x90, 0x34, 0x28, 0xff,
    0x88, 0x34, 0x28, 0xff, 0x90, 0x34, 0x28, 0xff, 0x90, 0x34, 0x28, 0xff,
    0x90, 0x34, 0x28, 0xff, 0x88, 0x34, 0x28, 0xff, 0x88, 0x34, 0x28, 0xff,
    0x88, 0x34, 0x28, 0xff, 0x90, 0x34, 0x28, 0xff, 0x90, 0x34, 0x28, 0xff,
    0x90, 0x34, 0x28, 0xff, 0x88, 0x34, 0x28, 0xff, 0x88, 0x34, 0x28, 0xff,
    0x90, 0x34, 0x28, 0xff, 0x90, 0x34, 0x20, 0xff, 0x90, 0x34, 0x28, 0xff,
    0x88, 0x34, 0x28, 0xff, 0x90, 0x44, 0x38, 0xff, 0xf8, 0xf8, 0xf8, 0xff,
    0xf0, 0xec, 0xf0, 0xff, 0x98, 0x4c, 0x40, 0xff, 0xe0, 0xd4, 0xd8, 0xff,
    0xe8, 0xe4, 0xe0, 0xff, 0x88, 0x30, 0x20, 0xff, 0xe0, 0xcc, 0xd0, 0xff,
    0xf8, 0xfc, 0xf8, 0xff, 0xb0, 0x84, 0x80, 0xff, 0x88, 0x34, 0x28, 0xff,
    0x88, 0x34, 0x28, 0xff, 0x90, 0x34, 0x28, 0xc7, 0x78, 0x54, 0xb8, 0xff,
    0x80, 0x54, 0xb8, 0xff, 0x78, 0x54, 0xb8, 0xff, 0x80, 0x54, 0xb8, 0xff,
    0x80, 0x54, 0xb0, 0xff, 0x80, 0x50, 0xa8, 0xff, 0x80, 0x54, 0xb0, 0xff,
    0x80, 0x50, 0xa8, 0xff, 0x80, 0x50, 0xa0, 0xff, 0x80, 0x50, 0xa0, 0xff,
    0x80, 0x4c, 0xa0, 0xff, 0x80, 0x4c, 0x98, 0xff, 0x80, 0x4c, 0x98, 0xff,
    0x80, 0x4c, 0x98, 0xff, 0x88, 0x4c, 0x90, 0xff, 0x88, 0x48, 0x88, 0xff,
    0x80, 0x48, 0x88, 0xff, 0x88, 0x48, 0x88, 0xff, 0x88, 0x48, 0x80, 0xff,
    0x80, 0x44, 0x80, 0xff, 0x80, 0x44, 0x78, 0xff, 0x88, 0x44, 0x78, 0xff,
    0x88, 0x44, 0x70, 0xff, 0x88, 0x40, 0x70, 0xff, 0x88, 0x40, 0x70, 0xff,
    0x88, 0x40, 0x70, 0xff, 0x88, 0x40, 0x60, 0xff, 0x88, 0x40, 0x60, 0xff,
    0x80, 0x40, 0x68, 0xff, 0x88, 0x3c, 0x60, 0xff, 0x88, 0x3c, 0x58, 0xff,
    0x88, 0x3c, 0x58, 0xff, 0x88, 0x3c, 0x58, 0xff, 0x88, 0x3c, 0x48, 0xff,
    0x88, 0x38, 0x48, 0xff, 0x88, 0x38, 0x48, 0xff, 0x88, 0x38, 0x40, 0xff,
    0x90, 0x34, 0x38, 0xff, 0x88, 0x38, 0x38, 0xff, 0x88, 0x38, 0x38, 0xff,
    0x90, 0x38, 0x38, 0xff, 0x88, 0x34, 0x28, 0xff, 0x88, 0x34, 0x28, 0xff,
    0x90, 0x34, 0x28, 0xff, 0x88, 0x34, 0x28, 0xff, 0x88, 0x34, 0x28, 0xff,
    0x88, 0x34, 0x28, 0xff, 0x90, 0x34, 0x28, 0xff, 0x90, 0x34, 0x28, 0xff,
    0x90, 0x34, 0x28, 0xff, 0x88, 0x34, 0x28, 0xff, 0x90, 0x34, 0x28, 0xff,
    0x88, 0x34, 0x28, 0xff, 0x88, 0x34, 0x20, 0xff, 0x88, 0x34, 0x28, 0xff,
    0x88, 0x34, 0x28, 0xff, 0x88, 0x34, 0x28, 0xff, 0x90, 0x34, 0x20, 0xff,
    0x88, 0x34, 0x28, 0xff, 0x88, 0x34, 0x28, 0xff, 0x88, 0x34, 0x20, 0xff,
    0x88, 0x34, 0x28, 0xff, 0x90, 0x34, 0x28, 0xff, 0x90, 0x34, 0x28, 0xff,
    0x88, 0x34, 0x28, 0xff, 0x88, 0x34, 0x28, 0xff, 0x88, 0x34, 0x28, 0xff,
    0x88, 0x34, 0x20, 0xff, 0xf0, 0xe8, 0xe8, 0xff, 0xf8, 0xfc, 0xf8, 0xff,
    0xd0, 0xbc, 0xb8, 0xff, 0xe8, 0xdc, 0xd8, 0xff, 0xf0, 0xe8, 0xe8, 0xff,
    0xb8, 0x90, 0x88, 0xff, 0xf8, 0xf8, 0xf8, 0xff, 0xf8, 0xfc, 0xf8, 0xff,
    0xa0, 0x74, 0x70, 0xff, 0x88, 0x34, 0x28, 0xff, 0x90, 0x34, 0x28, 0xff,
    0x88, 0x34, 0x28, 0xc7, 0x78, 0x58, 0xc0, 0xff, 0x78, 0x54, 0xb8, 0xff,
    0x80, 0x54, 0xb8, 0xff, 0x78, 0x58, 0xb8, 0xff, 0x80, 0x54, 0xb0, 0xff,
    0x80, 0x50, 0xb0, 0xff, 0x78, 0x54, 0xa8, 0xff, 0x80, 0x54, 0xa8, 0xff,
    0x80, 0x50, 0xa0, 0xff, 0x80, 0x50, 0xa0, 0xff, 0x80, 0x50, 0xa0, 0xff,
    0x80, 0x4c, 0xa0, 0xff, 0x80, 0x4c, 0x98, 0xff, 0x80, 0x4c, 0x98, 0xff,
    0x80, 0x4c, 0x98, 0xff, 0x80, 0x4c, 0x90, 0xff, 0x80, 0x48, 0x88, 0xff,
    0x80, 0x48, 0x88, 0xff, 0x80, 0x4c, 0x90, 0xff, 0x88, 0x48, 0x80, 0xff,
    0x80, 0x44, 0x78, 0xff, 0x88, 0x44, 0x78, 0xff, 0x80, 0x44, 0x78, 0xff,
    0x88, 0x40, 0x70, 0xff, 0x88, 0x40, 0x70, 0xff, 0x80, 0x44, 0x70, 0xff,
    0x88, 0x40, 0x68, 0xff, 0x88, 0x40, 0x60, 0xff, 0x88, 0x40, 0x60, 0xff,
    0x88, 0x40, 0x60, 0xff, 0x88, 0x3c, 0x60, 0xff, 0x88, 0x3c, 0x58, 0xff,
    0x88, 0x3c, 0x58, 0xff, 0x88, 0x3c, 0x50, 0xff, 0x88, 0x38, 0x48, 0xff,
    0x88, 0x38, 0x48, 0xff, 0x88, 0x38, 0x48, 0xff, 0x88, 0x38, 0x40, 0xff,
    0x90, 0x34, 0x38, 0xff, 0x88, 0x34, 0x38, 0xff, 0x88, 0x34, 0x38, 0xff,
    0x88, 0x34, 0x38, 0xff, 0x90, 0x34, 0x28, 0xff, 0x88, 0x34, 0x28, 0xff,
    0x90, 0x34, 0x28, 0xff, 0x90, 0x34, 0x28, 0xff, 0x90, 0x34, 0x28, 0xff,
    0x88, 0x34, 0x20, 0xff, 0x88, 0x34, 0x28, 0xff, 0x88, 0x34, 0x28, 0xff,
    0x90, 0x34, 0x20, 0xff, 0x88, 0x34, 0x28, 0xff, 0x88, 0x34, 0x28, 0xff,
    0x88, 0x34, 0x28, 0xff, 0x90, 0x34, 0x28, 0xff, 0x90, 0x34, 0x28, 0xff,
    0x90, 0x34, 0x28, 0xff, 0x88, 0x34, 0x28, 0xff, 0x88, 0x34, 0x28, 0xff,
    0x88, 0x34, 0x28, 0xff, 0x90, 0x34, 0x28, 0xff, 0x88, 0x34, 0x28, 0xff,
    0x88, 0x34, 0x20, 0xff, 0x88, 0x34, 0x28, 0xff, 0x88, 0x34, 0x28, 0xff,
    0x88, 0x34, 0x28, 0xff, 0x90, 0x34, 0x28, 0xff, 0x90, 0x34, 0x28, 0xff,
    0xd0, 0xbc, 0xb8, 0xff, 0xf8, 0xfc, 0xf8, 0xff, 0xf8, 0xfc, 0xf8, 0xff,
    0xf8, 0xfc, 0xf8, 0xff, 0xf8, 0xfc, 0xf8, 0xff, 0xf8, 0xfc, 0xf8, 0xff,
    0xf8, 0xfc, 0xf8, 0xff, 0xf0, 0xe8, 0xe8, 0xff, 0x90, 0x48, 0x40, 0xff,
    0x90, 0x34, 0x28, 0xff, 0x90, 0x34, 0x28, 0xff, 0x88, 0x34, 0x28, 0xc7,
    0x78, 0x5c, 0xc0, 0xff, 0x80, 0x58, 0xc0, 0xff, 0x78, 0x54, 0xb8, 0xff,
    0x78, 0x54, 0xb8, 0xff, 0x78, 0x54, 0xb8, 0xff, 0x80, 0x54, 0xb0, 0xff,
    0x80, 0x50, 0xa8, 0xff, 0x80, 0x50, 0xb0, 0xff, 0x80, 0x50, 0xa8, 0xff,
    0x80, 0x50, 0xa0, 0xff, 0x80, 0x50, 0xa0, 0xff, 0x80, 0x50, 0xa0, 0xff,
    0x80, 0x4c, 0xa0, 0xff, 0x80, 0x4c, 0x98, 0xff, 0x80, 0x4c, 0x90, 0xff,
    0x80, 0x4c, 0x98, 0xff, 0x88, 0x4c, 0x90, 0xff, 0x80, 0x48, 0x88, 0xff,
    0x88, 0x48, 0x88, 0xff, 0x88, 0x48, 0x88, 0xff, 0x88, 0x44, 0x80, 0xff,
    0x80, 0x44, 0x80, 0xff, 0x80, 0x44, 0x80, 0xff, 0x88, 0x44, 0x78, 0xff,
    0x88, 0x40, 0x70, 0xff, 0x80, 0x40, 0x70, 0xff, 0x88, 0x40, 0x70, 0xff,
    0x88, 0x40, 0x68, 0xff, 0x88, 0x40, 0x60, 0xff, 0x88, 0x40, 0x68, 0xff,
    0x88, 0x3c, 0x60, 0xff, 0x88, 0x3c, 0x58, 0xff, 0x88, 0x3c, 0x58, 0xff,
    0x88, 0x3c, 0x58, 0xff, 0x88, 0x3c, 0x50, 0xff, 0x88, 0x38, 0x48, 0xff,
    0x88, 0x38, 0x48, 0xff, 0x88, 0x38, 0x48, 0xff, 0x88, 0x38, 0x40, 0xff,
    0x88, 0x34, 0x38, 0xff, 0x88, 0x38, 0x38, 0xff, 0x90, 0x38, 0x38, 0xff,
    0x88, 0x34, 0x30, 0xff, 0x88, 0x34, 0x28, 0xff, 0x88, 0x34, 0x28, 0xff,
    0x88, 0x34, 0x28, 0xff, 0x88, 0x34, 0x28, 0xff, 0x88, 0x34, 0x28, 0xff,
    0x88, 0x34, 0x28, 0xff, 0x88, 0x34, 0x28, 0xff, 0x88, 0x34, 0x28, 0xff,
    0x88, 0x34, 0x28, 0xff, 0x90, 0x34, 0x28, 0xff, 0x90, 0x34, 0x28, 0xff,
    0x88, 0x34, 0x28, 0xff, 0x88, 0x34, 0x28, 0xff, 0x88, 0x34, 0x28, 0xff,
    0x90, 0x34, 0x28, 0xff, 0x88, 0x34, 0x28, 0xff, 0x90, 0x34, 0x28, 0xff,
    0x88, 0x34, 0x28, 0xff, 0x90, 0x34, 0x28, 0xff, 0x88, 0x34, 0x28, 0xff,
    0x90, 0x34, 0x28, 0xff, 0x90, 0x34, 0x28, 0xff, 0x88, 0x34, 0x20, 0xff,
    0x90, 0x34, 0x28, 0xff, 0x88, 0x34, 0x28, 0xff, 0xa0, 0x64, 0x58, 0xff,
    0xf8, 0xf4, 0xf0, 0xff, 0xf8, 0xfc, 0xf8, 0xff, 0xf8, 0xfc, 0xf8, 0xff,
    0xf8, 0xfc, 0xf8, 0xff, 0xf8, 0xfc, 0xf8, 0xff, 0xf8, 0xfc, 0xf8, 0xff,
    0xc8, 0xb0, 0xb0, 0xff, 0x88, 0x34, 0x28, 0xff, 0x88, 0x34, 0x28, 0xff,
    0x88, 0x34, 0x28, 0xff, 0x88, 0x34, 0x28, 0xc7, 0x78, 0x5c, 0xc0, 0xff,
    0x80, 0x58, 0xc0, 0xff, 0x78, 0x54, 0xb8, 0xff, 0x78, 0x54, 0xb8, 0xff,
    0x80, 0x58, 0xb8, 0xff, 0x80, 0x54, 0xb8, 0xff, 0x80, 0x54, 0xb0, 0xff,
    0x80, 0x50, 0xa8, 0xff, 0x80, 0x50, 0xb0, 0xff, 0x80, 0x50, 0xa8, 0xff,
    0x80, 0x50, 0xa0, 0xff, 0x80, 0x50, 0xa0, 0xff, 0x80, 0x50, 0xa0, 0xff,
    0x80, 0x4c, 0x98, 0xff, 0x80, 0x4c, 0x98, 0xff, 0x80, 0x4c, 0x98, 0xff,
    0x88, 0x4c, 0x90, 0xff, 0x88, 0x48, 0x88, 0xff, 0x80, 0x48, 0x88, 0xff,
    0x80, 0x48, 0x88, 0xff, 0x80, 0x48, 0x88, 0xff, 0x88, 0x44, 0x80, 0xff,
    0x88, 0x44, 0x78, 0xff, 0x88, 0x44, 0x80, 0xff, 0x88, 0x44, 0x78, 0xff,
    0x88, 0x40, 0x70, 0xff, 0x88, 0x40, 0x70, 0xff, 0x80, 0x44, 0x70, 0xff,
    0x88, 0x40, 0x60, 0xff, 0x88, 0x40, 0x60, 0xff, 0x80, 0x40, 0x68, 0xff,
    0x88, 0x3c, 0x60, 0xff, 0x88, 0x3c, 0x58, 0xff, 0x88, 0x3c, 0x58, 0xff,
    0x88, 0x3c, 0x50, 0xff, 0x88, 0x3c, 0x50, 0xff, 0x88, 0x38, 0x48, 0xff,
    0x88, 0x38, 0x48, 0xff, 0x88, 0x38, 0x40, 0xff, 0x90, 0x38, 0x40, 0xff,
    0x88, 0x38, 0x38, 0xff, 0x88, 0x34, 0x38, 0xff, 0x90, 0x34, 0x38, 0xff,
    0x90, 0x34, 0x28, 0xff, 0x88, 0x34, 0x28, 0xff, 0x88, 0x34, 0x28, 0xff,
    0x90, 0x34, 0x28, 0xff, 0x90, 0x34, 0x28, 0xff, 0x90, 0x34, 0x28, 0xff,
    0x90, 0x34, 0x28, 0xff, 0x90, 0x34, 0x28, 0xff, 0x90, 0x34, 0x28, 0xff,
    0x88, 0x34, 0x28, 0xff, 0x88, 0x34, 0x20, 0xff, 0x88, 0x34, 0x28, 0xff,
    0x88, 0x34, 0x28, 0xff, 0x90, 0x34, 0x20, 0xff, 0x88, 0x34, 0x28, 0xff,
    0x90, 0x34, 0x28, 0xff, 0x88, 0x34, 0x20, 0xff, 0x90, 0x34, 0x28, 0xff,
    0x88, 0x34, 0x28, 0xff, 0x90, 0x34, 0x28, 0xff, 0x88, 0x34, 0x28, 0xff,
    0x88, 0x34, 0x28, 0xff, 0x90, 0x34, 0x28, 0xff, 0x88, 0x34, 0x28, 0xff,
    0x88, 0x34, 0x28, 0xff, 0x88, 0x34, 0x28, 0xff, 0xb8, 0x90, 0x90, 0xff,
    0xf8, 0xf4, 0xf0, 0xff, 0xf8, 0xfc, 0xf8, 0xff, 0xf8, 0xfc, 0xf8, 0xff,
    0xf8, 0xfc, 0xf8, 0xff, 0xd8, 0xcc, 0xc8, 0xff, 0x90, 0x40, 0x38, 0xff,
    0x88, 0x34, 0x28, 0xff, 0x90, 0x34, 0x28, 0xff, 0x90, 0x34, 0x28, 0xff,
    0x88, 0x34, 0x28, 0xc7, 0x78, 0x5c, 0xc0, 0xff, 0x78, 0x58, 0xc8, 0xff,
    0x80, 0x58, 0xc0, 0xff, 0x80, 0x54, 0xb8, 0xff, 0x78, 0x54, 0xb8, 0xff,
    0x78, 0x54, 0xb8, 0xff, 0x80, 0x54, 0xb0, 0xff, 0x78, 0x54, 0xa8, 0xff,
    0x78, 0x54, 0xb0, 0xff, 0x80, 0x50, 0xa8, 0xff, 0x80, 0x50, 0xa0, 0xff,
    0x80, 0x50, 0xa0, 0xff, 0x80, 0x4c, 0xa0, 0xff, 0x80, 0x4c, 0xa0, 0xff,
    0x80, 0x4c, 0x98, 0xff, 0x80, 0x4c, 0x98, 0xff, 0x80, 0x4c, 0x90, 0xff,
    0x80, 0x4c, 0x90, 0xff, 0x80, 0x48, 0x88, 0xff, 0x80, 0x48, 0x88, 0xff,
    0x80, 0x48, 0x88, 0xff, 0x88, 0x44, 0x80, 0xff, 0x80, 0x44, 0x78, 0xff,
    0x80, 0x44, 0x78, 0xff, 0x80, 0x44, 0x78, 0xff, 0x88, 0x40, 0x70, 0xff,
    0x88, 0x40, 0x70, 0xff, 0x88, 0x40, 0x70, 0xff, 0x88, 0x40, 0x68, 0xff,
    0x88, 0x40, 0x60, 0xff, 0x88, 0x40, 0x60, 0xff, 0x88, 0x40, 0x60, 0xff,
    0x88, 0x3c, 0x60, 0xff, 0x88, 0x3c, 0x58, 0xff, 0x88, 0x3c, 0x58, 0xff,
    0x88, 0x3c, 0x50, 0xff, 0x88, 0x38, 0x48, 0xff, 0x88, 0x38, 0x48, 0xff,
    0x88, 0x38, 0x48, 0xff, 0x88, 0x38, 0x40, 0xff, 0x90, 0x34, 0x38, 0xff,
    0x88, 0x34, 0x38, 0xff, 0x88, 0x38, 0x38, 0xff, 0x88, 0x34, 0x38, 0xff,
    0x90, 0x34, 0x28, 0xff, 0x90, 0x34, 0x28, 0xff, 0x88, 0x34, 0x28, 0xff,
    0x88, 0x34, 0x28, 0xff, 0x88, 0x34, 0x28, 0xff, 0x88, 0x34, 0x20, 0xff,
    0x88, 0x34, 0x28, 0xff, 0x88, 0x34, 0x28, 0xff, 0x88, 0x34, 0x28, 0xff,
    0x90, 0x34, 0x28, 0xff, 0x90, 0x34, 0x28, 0xff, 0x90, 0x34, 0x28, 0xff,
    0x88, 0x34, 0x28, 0xff, 0x88, 0x34, 0x28, 0xff, 0x88, 0x34, 0x28, 0xff,
    0x90, 0x34, 0x28, 0xff, 0x88, 0x34, 0x28, 0xff, 0x88, 0x34, 0x28, 0xff,
    0x88, 0x34, 0x20, 0xff, 0x88, 0x34, 0x28, 0xff, 0x88, 0x34, 0x28, 0xff,
    0x90, 0x48, 0x40, 0xff, 0x98, 0x50, 0x48, 0xff, 0x98, 0x50, 0x48, 0xff,
    0x98, 0x50, 0x48, 0xff, 0x98, 0x50, 0x48, 0xff, 0xa8, 0x70, 0x70, 0xff,
    0xd0, 0xb4, 0xb0, 0xff, 0xd0, 0xbc, 0xb8, 0xff, 0xb8, 0x90, 0x88, 0xff,
    0x98, 0x54, 0x48, 0xff, 0x98, 0x4c, 0x48, 0xff, 0x88, 0x38, 0x28, 0xff,
    0x90, 0x34, 0x28, 0xff, 0x88, 0x34, 0x28, 0xff, 0x88, 0x34, 0x28, 0xc7,
    0x78, 0x5c, 0xc0, 0xff, 0x80, 0x5c, 0xc0, 0xff, 0x78, 0x58, 0xc0, 0xff,
    0x78, 0x54, 0xb8, 0xff, 0x80, 0x54, 0xb8, 0xff, 0x78, 0x58, 0xb8, 0xff,
    0x80, 0x54, 0xb8, 0xff, 0x80, 0x50, 0xb0, 0xff, 0x80, 0x54, 0xa8, 0xff,
    0x80, 0x54, 0xb0, 0xff, 0x80, 0x50, 0xa8, 0xff, 0x80, 0x50, 0xa0, 0xff,
    0x80, 0x50, 0xa0, 0xff, 0x80, 0x4c, 0xa0, 0xff, 0x80, 0x4c, 0x98, 0xff,
    0x80, 0x4c, 0x98, 0xff, 0x80, 0x4c, 0x98, 0xff, 0x80, 0x4c, 0x98, 0xff,
    0x88, 0x48, 0x88, 0xff, 0x88, 0x48, 0x88, 0xff, 0x88, 0x4c, 0x90, 0xff,
    0x80, 0x48, 0x88, 0xff, 0x88, 0x44, 0x80, 0xff, 0x88, 0x44, 0x80, 0xff,
    0x80, 0x44, 0x78, 0xff, 0x88, 0x44, 0x78, 0xff, 0x88, 0x40, 0x70, 0xff,
    0x80, 0x44, 0x70, 0xff, 0x88, 0x40, 0x70, 0xff, 0x88, 0x40, 0x68, 0xff,
    0x88, 0x40, 0x60, 0xff, 0x88, 0x40, 0x68, 0xff, 0x88, 0x3c, 0x60, 0xff,
    0x88, 0x3c, 0x58, 0xff, 0x88, 0x3c, 0x58, 0xff, 0x88, 0x3c, 0x58, 0xff,
    0x88, 0x3c, 0x50, 0xff, 0x88, 0x38, 0x48, 0xff, 0x88, 0x38, 0x48, 0xff,
    0x88, 0x38, 0x48, 0xff, 0x88, 0x38, 0x40, 0xff, 0x88, 0x38, 0x38, 0xff,
    0x88, 0x38, 0x38, 0xff, 0x88, 0x34, 0x38, 0xff, 0x90, 0x34, 0x30, 0xff,
    0x88, 0x34, 0x28, 0xff, 0x88, 0x34, 0x28, 0xff, 0x88, 0x34, 0x28, 0xff,
    0x88, 0x34, 0x28, 0xff, 0x90, 0x34, 0x28, 0xff, 0x88, 0x34, 0x28, 0xff,
    0x88, 0x34, 0x20, 0xff, 0x90, 0x34, 0x28, 0xff, 0x88, 0x34, 0x28, 0xff,
    0x88, 0x34, 0x20, 0xff, 0x88, 0x34, 0x28, 0xff, 0x90, 0x34, 0x28, 0xff,
    0x90, 0x34, 0x20, 0xff, 0x88, 0x34, 0x28, 0xff, 0x88, 0x34, 0x28, 0xff,
    0x88, 0x34, 0x28, 0xff, 0x90, 0x34, 0x28, 0xff, 0x88, 0x34, 0x28, 0xff,
    0x90, 0x34, 0x28, 0xff, 0x90, 0x34, 0x20, 0xff, 0xd8, 0xc0, 0xc0, 0xff,
    0xf0, 0xec, 0xe8, 0xff, 0xf0, 0xec, 0xe8, 0xff, 0xf8, 0xec, 0xf0, 0xff,
    0xf0, 0xec, 0xe8, 0xff, 0xf0, 0xec, 0xe8, 0xff, 0xf0, 0xec, 0xf0, 0xff,
    0xf0, 0xec, 0xe8, 0xff, 0xf8, 0xec, 0xf0, 0xff, 0xf0, 0xec, 0xf0, 0xff,
    0xf0, 0xe4, 0xe0, 0xff, 0x98, 0x5c, 0x58, 0xff, 0x88, 0x34, 0x28, 0xff,
    0x88, 0x34, 0x28, 0xff, 0x90, 0x34, 0x28, 0xc7, 0x78, 0x5c, 0xc0, 0xff,
    0x80, 0x58, 0xc8, 0xff, 0x78, 0x58, 0xc0, 0xff, 0x78, 0x54, 0xb8, 0xff,
    0x78, 0x58, 0xb8, 0xff, 0x80, 0x54, 0xb8, 0xff, 0x80, 0x54, 0xb8, 0xff,
    0x80, 0x54, 0xb0, 0xff, 0x80, 0x50, 0xa8, 0xff, 0x80, 0x50, 0xa8, 0xff,
    0x80, 0x50, 0xa8, 0xff, 0x80, 0x50, 0xa0, 0xff, 0x80, 0x50, 0xa0, 0xff,
    0x80, 0x50, 0xa0, 0xff, 0x80, 0x4c, 0xa0, 0xff, 0x80, 0x4c, 0x98, 0xff,
    0x80, 0x4c, 0x98, 0xff, 0x80, 0x4c, 0x98, 0xff, 0x88, 0x4c, 0x90, 0xff,
    0x80, 0x48, 0x88, 0xff, 0x80, 0x48, 0x88, 0xff, 0x80, 0x48, 0x88, 0xff,
    0x88, 0x48, 0x80, 0xff, 0x80, 0x44, 0x80, 0xff, 0x88, 0x44, 0x80, 0xff,
    0x88, 0x44, 0x78, 0xff, 0x88, 0x40, 0x70, 0xff, 0x80, 0x40, 0x70, 0xff,
    0x88, 0x44, 0x70, 0xff, 0x88, 0x40, 0x68, 0xff, 0x80, 0x40, 0x60, 0xff,
    0x88, 0x40, 0x60, 0xff, 0x88, 0x40, 0x68, 0xff, 0x88, 0x3c, 0x60, 0xff,
    0x88, 0x3c, 0x58, 0xff, 0x88, 0x3c, 0x58, 0xff, 0x88, 0x3c, 0x58, 0xff,
    0x88, 0x38, 0x48, 0xff, 0x88, 0x38, 0x48, 0xff, 0x88, 0x38, 0x48, 0xff,
    0x88, 0x38, 0x40, 0xff, 0x90, 0x34, 0x38, 0xff, 0x90, 0x34, 0x38, 0xff,
    0x88, 0x38, 0x38, 0xff, 0x88, 0x34, 0x38, 0xff, 0x88, 0x34, 0x28, 0xff,
    0x90, 0x34, 0x28, 0xff, 0x90, 0x34, 0x28, 0xff, 0x90, 0x34, 0x28, 0xff,
    0x88, 0x34, 0x28, 0xff, 0x90, 0x34, 0x28, 0xff, 0x90, 0x34, 0x28, 0xff,
    0x88, 0x34, 0x28, 0xff, 0x88, 0x34, 0x28, 0xff, 0x88, 0x34, 0x28, 0xff,
    0x90, 0x34, 0x28, 0xff, 0x88, 0x34, 0x28, 0xff, 0x88, 0x34, 0x28, 0xff,
    0x90, 0x34, 0x28, 0xff, 0x88, 0x34, 0x28, 0xff, 0x90, 0x34, 0x20, 0xff,
    0x90, 0x34, 0x28, 0xff, 0x90, 0x34, 0x28, 0xff, 0x88, 0x34, 0x28, 0xff,
    0x88, 0x34, 0x20, 0xff, 0xe0, 0xd0, 0xd0, 0xff, 0xf8, 0xfc, 0xf8, 0xff,
    0xf8, 0xfc, 0xf8, 0xff, 0xf8, 0xfc, 0xf8, 0xff, 0xf8, 0xfc, 0xf8, 0xff,
    0xf8, 0xfc, 0xf8, 0xff, 0xf8, 0xfc, 0xf8, 0xff, 0xf8, 0xfc, 0xf8, 0xff,
    0xf8, 0xfc, 0xf8, 0xff, 0xf8, 0xfc, 0xf8, 0xff, 0xf8, 0xf8, 0xf8, 0xff,
    0xa0, 0x64, 0x60, 0xff, 0x88, 0x34, 0x28, 0xff, 0x90, 0x34, 0x28, 0xff,
    0x88, 0x34, 0x28, 0xc7, 0x78, 0x5c, 0xc0, 0xff, 0x78, 0x5c, 0xc8, 0xff,
    0x80, 0x58, 0xc0, 0xff, 0x80, 0x58, 0xb8, 0xff, 0x78, 0x54, 0xb8, 0xff,
    0x78, 0x54, 0xb8, 0xff, 0x78, 0x54, 0xb8, 0xff, 0x80, 0x54, 0xb0, 0xff,
    0x78, 0x54, 0xb0, 0xff, 0x78, 0x50, 0xa8, 0xff, 0x80, 0x50, 0xb0, 0xff,
    0x80, 0x50, 0xa0, 0xff, 0x80, 0x50, 0xa0, 0xff, 0x80, 0x50, 0xa0, 0xff,
    0x80, 0x50, 0xa0, 0xff, 0x80, 0x4c, 0x98, 0xff, 0x80, 0x4c, 0x98, 0xff,
    0x80, 0x4c, 0x90, 0xff, 0x88, 0x4c, 0x90, 0xff, 0x80, 0x48, 0x88, 0xff,
    0x80, 0x48, 0x88, 0xff, 0x88, 0x48, 0x88, 0xff, 0x80, 0x48, 0x88, 0xff,
    0x88, 0x44, 0x78, 0xff, 0x80, 0x44, 0x78, 0xff, 0x80, 0x44, 0x80, 0xff,
    0x88, 0x40, 0x78, 0xff, 0x88, 0x40, 0x70, 0xff, 0x88, 0x40, 0x70, 0xff,
    0x88, 0x40, 0x70, 0xff, 0x88, 0x40, 0x68, 0xff, 0x88, 0x40, 0x60, 0xff,
    0x88, 0x40, 0x60, 0xff, 0x88, 0x40, 0x60, 0xff, 0x88, 0x3c, 0x58, 0xff,
    0x88, 0x3c, 0x58, 0xff, 0x88, 0x3c, 0x50, 0xff, 0x88, 0x3c, 0x50, 0xff,
    0x88, 0x38, 0x48, 0xff, 0x88, 0x38, 0x48, 0xff, 0x88, 0x38, 0x40, 0xff,
    0x88, 0x38, 0x40, 0xff, 0x88, 0x38, 0x38, 0xff, 0x88, 0x34, 0x38, 0xff,
    0x90, 0x34, 0x38, 0xff, 0x90, 0x34, 0x30, 0xff, 0x88, 0x34, 0x28, 0xff,
    0x88, 0x34, 0x28, 0xff, 0x88, 0x34, 0x28, 0xff, 0x88, 0x34, 0x28, 0xff,
    0x88, 0x34, 0x28, 0xff, 0x88, 0x34, 0x28, 0xff, 0x90, 0x34, 0x28, 0xff,
    0x90, 0x34, 0x28, 0xff, 0x90, 0x34, 0x28, 0xff, 0x88, 0x34, 0x28, 0xff,
    0x88, 0x34, 0x28, 0xff, 0x88, 0x34, 0x28, 0xff, 0x88, 0x34, 0x28, 0xff,
    0x90, 0x34, 0x28, 0xff, 0x88, 0x34, 0x28, 0xff, 0x88, 0x34, 0x28, 0xff,
    0x88, 0x34, 0x28, 0xff, 0x88, 0x34, 0x28, 0xff, 0x88, 0x34, 0x20, 0xff,
    0xe0, 0xd0, 0xd0, 0xff, 0xf8, 0xfc, 0xf8, 0xff, 0xf8, 0xfc, 0xf8, 0xff,
    0xf8, 0xfc, 0xf8, 0xff, 0xf8, 0xfc, 0xf8, 0xff, 0xf8, 0xfc, 0xf8, 0xff,
    0xf8, 0xfc, 0xf8, 0xff, 0xf8, 0xfc, 0xf8, 0xff, 0xf8, 0xfc, 0xf8, 0xff,
    0xf8, 0xfc, 0xf8, 0xff, 0xf8, 0xf8, 0xf8, 0xff, 0xa0, 0x64, 0x60, 0xff,
    0x88, 0x34, 0x28, 0xff, 0x88, 0x34, 0x28, 0xff, 0x90, 0x34, 0x28, 0xc7,
    0x78, 0x5c, 0xc0, 0xff, 0x80, 0x58, 0xc0, 0xff, 0x78, 0x5c, 0xc0, 0xff,
    0x78, 0x54, 0xc0, 0xff, 0x80, 0x54, 0xb8, 0xff, 0x78, 0x54, 0xb8, 0xff,
    0x80, 0x58, 0xb8, 0xff, 0x80, 0x54, 0xb0, 0xff, 0x80, 0x50, 0xb0, 0xff,
    0x80, 0x54, 0xb0, 0xff, 0x80, 0x54, 0xa8, 0xff, 0x80, 0x50, 0xa0, 0xff,
    0x80, 0x50, 0xa0, 0xff, 0x80, 0x4c, 0xa0, 0xff, 0x80, 0x4c, 0xa0, 0xff,
    0x80, 0x4c, 0x98, 0xff, 0x80, 0x4c, 0x98, 0xff, 0x80, 0x4c, 0x98, 0xff,
    0x80, 0x4c, 0x98, 0xff, 0x88, 0x4c, 0x88, 0xff, 0x80, 0x48, 0x88, 0xff,
    0x80, 0x48, 0x90, 0xff, 0x88, 0x48, 0x88, 0xff, 0x80, 0x44, 0x80, 0xff,
    0x88, 0x44, 0x78, 0xff, 0x88, 0x44, 0x78, 0xff, 0x80, 0x44, 0x78, 0xff,
    0x88, 0x40, 0x70, 0xff, 0x88, 0x40, 0x70, 0xff, 0x80, 0x40, 0x70, 0xff,
    0x88, 0x40, 0x68, 0xff, 0x88, 0x40, 0x60, 0xff, 0x88, 0x40, 0x60, 0xff,
    0x88, 0x3c, 0x60, 0xff, 0x88, 0x3c, 0x60, 0xff, 0x88, 0x3c, 0x58, 0xff,
    0x88, 0x3c, 0x58, 0xff, 0x88, 0x3c, 0x58, 0xff, 0x88, 0x38, 0x48, 0xff,
    0x88, 0x38, 0x48, 0xff, 0x88, 0x38, 0x48, 0xff, 0x88, 0x38, 0x40, 0xff,
    0x88, 0x34, 0x38, 0xff, 0x90, 0x38, 0x38, 0xff, 0x88, 0x38, 0x38, 0xff,
    0x88, 0x34, 0x38, 0xff, 0x88, 0x34, 0x28, 0xff, 0x88, 0x34, 0x28, 0xff,
    0x90, 0x34, 0x28, 0xff, 0x90, 0x34, 0x28, 0xff, 0x88, 0x34, 0x28, 0xff,
    0x88, 0x34, 0x20, 0xff, 0x88, 0x34, 0x28, 0xff, 0x88, 0x34, 0x28, 0xff,
    0x88, 0x34, 0x20, 0xff, 0x90, 0x34, 0x28, 0xff, 0x90, 0x34, 0x28, 0xff,
    0x90, 0x34, 0x20, 0xff, 0x88, 0x34, 0x28, 0xff, 0x88, 0x34, 0x28, 0xff,
    0x88, 0x34, 0x28, 0xff, 0x88, 0x34, 0x28, 0xff, 0x88, 0x34, 0x20, 0xff,
    0x90, 0x34, 0x28, 0xff, 0x90, 0x34, 0x28, 0xff, 0xc0, 0x9c, 0x98, 0xff,
    0xd8, 0xc0, 0xc0, 0xff, 0xd0, 0xc0, 0xc0, 0xff, 0xe0, 0xcc, 0xc8, 0xff,
    0xf8, 0xfc, 0xf8, 0xff, 0xf8, 0xf0, 0xf0, 0xff, 0xd0, 0xbc, 0xb8, 0xff,
    0xc8, 0xb0, 0xb0, 0xff, 0xf0, 0xe4, 0xe0, 0xff, 0xf8, 0xfc, 0xf8, 0xff,
    0xe0, 0xd4, 0xd0, 0xff, 0x90, 0x4c, 0x40, 0xff, 0x88, 0x34, 0x28, 0xff,
    0x90, 0x34, 0x28, 0xff, 0x88, 0x34, 0x28, 0xc7, 0x78, 0x5c, 0xc0, 0xff,
    0x80, 0x5c, 0xc8, 0xff, 0x78, 0x5c, 0xc8, 0xff, 0x78, 0x54, 0xb8, 0xff,
    0x78, 0x54, 0xb8, 0xff, 0x80, 0x58, 0xb8, 0xff, 0x78, 0x54, 0xc0, 0xff,
    0x80, 0x54, 0xb0, 0xff, 0x80, 0x50, 0xa8, 0xff, 0x80, 0x54, 0xa8, 0xff,
    0x80, 0x54, 0xb0, 0xff, 0x80, 0x50, 0xa8, 0xff, 0x80, 0x50, 0xa0, 0xff,
    0x80, 0x50, 0xa0, 0xff, 0x80, 0x50, 0xa0, 0xff, 0x80, 0x4c, 0xa0, 0xff,
    0x80, 0x4c, 0x98, 0xff, 0x80, 0x4c, 0x98, 0xff, 0x80, 0x4c, 0x90, 0xff,
    0x80, 0x48, 0x90, 0xff, 0x88, 0x48, 0x88, 0xff, 0x88, 0x4c, 0x88, 0xff,
    0x80, 0x48, 0x90, 0xff, 0x88, 0x48, 0x80, 0xff, 0x80, 0x44, 0x80, 0xff,
    0x88, 0x44, 0x80, 0xff, 0x88, 0x44, 0x78, 0xff, 0x88, 0x44, 0x70, 0xff,
    0x88, 0x40, 0x70, 0xff, 0x80, 0x44, 0x70, 0xff, 0x88, 0x40, 0x70, 0xff,
    0x88, 0x40, 0x60, 0xff, 0x80, 0x40, 0x68, 0xff, 0x88, 0x40, 0x68, 0xff,
    0x88, 0x40, 0x60, 0xff, 0x88, 0x3c, 0x58, 0xff, 0x88, 0x3c, 0x58, 0xff,
    0x88, 0x3c, 0x58, 0xff, 0x88, 0x3c, 0x50, 0xff, 0x88, 0x38, 0x48, 0xff,
    0x88, 0x38, 0x48, 0xff, 0x88, 0x38, 0x48, 0xff, 0x90, 0x38, 0x40, 0xff,
    0x88, 0x34, 0x38, 0xff, 0x88, 0x38, 0x38, 0xff, 0x88, 0x38, 0x38, 0xff,
    0x90, 0x34, 0x30, 0xff, 0x90, 0x34, 0x28, 0xff, 0x88, 0x34, 0x28, 0xff,
    0x88, 0x34, 0x28, 0xff, 0x90, 0x34, 0x28, 0xff, 0x90, 0x34, 0x28, 0xff,
    0x88, 0x34, 0x28, 0xff, 0x88, 0x34, 0x28, 0xff, 0x88, 0x34, 0x28, 0xff,
    0x88, 0x34, 0x28, 0xff, 0x88, 0x34, 0x28, 0xff, 0x88, 0x34, 0x28, 0xff,
    0x90, 0x34, 0x28, 0xff, 0x90, 0x34, 0x20, 0xff, 0x90, 0x34, 0x28, 0xff,
    0x90, 0x34, 0x28, 0xff, 0x90, 0x34, 0x28, 0xff, 0x88, 0x34, 0x28, 0xff,
    0x90, 0x34, 0x28, 0xff, 0x90, 0x34, 0x20, 0xff, 0x88, 0x34, 0x28, 0xff,
    0x88, 0x34, 0x28, 0xff, 0xd8, 0xc8, 0xc8, 0xff, 0xf8, 0xfc, 0xf8, 0xff,
    0xb0, 0x8c, 0x88, 0xff, 0x90, 0x34, 0x28, 0xff, 0x88, 0x34, 0x28, 0xff,
    0x98, 0x54, 0x48, 0xff, 0xf8, 0xf0, 0xf0, 0xff, 0xf0, 0xf0, 0xf0, 0xff,
    0x98, 0x58, 0x50, 0xff, 0x90, 0x34, 0x28, 0xff, 0x88, 0x34, 0x28, 0xff,
    0x88, 0x34, 0x28, 0xc7, 0x78, 0x5c, 0xc0, 0xff, 0x78, 0x58, 0xc8, 0xff,
    0x80, 0x5c, 0xc0, 0xff, 0x80, 0x58, 0xb8, 0xff, 0x78, 0x54, 0xb8, 0xff,
    0x78, 0x54, 0xb8, 0xff, 0x80, 0x54, 0xb8, 0xff, 0x80, 0x54, 0xb8, 0xff,
    0x78, 0x54, 0xb0, 0xff, 0x78, 0x50, 0xa8, 0xff, 0x80, 0x50, 0xb0, 0xff,
    0x80, 0x50, 0xa8, 0xff, 0x80, 0x50, 0xa0, 0xff, 0x80, 0x50, 0xa0, 0xff,
    0x80, 0x50, 0xa0, 0xff, 0x80, 0x4c, 0xa0, 0xff, 0x80, 0x4c, 0x98, 0xff,
    0x80, 0x4c, 0x98, 0xff, 0x88, 0x4c, 0x98, 0xff, 0x80, 0x4c, 0x90, 0xff,
    0x88, 0x48, 0x88, 0xff, 0x80, 0x48, 0x88, 0xff, 0x80, 0x4c, 0x88, 0xff,
    0x88, 0x48, 0x88, 0xff, 0x80, 0x44, 0x78, 0xff, 0x80, 0x44, 0x80, 0xff,
    0x80, 0x44, 0x80, 0xff, 0x88, 0x40, 0x78, 0xff, 0x88, 0x40, 0x70, 0xff,
    0x88, 0x40, 0x70, 0xff, 0x88, 0x44, 0x70, 0xff, 0x88, 0x40, 0x68, 0xff,
    0x88, 0x40, 0x60, 0xff, 0x88, 0x40, 0x60, 0xff, 0x88, 0x3c, 0x60, 0xff,
    0x88, 0x3c, 0x58, 0xff, 0x88, 0x3c, 0x58, 0xff, 0x88, 0x3c, 0x58, 0xff,
    0x88, 0x3c, 0x50, 0xff, 0x88, 0x38, 0x48, 0xff, 0x88, 0x38, 0x48, 0xff,
    0x88, 0x38, 0x48, 0xff, 0x88, 0x38, 0x40, 0xff, 0x88, 0x34, 0x38, 0xff,
    0x88, 0x34, 0x38, 0xff, 0x90, 0x34, 0x38, 0xff, 0x88, 0x38, 0x38, 0xff,
    0x88, 0x34, 0x28, 0xff, 0x90, 0x34, 0x28, 0xff, 0x88, 0x34, 0x28, 0xff,
    0x88, 0x34, 0x28, 0xff, 0x90, 0x34, 0x28, 0xff, 0x90, 0x34, 0x28, 0xff,
    0x90, 0x34, 0x20, 0xff, 0x90, 0x34, 0x28, 0xff, 0x90, 0x34, 0x28, 0xff,
    0x88, 0x34, 0x28, 0xff, 0x88, 0x34, 0x28, 0xff, 0x88, 0x34, 0x28, 0xff,
    0x88, 0x34, 0x28, 0xff, 0x88, 0x34, 0x28, 0xff, 0x88, 0x34, 0x28, 0xff,
    0x88, 0x34, 0x28, 0xff, 0x88, 0x34, 0x28, 0xff, 0x88, 0x34, 0x20, 0xff,
    0x88, 0x34, 0x28, 0xff, 0x88, 0x34, 0x28, 0xff, 0x90, 0x38, 0x28, 0xff,
    0xf8, 0xf4, 0xf0, 0xff, 0xf8, 0xf4, 0xf8, 0xff, 0xa0, 0x64, 0x60, 0xff,
    0x88, 0x34, 0x28, 0xff, 0x90, 0x34, 0x28, 0xff, 0x90, 0x38, 0x28, 0xff,
    0xe8, 0xd8, 0xd8, 0xff, 0xf8, 0xfc, 0xf8, 0xff, 0xa8, 0x80, 0x80, 0xff,
    0x88, 0x34, 0x28, 0xff, 0x90, 0x34, 0x28, 0xff, 0x88, 0x34, 0x28, 0xc7,
    0x78, 0x5c, 0xc0, 0xff, 0x80, 0x5c, 0xc0, 0xff, 0x78, 0x58, 0xc0, 0xff,
    0x78, 0x54, 0xb8, 0xff, 0x80, 0x54, 0xb8, 0xff, 0x78, 0x54, 0xb8, 0xff,
    0x78, 0x58, 0xb8, 0xff, 0x80, 0x54, 0xb0, 0xff, 0x80, 0x50, 0xb0, 0xff,
    0x80, 0x54, 0xb0, 0xff, 0x80, 0x54, 0xa8, 0xff, 0x80, 0x50, 0xa8, 0xff,
    0x80, 0x50, 0xa0, 0xff, 0x80, 0x50, 0xa0, 0xff, 0x80, 0x4c, 0xa0, 0xff,
    0x80, 0x4c, 0xa0, 0xff, 0x80, 0x4c, 0x98, 0xff, 0x80, 0x4c, 0x98, 0xff,
    0x80, 0x4c, 0x98, 0xff, 0x80, 0x4c, 0x90, 0xff, 0x80, 0x48, 0x88, 0xff,
    0x80, 0x48, 0x90, 0xff, 0x80, 0x48, 0x88, 0xff, 0x88, 0x48, 0x88, 0xff,
    0x88, 0x44, 0x80, 0xff, 0x80, 0x44, 0x78, 0xff, 0x88, 0x44, 0x78, 0xff,
    0x80, 0x44, 0x78, 0xff, 0x88, 0x40, 0x70, 0xff, 0x80, 0x40, 0x70, 0xff,
    0x88, 0x40, 0x70, 0xff, 0x88, 0x40, 0x68, 0xff, 0x88, 0x40, 0x60, 0xff,
    0x88, 0x40, 0x68, 0xff, 0x88, 0x40, 0x60, 0xff, 0x88, 0x3c, 0x60, 0xff,
    0x88, 0x3c, 0x58, 0xff, 0x88, 0x3c, 0x58, 0xff, 0x88, 0x3c, 0x58, 0xff,
    0x88, 0x3c, 0x50, 0xff, 0x88, 0x38, 0x48, 0xff, 0x88, 0x38, 0x40, 0xff,
    0x88, 0x38, 0x40, 0xff, 0x90, 0x38, 0x40, 0xff, 0x88, 0x38, 0x38, 0xff,
    0x88, 0x38, 0x38, 0xff, 0x88, 0x38, 0x38, 0xff, 0x90, 0x34, 0x30, 0xff,
    0x88, 0x34, 0x28, 0xff, 0x90, 0x34, 0x28, 0xff, 0x88, 0x34, 0x28, 0xff,
    0x88, 0x34, 0x28, 0xff, 0x88, 0x34, 0x28, 0xff, 0x88, 0x34, 0x28, 0xff,
    0x88, 0x34, 0x28, 0xff, 0x88, 0x34, 0x28, 0xff, 0x90, 0x34, 0x20, 0xff,
    0x90, 0x34, 0x28, 0xff, 0x88, 0x34, 0x28, 0xff, 0x90, 0x34, 0x28, 0xff,
    0x88, 0x34, 0x28, 0xff, 0x88, 0x34, 0x20, 0xff, 0x90, 0x34, 0x28, 0xff,
    0x90, 0x34, 0x28, 0xff, 0x88, 0x34, 0x28, 0xff, 0x88, 0x34, 0x28, 0xff,
    0x90, 0x34, 0x28, 0xff, 0x98, 0x4c, 0x40, 0xff, 0xf8, 0xf8, 0xf8, 0xff,
    0xf8, 0xfc, 0xf8, 0xff, 0xb8, 0x9c, 0x98, 0xff, 0x88, 0x34, 0x28, 0xff,
    0x88, 0x34, 0x28, 0xff, 0xa0, 0x68, 0x60, 0xff, 0xf8, 0xf8, 0xf8, 0xff,
    0xf8, 0xfc, 0xf8, 0xff, 0xb0, 0x88, 0x80, 0xff, 0x90, 0x34, 0x28, 0xff,
    0x88, 0x34, 0x28, 0xff, 0x90, 0x34, 0x28, 0xc7, 0x78, 0x5c, 0xc0, 0xff,
    0x80, 0x58, 0xc8, 0xff, 0x78, 0x58, 0xc0, 0xff, 0x78, 0x54, 0xb8, 0xff,
    0x78, 0x54, 0xb8, 0xff, 0x80, 0x58, 0xb8, 0xff, 0x80, 0x54, 0xc0, 0xff,
    0x78, 0x54, 0xb0, 0xff, 0x80, 0x50, 0xa8, 0xff, 0x80, 0x54, 0xa8, 0xff,
    0x78, 0x50, 0xb0, 0xff, 0x80, 0x50, 0xa8, 0xff, 0x80, 0x50, 0xa0, 0xff,
    0x80, 0x50, 0xa0, 0xff, 0x80, 0x50, 0xa0, 0xff, 0x80, 0x50, 0xa0, 0xff,
    0x80, 0x4c, 0x98, 0xff, 0x80, 0x4c, 0x98, 0xff, 0x80, 0x4c, 0x90, 0xff,
    0x88, 0x4c, 0x98, 0xff, 0x88, 0x48, 0x88, 0xff, 0x80, 0x48, 0x88, 0xff,
    0x88, 0x48, 0x90, 0xff, 0x80, 0x4c, 0x88, 0xff, 0x80, 0x44, 0x80, 0xff,
    0x88, 0x44, 0x80, 0xff, 0x88, 0x44, 0x78, 0xff, 0x80, 0x44, 0x80, 0xff,
    0x88, 0x40, 0x70, 0xff, 0x88, 0x44, 0x70, 0xff, 0x88, 0x40, 0x70, 0xff,
    0x80, 0x40, 0x68, 0xff, 0x88, 0x40, 0x60, 0xff, 0x88, 0x40, 0x68, 0xff,
    0x88, 0x40, 0x68, 0xff, 0x88, 0x40, 0x60, 0xff, 0x88, 0x3c, 0x58, 0xff,
    0x88, 0x3c, 0x58, 0xff, 0x88, 0x3c, 0x50, 0xff, 0x88, 0x3c, 0x50, 0xff,
    0x88, 0x38, 0x48, 0xff, 0x88, 0x38, 0x48, 0xff, 0x90, 0x38, 0x48, 0xff,
    0x88, 0x38, 0x40, 0xff, 0x88, 0x34, 0x38, 0xff, 0x88, 0x34, 0x38, 0xff,
    0x90, 0x34, 0x38, 0xff, 0x88, 0x34, 0x30, 0xff, 0x88, 0x34, 0x28, 0xff,
    0x88, 0x34, 0x28, 0xff, 0x90, 0x34, 0x28, 0xff, 0x88, 0x34, 0x28, 0xff,
    0x88, 0x34, 0x28, 0xff, 0x88, 0x34, 0x28, 0xff, 0x90, 0x34, 0x28, 0xff,
    0x88, 0x34, 0x28, 0xff, 0x88, 0x34, 0x28, 0xff, 0x88, 0x34, 0x28, 0xff,
    0x90, 0x34, 0x28, 0xff, 0x88, 0x34, 0x20, 0xff, 0x90, 0x34, 0x28, 0xff,
    0x90, 0x34, 0x28, 0xff, 0x88, 0x34, 0x28, 0xff, 0x88, 0x34, 0x28, 0xff,
    0x90, 0x34, 0x28, 0xff, 0x90, 0x34, 0x28, 0xff, 0x88, 0x34, 0x28, 0xff,
    0x90, 0x3c, 0x28, 0xff, 0xf8, 0xf4, 0xf8, 0xff, 0xf8, 0xfc, 0xf8, 0xff,
    0xf8, 0xf8, 0xf8, 0xff, 0xe0, 0xcc, 0xd0, 0xff, 0xd8, 0xcc, 0xc8, 0xff,
    0xf8, 0xf4, 0xf0, 0xff, 0xf8, 0xfc, 0xf8, 0xff, 0xf8, 0xfc, 0xf8, 0xff,
    0xa8, 0x78, 0x70, 0xff, 0x88, 0x34, 0x28, 0xff, 0x88, 0x34, 0x28, 0xff,
    0x88, 0x34, 0x28, 0xc7, 0x78, 0x5c, 0xc0, 0xff, 0x78, 0x5c, 0xc8, 0xff,
    0x80, 0x58, 0xc0, 0xff, 0x80, 0x54, 0xb8, 0xff, 0x78, 0x54, 0xb8, 0xff,
    0x78, 0x54, 0xb8, 0xff, 0x80, 0x54, 0xb8, 0xff, 0x80, 0x54, 0xb0, 0xff,
    0x78, 0x54, 0xb0, 0xff, 0x80, 0x50, 0xb0, 0xff, 0x80, 0x50, 0xb0, 0xff,
    0x80, 0x50, 0xa8, 0xff, 0x80, 0x50, 0xa0, 0xff, 0x80, 0x50, 0xa0, 0xff,
    0x80, 0x4c, 0xa0, 0xff, 0x80, 0x50, 0xa0, 0xff, 0x80, 0x4c, 0x98, 0xff,
    0x80, 0x4c, 0x98, 0xff, 0x80, 0x4c, 0x98, 0xff, 0x80, 0x4c, 0x90, 0xff,
    0x88, 0x48, 0x88, 0xff, 0x80, 0x48, 0x88, 0xff, 0x88, 0x4c, 0x88, 0xff,
    0x88, 0x48, 0x88, 0xff, 0x80, 0x44, 0x80, 0xff, 0x80, 0x44, 0x78, 0xff,
    0x88, 0x44, 0x80, 0xff, 0x88, 0x44, 0x78, 0xff, 0x88, 0x40, 0x70, 0xff,
    0x88, 0x40, 0x70, 0xff, 0x80, 0x44, 0x70, 0xff, 0x88, 0x40, 0x70, 0xff,
    0x88, 0x40, 0x68, 0xff, 0x88, 0x40, 0x60, 0xff, 0x80, 0x40, 0x60, 0xff,
    0x88, 0x3c, 0x60, 0xff, 0x88, 0x3c, 0x58, 0xff, 0x88, 0x3c, 0x58, 0xff,
    0x88, 0x3c, 0x58, 0xff, 0x88, 0x3c, 0x50, 0xff, 0x88, 0x38, 0x48, 0xff,
    0x88, 0x38, 0x48, 0xff, 0x88, 0x38, 0x48, 0xff, 0x88, 0x38, 0x48, 0xff,
    0x88, 0x34, 0x38, 0xff, 0x90, 0x38, 0x38, 0xff, 0x88, 0x38, 0x38, 0xff,
    0x88, 0x34, 0x38, 0xff, 0x90, 0x34, 0x28, 0xff, 0x88, 0x34, 0x28, 0xff,
    0x88, 0x34, 0x28, 0xff, 0x90, 0x34, 0x28, 0xff, 0x90, 0x34, 0x28, 0xff,
    0x90, 0x34, 0x20, 0xff, 0x88, 0x34, 0x28, 0xff, 0x90, 0x34, 0x28, 0xff,
    0x88, 0x34, 0x28, 0xff, 0x90, 0x34, 0x28, 0xff, 0x88, 0x34, 0x28, 0xff,
    0x88, 0x34, 0x28, 0xff, 0x88, 0x34, 0x28, 0xff, 0x88, 0x34, 0x28, 0xff,
    0x88, 0x34, 0x28, 0xff, 0x88, 0x34, 0x28, 0xff, 0x88, 0x34, 0x20, 0xff,
    0x90, 0x34, 0x28, 0xff, 0x88, 0x34, 0x28, 0xff, 0x88, 0x34, 0x20, 0xff,
    0xe0, 0xd0, 0xd0, 0xff, 0xf8, 0xfc, 0xf8, 0xff, 0xf8, 0xfc, 0xf8, 0xff,
    0xf8, 0xfc, 0xf8, 0xff, 0xf8, 0xfc, 0xf8, 0xff, 0xf8, 0xfc, 0xf8, 0xff,
    0xf8, 0xfc, 0xf8, 0xff, 0xf0, 0xe4, 0xe8, 0xff, 0x90, 0x48, 0x40, 0xff,
    0x88, 0x34, 0x28, 0xff, 0x90, 0x34, 0x28, 0xff, 0x88, 0x34, 0x28, 0xc7,
    0x78, 0x5c, 0xc0, 0xff, 0x80, 0x58, 0xc0, 0xff, 0x78, 0x54, 0xb8, 0xff,
    0x78, 0x58, 0xb8, 0xff, 0x80, 0x54, 0xb8, 0xff, 0x78, 0x58, 0xb8, 0xff,
    0x78, 0x54, 0xb8, 0xff, 0x80, 0x54, 0xb0, 0xff, 0x80, 0x50, 0xa8, 0xff,
    0x80, 0x54, 0xa8, 0xff, 0x80, 0x54, 0xa8, 0xff, 0x80, 0x50, 0xa8, 0xff,
    0x80, 0x50, 0xa0, 0xff, 0x80, 0x50, 0xa0, 0xff, 0x80, 0x50, 0xa0, 0xff,
    0x80, 0x50, 0xa0, 0xff, 0x80, 0x4c, 0x98, 0xff, 0x80, 0x4c, 0x98, 0xff,
    0x88, 0x4c, 0x98, 0xff, 0x80, 0x4c, 0x98, 0xff, 0x80, 0x4c, 0x90, 0xff,
    0x80, 0x48, 0x88, 0xff, 0x80, 0x48, 0x88, 0xff, 0x80, 0x48, 0x90, 0xff,
    0x88, 0x48, 0x80, 0xff, 0x88, 0x44, 0x80, 0xff, 0x80, 0x44, 0x78, 0xff,
    0x80, 0x44, 0x80, 0xff, 0x88, 0x40, 0x78, 0xff, 0x88, 0x40, 0x70, 0xff,
    0x88, 0x40, 0x70, 0xff, 0x88, 0x40, 0x70, 0xff, 0x88, 0x40, 0x68, 0xff,
    0x88, 0x40, 0x60, 0xff, 0x88, 0x40, 0x60, 0xff, 0x88, 0x40, 0x60, 0xff,
    0x88, 0x3c, 0x60, 0xff, 0x88, 0x3c, 0x58, 0xff, 0x88, 0x3c, 0x58, 0xff,
    0x88, 0x3c, 0x58, 0xff, 0x88, 0x3c, 0x50, 0xff, 0x88, 0x38, 0x48, 0xff,
    0x88, 0x38, 0x40, 0xff, 0x88, 0x38, 0x40, 0xff, 0x90, 0x38, 0x40, 0xff,
    0x88, 0x34, 0x38, 0xff, 0x88, 0x38, 0x38, 0xff, 0x88, 0x38, 0x38, 0xff,
    0x90, 0x34, 0x30, 0xff, 0x90, 0x34, 0x28, 0xff, 0x90, 0x34, 0x28, 0xff,
    0x88, 0x34, 0x28, 0xff, 0x88, 0x34, 0x28, 0xff, 0x88, 0x34, 0x28, 0xff,
    0x88, 0x34, 0x28, 0xff, 0x88, 0x34, 0x28, 0xff, 0x90, 0x34, 0x20, 0xff,
    0x88, 0x34, 0x28, 0xff, 0x88, 0x34, 0x28, 0xff, 0x90, 0x34, 0x28, 0xff,
    0x88, 0x34, 0x28, 0xff, 0x90, 0x34, 0x28, 0xff, 0x90, 0x34, 0x20, 0xff,
    0x90, 0x34, 0x28, 0xff, 0x88, 0x34, 0x28, 0xff, 0x88, 0x34, 0x28, 0xff,
    0x90, 0x34, 0x28, 0xff, 0x88, 0x34, 0x28, 0xff, 0xa8, 0x70, 0x68, 0xff,
    0xf8, 0xf4, 0xf0, 0xff, 0xf8, 0xfc, 0xf8, 0xff, 0xf8, 0xfc, 0xf8, 0xff,
    0xf8, 0xfc, 0xf8, 0xff, 0xf8, 0xfc, 0xf8, 0xff, 0xf8, 0xfc, 0xf8, 0xff,
    0xb8, 0x94, 0x90, 0xff, 0x88, 0x34, 0x28, 0xff, 0x90, 0x34, 0x28, 0xff,
    0x88, 0x34, 0x28, 0xff, 0x90, 0x34, 0x28, 0xc7, 0x78, 0x5c, 0xc0, 0xff,
    0x80, 0x58, 0xc0, 0xff, 0x78, 0x54, 0xb8, 0xff, 0x78, 0x54, 0xb8, 0xff,
    0x78, 0x54, 0xb8, 0xff, 0x80, 0x54, 0xc0, 0xff, 0x80, 0x54, 0xb8, 0xff,
    0x80, 0x54, 0xb0, 0xff, 0x80, 0x50, 0xb0, 0xff, 0x80, 0x50, 0xa8, 0xff,
    0x78, 0x54, 0xb0, 0xff, 0x80, 0x50, 0xa8, 0xff, 0x80, 0x50, 0xa0, 0xff,
    0x80, 0x50, 0xa0, 0xff, 0x80, 0x4c, 0xa0, 0xff, 0x80, 0x50, 0xa0, 0xff,
    0x80, 0x4c, 0x98, 0xff, 0x80, 0x4c, 0x98, 0xff, 0x80, 0x4c, 0x98, 0xff,
    0x88, 0x4c, 0x98, 0xff, 0x88, 0x48, 0x88, 0xff, 0x80, 0x48, 0x88, 0xff,
    0x88, 0x48, 0x90, 0xff, 0x80, 0x4c, 0x88, 0xff, 0x80, 0x48, 0x80, 0xff,
    0x88, 0x44, 0x80, 0xff, 0x80, 0x44, 0x78, 0xff, 0x80, 0x44, 0x80, 0xff,
    0x88, 0x44, 0x78, 0xff, 0x88, 0x40, 0x70, 0xff, 0x80, 0x40, 0x70, 0xff,
    0x88, 0x40, 0x70, 0xff, 0x80, 0x40, 0x68, 0xff, 0x88, 0x40, 0x60, 0xff,
    0x88, 0x40, 0x68, 0xff, 0x88, 0x40, 0x68, 0xff, 0x88, 0x3c, 0x60, 0xff,
    0x88, 0x3c, 0x58, 0xff, 0x88, 0x3c, 0x58, 0xff, 0x88, 0x3c, 0x58, 0xff,
    0x88, 0x3c, 0x50, 0xff, 0x88, 0x38, 0x48, 0xff, 0x88, 0x38, 0x48, 0xff,
    0x88, 0x38, 0x48, 0xff, 0x90, 0x38, 0x40, 0xff, 0x88, 0x34, 0x38, 0xff,
    0x88, 0x34, 0x38, 0xff, 0x88, 0x34, 0x38, 0xff, 0x88, 0x34, 0x30, 0xff,
    0x88, 0x34, 0x28, 0xff, 0x88, 0x34, 0x28, 0xff, 0x88, 0x34, 0x28, 0xff,
    0x88, 0x34, 0x28, 0xff, 0x90, 0x34, 0x28, 0xff, 0x90, 0x34, 0x28, 0xff,
    0x88, 0x34, 0x28, 0xff, 0x88, 0x34, 0x28, 0xff, 0x90, 0x34, 0x28, 0xff,
    0x90, 0x34, 0x28, 0xff, 0x88, 0x34, 0x20, 0xff, 0x90, 0x34, 0x28, 0xff,
    0x88, 0x34, 0x28, 0xff, 0x88, 0x34, 0x28, 0xff, 0x88, 0x34, 0x28, 0xff,
    0x90, 0x34, 0x28, 0xff, 0x88, 0x34, 0x28, 0xff, 0x88, 0x34, 0x28, 0xff,
    0x90, 0x34, 0x28, 0xff, 0x90, 0x34, 0x28, 0xff, 0xa8, 0x74, 0x70, 0xff,
    0xe0, 0xd4, 0xd0, 0xff, 0xf8, 0xf4, 0xf8, 0xff, 0xf8, 0xf4, 0xf8, 0xff,
    0xe8, 0xd8, 0xd8, 0xff, 0xb0, 0x84, 0x80, 0xff, 0x88, 0x34, 0x28, 0xff,
    0x88, 0x34, 0x28, 0xff, 0x88, 0x34, 0x28, 0xff, 0x90, 0x34, 0x28, 0xff,
    0x88, 0x34, 0x28, 0xc7, 0x78, 0x58, 0xc0, 0xff, 0x78, 0x54, 0xb8, 0xff,
    0x80, 0x54, 0xb8, 0xff, 0x80, 0x54, 0xb8, 0xff, 0x78, 0x58, 0xb8, 0xff,
    0x78, 0x54, 0xb8, 0xff, 0x80, 0x54, 0xb0, 0xff, 0x80, 0x54, 0xa8, 0xff,
    0x78, 0x50, 0xa8, 0xff, 0x78, 0x54, 0xb0, 0xff, 0x80, 0x50, 0xb0, 0xff,
    0x80, 0x50, 0xa8, 0xff, 0x80, 0x50, 0xa0, 0xff, 0x80, 0x50, 0xa0, 0xff,
    0x80, 0x4c, 0xa0, 0xff, 0x80, 0x50, 0xa0, 0xff, 0x80, 0x4c, 0x98, 0xff,
    0x80, 0x4c, 0x98, 0xff, 0x80, 0x4c, 0x98, 0xff, 0x80, 0x4c, 0x90, 0xff,
    0x80, 0x48, 0x88, 0xff, 0x88, 0x48, 0x88, 0xff, 0x80, 0x4c, 0x88, 0xff,
    0x88, 0x48, 0x88, 0xff, 0x88, 0x48, 0x80, 0xff, 0x80, 0x44, 0x80, 0xff,
    0x88, 0x44, 0x80, 0xff, 0x88, 0x44, 0x78, 0xff, 0x88, 0x44, 0x78, 0xff,
    0x80, 0x40, 0x70, 0xff, 0x88, 0x40, 0x70, 0xff, 0x88, 0x44, 0x70, 0xff,
    0x88, 0x40, 0x68, 0xff, 0x88, 0x40, 0x60, 0xff, 0x88, 0x40, 0x68, 0xff,
    0x88, 0x3c, 0x60, 0xff, 0x80, 0x3c, 0x60, 0xff, 0x88, 0x3c, 0x58, 0xff,
    0x88, 0x3c, 0x58, 0xff, 0x88, 0x3c, 0x50, 0xff, 0x88, 0x3c, 0x50, 0xff,
    0x88, 0x38, 0x48, 0xff, 0x88, 0x38, 0x48, 0xff, 0x88, 0x38, 0x48, 0xff,
    0x88, 0x38, 0x40, 0xff, 0x88, 0x38, 0x38, 0xff, 0x90, 0x38, 0x38, 0xff,
    0x90, 0x38, 0x38, 0xff, 0x88, 0x34, 0x38, 0xff, 0x88, 0x34, 0x28, 0xff,
    0x88, 0x34, 0x28, 0xff, 0x90, 0x34, 0x28, 0xff, 0x90, 0x34, 0x28, 0xff,
    0x88, 0x34, 0x28, 0xff, 0x88, 0x34, 0x20, 0xff, 0x90, 0x34, 0x28, 0xff,
    0x90, 0x34, 0x28, 0xff, 0x88, 0x34, 0x28, 0xff, 0x88, 0x34, 0x28, 0xff,
    0x88, 0x34, 0x28, 0xff, 0x88, 0x34, 0x28, 0xff, 0x90, 0x34, 0x28, 0xff,
    0x88, 0x34, 0x28, 0xff, 0x88, 0x34, 0x28, 0xff, 0x88, 0x34, 0x28, 0xff,
    0xb0, 0x7c, 0x78, 0xff, 0xb8, 0x98, 0x90, 0xff, 0xb8, 0x98, 0x90, 0xff,
    0xb8, 0x98, 0x90, 0xff, 0xb8, 0x98, 0x90, 0xff, 0xb8, 0x94, 0x98, 0xff,
    0xb8, 0x98, 0x90, 0xff, 0xb8, 0x98, 0x90, 0xff, 0xb8, 0x94, 0x90, 0xff,
    0xb8, 0x98, 0x90, 0xff, 0xb8, 0x94, 0x90, 0xff, 0x90, 0x44, 0x38, 0xff,
    0x90, 0x34, 0x28, 0xff, 0x88, 0x34, 0x28, 0xff, 0x88, 0x34, 0x20, 0xc7,
    0x78, 0x54, 0xb8, 0xff, 0x80, 0x54, 0xb8, 0xff, 0x78, 0x54, 0xb8, 0xff,
    0x78, 0x58, 0xb8, 0xff, 0x80, 0x54, 0xb8, 0xff, 0x78, 0x54, 0xb8, 0xff,
    0x80, 0x54, 0xb0, 0xff, 0x80, 0x54, 0xb0, 0xff, 0x80, 0x50, 0xa8, 0xff,
    0x80, 0x54, 0xa8, 0xff, 0x80, 0x54, 0xa8, 0xff, 0x80, 0x50, 0xa0, 0xff,
    0x80, 0x50, 0xa0, 0xff, 0x80, 0x4c, 0xa0, 0xff, 0x80, 0x50, 0xa0, 0xff,
    0x80, 0x4c, 0xa0, 0xff, 0x80, 0x4c, 0x98, 0xff, 0x80, 0x4c, 0x98, 0xff,
    0x88, 0x4c, 0x90, 0xff, 0x80, 0x4c, 0x98, 0xff, 0x88, 0x4c, 0x90, 0xff,
    0x80, 0x48, 0x88, 0xff, 0x80, 0x48, 0x90, 0xff, 0x80, 0x48, 0x88, 0xff,
    0x88, 0x48, 0x88, 0xff, 0x88, 0x44, 0x80, 0xff, 0x80, 0x44, 0x78, 0xff,
    0x80, 0x44, 0x80, 0xff, 0x88, 0x44, 0x78, 0xff, 0x88, 0x40, 0x70, 0xff,
    0x88, 0x40, 0x70, 0xff, 0x88, 0x40, 0x70, 0xff, 0x80, 0x40, 0x68, 0xff,
    0x88, 0x40, 0x60, 0xff, 0x88, 0x40, 0x68, 0xff, 0x88, 0x40, 0x60, 0xff,
    0x88, 0x40, 0x60, 0xff, 0x88, 0x3c, 0x58, 0xff, 0x88, 0x3c, 0x58, 0xff,
    0x88, 0x3c, 0x58, 0xff, 0x88, 0x3c, 0x50, 0xff, 0x88, 0x38, 0x48, 0xff,
    0x88, 0x38, 0x48, 0xff, 0x90, 0x38, 0x48, 0xff, 0x88, 0x38, 0x40, 0xff,
    0x88, 0x34, 0x38, 0xff, 0x88, 0x38, 0x38, 0xff, 0x88, 0x34, 0x38, 0xff,
    0x90, 0x34, 0x38, 0xff, 0x90, 0x34, 0x28, 0xff, 0x90, 0x34, 0x28, 0xff,
    0x88, 0x34, 0x28, 0xff, 0x90, 0x34, 0x28, 0xff, 0x88, 0x34, 0x28, 0xff,
    0x88, 0x34, 0x28, 0xff, 0x88, 0x34, 0x28, 0xff, 0x88, 0x34, 0x28, 0xff,
    0x88, 0x34, 0x20, 0xff, 0x88, 0x34, 0x28, 0xff, 0x90, 0x34, 0x28, 0xff,
    0x88, 0x34, 0x28, 0xff, 0x88, 0x34, 0x20, 0xff, 0x90, 0x34, 0x28, 0xff,
    0x90, 0x34, 0x28, 0xff, 0x90, 0x30, 0x20, 0xff, 0xe0, 0xd0, 0xd0, 0xff,
    0xf8, 0xfc, 0xf8, 0xff, 0xf8, 0xfc, 0xf8, 0xff, 0xf8, 0xfc, 0xf8, 0xff,
    0xf8, 0xfc, 0xf8, 0xff, 0xf8, 0xfc, 0xf8, 0xff, 0xf8, 0xfc, 0xf8, 0xff,
    0xf8, 0xfc, 0xf8, 0xff, 0xf8, 0xfc, 0xf8, 0xff, 0xf8, 0xfc, 0xf8, 0xff,
    0xf8, 0xf4, 0xf8, 0xff, 0xa0, 0x64, 0x60, 0xff, 0x88, 0x34, 0x28, 0xff,
    0x88, 0x34, 0x28, 0xff, 0x90, 0x34, 0x28, 0xc7, 0x78, 0x54, 0xb8, 0xff,
    0x80, 0x54, 0xb8, 0xff, 0x78, 0x58, 0xb8, 0xff, 0x78, 0x54, 0xb8, 0xff,
    0x78, 0x54, 0xb8, 0xff, 0x80, 0x54, 0xb0, 0xff, 0x80, 0x50, 0xb0, 0xff,
    0x80, 0x50, 0xa8, 0xff, 0x78, 0x54, 0xb0, 0xff, 0x80, 0x50, 0xb0, 0xff,
    0x80, 0x50, 0xa8, 0xff, 0x80, 0x50, 0xa0, 0xff, 0x80, 0x4c, 0xa0, 0xff,
    0x80, 0x50, 0xa0, 0xff, 0x80, 0x50, 0xa0, 0xff, 0x80, 0x4c, 0xa0, 0xff,
    0x80, 0x4c, 0x98, 0xff, 0x80, 0x4c, 0x90, 0xff, 0x88, 0x4c, 0x98, 0xff,
    0x80, 0x4c, 0x98, 0xff, 0x80, 0x48, 0x88, 0xff, 0x80, 0x48, 0x88, 0xff,
    0x88, 0x48, 0x88, 0xff, 0x80, 0x4c, 0x90, 0xff, 0x80, 0x48, 0x88, 0xff,
    0x80, 0x44, 0x78, 0xff, 0x80, 0x44, 0x78, 0xff, 0x88, 0x44, 0x78, 0xff,
    0x88, 0x44, 0x78, 0xff, 0x88, 0x40, 0x70, 0xff, 0x80, 0x40, 0x70, 0xff,
    0x88, 0x40, 0x70, 0xff, 0x88, 0x44, 0x70, 0xff, 0x88, 0x40, 0x68, 0xff,
    0x88, 0x40, 0x60, 0xff, 0x80, 0x40, 0x60, 0xff, 0x88, 0x3c, 0x60, 0xff,
    0x88, 0x3c, 0x58, 0xff, 0x88, 0x3c, 0x58, 0xff, 0x88, 0x3c, 0x58, 0xff,
    0x88, 0x3c, 0x50, 0xff, 0x88, 0x38, 0x48, 0xff, 0x88, 0x38, 0x48, 0xff,
    0x88, 0x38, 0x48, 0xff, 0x88, 0x38, 0x40, 0xff, 0x90, 0x38, 0x38, 0xff,
    0x88, 0x34, 0x38, 0xff, 0x88, 0x34, 0x38, 0xff, 0x88, 0x38, 0x40, 0xff,
    0x88, 0x34, 0x30, 0xff, 0x88, 0x34, 0x28, 0xff, 0x88, 0x34, 0x28, 0xff,
    0x88, 0x34, 0x28, 0xff, 0x88, 0x34, 0x28, 0xff, 0x90, 0x34, 0x28, 0xff,
    0x90, 0x34, 0x28, 0xff, 0x88, 0x34, 0x28, 0xff, 0x90, 0x34, 0x28, 0xff,
    0x90, 0x34, 0x28, 0xff, 0x88, 0x34, 0x28, 0xff, 0x90, 0x34, 0x28, 0xff,
    0x90, 0x34, 0x28, 0xff, 0x88, 0x34, 0x28, 0xff, 0x88, 0x34, 0x28, 0xff,
    0x88, 0x34, 0x20, 0xff, 0xe0, 0xd0, 0xd0, 0xff, 0xf8, 0xfc, 0xf8, 0xff,
    0xf8, 0xfc, 0xf8, 0xff, 0xf8, 0xfc, 0xf8, 0xff, 0xf8, 0xfc, 0xf8, 0xff,
    0xf8, 0xfc, 0xf8, 0xff, 0xf8, 0xfc, 0xf8, 0xff, 0xf8, 0xfc, 0xf8, 0xff,
    0xf8, 0xfc, 0xf8, 0xff, 0xf8, 0xfc, 0xf8, 0xff, 0xf8, 0xf8, 0xf8, 0xff,
    0x98, 0x64, 0x60, 0xff, 0x88, 0x34, 0x28, 0xff, 0x90, 0x34, 0x28, 0xff,
    0x88, 0x34, 0x28, 0xc7, 0x78, 0x54, 0xb8, 0xff, 0x78, 0x54, 0xb8, 0xff,
    0x80, 0x54, 0xb8, 0xff, 0x78, 0x54, 0xb8, 0xff, 0x80, 0x54, 0xb8, 0xff,
    0x80, 0x54, 0xb0, 0xff, 0x80, 0x54, 0xb0, 0xff, 0x80, 0x50, 0xa8, 0xff,
    0x78, 0x50, 0xa8, 0xff, 0x80, 0x54, 0xb0, 0xff, 0x80, 0x50, 0xa0, 0xff,
    0x80, 0x50, 0xa0, 0xff, 0x80, 0x50, 0xa0, 0xff, 0x80, 0x50, 0xa0, 0xff,
    0x80, 0x50, 0xa8, 0xff, 0x80, 0x4c, 0x98, 0xff, 0x80, 0x4c, 0x98, 0xff,
    0x80, 0x4c, 0x98, 0xff, 0x80, 0x4c, 0x98, 0xff, 0x80, 0x4c, 0x98, 0xff,
    0x88, 0x48, 0x88, 0xff, 0x88, 0x48, 0x88, 0xff, 0x80, 0x4c, 0x88, 0xff,
    0x88, 0x48, 0x88, 0xff, 0x80, 0x48, 0x80, 0xff, 0x88, 0x44, 0x78, 0xff,
    0x88, 0x44, 0x80, 0xff, 0x88, 0x44, 0x80, 0xff, 0x80, 0x44, 0x78, 0xff,
    0x88, 0x40, 0x70, 0xff, 0x88, 0x40, 0x70, 0xff, 0x80, 0x40, 0x70, 0xff,
    0x88, 0x40, 0x70, 0xff, 0x88, 0x40, 0x60, 0xff, 0x88, 0x40, 0x60, 0xff,
    0x88, 0x3c, 0x68, 0xff, 0x88, 0x40, 0x68, 0xff, 0x88, 0x3c, 0x58, 0xff,
    0x88, 0x3c, 0x58, 0xff, 0x88, 0x3c, 0x58, 0xff, 0x88, 0x3c, 0x58, 0xff,
    0x88, 0x38, 0x48, 0xff, 0x88, 0x38, 0x48, 0xff, 0x88, 0x38, 0x48, 0xff,
    0x88, 0x38, 0x48, 0xff, 0x90, 0x38, 0x40, 0xff, 0x88, 0x38, 0x38, 0xff,
    0x88, 0x38, 0x38, 0xff, 0x88, 0x38, 0x38, 0xff, 0x90, 0x34, 0x30, 0xff,
    0x88, 0x34, 0x28, 0xff, 0x90, 0x34, 0x28, 0xff, 0x90, 0x34, 0x28, 0xff,
    0x88, 0x34, 0x28, 0xff, 0x88, 0x34, 0x20, 0xff, 0x90, 0x34, 0x28, 0xff,
    0x88, 0x34, 0x28, 0xff, 0x88, 0x34, 0x28, 0xff, 0x90, 0x34, 0x28, 0xff,
    0x88, 0x34, 0x20, 0xff, 0x88, 0x34, 0x28, 0xff, 0x88, 0x34, 0x28, 0xff,
    0x88, 0x34, 0x28, 0xff, 0x88, 0x34, 0x20, 0xff, 0x88, 0x34, 0x20, 0xff,
    0xe0, 0xd0, 0xd0, 0xff, 0xf8, 0xfc, 0xf8, 0xff, 0xf8, 0xfc, 0xf8, 0xff,
    0xf8, 0xfc, 0xf8, 0xff, 0xf8, 0xfc, 0xf8, 0xff, 0xf8, 0xfc, 0xf8, 0xff,
    0xf8, 0xfc, 0xf8, 0xff, 0xf8, 0xfc, 0xf8, 0xff, 0xf8, 0xfc, 0xf8, 0xff,
    0xf8, 0xfc, 0xf8, 0xff, 0xf8, 0xf8, 0xf8, 0xff, 0xa0, 0x64, 0x60, 0xff,
    0x88, 0x34, 0x28, 0xff, 0x88, 0x34, 0x28, 0xff, 0x90, 0x34, 0x20, 0xc7,
    0x78, 0x54, 0xb8, 0xff, 0x80, 0x54, 0xb8, 0xff, 0x78, 0x58, 0xb8, 0xff,
    0x78, 0x54, 0xb8, 0xff, 0x80, 0x54, 0xb0, 0xff, 0x80, 0x54, 0xb0, 0xff,
    0x78, 0x50, 0xa8, 0xff, 0x80, 0x54, 0xa8, 0xff, 0x80, 0x54, 0xb0, 0xff,
    0x80, 0x50, 0xa8, 0xff, 0x80, 0x50, 0xa0, 0xff, 0x80, 0x50, 0xa0, 0xff,
    0x80, 0x50, 0xa0, 0xff, 0x80, 0x4c, 0xa0, 0xff, 0x80, 0x50, 0xa0, 0xff,
    0x80, 0x4c, 0x98, 0xff, 0x80, 0x4c, 0x98, 0xff, 0x80, 0x4c, 0x98, 0xff,
    0x88, 0x4c, 0x90, 0xff, 0x80, 0x4c, 0x90, 0xff, 0x88, 0x48, 0x88, 0xff,
    0x80, 0x48, 0x88, 0xff, 0x80, 0x48, 0x90, 0xff, 0x80, 0x48, 0x88, 0xff,
    0x88, 0x48, 0x80, 0xff, 0x88, 0x44, 0x80, 0xff, 0x80, 0x44, 0x78, 0xff,
    0x80, 0x44, 0x80, 0xff, 0x80, 0x44, 0x78, 0xff, 0x88, 0x40, 0x70, 0xff,
    0x88, 0x40, 0x70, 0xff, 0x88, 0x44, 0x70, 0xff, 0x88, 0x40, 0x68, 0xff,
    0x88, 0x40, 0x60, 0xff, 0x88, 0x40, 0x68, 0xff, 0x88, 0x40, 0x60, 0xff,
    0x88, 0x40, 0x60, 0xff, 0x88, 0x3c, 0x58, 0xff, 0x88, 0x3c, 0x58, 0xff,
    0x88, 0x3c, 0x58, 0xff, 0x88, 0x3c, 0x58, 0xff, 0x88, 0x38, 0x50, 0xff,
    0x88, 0x38, 0x48, 0xff, 0x88, 0x38, 0x48, 0xff, 0x88, 0x38, 0x40, 0xff,
    0x88, 0x38, 0x40, 0xff, 0x88, 0x34, 0x38, 0xff, 0x90, 0x34, 0x38, 0xff,
    0x90, 0x34, 0x38, 0xff, 0x88, 0x34, 0x38, 0xff, 0x90, 0x34, 0x28, 0xff,
    0x88, 0x34, 0x28, 0xff, 0x88, 0x34, 0x28, 0xff, 0x90, 0x34, 0x28, 0xff,
    0x88, 0x34, 0x28, 0xff, 0x88, 0x34, 0x28, 0xff, 0x90, 0x34, 0x20, 0xff,
    0x88, 0x34, 0x28, 0xff, 0x88, 0x34, 0x28, 0xff, 0x90, 0x34, 0x28, 0xff,
    0x88, 0x34, 0x28, 0xff, 0x88, 0x34, 0x28, 0xff, 0x90, 0x34, 0x28, 0xff,
    0x90, 0x34, 0x28, 0xff, 0x90, 0x34, 0x28, 0xff, 0xa0, 0x64, 0x60, 0xff,
    0xa8, 0x78, 0x70, 0xff, 0xa8, 0x78, 0x70, 0xff, 0xa8, 0x78, 0x78, 0xff,
    0xa8, 0x78, 0x70, 0xff, 0xa0, 0x78, 0x78, 0xff, 0xa8, 0x78, 0x78, 0xff,
    0xa8, 0x78, 0x70, 0xff, 0xa0, 0x78, 0x78, 0xff, 0xa8, 0x78, 0x78, 0xff,
    0xa8, 0x7c, 0x78, 0xff, 0x90, 0x44, 0x38, 0xff, 0x88, 0x34, 0x28, 0xff,
    0x90, 0x34, 0x28, 0xff, 0x88, 0x34, 0x28, 0xc7, 0x78, 0x54, 0xb8, 0xff,
    0x80, 0x54, 0xb8, 0xff, 0x78, 0x54, 0xb8, 0xff, 0x80, 0x54, 0xb0, 0xff,
    0x80, 0x50, 0xb0, 0xff, 0x78, 0x50, 0xa8, 0xff, 0x80, 0x50, 0xa8, 0xff,
    0x80, 0x50, 0xb0, 0xff, 0x78, 0x54, 0xb0, 0xff, 0x80, 0x50, 0xa8, 0xff,
    0x80, 0x4c, 0xa0, 0xff, 0x80, 0x50, 0xa0, 0xff, 0x80, 0x4c, 0xa0, 0xff,
    0x80, 0x50, 0xa0, 0xff, 0x80, 0x4c, 0xa0, 0xff, 0x80, 0x4c, 0x98, 0xff,
    0x80, 0x4c, 0x98, 0xff, 0x88, 0x4c, 0x98, 0xff, 0x80, 0x4c, 0x98, 0xff,
    0x80, 0x4c, 0x90, 0xff, 0x80, 0x48, 0x88, 0xff, 0x80, 0x48, 0x88, 0xff,
    0x88, 0x4c, 0x90, 0xff, 0x80, 0x48, 0x88, 0xff, 0x88, 0x48, 0x80, 0xff,
    0x80, 0x44, 0x80, 0xff, 0x80, 0x44, 0x80, 0xff, 0x88, 0x44, 0x78, 0xff,
    0x88, 0x44, 0x78, 0xff, 0x88, 0x40, 0x70, 0xff, 0x80, 0x40, 0x70, 0xff,
    0x88, 0x40, 0x70, 0xff, 0x88, 0x44, 0x70, 0xff, 0x88, 0x40, 0x68, 0xff,
    0x80, 0x40, 0x60, 0xff, 0x88, 0x3c, 0x68, 0xff, 0x88, 0x40, 0x60, 0xff,
    0x88, 0x3c, 0x58, 0xff, 0x88, 0x3c, 0x58, 0xff, 0x88, 0x3c, 0x58, 0xff,
    0x88, 0x3c, 0x50, 0xff, 0x88, 0x3c, 0x50, 0xff, 0x88, 0x38, 0x48, 0xff,
    0x88, 0x38, 0x40, 0xff, 0x90, 0x38, 0x48, 0xff, 0x88, 0x38, 0x40, 0xff,
    0x88, 0x34, 0x38, 0xff, 0x88, 0x34, 0x38, 0xff, 0x88, 0x38, 0x38, 0xff,
    0x88, 0x34, 0x38, 0xff, 0x88, 0x34, 0x28, 0xff, 0x88, 0x34, 0x28, 0xff,
    0x88, 0x34, 0x28, 0xff, 0x90, 0x34, 0x28, 0xff, 0x90, 0x34, 0x28, 0xff,
    0x88, 0x34, 0x28, 0xff, 0x88, 0x34, 0x28, 0xff, 0x90, 0x34, 0x28, 0xff,
    0x88, 0x34, 0x28, 0xff, 0x88, 0x34, 0x28, 0xff, 0x90, 0x34, 0x28, 0xff,
    0x90, 0x34, 0x20, 0xff, 0x88, 0x34, 0x28, 0xff, 0x88, 0x34, 0x28, 0xff,
    0x88, 0x34, 0x28, 0xff, 0x88, 0x34, 0x28, 0xff, 0x88, 0x34, 0x28, 0xff,
    0x90, 0x34, 0x28, 0xff, 0x90, 0x40, 0x38, 0xff, 0xc8, 0xb0, 0xb0, 0xff,
    0xe8, 0xd8, 0xd8, 0xff, 0xe8, 0xd8, 0xd8, 0xff, 0xe8, 0xdc, 0xd8, 0xff,
    0xe8, 0xd8, 0xd8, 0xff, 0xe8, 0xdc, 0xd8, 0xff, 0xf0, 0xe8, 0xe0, 0xff,
    0x98, 0x64, 0x60, 0xff, 0x90, 0x34, 0x28, 0xff, 0x88, 0x34, 0x28, 0xff,
    0x88, 0x34, 0x28, 0xc7, 0x78, 0x54, 0xb8, 0xff, 0x78, 0x54, 0xb8, 0xff,
    0x80, 0x54, 0xb0, 0xff, 0x80, 0x54, 0xa8, 0xff, 0x80, 0x54, 0xb0, 0xff,
    0x80, 0x50, 0xa8, 0xff, 0x80, 0x54, 0xb0, 0xff, 0x80, 0x54, 0xb0, 0xff,
    0x80, 0x50, 0xa8, 0xff, 0x80, 0x50, 0xa0, 0xff, 0x80, 0x50, 0xa0, 0xff,
    0x80, 0x50, 0xa0, 0xff, 0x80, 0x50, 0xa0, 0xff, 0x80, 0x50, 0xa0, 0xff,
    0x80, 0x4c, 0x98, 0xff, 0x80, 0x4c, 0x98, 0xff, 0x88, 0x4c, 0x98, 0xff,
    0x80, 0x4c, 0x90, 0xff, 0x80, 0x4c, 0x98, 0xff, 0x88, 0x48, 0x90, 0xff,
    0x88, 0x48, 0x88, 0xff, 0x80, 0x4c, 0x88, 0xff, 0x88, 0x48, 0x88, 0xff,
    0x88, 0x48, 0x88, 0xff, 0x80, 0x44, 0x80, 0xff, 0x80, 0x44, 0x80, 0xff,
    0x88, 0x44, 0x78, 0xff, 0x88, 0x44, 0x80, 0xff, 0x88, 0x44, 0x78, 0xff,
    0x88, 0x40, 0x70, 0xff, 0x88, 0x40, 0x70, 0xff, 0x80, 0x40, 0x70, 0xff,
    0x88, 0x40, 0x68, 0xff, 0x88, 0x40, 0x60, 0xff, 0x88, 0x40, 0x60, 0xff,
    0x88, 0x40, 0x60, 0xff, 0x88, 0x40, 0x68, 0xff, 0x88, 0x3c, 0x60, 0xff,
    0x88, 0x3c, 0x58, 0xff, 0x88, 0x3c, 0x58, 0xff, 0x88, 0x3c, 0x58, 0xff,
    0x88, 0x38, 0x50, 0xff, 0x88, 0x38, 0x40, 0xff, 0x88, 0x38, 0x48, 0xff,
    0x88, 0x38, 0x48, 0xff, 0x88, 0x38, 0x40, 0xff, 0x90, 0x38, 0x38, 0xff,
    0x88, 0x38, 0x38, 0xff, 0x88, 0x38, 0x38, 0xff, 0x88, 0x38, 0x38, 0xff,
    0x90, 0x34, 0x28, 0xff, 0x90, 0x34, 0x28, 0xff, 0x90, 0x34, 0x28, 0xff,
    0x88, 0x34, 0x28, 0xff, 0x88, 0x34, 0x28, 0xff, 0x90, 0x34, 0x28, 0xff,
    0x88, 0x34, 0x28, 0xff, 0x88, 0x34, 0x28, 0xff, 0x90, 0x34, 0x20, 0xff,
    0x88, 0x34, 0x28, 0xff, 0x88, 0x34, 0x28, 0xff, 0x90, 0x34, 0x28, 0xff,
    0x88, 0x34, 0x28, 0xff, 0x88, 0x34, 0x28, 0xff, 0x90, 0x34, 0x28, 0xff,
    0x90, 0x34, 0x28, 0xff, 0x88, 0x34, 0x20, 0xff, 0x88, 0x34, 0x28, 0xff,
    0xc0, 0xa8, 0xa0, 0xff, 0xf8, 0xfc, 0xf8, 0xff, 0xf8, 0xfc, 0xf8, 0xff,
    0xf8, 0xfc, 0xf8, 0xff, 0xf8, 0xfc, 0xf8, 0xff, 0xf8, 0xfc, 0xf8, 0xff,
    0xf8, 0xfc, 0xf8, 0xff, 0xf8, 0xf8, 0xf8, 0xff, 0x98, 0x64, 0x60, 0xff,
    0x88, 0x34, 0x28, 0xff, 0x90, 0x34, 0x28, 0xff, 0x88, 0x34, 0x20, 0xc7,
    0x78, 0x54, 0xb0, 0xff, 0x80, 0x50, 0xb0, 0xff, 0x80, 0x54, 0xb0, 0xff,
    0x80, 0x50, 0xa8, 0xff, 0x78, 0x50, 0xa8, 0xff, 0x80, 0x54, 0xb0, 0xff,
    0x80, 0x54, 0xa8, 0xff, 0x78, 0x50, 0xa8, 0xff, 0x80, 0x50, 0xa0, 0xff,
    0x80, 0x50, 0xa0, 0xff, 0x80, 0x50, 0xa0, 0xff, 0x80, 0x4c, 0xa0, 0xff,
    0x80, 0x50, 0xa0, 0xff, 0x80, 0x4c, 0xa0, 0xff, 0x80, 0x4c, 0x98, 0xff,
    0x80, 0x4c, 0x98, 0xff, 0x80, 0x4c, 0x98, 0xff, 0x80, 0x4c, 0x98, 0xff,
    0x80, 0x4c, 0x90, 0xff, 0x88, 0x48, 0x88, 0xff, 0x80, 0x48, 0x88, 0xff,
    0x80, 0x48, 0x90, 0xff, 0x80, 0x48, 0x90, 0xff, 0x80, 0x48, 0x88, 0xff,
    0x88, 0x44, 0x78, 0xff, 0x88, 0x44, 0x78, 0xff, 0x88, 0x44, 0x78, 0xff,
    0x80, 0x44, 0x78, 0xff, 0x80, 0x44, 0x78, 0xff, 0x88, 0x40, 0x70, 0xff,
    0x88, 0x40, 0x70, 0xff, 0x88, 0x44, 0x70, 0xff, 0x80, 0x40, 0x70, 0xff,
    0x88, 0x40, 0x60, 0xff, 0x88, 0x40, 0x68, 0xff, 0x88, 0x3c, 0x60, 0xff,
    0x88, 0x40, 0x60, 0xff, 0x88, 0x3c, 0x58, 0xff, 0x88, 0x3c, 0x58, 0xff,
    0x88, 0x3c, 0x58, 0xff, 0x88, 0x3c, 0x50, 0xff, 0x88, 0x3c, 0x50, 0xff,
    0x88, 0x38, 0x48, 0xff, 0x88, 0x38, 0x48, 0xff, 0x88, 0x38, 0x48, 0xff,
    0x88, 0x38, 0x40, 0xff, 0x90, 0x34, 0x38, 0xff, 0x88, 0x34, 0x38, 0xff,
    0x90, 0x34, 0x38, 0xff, 0x90, 0x34, 0x38, 0xff, 0x88, 0x34, 0x28, 0xff,
    0x88, 0x34, 0x28, 0xff, 0x88, 0x34, 0x28, 0xff, 0x88, 0x34, 0x28, 0xff,
    0x88, 0x34, 0x28, 0xff, 0x88, 0x34, 0x20, 0xff, 0x90, 0x34, 0x28, 0xff,
    0x90, 0x34, 0x28, 0xff, 0x88, 0x34, 0x28, 0xff, 0x90, 0x34, 0x28, 0xff,
    0x88, 0x34, 0x28, 0xff, 0x88, 0x34, 0x28, 0xff, 0x90, 0x34, 0x28, 0xff,
    0x90, 0x34, 0x28, 0xff, 0x88, 0x34, 0x20, 0xff, 0x88, 0x34, 0x28, 0xff,
    0x90, 0x34, 0x28, 0xff, 0x88, 0x34, 0x20, 0xff, 0xe8, 0xdc, 0xd8, 0xff,
    0xf8, 0xfc, 0xf8, 0xff, 0xf8, 0xfc, 0xf8, 0xff, 0xf8, 0xfc, 0xf8, 0xff,
    0xf8, 0xfc, 0xf8, 0xff, 0xf8, 0xfc, 0xf8, 0xff, 0xf8, 0xfc, 0xf8, 0xff,
    0xf8, 0xf4, 0xf8, 0xff, 0xa0, 0x64, 0x60, 0xff, 0x88, 0x34, 0x28, 0xff,
    0x88, 0x34, 0x28, 0xff, 0x90, 0x34, 0x28, 0xc7, 0x80, 0x50, 0xa8, 0xff,
    0x80, 0x54, 0xb0, 0xff, 0x80, 0x54, 0xb0, 0xff, 0x80, 0x50, 0xa8, 0xff,
    0x78, 0x50, 0xb0, 0xff, 0x80, 0x54, 0xb0, 0xff, 0x80, 0x50, 0xa8, 0xff,
    0x80, 0x50, 0xa8, 0xff, 0x80, 0x50, 0xa0, 0xff, 0x80, 0x50, 0xa0, 0xff,
    0x80, 0x4c, 0xa0, 0xff, 0x80, 0x50, 0xa0, 0xff, 0x80, 0x50, 0xa0, 0xff,
    0x80, 0x4c, 0x98, 0xff, 0x80, 0x4c, 0x98, 0xff, 0x80, 0x4c, 0x98, 0xff,
    0x88, 0x4c, 0x98, 0xff, 0x80, 0x4c, 0x90, 0xff, 0x80, 0x4c, 0x90, 0xff,
    0x88, 0x48, 0x88, 0xff, 0x80, 0x48, 0x88, 0xff, 0x80, 0x4c, 0x88, 0xff,
    0x88, 0x48, 0x88, 0xff, 0x80, 0x48, 0x88, 0xff, 0x88, 0x44, 0x80, 0xff,
    0x80, 0x44, 0x80, 0xff, 0x80, 0x44, 0x78, 0xff, 0x80, 0x44, 0x80, 0xff,
    0x88, 0x44, 0x70, 0xff, 0x88, 0x40, 0x70, 0xff, 0x80, 0x40, 0x70, 0xff,
    0x88, 0x44, 0x70, 0xff, 0x88, 0x40, 0x68, 0xff, 0x88, 0x40, 0x68, 0xff,
    0x88, 0x40, 0x60, 0xff, 0x80, 0x40, 0x68, 0xff, 0x88, 0x3c, 0x68, 0xff,
    0x88, 0x3c, 0x58, 0xff, 0x88, 0x3c, 0x58, 0xff, 0x88, 0x3c, 0x58, 0xff,
    0x88, 0x3c, 0x58, 0xff, 0x88, 0x3c, 0x50, 0xff, 0x88, 0x38, 0x48, 0xff,
    0x90, 0x38, 0x48, 0xff, 0x88, 0x38, 0x40, 0xff, 0x88, 0x38, 0x40, 0xff,
    0x88, 0x34, 0x38, 0xff, 0x88, 0x38, 0x38, 0xff, 0x88, 0x38, 0x38, 0xff,
    0x88, 0x34, 0x38, 0xff, 0x88, 0x34, 0x30, 0xff, 0x88, 0x34, 0x28, 0xff,
    0x90, 0x34, 0x28, 0xff, 0x90, 0x34, 0x28, 0xff, 0x90, 0x34, 0x28, 0xff,
    0x88, 0x34, 0x28, 0xff, 0x88, 0x34, 0x28, 0xff, 0x88, 0x34, 0x28, 0xff,
    0x88, 0x34, 0x28, 0xff, 0x88, 0x34, 0x28, 0xff, 0x90, 0x34, 0x20, 0xff,
    0x88, 0x34, 0x28, 0xff, 0x88, 0x34, 0x28, 0xff, 0x88, 0x34, 0x28, 0xff,
    0x88, 0x34, 0x28, 0xff, 0x88, 0x34, 0x28, 0xff, 0x88, 0x34, 0x28, 0xff,
    0x90, 0x34, 0x28, 0xff, 0xf8, 0xf8, 0xf8, 0xff, 0xf8, 0xfc, 0xf8, 0xff,
    0xe8, 0xd8, 0xd8, 0xff, 0xf8, 0xfc, 0xf8, 0xff, 0xf0, 0xe8, 0xe8, 0xff,
    0xe8, 0xdc, 0xd8, 0xff, 0xf8, 0xfc, 0xf8, 0xff, 0xe8, 0xdc, 0xd8, 0xff,
    0x90, 0x4c, 0x48, 0xff, 0x90, 0x34, 0x28, 0xff, 0x90, 0x34, 0x28, 0xff,
    0x88, 0x34, 0x28, 0xc7, 0x80, 0x50, 0xb0, 0xff, 0x80, 0x54, 0xa8, 0xff,
    0x80, 0x50, 0xa8, 0xff, 0x78, 0x54, 0xa8, 0xff, 0x80, 0x54, 0xb0, 0xff,
    0x80, 0x50, 0xa8, 0xff, 0x80, 0x50, 0xa8, 0xff, 0x80, 0x50, 0xa0, 0xff,
    0x80, 0x50, 0xa0, 0xff, 0x80, 0x4c, 0xa0, 0xff, 0x80, 0x50, 0xa0, 0xff,
    0x80, 0x50, 0xa8, 0xff, 0x80, 0x4c, 0xa0, 0xff, 0x80, 0x4c, 0x98, 0xff,
    0x80, 0x4c, 0x98, 0xff, 0x88, 0x4c, 0x90, 0xff, 0x80, 0x4c, 0x98, 0xff,
    0x80, 0x4c, 0x98, 0xff, 0x88, 0x4c, 0x90, 0xff, 0x80, 0x48, 0x88, 0xff,
    0x80, 0x48, 0x90, 0xff, 0x88, 0x48, 0x88, 0xff, 0x88, 0x48, 0x88, 0xff,
    0x88, 0x48, 0x80, 0xff, 0x80, 0x44, 0x80, 0xff, 0x80, 0x44, 0x78, 0xff,
    0x88, 0x44, 0x80, 0xff, 0x88, 0x44, 0x80, 0xff, 0x88, 0x40, 0x70, 0xff,
    0x88, 0x40, 0x70, 0xff, 0x80, 0x40, 0x70, 0xff, 0x88, 0x40, 0x70, 0xff,
    0x88, 0x40, 0x68, 0xff, 0x88, 0x40, 0x60, 0xff, 0x88, 0x40, 0x60, 0xff,
    0x88, 0x40, 0x60, 0xff, 0x88, 0x40, 0x68, 0xff, 0x88, 0x3c, 0x58, 0xff,
    0x88, 0x3c, 0x58, 0xff, 0x88, 0x3c, 0x58, 0xff, 0x88, 0x3c, 0x58, 0xff,
    0x88, 0x38, 0x50, 0xff, 0x88, 0x38, 0x48, 0xff, 0x88, 0x38, 0x40, 0xff,
    0x88, 0x38, 0x48, 0xff, 0x88, 0x38, 0x48, 0xff, 0x90, 0x38, 0x38, 0xff,
    0x88, 0x38, 0x38, 0xff, 0x88, 0x34, 0x38, 0xff, 0x88, 0x38, 0x38, 0xff,
    0x90, 0x34, 0x28, 0xff, 0x90, 0x34, 0x28, 0xff, 0x88, 0x34, 0x28, 0xff,
    0x88, 0x34, 0x28, 0xff, 0x88, 0x34, 0x28, 0xff, 0x90, 0x34, 0x28, 0xff,
    0x88, 0x34, 0x28, 0xff, 0x90, 0x34, 0x20, 0xff, 0x90, 0x34, 0x28, 0xff,
    0x88, 0x34, 0x28, 0xff, 0x88, 0x34, 0x28, 0xff, 0x90, 0x34, 0x28, 0xff,
    0x88, 0x34, 0x20, 0xff, 0x90, 0x34, 0x28, 0xff, 0x90, 0x34, 0x28, 0xff,
    0x90, 0x34, 0x28, 0xff, 0x88, 0x34, 0x28, 0xff, 0x98, 0x4c, 0x40, 0xff,
    0xf8, 0xf8, 0xf8, 0xff, 0xf0, 0xe8, 0xe8, 0xff, 0x90, 0x3c, 0x30, 0xff,
    0xf0, 0xec, 0xe8, 0xff, 0xe0, 0xd4, 0xd0, 0xff, 0x88, 0x2c, 0x20, 0xff,
    0xd8, 0xcc, 0xc8, 0xff, 0xf0, 0xe8, 0xe8, 0xff, 0x90, 0x48, 0x40, 0xff,
    0x88, 0x34, 0x28, 0xff, 0x88, 0x34, 0x28, 0xff, 0x88, 0x34, 0x28, 0xc7,
    0x80, 0x54, 0xa8, 0xff, 0x80, 0x50, 0xb0, 0xff, 0x78, 0x54, 0xa8, 0xff,
    0x80, 0x50, 0xb0, 0xff, 0x80, 0x50, 0xb0, 0xff, 0x80, 0x50, 0xa0, 0xff,
    0x80, 0x50, 0xa0, 0xff, 0x80, 0x50, 0xa0, 0xff, 0x80, 0x4c, 0xa0, 0xff,
    0x80, 0x50, 0xa0, 0xff, 0x80, 0x50, 0xa0, 0xff, 0x80, 0x50, 0xa0, 0xff,
    0x80, 0x4c, 0x98, 0xff, 0x80, 0x4c, 0x98, 0xff, 0x80, 0x4c, 0x98, 0xff,
    0x88, 0x4c, 0x98, 0xff, 0x80, 0x4c, 0x98, 0xff, 0x80, 0x4c, 0x90, 0xff,
    0x80, 0x48, 0x88, 0xff, 0x88, 0x48, 0x88, 0xff, 0x88, 0x48, 0x88, 0xff,
    0x80, 0x4c, 0x90, 0xff, 0x80, 0x48, 0x88, 0xff, 0x80, 0x44, 0x80, 0xff,
    0x88, 0x44, 0x78, 0xff, 0x88, 0x44, 0x78, 0xff, 0x80, 0x44, 0x80, 0xff,
    0x88, 0x44, 0x78, 0xff, 0x88, 0x40, 0x70, 0xff, 0x88, 0x40, 0x70, 0xff,
    0x88, 0x40, 0x70, 0xff, 0x88, 0x44, 0x70, 0xff, 0x88, 0x40, 0x68, 0xff,
    0x88, 0x40, 0x60, 0xff, 0x80, 0x40, 0x68, 0xff, 0x88, 0x3c, 0x60, 0xff,
    0x88, 0x40, 0x60, 0xff, 0x88, 0x3c, 0x58, 0xff, 0x88, 0x3c, 0x58, 0xff,
    0x88, 0x3c, 0x50, 0xff, 0x88, 0x3c, 0x50, 0xff, 0x88, 0x3c, 0x50, 0xff,
    0x88, 0x38, 0x48, 0xff, 0x88, 0x38, 0x40, 0xff, 0x88, 0x38, 0x48, 0xff,
    0x90, 0x38, 0x48, 0xff, 0x88, 0x34, 0x38, 0xff, 0x88, 0x34, 0x38, 0xff,
    0x90, 0x34, 0x38, 0xff, 0x88, 0x34, 0x38, 0xff, 0x88, 0x34, 0x30, 0xff,
    0x88, 0x34, 0x28, 0xff, 0x90, 0x34, 0x28, 0xff, 0x88, 0x34, 0x28, 0xff,
    0x88, 0x34, 0x28, 0xff, 0x88, 0x34, 0x20, 0xff, 0x90, 0x34, 0x28, 0xff,
    0x88, 0x34, 0x28, 0xff, 0x88, 0x34, 0x28, 0xff, 0x90, 0x34, 0x28, 0xff,
    0x90, 0x34, 0x28, 0xff, 0x88, 0x34, 0x28, 0xff, 0x90, 0x34, 0x28, 0xff,
    0x88, 0x34, 0x28, 0xff, 0x88, 0x34, 0x28, 0xff, 0x88, 0x34, 0x20, 0xff,
    0x90, 0x34, 0x28, 0xff, 0x98, 0x4c, 0x40, 0xff, 0xf8, 0xf8, 0xf8, 0xff,
    0xf0, 0xe8, 0xe8, 0xff, 0x88, 0x30, 0x20, 0xff, 0xe0, 0xd4, 0xd8, 0xff,
    0xf0, 0xe8, 0xe8, 0xff, 0x90, 0x38, 0x28, 0xff, 0xc0, 0xa8, 0xa8, 0xff,
    0xf8, 0xfc, 0xf8, 0xff, 0xa8, 0x74, 0x70, 0xff, 0x88, 0x34, 0x28, 0xff,
    0x90, 0x34, 0x28, 0xff, 0x88, 0x34, 0x28, 0xc7, 0x80, 0x50, 0xa8, 0xff,
    0x78, 0x54, 0xb0, 0xff, 0x80, 0x50, 0xb0, 0xff, 0x80, 0x50, 0xa8, 0xff,
    0x80, 0x50, 0xa0, 0xff, 0x80, 0x50, 0xa0, 0xff, 0x80, 0x50, 0xa0, 0xff,
    0x80, 0x50, 0xa0, 0xff, 0x80, 0x50, 0xa0, 0xff, 0x80, 0x50, 0xa0, 0xff,
    0x80, 0x50, 0xa0, 0xff, 0x80, 0x4c, 0x98, 0xff, 0x80, 0x4c, 0x98, 0xff,
    0x80, 0x4c, 0x98, 0xff, 0x88, 0x4c, 0x98, 0xff, 0x80, 0x4c, 0x90, 0xff,
    0x80, 0x4c, 0x98, 0xff, 0x88, 0x48, 0x90, 0xff, 0x88, 0x48, 0x88, 0xff,
    0x80, 0x48, 0x88, 0xff, 0x80, 0x48, 0x88, 0xff, 0x80, 0x4c, 0x88, 0xff,
    0x80, 0x48, 0x88, 0xff, 0x88, 0x44, 0x78, 0xff, 0x80, 0x44, 0x80, 0xff,
    0x80, 0x44, 0x80, 0xff, 0x88, 0x44, 0x78, 0xff, 0x80, 0x44, 0x78, 0xff,
    0x88, 0x40, 0x70, 0xff, 0x80, 0x44, 0x70, 0xff, 0x80, 0x44, 0x70, 0xff,
    0x88, 0x40, 0x70, 0xff, 0x88, 0x40, 0x68, 0xff, 0x88, 0x40, 0x60, 0xff,
    0x88, 0x40, 0x60, 0xff, 0x88, 0x3c, 0x68, 0xff, 0x80, 0x40, 0x60, 0xff,
    0x88, 0x3c, 0x58, 0xff, 0x88, 0x3c, 0x58, 0xff, 0x88, 0x3c, 0x58, 0xff,
    0x88, 0x3c, 0x58, 0xff, 0x88, 0x38, 0x50, 0xff, 0x88, 0x38, 0x48, 0xff,
    0x90, 0x38, 0x48, 0xff, 0x88, 0x38, 0x48, 0xff, 0x88, 0x38, 0x40, 0xff,
    0x88, 0x34, 0x38, 0xff, 0x90, 0x38, 0x38, 0xff, 0x88, 0x38, 0x38, 0xff,
    0x90, 0x38, 0x38, 0xff, 0x90, 0x34, 0x30, 0xff, 0x88, 0x34, 0x28, 0xff,
    0x88, 0x34, 0x28, 0xff, 0x90, 0x34, 0x28, 0xff, 0x90, 0x34, 0x28, 0xff,
    0x88, 0x34, 0x28, 0xff, 0x88, 0x34, 0x28, 0xff, 0x90, 0x34, 0x28, 0xff,
    0x88, 0x34, 0x20, 0xff, 0x88, 0x34, 0x28, 0xff, 0x88, 0x34, 0x28, 0xff,
    0x88, 0x34, 0x28, 0xff, 0x88, 0x34, 0x28, 0xff, 0x88, 0x34, 0x28, 0xff,
    0x88, 0x34, 0x28, 0xff, 0x90, 0x34, 0x28, 0xff, 0x88, 0x34, 0x28, 0xff,
    0x90, 0x38, 0x28, 0xff, 0xf8, 0xf4, 0xf8, 0xff, 0xf8, 0xf8, 0xf8, 0xff,
    0xb0, 0x88, 0x80, 0xff, 0xd8, 0xc8, 0xc8, 0xff, 0xf8, 0xf8, 0xf8, 0xff,
    0xb0, 0x84, 0x80, 0xff, 0xd8, 0xc4, 0xc0, 0xff, 0xf8, 0xfc, 0xf8, 0xff,
    0xb0, 0x88, 0x80, 0xff, 0x88, 0x34, 0x28, 0xff, 0x90, 0x34, 0x28, 0xff,
    0x90, 0x34, 0x28, 0xc7, 0x80, 0x50, 0xb0, 0xff, 0x80, 0x50, 0xa8, 0xff,
    0x80, 0x50, 0xa8, 0xff, 0x80, 0x50, 0xa0, 0xff, 0x80, 0x50, 0xa0, 0xff,
    0x80, 0x50, 0xa0, 0xff, 0x80, 0x4c, 0xa0, 0xff, 0x80, 0x50, 0xa8, 0xff,
    0x80, 0x4c, 0xa0, 0xff, 0x80, 0x50, 0xa0, 0xff, 0x80, 0x4c, 0x98, 0xff,
    0x80, 0x4c, 0x98, 0xff, 0x80, 0x4c, 0x98, 0xff, 0x88, 0x4c, 0x98, 0xff,
    0x80, 0x4c, 0x90, 0xff, 0x80, 0x4c, 0x98, 0xff, 0x80, 0x4c, 0x90, 0xff,
    0x88, 0x48, 0x88, 0xff, 0x80, 0x48, 0x88, 0xff, 0x80, 0x48, 0x88, 0xff,
    0x80, 0x4c, 0x90, 0xff, 0x88, 0x48, 0x88, 0xff, 0x88, 0x44, 0x80, 0xff,
    0x88, 0x44, 0x80, 0xff, 0x88, 0x44, 0x78, 0xff, 0x80, 0x44, 0x78, 0xff,
    0x88, 0x44, 0x80, 0xff, 0x88, 0x44, 0x70, 0xff, 0x88, 0x40, 0x70, 0xff,
    0x88, 0x40, 0x70, 0xff, 0x88, 0x40, 0x70, 0xff, 0x88, 0x40, 0x70, 0xff,
    0x80, 0x40, 0x68, 0xff, 0x88, 0x40, 0x60, 0xff, 0x88, 0x40, 0x60, 0xff,
    0x88, 0x40, 0x68, 0xff, 0x88, 0x40, 0x60, 0xff, 0x88, 0x3c, 0x58, 0xff,
    0x88, 0x3c, 0x58, 0xff, 0x88, 0x3c, 0x58, 0xff, 0x88, 0x3c, 0x58, 0xff,
    0x88, 0x3c, 0x48, 0xff, 0x88, 0x38, 0x48, 0xff, 0x88, 0x38, 0x48, 0xff,
    0x88, 0x38, 0x48, 0xff, 0x88, 0x38, 0x40, 0xff, 0x90, 0x38, 0x38, 0xff,
    0x88, 0x38, 0x38, 0xff, 0x88, 0x34, 0x38, 0xff, 0x88, 0x38, 0x38, 0xff,
    0x88, 0x34, 0x30, 0xff, 0x90, 0x34, 0x28, 0xff, 0x88, 0x34, 0x28, 0xff,
    0x88, 0x34, 0x28, 0xff, 0x90, 0x34, 0x28, 0xff, 0x90, 0x34, 0x28, 0xff,
    0x88, 0x34, 0x28, 0xff, 0x88, 0x34, 0x28, 0xff, 0x90, 0x34, 0x28, 0xff,
    0x88, 0x34, 0x28, 0xff, 0x90, 0x34, 0x28, 0xff, 0x88, 0x34, 0x28, 0xff,
    0x90, 0x34, 0x20, 0xff, 0x90, 0x34, 0x28, 0xff, 0x90, 0x34, 0x28, 0xff,
    0x88, 0x34, 0x28, 0xff, 0x88, 0x34, 0x28, 0xff, 0x88, 0x34, 0x20, 0xff,
    0xe8, 0xe0, 0xe0, 0xff, 0xf8, 0xfc, 0xf8, 0xff, 0xe8, 0xd8, 0xd8, 0xff,
    0xd0, 0xbc, 0xb8, 0xff, 0xf8, 0xfc, 0xf8, 0xff, 0xf8, 0xf8, 0xf8, 0xff,
    0xf8, 0xfc, 0xf8, 0xff, 0xf8, 0xfc, 0xf8, 0xff, 0xb0, 0x84, 0x80, 0xff,
    0x88, 0x34, 0x28, 0xff, 0x88, 0x34, 0x28, 0xff, 0x88, 0x34, 0x28, 0xc7,
    0x80, 0x50, 0xa0, 0xff, 0x80, 0x50, 0xa0, 0xff, 0x80, 0x50, 0xa0, 0xff,
    0x80, 0x50, 0xa0, 0xff, 0x80, 0x50, 0xa0, 0xff, 0x80, 0x4c, 0xa0, 0xff,
    0x80, 0x50, 0xa0, 0xff, 0x80, 0x50, 0xa0, 0xff, 0x80, 0x50, 0xa0, 0xff,
    0x80, 0x4c, 0x98, 0xff, 0x80, 0x4c, 0x98, 0xff, 0x80, 0x4c, 0x98, 0xff,
    0x88, 0x4c, 0x98, 0xff, 0x80, 0x4c, 0x98, 0xff, 0x80, 0x4c, 0x98, 0xff,
    0x80, 0x4c, 0x90, 0xff, 0x80, 0x48, 0x88, 0xff, 0x88, 0x48, 0x88, 0xff,
    0x80, 0x48, 0x88, 0xff, 0x80, 0x4c, 0x90, 0xff, 0x88, 0x48, 0x88, 0xff,
    0x80, 0x48, 0x88, 0xff, 0x88, 0x44, 0x80, 0xff, 0x80, 0x44, 0x78, 0xff,
    0x80, 0x44, 0x80, 0xff, 0x88, 0x44, 0x80, 0xff, 0x80, 0x44, 0x78, 0xff,
    0x88, 0x40, 0x70, 0xff, 0x88, 0x40, 0x70, 0xff, 0x80, 0x40, 0x70, 0xff,
    0x88, 0x40, 0x70, 0xff, 0x88, 0x40, 0x68, 0xff, 0x88, 0x40, 0x60, 0xff,
    0x88, 0x40, 0x60, 0xff, 0x88, 0x40, 0x68, 0xff, 0x88, 0x3c, 0x60, 0xff,
    0x88, 0x3c, 0x60, 0xff, 0x88, 0x3c, 0x58, 0xff, 0x88, 0x3c, 0x58, 0xff,
    0x88, 0x3c, 0x50, 0xff, 0x88, 0x3c, 0x58, 0xff, 0x88, 0x38, 0x48, 0xff,
    0x88, 0x38, 0x48, 0xff, 0x88, 0x38, 0x40, 0xff, 0x88, 0x38, 0x48, 0xff,
    0x88, 0x38, 0x40, 0xff, 0x88, 0x34, 0x38, 0xff, 0x88, 0x34, 0x38, 0xff,
    0x88, 0x34, 0x38, 0xff, 0x88, 0x34, 0x38, 0xff, 0x90, 0x34, 0x28, 0xff,
    0x88, 0x34, 0x28, 0xff, 0x90, 0x34, 0x28, 0xff, 0x88, 0x34, 0x28, 0xff,
    0x88, 0x34, 0x28, 0xff, 0x88, 0x34, 0x20, 0xff, 0x88, 0x34, 0x28, 0xff,
    0x90, 0x34, 0x28, 0xff, 0x88, 0x34, 0x28, 0xff, 0x90, 0x34, 0x28, 0xff,
    0x88, 0x34, 0x20, 0xff, 0x90, 0x34, 0x28, 0xff, 0x88, 0x34, 0x28, 0xff,
    0x88, 0x34, 0x28, 0xff, 0x88, 0x34, 0x20, 0xff, 0x90, 0x34, 0x28, 0xff,
    0x90, 0x34, 0x28, 0xff, 0x88, 0x34, 0x20, 0xff, 0xc8, 0xac, 0xa8, 0xff,
    0xf8, 0xfc, 0xf8, 0xff, 0xe8, 0xd8, 0xd8, 0xff, 0xb0, 0x88, 0x80, 0xff,
    0xf8, 0xfc, 0xf8, 0xff, 0xf8, 0xfc, 0xf8, 0xff, 0xf8, 0xfc, 0xf8, 0xff,
    0xf8, 0xf8, 0xf8, 0xff, 0xa0, 0x6c, 0x68, 0xff, 0x88, 0x34, 0x28, 0xff,
    0x90, 0x34, 0x28, 0xff, 0x88, 0x34, 0x28, 0xc7, 0x80, 0x50, 0xa0, 0xff,
    0x80, 0x50, 0xa0, 0xff, 0x80, 0x4c, 0xa0, 0xff, 0x80, 0x50, 0xa0, 0xff,
    0x80, 0x50, 0xa0, 0xff, 0x80, 0x50, 0xa0, 0xff, 0x80, 0x50, 0xa0, 0xff,
    0x80, 0x50, 0xa0, 0xff, 0x80, 0x4c, 0x98, 0xff, 0x80, 0x4c, 0x98, 0xff,
    0x88, 0x4c, 0x98, 0xff, 0x88, 0x4c, 0x98, 0xff, 0x80, 0x4c, 0x98, 0xff,
    0x80, 0x4c, 0x90, 0xff, 0x80, 0x4c, 0x98, 0xff, 0x88, 0x4c, 0x90, 0xff,
    0x88, 0x48, 0x88, 0xff, 0x80, 0x48, 0x88, 0xff, 0x80, 0x4c, 0x90, 0xff,
    0x88, 0x48, 0x88, 0xff, 0x88, 0x48, 0x88, 0xff, 0x80, 0x44, 0x80, 0xff,
    0x80, 0x44, 0x80, 0xff, 0x88, 0x44, 0x78, 0xff, 0x80, 0x44, 0x78, 0xff,
    0x88, 0x44, 0x80, 0xff, 0x88, 0x44, 0x78, 0xff, 0x80, 0x40, 0x70, 0xff,
    0x88, 0x40, 0x70, 0xff, 0x80, 0x44, 0x70, 0xff, 0x88, 0x44, 0x70, 0xff,
    0x88, 0x40, 0x68, 0xff, 0x88, 0x40, 0x60, 0xff, 0x88, 0x40, 0x68, 0xff,
    0x80, 0x3c, 0x68, 0xff, 0x88, 0x40, 0x60, 0xff, 0x88, 0x3c, 0x60, 0xff,
    0x88, 0x3c, 0x58, 0xff, 0x88, 0x3c, 0x50, 0xff, 0x88, 0x3c, 0x58, 0xff,
    0x88, 0x3c, 0x58, 0xff, 0x88, 0x38, 0x48, 0xff, 0x90, 0x38, 0x48, 0xff,
    0x88, 0x38, 0x48, 0xff, 0x88, 0x38, 0x40, 0xff, 0x90, 0x38, 0x40, 0xff,
    0x90, 0x34, 0x38, 0xff, 0x88, 0x38, 0x38, 0xff, 0x88, 0x38, 0x38, 0xff,
    0x90, 0x38, 0x38, 0xff, 0x90, 0x34, 0x30, 0xff, 0x88, 0x34, 0x28, 0xff,
    0x88, 0x34, 0x28, 0xff, 0x90, 0x34, 0x28, 0xff, 0x88, 0x34, 0x28, 0xff,
    0x88, 0x34, 0x28, 0xff, 0x90, 0x34, 0x28, 0xff, 0x88, 0x34, 0x20, 0xff,
    0x88, 0x34, 0x28, 0xff, 0x88, 0x34, 0x28, 0xff, 0x90, 0x34, 0x28, 0xff,
    0x88, 0x34, 0x28, 0xff, 0x88, 0x34, 0x28, 0xff, 0x88, 0x34, 0x28, 0xff,
    0x90, 0x34, 0x28, 0xff, 0x88, 0x34, 0x28, 0xff, 0x88, 0x34, 0x28, 0xff,
    0x90, 0x34, 0x28, 0xff, 0x90, 0x4c, 0x40, 0xff, 0xe0, 0xd8, 0xd8, 0xff,
    0xe0, 0xd0, 0xd0, 0xff, 0x98, 0x4c, 0x48, 0xff, 0xf0, 0xe4, 0xe0, 0xff,
    0xf8, 0xfc, 0xf8, 0xff, 0xf8, 0xfc, 0xf8, 0xff, 0xe0, 0xd4, 0xd0, 0xff,
    0x90, 0x3c, 0x30, 0xff, 0x88, 0x34, 0x28, 0xff, 0x90, 0x34, 0x28, 0xff,
    0x90, 0x34, 0x28, 0xc7, 0x80, 0x50, 0xa0, 0xff, 0x80, 0x4c, 0xa0, 0xff,
    0x80, 0x50, 0xa0, 0xff, 0x80, 0x50, 0xa0, 0xff, 0x80, 0x4c, 0xa0, 0xff,
    0x80, 0x50, 0xa0, 0xff, 0x80, 0x4c, 0xa0, 0xff, 0x80, 0x4c, 0x98, 0xff,
    0x80, 0x4c, 0x98, 0xff, 0x80, 0x4c, 0x98, 0xff, 0x80, 0x4c, 0x98, 0xff,
    0x80, 0x4c, 0x98, 0xff, 0x80, 0x4c, 0x90, 0xff, 0x80, 0x4c, 0x98, 0xff,
    0x88, 0x4c, 0x90, 0xff, 0x88, 0x48, 0x88, 0xff, 0x80, 0x48, 0x88, 0xff,
    0x80, 0x48, 0x90, 0xff, 0x88, 0x48, 0x88, 0xff, 0x80, 0x48, 0x88, 0xff,
    0x80, 0x48, 0x88, 0xff, 0x88, 0x44, 0x80, 0xff, 0x80, 0x44, 0x78, 0xff,
    0x88, 0x44, 0x78, 0xff, 0x88, 0x44, 0x80, 0xff, 0x80, 0x44, 0x78, 0xff,
    0x88, 0x44, 0x70, 0xff, 0x88, 0x40, 0x70, 0xff, 0x88, 0x40, 0x70, 0xff,
    0x88, 0x40, 0x70, 0xff, 0x88, 0x40, 0x70, 0xff, 0x80, 0x40, 0x68, 0xff,
    0x88, 0x40, 0x60, 0xff, 0x88, 0x40, 0x60, 0xff, 0x88, 0x40, 0x60, 0xff,
    0x88, 0x40, 0x60, 0xff, 0x88, 0x3c, 0x58, 0xff, 0x88, 0x3c, 0x58, 0xff,
    0x88, 0x3c, 0x58, 0xff, 0x88, 0x3c, 0x58, 0xff, 0x88, 0x3c, 0x50, 0xff,
    0x88, 0x38, 0x48, 0xff, 0x88, 0x38, 0x48, 0xff, 0x88, 0x38, 0x48, 0xff,
    0x88, 0x38, 0x48, 0xff, 0x88, 0x38, 0x40, 0xff, 0x88, 0x34, 0x38, 0xff,
    0x88, 0x38, 0x38, 0xff, 0x90, 0x38, 0x38, 0xff, 0x88, 0x34, 0x38, 0xff,
    0x88, 0x34, 0x28, 0xff, 0x88, 0x34, 0x28, 0xff, 0x88, 0x34, 0x28, 0xff,
    0x88, 0x34, 0x28, 0xff, 0x90, 0x34, 0x28, 0xff, 0x90, 0x34, 0x28, 0xff,
    0x88, 0x34, 0x28, 0xff, 0x88, 0x34, 0x28, 0xff, 0x90, 0x34, 0x28, 0xff,
    0x90, 0x34, 0x28, 0xff, 0x88, 0x34, 0x28, 0xff, 0x88, 0x34, 0x28, 0xff,
    0x90, 0x34, 0x28, 0xff, 0x90, 0x34, 0x28, 0xff, 0x88, 0x34, 0x28, 0xff,
    0x88, 0x34, 0x28, 0xff, 0x88, 0x34, 0x28, 0xff, 0x88, 0x34, 0x28, 0xff,
    0x88, 0x34, 0x28, 0xff, 0x90, 0x3c, 0x30, 0xff, 0xa0, 0x60, 0x58, 0xff,
    0x88, 0x34, 0x28, 0xff, 0xa0, 0x68, 0x60, 0xff, 0xc8, 0xb4, 0xb0, 0xff,
    0xc8, 0xb0, 0xb0, 0xff, 0x98, 0x54, 0x50, 0xff, 0x88, 0x34, 0x28, 0xff,
    0x88, 0x34, 0x28, 0xff, 0x88, 0x34, 0x28, 0xff, 0x88, 0x34, 0x28, 0xc7,
    0x80, 0x50, 0xa0, 0xff, 0x80, 0x50, 0xa0, 0xff, 0x80, 0x50, 0xa0, 0xff,
    0x80, 0x50, 0xa0, 0xff, 0x80, 0x50, 0xa0, 0xff, 0x80, 0x4c, 0x98, 0xff,
    0x80, 0x4c, 0x98, 0xff, 0x80, 0x4c, 0x98, 0xff, 0x80, 0x4c, 0x98, 0xff,
    0x88, 0x4c, 0x90, 0xff, 0x80, 0x4c, 0x98, 0xff, 0x80, 0x4c, 0x98, 0xff,
    0x80, 0x4c, 0x98, 0xff, 0x88, 0x4c, 0x90, 0xff, 0x80, 0x48, 0x88, 0xff,
    0x80, 0x48, 0x88, 0xff, 0x80, 0x48, 0x90, 0xff, 0x88, 0x4c, 0x88, 0xff,
    0x88, 0x48, 0x88, 0xff, 0x80, 0x48, 0x88, 0xff, 0x80, 0x44, 0x80, 0xff,
    0x88, 0x44, 0x80, 0xff, 0x88, 0x44, 0x78, 0xff, 0x80, 0x44, 0x80, 0xff,
    0x88, 0x44, 0x80, 0xff, 0x80, 0x44, 0x78, 0xff, 0x88, 0x40, 0x70, 0xff,
    0x88, 0x40, 0x70, 0xff, 0x88, 0x40, 0x70, 0xff, 0x88, 0x44, 0x70, 0xff,
    0x88, 0x40, 0x68, 0xff, 0x88, 0x40, 0x60, 0xff, 0x88, 0x40, 0x60, 0xff,
    0x88, 0x40, 0x68, 0xff, 0x88, 0x3c, 0x68, 0xff, 0x88, 0x40, 0x60, 0xff,
    0x88, 0x3c, 0x58, 0xff, 0x88, 0x3c, 0x58, 0xff, 0x88, 0x3c, 0x58, 0xff,
    0x88, 0x3c, 0x50, 0xff, 0x88, 0x3c, 0x50, 0xff, 0x88, 0x38, 0x48, 0xff,
    0x88, 0x38, 0x48, 0xff, 0x88, 0x38, 0x40, 0xff, 0x88, 0x38, 0x48, 0xff,
    0x88, 0x38, 0x40, 0xff, 0x88, 0x34, 0x38, 0xff, 0x88, 0x34, 0x38, 0xff,
    0x90, 0x34, 0x38, 0xff, 0x88, 0x34, 0x38, 0xff, 0x88, 0x34, 0x28, 0xff,
    0x90, 0x34, 0x28, 0xff, 0x90, 0x34, 0x28, 0xff, 0x90, 0x34, 0x28, 0xff,
    0x88, 0x34, 0x28, 0xff, 0x88, 0x34, 0x20, 0xff, 0x90, 0x34, 0x28, 0xff,
    0x90, 0x34, 0x28, 0xff, 0x88, 0x34, 0x28, 0xff, 0x88, 0x34, 0x28, 0xff,
    0x88, 0x34, 0x20, 0xff, 0x90, 0x34, 0x28, 0xff, 0x88, 0x34, 0x28, 0xff,
    0x88, 0x34, 0x20, 0xff, 0x88, 0x34, 0x28, 0xff, 0x90, 0x38, 0x28, 0xff,
    0x90, 0x38, 0x28, 0xff, 0x90, 0x38, 0x30, 0xff, 0x90, 0x38, 0x28, 0xff,
    0x90, 0x38, 0x28, 0xff, 0x90, 0x38, 0x30, 0xff, 0x90, 0x38, 0x28, 0xff,
    0x90, 0x38, 0x30, 0xff, 0x90, 0x38, 0x28, 0xff, 0x90, 0x38, 0x28, 0xff,
    0x90, 0x38, 0x28, 0xff, 0x88, 0x34, 0x28, 0xff, 0x88, 0x34, 0x28, 0xff,
    0x90, 0x34, 0x28, 0xff, 0x88, 0x34, 0x28, 0xc7, 0x80, 0x50, 0xa0, 0xff,
    0x80, 0x50, 0xa0, 0xff, 0x80, 0x4c, 0xa0, 0xff, 0x80, 0x4c, 0x98, 0xff,
    0x80, 0x4c, 0x98, 0xff, 0x80, 0x4c, 0x98, 0xff, 0x88, 0x4c, 0x98, 0xff,
    0x88, 0x4c, 0x90, 0xff, 0x80, 0x4c, 0x98, 0xff, 0x80, 0x4c, 0x98, 0xff,
    0x88, 0x4c, 0x90, 0xff, 0x80, 0x4c, 0x98, 0xff, 0x88, 0x4c, 0x90, 0xff,
    0x88, 0x48, 0x88, 0xff, 0x80, 0x48, 0x88, 0xff, 0x80, 0x48, 0x88, 0xff,
    0x80, 0x4c, 0x88, 0xff, 0x80, 0x48, 0x88, 0xff, 0x80, 0x48, 0x88, 0xff,
    0x88, 0x44, 0x80, 0xff, 0x80, 0x44, 0x80, 0xff, 0x88, 0x44, 0x78, 0xff,
    0x80, 0x44, 0x78, 0xff, 0x80, 0x44, 0x80, 0xff, 0x80, 0x44, 0x78, 0xff,
    0x88, 0x44, 0x70, 0xff, 0x88, 0x40, 0x70, 0xff, 0x88, 0x40, 0x70, 0xff,
    0x80, 0x44, 0x70, 0xff, 0x80, 0x40, 0x70, 0xff, 0x88, 0x40, 0x68, 0xff,
    0x88, 0x40, 0x68, 0xff, 0x88, 0x40, 0x60, 0xff, 0x80, 0x3c, 0x68, 0xff,
    0x88, 0x40, 0x60, 0xff, 0x88, 0x3c, 0x60, 0xff, 0x88, 0x3c, 0x58, 0xff,
    0x88, 0x3c, 0x58, 0xff, 0x88, 0x3c, 0x50, 0xff, 0x88, 0x3c, 0x58, 0xff,
    0x88, 0x3c, 0x50, 0xff, 0x88, 0x38, 0x48, 0xff, 0x90, 0x38, 0x40, 0xff,
    0x88, 0x38, 0x48, 0xff, 0x88, 0x38, 0x48, 0xff, 0x90, 0x38, 0x38, 0xff,
    0x90, 0x34, 0x38, 0xff, 0x88, 0x38, 0x38, 0xff, 0x88, 0x38, 0x38, 0xff,
    0x88, 0x34, 0x38, 0xff, 0x90, 0x34, 0x28, 0xff, 0x90, 0x34, 0x28, 0xff,
    0x88, 0x34, 0x28, 0xff, 0x88, 0x34, 0x28, 0xff, 0x88, 0x34, 0x28, 0xff,
    0x90, 0x34, 0x28, 0xff, 0x88, 0x34, 0x28, 0xff, 0x88, 0x34, 0x28, 0xff,
    0x88, 0x34, 0x20, 0xff, 0x88, 0x34, 0x28, 0xff, 0x90, 0x34, 0x28, 0xff,
    0x88, 0x34, 0x28, 0xff, 0x88, 0x34, 0x28, 0xff, 0x90, 0x34, 0x28, 0xff,
    0x90, 0x34, 0x28, 0xff, 0xd0, 0xb0, 0xb0, 0xff, 0xe0, 0xd8, 0xd8, 0xff,
    0xe0, 0xd8, 0xd8, 0xff, 0xe0, 0xd8, 0xd8, 0xff, 0xe0, 0xd8, 0xd8, 0xff,
    0xe0, 0xd8, 0xd8, 0xff, 0xe0, 0xd8, 0xd8, 0xff, 0xe8, 0xd8, 0xd8, 0xff,
    0xe0, 0xd8, 0xd8, 0xff, 0xe0, 0xd8, 0xd8, 0xff, 0xe0, 0xd0, 0xd0, 0xff,
    0x98, 0x58, 0x50, 0xff, 0x90, 0x34, 0x28, 0xff, 0x90, 0x34, 0x28, 0xff,
    0x88, 0x34, 0x28, 0xc7, 0x80, 0x4c, 0x98, 0xff, 0x80, 0x4c, 0x98, 0xff,
    0x80, 0x4c, 0x98, 0xff, 0x80, 0x4c, 0x98, 0xff, 0x88, 0x4c, 0x98, 0xff,
    0x80, 0x4c, 0x98, 0xff, 0x80, 0x4c, 0x98, 0xff, 0x80, 0x4c, 0x98, 0xff,
    0x80, 0x4c, 0x98, 0xff, 0x88, 0x4c, 0x98, 0xff, 0x80, 0x4c, 0x98, 0xff,
    0x80, 0x4c, 0x90, 0xff, 0x88, 0x48, 0x88, 0xff, 0x80, 0x48, 0x88, 0xff,
    0x80, 0x48, 0x88, 0xff, 0x88, 0x48, 0x90, 0xff, 0x88, 0x48, 0x88, 0xff,
    0x88, 0x48, 0x88, 0xff, 0x80, 0x48, 0x80, 0xff, 0x88, 0x44, 0x80, 0xff,
    0x88, 0x44, 0x80, 0xff, 0x80, 0x44, 0x78, 0xff, 0x88, 0x44, 0x78, 0xff,
    0x88, 0x44, 0x80, 0xff, 0x88, 0x44, 0x78, 0xff, 0x88, 0x40, 0x70, 0xff,
    0x88, 0x40, 0x70, 0xff, 0x80, 0x44, 0x70, 0xff, 0x88, 0x40, 0x70, 0xff,
    0x88, 0x40, 0x70, 0xff, 0x88, 0x40, 0x60, 0xff, 0x88, 0x40, 0x60, 0xff,
    0x88, 0x40, 0x68, 0xff, 0x88, 0x40, 0x60, 0xff, 0x88, 0x40, 0x60, 0xff,
    0x88, 0x3c, 0x58, 0xff, 0x88, 0x3c, 0x58, 0xff, 0x88, 0x3c, 0x58, 0xff,
    0x88, 0x3c, 0x58, 0xff, 0x88, 0x3c, 0x58, 0xff, 0x88, 0x38, 0x48, 0xff,
    0x88, 0x38, 0x48, 0xff, 0x88, 0x38, 0x48, 0xff, 0x88, 0x38, 0x48, 0xff,
    0x88, 0x38, 0x48, 0xff, 0x88, 0x38, 0x38, 0xff, 0x88, 0x38, 0x38, 0xff,
    0x88, 0x34, 0x38, 0xff, 0x90, 0x38, 0x38, 0xff, 0x88, 0x34, 0x38, 0xff,
    0x88, 0x34, 0x28, 0xff, 0x88, 0x34, 0x28, 0xff, 0x88, 0x34, 0x28, 0xff,
    0x88, 0x34, 0x28, 0xff, 0x90, 0x34, 0x28, 0xff, 0x88, 0x34, 0x28, 0xff,
    0x88, 0x34, 0x28, 0xff, 0x88, 0x34, 0x28, 0xff, 0x90, 0x34, 0x28, 0xff,
    0x90, 0x34, 0x28, 0xff, 0x88, 0x34, 0x28, 0xff, 0x90, 0x34, 0x20, 0xff,
    0x90, 0x34, 0x28, 0xff, 0x88, 0x34, 0x28, 0xff, 0x88, 0x34, 0x20, 0xff,
    0xe0, 0xd0, 0xd0, 0xff, 0xe8, 0xd8, 0xd8, 0xff, 0xc8, 0xa8, 0xa0, 0xff,
    0xf8, 0xf0, 0xf0, 0xff, 0xf8, 0xfc, 0xf8, 0xff, 0xf8, 0xfc, 0xf8, 0xff,
    0xf8, 0xfc, 0xf8, 0xff, 0xf8, 0xfc, 0xf8, 0xff, 0xf8, 0xfc, 0xf8, 0xff,
    0xf8, 0xfc, 0xf8, 0xff, 0xf8, 0xf4, 0xf8, 0xff, 0x98, 0x64, 0x60, 0xff,
    0x88, 0x34, 0x28, 0xff, 0x88, 0x34, 0x28, 0xff, 0x88, 0x34, 0x20, 0xc7,
    0x80, 0x4c, 0x98, 0xff, 0x80, 0x4c, 0x98, 0xff, 0x80, 0x4c, 0x98, 0xff,
    0x88, 0x4c, 0x98, 0xff, 0x80, 0x4c, 0x90, 0xff, 0x80, 0x4c, 0x98, 0xff,
    0x80, 0x4c, 0x90, 0xff, 0x80, 0x4c, 0x98, 0xff, 0x80, 0x4c, 0x98, 0xff,
    0x80, 0x4c, 0x90, 0xff, 0x80, 0x4c, 0x90, 0xff, 0x80, 0x48, 0x88, 0xff,
    0x88, 0x48, 0x88, 0xff, 0x80, 0x48, 0x88, 0xff, 0x80, 0x4c, 0x88, 0xff,
    0x88, 0x4c, 0x90, 0xff, 0x80, 0x48, 0x88, 0xff, 0x80, 0x48, 0x80, 0xff,
    0x88, 0x44, 0x80, 0xff, 0x80, 0x44, 0x80, 0xff, 0x80, 0x44, 0x78, 0xff,
    0x88, 0x44, 0x80, 0xff, 0x80, 0x44, 0x80, 0xff, 0x80, 0x44, 0x78, 0xff,
    0x88, 0x40, 0x70, 0xff, 0x88, 0x40, 0x70, 0xff, 0x88, 0x40, 0x70, 0xff,
    0x88, 0x40, 0x70, 0xff, 0x88, 0x40, 0x70, 0xff, 0x88, 0x40, 0x68, 0xff,
    0x88, 0x40, 0x60, 0xff, 0x80, 0x40, 0x60, 0xff, 0x88, 0x40, 0x68, 0xff,
    0x88, 0x3c, 0x60, 0xff, 0x88, 0x40, 0x60, 0xff, 0x88, 0x3c, 0x58, 0xff,
    0x88, 0x3c, 0x58, 0xff, 0x88, 0x3c, 0x58, 0xff, 0x88, 0x3c, 0x50, 0xff,
    0x88, 0x3c, 0x58, 0xff, 0x88, 0x38, 0x48, 0xff, 0x88, 0x38, 0x48, 0xff,
    0x88, 0x38, 0x40, 0xff, 0x88, 0x38, 0x40, 0xff, 0x88, 0x38, 0x40, 0xff,
    0x90, 0x34, 0x38, 0xff, 0x88, 0x34, 0x38, 0xff, 0x88, 0x38, 0x38, 0xff,
    0x88, 0x34, 0x38, 0xff, 0x88, 0x34, 0x30, 0xff, 0x90, 0x34, 0x28, 0xff,
    0x88, 0x34, 0x28, 0xff, 0x88, 0x34, 0x28, 0xff, 0x90, 0x34, 0x28, 0xff,
    0x88, 0x34, 0x28, 0xff, 0x88, 0x34, 0x20, 0xff, 0x90, 0x34, 0x28, 0xff,
    0x90, 0x34, 0x28, 0xff, 0x88, 0x34, 0x28, 0xff, 0x88, 0x34, 0x28, 0xff,
    0x90, 0x34, 0x28, 0xff, 0x88, 0x34, 0x28, 0xff, 0x88, 0x34, 0x28, 0xff,
    0x88, 0x34, 0x28, 0xff, 0x88, 0x34, 0x20, 0xff, 0xe0, 0xd0, 0xd0, 0xff,
    0xe8, 0xdc, 0xe0, 0xff, 0x88, 0x2c, 0x18, 0xff, 0xc8, 0xb4, 0xb0, 0xff,
    0xf8, 0xfc, 0xf8, 0xff, 0xf8, 0xfc, 0xf8, 0xff, 0xf8, 0xfc, 0xf8, 0xff,
    0xf8, 0xfc, 0xf8, 0xff, 0xf8, 0xfc, 0xf8, 0xff, 0xf8, 0xfc, 0xf8, 0xff,
    0xf8, 0xf4, 0xf0, 0xff, 0xa0, 0x64, 0x60, 0xff, 0x88, 0x34, 0x28, 0xff,
    0x88, 0x34, 0x28, 0xff, 0x88, 0x34, 0x28, 0xc7, 0x80, 0x4c, 0x98, 0xff,
    0x80, 0x4c, 0x98, 0xff, 0x88, 0x4c, 0x90, 0xff, 0x80, 0x4c, 0x98, 0xff,
    0x80, 0x4c, 0x98, 0xff, 0x80, 0x4c, 0x98, 0xff, 0x88, 0x4c, 0x98, 0xff,
    0x88, 0x4c, 0x90, 0xff, 0x80, 0x4c, 0x90, 0xff, 0x88, 0x48, 0x88, 0xff,
    0x80, 0x48, 0x88, 0xff, 0x88, 0x48, 0x88, 0xff, 0x80, 0x48, 0x88, 0xff,
    0x80, 0x48, 0x88, 0xff, 0x88, 0x48, 0x90, 0xff, 0x80, 0x48, 0x88, 0xff,
    0x80, 0x48, 0x88, 0xff, 0x80, 0x44, 0x80, 0xff, 0x80, 0x44, 0x80, 0xff,
    0x88, 0x44, 0x78, 0xff, 0x80, 0x44, 0x78, 0xff, 0x88, 0x44, 0x80, 0xff,
    0x80, 0x44, 0x78, 0xff, 0x88, 0x44, 0x70, 0xff, 0x88, 0x40, 0x70, 0xff,
    0x88, 0x40, 0x70, 0xff, 0x80, 0x40, 0x70, 0xff, 0x80, 0x44, 0x70, 0xff,
    0x88, 0x40, 0x68, 0xff, 0x88, 0x40, 0x68, 0xff, 0x88, 0x40, 0x60, 0xff,
    0x88, 0x40, 0x68, 0xff, 0x88, 0x3c, 0x60, 0xff, 0x88, 0x40, 0x60, 0xff,
    0x88, 0x3c, 0x60, 0xff, 0x88, 0x3c, 0x58, 0xff, 0x88, 0x3c, 0x58, 0xff,
    0x88, 0x3c, 0x58, 0xff, 0x88, 0x3c, 0x58, 0xff, 0x88, 0x3c, 0x50, 0xff,
    0x88, 0x38, 0x40, 0xff, 0x90, 0x38, 0x48, 0xff, 0x88, 0x38, 0x48, 0xff,
    0x88, 0x38, 0x48, 0xff, 0x88, 0x38, 0x40, 0xff, 0x90, 0x34, 0x38, 0xff,
    0x88, 0x34, 0x38, 0xff, 0x90, 0x34, 0x38, 0xff, 0x88, 0x38, 0x38, 0xff,
    0x88, 0x34, 0x30, 0xff, 0x90, 0x34, 0x28, 0xff, 0x90, 0x34, 0x28, 0xff,
    0x90, 0x34, 0x28, 0xff, 0x88, 0x34, 0x28, 0xff, 0x90, 0x34, 0x28, 0xff,
    0x90, 0x34, 0x28, 0xff, 0x88, 0x34, 0x28, 0xff, 0x88, 0x34, 0x28, 0xff,
    0x90, 0x34, 0x20, 0xff, 0x88, 0x34, 0x28, 0xff, 0x88, 0x34, 0x28, 0xff,
    0x88, 0x34, 0x28, 0xff, 0x88, 0x34, 0x28, 0xff, 0x90, 0x34, 0x28, 0xff,
    0x90, 0x30, 0x20, 0xff, 0xe0, 0xd0, 0xd0, 0xff, 0xf0, 0xec, 0xf0, 0xff,
    0x90, 0x44, 0x38, 0xff, 0xc0, 0xa4, 0xa0, 0xff, 0xf8, 0xfc, 0xf8, 0xff,
    0xf8, 0xfc, 0xf8, 0xff, 0xf8, 0xfc, 0xf8, 0xff, 0xf8, 0xfc, 0xf8, 0xff,
    0xf8, 0xfc, 0xf8, 0xff, 0xf8, 0xfc, 0xf8, 0xff, 0xf8, 0xf8, 0xf8, 0xff,
    0xa0, 0x64, 0x60, 0xff, 0x88, 0x34, 0x28, 0xff, 0x90, 0x34, 0x28, 0xff,
    0x90, 0x34, 0x28, 0xc7, 0x80, 0x4c, 0x98, 0xff, 0x80, 0x4c, 0x90, 0xff,
    0x80, 0x4c, 0x98, 0xff, 0x88, 0x4c, 0x98, 0xff, 0x80, 0x4c, 0x98, 0xff,
    0x80, 0x4c, 0x98, 0xff, 0x80, 0x4c, 0x90, 0xff, 0x80, 0x48, 0x90, 0xff,
    0x88, 0x48, 0x88, 0xff, 0x80, 0x48, 0x88, 0xff, 0x88, 0x48, 0x90, 0xff,
    0x80, 0x48, 0x88, 0xff, 0x88, 0x4c, 0x88, 0xff, 0x80, 0x48, 0x90, 0xff,
    0x88, 0x48, 0x88, 0xff, 0x80, 0x48, 0x80, 0xff, 0x88, 0x44, 0x80, 0xff,
    0x88, 0x44, 0x80, 0xff, 0x88, 0x44, 0x78, 0xff, 0x88, 0x44, 0x78, 0xff,
    0x88, 0x44, 0x80, 0xff, 0x80, 0x44, 0x78, 0xff, 0x88, 0x44, 0x78, 0xff,
    0x88, 0x40, 0x70, 0xff, 0x88, 0x40, 0x70, 0xff, 0x80, 0x40, 0x70, 0xff,
    0x88, 0x44, 0x70, 0xff, 0x88, 0x40, 0x70, 0xff, 0x80, 0x40, 0x68, 0xff,
    0x88, 0x40, 0x60, 0xff, 0x88, 0x40, 0x68, 0xff, 0x88, 0x3c, 0x60, 0xff,
    0x88, 0x40, 0x68, 0xff, 0x88, 0x40, 0x60, 0xff, 0x88, 0x3c, 0x58, 0xff,
    0x88, 0x3c, 0x58, 0xff, 0x88, 0x3c, 0x58, 0xff, 0x88, 0x3c, 0x50, 0xff,
    0x88, 0x3c, 0x58, 0xff, 0x88, 0x38, 0x48, 0xff, 0x88, 0x38, 0x48, 0xff,
    0x88, 0x38, 0x48, 0xff, 0x88, 0x38, 0x48, 0xff, 0x88, 0x38, 0x48, 0xff,
    0x90, 0x38, 0x40, 0xff, 0x88, 0x38, 0x38, 0xff, 0x88, 0x38, 0x38, 0xff,
    0x88, 0x38, 0x38, 0xff, 0x90, 0x34, 0x38, 0xff, 0x90, 0x34, 0x28, 0xff,
    0x88, 0x34, 0x28, 0xff, 0x88, 0x34, 0x28, 0xff, 0x88, 0x34, 0x28, 0xff,
    0x90, 0x34, 0x20, 0xff, 0x88, 0x34, 0x28, 0xff, 0x88, 0x34, 0x28, 0xff,
    0x88, 0x34, 0x28, 0xff, 0x90, 0x34, 0x28, 0xff, 0x88, 0x34, 0x28, 0xff,
    0x90, 0x34, 0x28, 0xff, 0x88, 0x34, 0x28, 0xff, 0x90, 0x34, 0x20, 0xff,
    0x90, 0x34, 0x28, 0xff, 0x88, 0x34, 0x28, 0xff, 0x88, 0x34, 0x20, 0xff,
    0xe0, 0xd0, 0xd0, 0xff, 0xf8, 0xfc, 0xf8, 0xff, 0xc8, 0xb0, 0xb0, 0xff,
    0xe8, 0xd8, 0xd8, 0xff, 0xf8, 0xfc, 0xf8, 0xff, 0xf8, 0xfc, 0xf8, 0xff,
    0xf8, 0xfc, 0xf8, 0xff, 0xf8, 0xfc, 0xf8, 0xff, 0xf8, 0xfc, 0xf8, 0xff,
    0xf8, 0xfc, 0xf8, 0xff, 0xf8, 0xf4, 0xf8, 0xff, 0xa0, 0x64, 0x60, 0xff,
    0x88, 0x34, 0x28, 0xff, 0x88, 0x34, 0x20, 0xff, 0x88, 0x34, 0x28, 0xc7,
    0x80, 0x4c, 0x98, 0xff, 0x80, 0x4c, 0x98, 0xff, 0x80, 0x4c, 0x98, 0xff,
    0x80, 0x4c, 0x90, 0xff, 0x88, 0x4c, 0x90, 0xff, 0x88, 0x48, 0x88, 0xff,
    0x80, 0x48, 0x88, 0xff, 0x80, 0x48, 0x88, 0xff, 0x80, 0x48, 0x88, 0xff,
    0x80, 0x4c, 0x90, 0xff, 0x80, 0x4c, 0x88, 0xff, 0x88, 0x48, 0x88, 0xff,
    0x80, 0x48, 0x88, 0xff, 0x80, 0x4c, 0x88, 0xff, 0x80, 0x48, 0x80, 0xff,
    0x88, 0x44, 0x80, 0xff, 0x88, 0x44, 0x78, 0xff, 0x80, 0x44, 0x78, 0xff,
    0x88, 0x44, 0x78, 0xff, 0x80, 0x44, 0x80, 0xff, 0x80, 0x44, 0x80, 0xff,
    0x88, 0x44, 0x78, 0xff, 0x88, 0x40, 0x70, 0xff, 0x88, 0x40, 0x70, 0xff,
    0x80, 0x40, 0x70, 0xff, 0x88, 0x44, 0x70, 0xff, 0x88, 0x40, 0x70, 0xff,
    0x88, 0x40, 0x68, 0xff, 0x88, 0x40, 0x68, 0xff, 0x88, 0x40, 0x60, 0xff,
    0x88, 0x40, 0x60, 0xff, 0x80, 0x40, 0x68, 0xff, 0x88, 0x40, 0x60, 0xff,
    0x88, 0x3c, 0x60, 0xff, 0x88, 0x3c, 0x58, 0xff, 0x88, 0x3c, 0x58, 0xff,
    0x88, 0x3c, 0x50, 0xff, 0x88, 0x3c, 0x58, 0xff, 0x88, 0x3c, 0x50, 0xff,
    0x90, 0x38, 0x48, 0xff, 0x88, 0x38, 0x48, 0xff, 0x88, 0x38, 0x48, 0xff,
    0x90, 0x38, 0x40, 0xff, 0x88, 0x38, 0x40, 0xff, 0x88, 0x34, 0x38, 0xff,
    0x88, 0x34, 0x38, 0xff, 0x88, 0x38, 0x38, 0xff, 0x88, 0x38, 0x38, 0xff,
    0x88, 0x38, 0x38, 0xff, 0x88, 0x34, 0x28, 0xff, 0x90, 0x34, 0x28, 0xff,
    0x88, 0x34, 0x28, 0xff, 0x88, 0x34, 0x28, 0xff, 0x88, 0x34, 0x28, 0xff,
    0x88, 0x34, 0x28, 0xff, 0x88, 0x34, 0x28, 0xff, 0x90, 0x34, 0x20, 0xff,
    0x88, 0x34, 0x28, 0xff, 0x88, 0x34, 0x28, 0xff, 0x88, 0x34, 0x28, 0xff,
    0x90, 0x34, 0x28, 0xff, 0x88, 0x34, 0x28, 0xff, 0x88, 0x34, 0x28, 0xff,
    0x90, 0x34, 0x28, 0xff, 0x88, 0x34, 0x20, 0xff, 0xe0, 0xd0, 0xd0, 0xff,
    0xf8, 0xfc, 0xf8, 0xff, 0xf8, 0xfc, 0xf8, 0xff, 0xf8, 0xfc, 0xf8, 0xff,
    0xf8, 0xfc, 0xf8, 0xff, 0xf8, 0xfc, 0xf8, 0xff, 0xf8, 0xfc, 0xf8, 0xff,
    0xf8, 0xfc, 0xf8, 0xff, 0xf8, 0xfc, 0xf8, 0xff, 0xf8, 0xfc, 0xf8, 0xff,
    0xf8, 0xf4, 0xf0, 0xff, 0xa0, 0x64, 0x60, 0xff, 0x88, 0x34, 0x28, 0xff,
    0x88, 0x34, 0x28, 0xff, 0x90, 0x34, 0x28, 0xc7, 0x80, 0x48, 0x90, 0xff,
    0x88, 0x4c, 0x90, 0xff, 0x88, 0x48, 0x88, 0xff, 0x80, 0x48, 0x88, 0xff,
    0x80, 0x48, 0x88, 0xff, 0x80, 0x48, 0x88, 0xff, 0x88, 0x48, 0x88, 0xff,
    0x88, 0x4c, 0x90, 0xff, 0x88, 0x48, 0x88, 0xff, 0x88, 0x48, 0x88, 0xff,
    0x80, 0x48, 0x88, 0xff, 0x80, 0x48, 0x88, 0xff, 0x80, 0x48, 0x88, 0xff,
    0x88, 0x44, 0x80, 0xff, 0x88, 0x44, 0x80, 0xff, 0x80, 0x44, 0x80, 0xff,
    0x80, 0x44, 0x80, 0xff, 0x80, 0x44, 0x78, 0xff, 0x80, 0x44, 0x80, 0xff,
    0x80, 0x44, 0x78, 0xff, 0x80, 0x44, 0x78, 0xff, 0x88, 0x40, 0x70, 0xff,
    0x88, 0x40, 0x70, 0xff, 0x80, 0x40, 0x70, 0xff, 0x88, 0x44, 0x68, 0xff,
    0x88, 0x40, 0x70, 0xff, 0x88, 0x40, 0x70, 0xff, 0x88, 0x40, 0x68, 0xff,
    0x88, 0x40, 0x60, 0xff, 0x88, 0x40, 0x60, 0xff, 0x88, 0x40, 0x68, 0xff,
    0x88, 0x3c, 0x60, 0xff, 0x88, 0x40, 0x60, 0xff, 0x88, 0x3c, 0x58, 0xff,
    0x88, 0x3c, 0x58, 0xff, 0x88, 0x3c, 0x58, 0xff, 0x88, 0x3c, 0x58, 0xff,
    0x88, 0x3c, 0x58, 0xff, 0x88, 0x38, 0x50, 0xff, 0x88, 0x38, 0x48, 0xff,
    0x88, 0x38, 0x48, 0xff, 0x88, 0x38, 0x40, 0xff, 0x88, 0x38, 0x48, 0xff,
    0x88, 0x38, 0x40, 0xff, 0x88, 0x38, 0x38, 0xff, 0x90, 0x34, 0x38, 0xff,
    0x88, 0x34, 0x38, 0xff, 0x90, 0x34, 0x38, 0xff, 0x88, 0x34, 0x38, 0xff,
    0x88, 0x34, 0x28, 0xff, 0x88, 0x34, 0x28, 0xff, 0x90, 0x34, 0x28, 0xff,
    0x90, 0x34, 0x28, 0xff, 0x88, 0x34, 0x28, 0xff, 0x90, 0x34, 0x28, 0xff,
    0x90, 0x34, 0x28, 0xff, 0x88, 0x34, 0x28, 0xff, 0x90, 0x34, 0x28, 0xff,
    0x88, 0x34, 0x28, 0xff, 0x90, 0x34, 0x20, 0xff, 0x88, 0x34, 0x28, 0xff,
    0x88, 0x34, 0x28, 0xff, 0x88, 0x34, 0x28, 0xff, 0x88, 0x34, 0x28, 0xff,
    0x90, 0x30, 0x20, 0xff, 0xe0, 0xd0, 0xd0, 0xff, 0xf8, 0xfc, 0xf8, 0xff,
    0xf8, 0xfc, 0xf8, 0xff, 0xf8, 0xfc, 0xf8, 0xff, 0xf8, 0xfc, 0xf8, 0xff,
    0xf8, 0xfc, 0xf8, 0xff, 0xf8, 0xfc, 0xf8, 0xff, 0xf8, 0xfc, 0xf8, 0xff,
    0xf8, 0xfc, 0xf8, 0xff, 0xf8, 0xfc, 0xf8, 0xff, 0xf8, 0xf8, 0xf8, 0xff,
    0xa0, 0x64, 0x60, 0xff, 0x88, 0x34, 0x28, 0xff, 0x90, 0x34, 0x28, 0xff,
    0x88, 0x34, 0x28, 0xc7, 0x80, 0x48, 0x88, 0xff, 0x80, 0x48, 0x88, 0xff,
    0x80, 0x48, 0x88, 0xff, 0x88, 0x48, 0x88, 0xff, 0x80, 0x4c, 0x90, 0xff,
    0x80, 0x48, 0x88, 0xff, 0x80, 0x48, 0x90, 0xff, 0x80, 0x48, 0x88, 0xff,
    0x80, 0x4c, 0x88, 0xff, 0x80, 0x48, 0x88, 0xff, 0x88, 0x48, 0x88, 0xff,
    0x80, 0x48, 0x88, 0xff, 0x88, 0x44, 0x80, 0xff, 0x88, 0x44, 0x80, 0xff,
    0x88, 0x44, 0x78, 0xff, 0x80, 0x44, 0x78, 0xff, 0x88, 0x44, 0x78, 0xff,
    0x88, 0x44, 0x80, 0xff, 0x88, 0x44, 0x80, 0xff, 0x88, 0x44, 0x78, 0xff,
    0x88, 0x40, 0x70, 0xff, 0x88, 0x40, 0x70, 0xff, 0x88, 0x40, 0x70, 0xff,
    0x88, 0x44, 0x70, 0xff, 0x88, 0x40, 0x70, 0xff, 0x88, 0x40, 0x70, 0xff,
    0x80, 0x40, 0x68, 0xff, 0x88, 0x40, 0x60, 0xff, 0x88, 0x40, 0x60, 0xff,
    0x80, 0x40, 0x68, 0xff, 0x88, 0x3c, 0x60, 0xff, 0x88, 0x40, 0x60, 0xff,
    0x88, 0x3c, 0x60, 0xff, 0x88, 0x3c, 0x58, 0xff, 0x88, 0x3c, 0x58, 0xff,
    0x88, 0x3c, 0x50, 0xff, 0x88, 0x3c, 0x58, 0xff, 0x88, 0x3c, 0x50, 0xff,
    0x88, 0x38, 0x48, 0xff, 0x88, 0x38, 0x48, 0xff, 0x88, 0x38, 0x40, 0xff,
    0x88, 0x38, 0x48, 0xff, 0x88, 0x38, 0x48, 0xff, 0x90, 0x38, 0x40, 0xff,
    0x88, 0x34, 0x38, 0xff, 0x88, 0x38, 0x38, 0xff, 0x90, 0x38, 0x38, 0xff,
    0x88, 0x34, 0x38, 0xff, 0x90, 0x34, 0x30, 0xff, 0x90, 0x34, 0x28, 0xff,
    0x88, 0x34, 0x28, 0xff, 0x88, 0x34, 0x28, 0xff, 0x90, 0x34, 0x28, 0xff,
    0x90, 0x34, 0x20, 0xff, 0x88, 0x34, 0x28, 0xff, 0x88, 0x34, 0x28, 0xff,
    0x90, 0x34, 0x28, 0xff, 0x88, 0x34, 0x28, 0xff, 0x90, 0x34, 0x28, 0xff,
    0x88, 0x34, 0x28, 0xff, 0x90, 0x34, 0x28, 0xff, 0x90, 0x34, 0x20, 0xff,
    0x90, 0x34, 0x28, 0xff, 0x88, 0x34, 0x28, 0xff, 0x88, 0x34, 0x20, 0xff,
    0xe0, 0xd0, 0xd0, 0xff, 0xf8, 0xfc, 0xf8, 0xff, 0xf8, 0xfc, 0xf8, 0xff,
    0xf8, 0xfc, 0xf8, 0xff, 0xf8, 0xfc, 0xf8, 0xff, 0xf8, 0xfc, 0xf8, 0xff,
    0xf8, 0xfc, 0xf8, 0xff, 0xf8, 0xfc, 0xf8, 0xff, 0xf8, 0xfc, 0xf8, 0xff,
    0xf8, 0xfc, 0xf8, 0xff, 0xf8, 0xf4, 0xf8, 0xff, 0x98, 0x64, 0x60, 0xff,
    0x88, 0x34, 0x28, 0xff, 0x88, 0x34, 0x28, 0xff, 0x90, 0x34, 0x28, 0xd7,
    0x80, 0x48, 0x88, 0xff, 0x88, 0x48, 0x88, 0xff, 0x88, 0x4c, 0x88, 0xff,
    0x80, 0x48, 0x90, 0xff, 0x88, 0x48, 0x88, 0xff, 0x88, 0x4c, 0x88, 0xff,
    0x88, 0x48, 0x88, 0xff, 0x80, 0x48, 0x88, 0xff, 0x80, 0x48, 0x88, 0xff,
    0x80, 0x48, 0x88, 0xff, 0x80, 0x44, 0x80, 0xff, 0x88, 0x44, 0x80, 0xff,
    0x88, 0x44, 0x78, 0xff, 0x80, 0x44, 0x78, 0xff, 0x80, 0x44, 0x80, 0xff,
    0x88, 0x44, 0x80, 0xff, 0x80, 0x44, 0x78, 0xff, 0x88, 0x44, 0x78, 0xff,
    0x80, 0x44, 0x78, 0xff, 0x88, 0x40, 0x70, 0xff, 0x88, 0x40, 0x70, 0xff,
    0x80, 0x40, 0x70, 0xff, 0x80, 0x44, 0x70, 0xff, 0x88, 0x40, 0x70, 0xff,
    0x88, 0x40, 0x70, 0xff, 0x80, 0x40, 0x68, 0xff, 0x88, 0x40, 0x60, 0xff,
    0x88, 0x40, 0x68, 0xff, 0x88, 0x40, 0x60, 0xff, 0x88, 0x3c, 0x60, 0xff,
    0x88, 0x40, 0x68, 0xff, 0x88, 0x40, 0x60, 0xff, 0x88, 0x3c, 0x58, 0xff,
    0x88, 0x3c, 0x58, 0xff, 0x88, 0x3c, 0x50, 0xff, 0x88, 0x3c, 0x58, 0xff,
    0x88, 0x3c, 0x58, 0xff, 0x88, 0x3c, 0x50, 0xff, 0x90, 0x38, 0x48, 0xff,
    0x88, 0x38, 0x40, 0xff, 0x88, 0x38, 0x48, 0xff, 0x90, 0x38, 0x48, 0xff,
    0x88, 0x38, 0x40, 0xff, 0x88, 0x34, 0x38, 0xff, 0x88, 0x34, 0x38, 0xff,
    0x88, 0x34, 0x38, 0xff, 0x88, 0x38, 0x38, 0xff, 0x88, 0x38, 0x38, 0xff,
    0x88, 0x34, 0x28, 0xff, 0x88, 0x34, 0x28, 0xff, 0x90, 0x34, 0x28, 0xff,
    0x88, 0x34, 0x28, 0xff, 0x88, 0x34, 0x28, 0xff, 0x88, 0x34, 0x28, 0xff,
    0x88, 0x34, 0x28, 0xff, 0x88, 0x34, 0x28, 0xff, 0x88, 0x34, 0x20, 0xff,
    0x88, 0x34, 0x28, 0xff, 0x88, 0x34, 0x28, 0xff, 0x88, 0x34, 0x28, 0xff,
    0x88, 0x34, 0x28, 0xff, 0x88, 0x34, 0x28, 0xff, 0x88, 0x34, 0x28, 0xff,
    0x90, 0x34, 0x28, 0xff, 0x90, 0x34, 0x20, 0xff, 0xe0, 0xd0, 0xd0, 0xff,
    0xf8, 0xfc, 0xf8, 0xff, 0xf8, 0xfc, 0xf8, 0xff, 0xf8, 0xfc, 0xf8, 0xff,
    0xf8, 0xfc, 0xf8, 0xff, 0xf8, 0xfc, 0xf8, 0xff, 0xf8, 0xfc, 0xf8, 0xff,
    0xf8, 0xfc, 0xf8, 0xff, 0xf8, 0xfc, 0xf8, 0xff, 0xf8, 0xfc, 0xf8, 0xff,
    0xf8, 0xf4, 0xf0, 0xff, 0xa0, 0x64, 0x60, 0xff, 0x88, 0x34, 0x28, 0xff,
    0x90, 0x34, 0x20, 0xff, 0x88, 0x34, 0x28, 0xff, 0x80, 0x48, 0x88, 0xff,
    0x88, 0x48, 0x88, 0xff, 0x80, 0x48, 0x88, 0xff, 0x80, 0x48, 0x88, 0xff,
    0x80, 0x48, 0x88, 0xff, 0x80, 0x48, 0x88, 0xff, 0x80, 0x48, 0x88, 0xff,
    0x88, 0x48, 0x80, 0xff, 0x88, 0x44, 0x80, 0xff, 0x88, 0x44, 0x80, 0xff,
    0x88, 0x44, 0x80, 0xff, 0x80, 0x44, 0x78, 0xff, 0x80, 0x44, 0x78, 0xff,
    0x80, 0x44, 0x80, 0xff, 0x88, 0x44, 0x80, 0xff, 0x88, 0x44, 0x78, 0xff,
    0x80, 0x44, 0x80, 0xff, 0x80, 0x44, 0x78, 0xff, 0x88, 0x40, 0x70, 0xff,
    0x80, 0x40, 0x70, 0xff, 0x88, 0x40, 0x70, 0xff, 0x88, 0x44, 0x70, 0xff,
    0x88, 0x40, 0x70, 0xff, 0x88, 0x40, 0x70, 0xff, 0x80, 0x40, 0x68, 0xff,
    0x88, 0x40, 0x60, 0xff, 0x88, 0x40, 0x60, 0xff, 0x88, 0x40, 0x68, 0xff,
    0x88, 0x40, 0x68, 0xff, 0x88, 0x40, 0x60, 0xff, 0x88, 0x40, 0x60, 0xff,
    0x88, 0x3c, 0x58, 0xff, 0x88, 0x3c, 0x58, 0xff, 0x88, 0x3c, 0x58, 0xff,
    0x88, 0x3c, 0x58, 0xff, 0x88, 0x3c, 0x58, 0xff, 0x88, 0x3c, 0x50, 0xff,
    0x88, 0x38, 0x48, 0xff, 0x88, 0x38, 0x48, 0xff, 0x88, 0x38, 0x48, 0xff,
    0x88, 0x38, 0x48, 0xff, 0x88, 0x38, 0x48, 0xff, 0x90, 0x38, 0x40, 0xff,
    0x88, 0x38, 0x38, 0xff, 0x88, 0x38, 0x38, 0xff, 0x90, 0x38, 0x38, 0xff,
    0x88, 0x34, 0x38, 0xff, 0x88, 0x34, 0x38, 0xff, 0x90, 0x34, 0x28, 0xff,
    0x88, 0x34, 0x28, 0xff, 0x88, 0x34, 0x28, 0xff, 0x90, 0x34, 0x28, 0xff,
    0x88, 0x34, 0x20, 0xff, 0x88, 0x34, 0x28, 0xff, 0x90, 0x34, 0x28, 0xff,
    0x90, 0x34, 0x28, 0xff, 0x90, 0x34, 0x28, 0xff, 0x88, 0x34, 0x28, 0xff,
    0x90, 0x34, 0x20, 0xff, 0x90, 0x34, 0x28, 0xff, 0x88, 0x34, 0x28, 0xff,
    0x90, 0x34, 0x28, 0xff, 0x88, 0x34, 0x28, 0xff, 0x88, 0x34, 0x28, 0xff,
    0x90, 0x30, 0x20, 0xff, 0xe0, 0xd0, 0xd0, 0xff, 0xf8, 0xfc, 0xf8, 0xff,
    0xf8, 0xfc, 0xf8, 0xff, 0xf8, 0xfc, 0xf8, 0xff, 0xf8, 0xfc, 0xf8, 0xff,
    0xf8, 0xfc, 0xf8, 0xff, 0xf8, 0xfc, 0xf8, 0xff, 0xf8, 0xfc, 0xf8, 0xff,
    0xf8, 0xfc, 0xf8, 0xff, 0xf8, 0xfc, 0xf8, 0xff, 0xf8, 0xf8, 0xf8, 0xff,
    0xa0, 0x64, 0x60, 0xff, 0x88, 0x34, 0x28, 0xff, 0x88, 0x34, 0x28, 0xff,
    0x90, 0x34, 0x28, 0xff, 0x80, 0x48, 0x88, 0xff, 0x80, 0x48, 0x88, 0xff,
    0x80, 0x48, 0x88, 0xff, 0x80, 0x48, 0x88, 0xff, 0x88, 0x48, 0x80, 0xff,
    0x80, 0x44, 0x80, 0xff, 0x80, 0x44, 0x80, 0xff, 0x88, 0x44, 0x80, 0xff,
    0x80, 0x44, 0x78, 0xff, 0x80, 0x44, 0x80, 0xff, 0x88, 0x44, 0x78, 0xff,
    0x80, 0x44, 0x78, 0xff, 0x88, 0x44, 0x80, 0xff, 0x88, 0x44, 0x80, 0xff,
    0x80, 0x44, 0x78, 0xff, 0x80, 0x44, 0x78, 0xff, 0x88, 0x44, 0x70, 0xff,
    0x88, 0x40, 0x70, 0xff, 0x88, 0x40, 0x70, 0xff, 0x88, 0x40, 0x70, 0xff,
    0x88, 0x44, 0x70, 0xff, 0x88, 0x40, 0x70, 0xff, 0x88, 0x40, 0x70, 0xff,
    0x88, 0x40, 0x68, 0xff, 0x88, 0x40, 0x68, 0xff, 0x88, 0x40, 0x60, 0xff,
    0x88, 0x40, 0x68, 0xff, 0x88, 0x40, 0x60, 0xff, 0x80, 0x3c, 0x60, 0xff,
    0x88, 0x40, 0x68, 0xff, 0x88, 0x3c, 0x60, 0xff, 0x88, 0x3c, 0x58, 0xff,
    0x88, 0x3c, 0x58, 0xff, 0x88, 0x3c, 0x58, 0xff, 0x88, 0x3c, 0x50, 0xff,
    0x90, 0x3c, 0x58, 0xff, 0x88, 0x38, 0x50, 0xff, 0x88, 0x38, 0x48, 0xff,
    0x88, 0x38, 0x48, 0xff, 0x88, 0x38, 0x40, 0xff, 0x88, 0x38, 0x48, 0xff,
    0x88, 0x38, 0x40, 0xff, 0x88, 0x34, 0x38, 0xff, 0x88, 0x34, 0x38, 0xff,
    0x90, 0x38, 0x38, 0xff, 0x88, 0x34, 0x38, 0xff, 0x90, 0x38, 0x38, 0xff,
    0x88, 0x34, 0x30, 0xff, 0x90, 0x34, 0x28, 0xff, 0x90, 0x34, 0x28, 0xff,
    0x88, 0x34, 0x28, 0xff, 0x88, 0x34, 0x28, 0xff, 0x90, 0x34, 0x28, 0xff,
    0x90, 0x34, 0x28, 0xff, 0x88, 0x34, 0x20, 0xff, 0x88, 0x34, 0x28, 0xff,
    0x90, 0x34, 0x28, 0xff, 0x88, 0x34, 0x28, 0xff, 0x88, 0x34, 0x28, 0xff,
    0x88, 0x34, 0x28, 0xff, 0x90, 0x34, 0x28, 0xff, 0x88, 0x34, 0x20, 0xff,
    0x90, 0x34, 0x28, 0xff, 0x88, 0x34, 0x28, 0xff, 0x88, 0x34, 0x20, 0xff,
    0xe0, 0xd0, 0xd0, 0xff, 0xf8, 0xfc, 0xf8, 0xff, 0xf8, 0xfc, 0xf8, 0xff,
    0xf8, 0xfc, 0xf8, 0xff, 0xf8, 0xfc, 0xf8, 0xff, 0xf8, 0xfc, 0xf8, 0xff,
    0xf8, 0xfc, 0xf8, 0xff, 0xf8, 0xfc, 0xf8, 0xff, 0xf8, 0xfc, 0xf8, 0xff,
    0xf8, 0xfc, 0xf8, 0xff, 0xf8, 0xf4, 0xf0, 0xff, 0xa0, 0x64, 0x60, 0xff,
    0x88, 0x34, 0x28, 0xff, 0x90, 0x34, 0x28, 0xff, 0x88, 0x34, 0x28, 0xff,
    0x80, 0x44, 0x80, 0xff, 0x88, 0x44, 0x80, 0xff, 0x88, 0x44, 0x80, 0xff,
    0x80, 0x44, 0x78, 0xff, 0x88, 0x44, 0x78, 0xff, 0x88, 0x44, 0x80, 0xff,
    0x88, 0x44, 0x80, 0xff, 0x88, 0x44, 0x78, 0xff, 0x80, 0x44, 0x80, 0xff,
    0x80, 0x44, 0x78, 0xff, 0x88, 0x44, 0x78, 0xff, 0x88, 0x44, 0x80, 0xff,
    0x80, 0x44, 0x78, 0xff, 0x88, 0x44, 0x78, 0xff, 0x80, 0x44, 0x78, 0xff,
    0x88, 0x40, 0x70, 0xff, 0x88, 0x40, 0x70, 0xff, 0x88, 0x40, 0x70, 0xff,
    0x88, 0x40, 0x70, 0xff, 0x88, 0x44, 0x68, 0xff, 0x88, 0x40, 0x70, 0xff,
    0x80, 0x40, 0x70, 0xff, 0x80, 0x40, 0x70, 0xff, 0x88, 0x40, 0x68, 0xff,
    0x88, 0x40, 0x60, 0xff, 0x88, 0x40, 0x68, 0xff, 0x88, 0x40, 0x60, 0xff,
    0x88, 0x3c, 0x60, 0xff, 0x88, 0x40, 0x60, 0xff, 0x88, 0x3c, 0x60, 0xff,
    0x88, 0x3c, 0x58, 0xff, 0x88, 0x3c, 0x58, 0xff, 0x88, 0x3c, 0x58, 0xff,
    0x88, 0x3c, 0x50, 0xff, 0x88, 0x3c, 0x58, 0xff, 0x88, 0x3c, 0x50, 0xff,
    0x88, 0x38, 0x48, 0xff, 0x90, 0x38, 0x48, 0xff, 0x88, 0x38, 0x40, 0xff,
    0x88, 0x38, 0x48, 0xff, 0x90, 0x38, 0x48, 0xff, 0x88, 0x38, 0x40, 0xff,
    0x88, 0x38, 0x38, 0xff, 0x90, 0x34, 0x38, 0xff, 0x88, 0x34, 0x38, 0xff,
    0x88, 0x34, 0x38, 0xff, 0x88, 0x38, 0x38, 0xff, 0x90, 0x34, 0x28, 0xff,
    0x88, 0x34, 0x28, 0xff, 0x88, 0x34, 0x28, 0xff, 0x88, 0x34, 0x28, 0xff,
    0x90, 0x34, 0x28, 0xff, 0x88, 0x34, 0x28, 0xff, 0x88, 0x34, 0x28, 0xff,
    0x88, 0x34, 0x28, 0xff, 0x88, 0x34, 0x28, 0xff, 0x88, 0x34, 0x28, 0xff,
    0x90, 0x34, 0x28, 0xff, 0x88, 0x34, 0x28, 0xff, 0x88, 0x34, 0x28, 0xff,
    0x88, 0x34, 0x28, 0xff, 0x88, 0x34, 0x28, 0xff, 0x88, 0x34, 0x28, 0xff,
    0x90, 0x34, 0x20, 0xff, 0x88, 0x34, 0x20, 0xff, 0xb0, 0x80, 0x78, 0xff,
    0xc0, 0x98, 0x98, 0xff, 0xb8, 0x9c, 0x98, 0xff, 0xc0, 0x98, 0x98, 0xff,
    0xb8, 0x9c, 0x98, 0xff, 0xc0, 0x98, 0x98, 0xff, 0xc0, 0x9c, 0x98, 0xff,
    0xc0, 0x98, 0x98, 0xff, 0xc0, 0x9c, 0x98, 0xff, 0xb8, 0x98, 0x98, 0xff,
    0xb8, 0x94, 0x90, 0xff, 0x90, 0x48, 0x40, 0xff, 0x88, 0x34, 0x28, 0xff,
    0x88, 0x34, 0x28, 0xff, 0x88, 0x34, 0x28, 0xff, 0x80, 0x44, 0x78, 0xff,
    0x88, 0x44, 0x78, 0xff, 0x80, 0x44, 0x80, 0xff, 0x88, 0x44, 0x80, 0xff,
    0x88, 0x44, 0x78, 0xff, 0x80, 0x44, 0x80, 0xff, 0x80, 0x44, 0x78, 0xff,
    0x88, 0x44, 0x78, 0xff, 0x88, 0x44, 0x80, 0xff, 0x88, 0x44, 0x80, 0xff,
    0x80, 0x44, 0x78, 0xff, 0x80, 0x44, 0x80, 0xff, 0x88, 0x44, 0x78, 0xff,
    0x80, 0x44, 0x70, 0xff, 0x88, 0x40, 0x70, 0xff, 0x88, 0x40, 0x70, 0xff,
    0x88, 0x40, 0x70, 0xff, 0x88, 0x40, 0x70, 0xff, 0x80, 0x44, 0x70, 0xff,
    0x80, 0x40, 0x70, 0xff, 0x88, 0x40, 0x70, 0xff, 0x88, 0x40, 0x68, 0xff,
    0x88, 0x40, 0x60, 0xff, 0x88, 0x40, 0x60, 0xff, 0x88, 0x40, 0x60, 0xff,
    0x88, 0x40, 0x60, 0xff, 0x80, 0x3c, 0x68, 0xff, 0x88, 0x40, 0x68, 0xff,
    0x88, 0x40, 0x60, 0xff, 0x88, 0x3c, 0x58, 0xff, 0x88, 0x3c, 0x58, 0xff,
    0x88, 0x3c, 0x58, 0xff, 0x88, 0x3c, 0x50, 0xff, 0x88, 0x3c, 0x58, 0xff,
    0x88, 0x3c, 0x50, 0xff, 0x88, 0x38, 0x48, 0xff, 0x88, 0x38, 0x48, 0xff,
    0x88, 0x38, 0x48, 0xff, 0x88, 0x38, 0x48, 0xff, 0x88, 0x38, 0x48, 0xff,
    0x88, 0x38, 0x48, 0xff, 0x88, 0x38, 0x38, 0xff, 0x90, 0x34, 0x38, 0xff,
    0x88, 0x38, 0x38, 0xff, 0x88, 0x38, 0x38, 0xff, 0x88, 0x38, 0x38, 0xff,
    0x88, 0x34, 0x30, 0xff, 0x90, 0x34, 0x28, 0xff, 0x88, 0x34, 0x28, 0xff,
    0x88, 0x34, 0x28, 0xff, 0x90, 0x34, 0x28, 0xff, 0x88, 0x34, 0x20, 0xff,
    0x90, 0x34, 0x28, 0xff, 0x88, 0x34, 0x28, 0xff, 0x90, 0x34, 0x28, 0xff,
    0x90, 0x34, 0x28, 0xff, 0x90, 0x34, 0x28, 0xff, 0x88, 0x34, 0x20, 0xff,
    0x90, 0x34, 0x28, 0xff, 0x90, 0x34, 0x28, 0xff, 0x90, 0x34, 0x20, 0xff,
    0x90, 0x34, 0x28, 0xff, 0x88, 0x34, 0x28, 0xff, 0x88, 0x34, 0x28, 0xff,
    0x90, 0x34, 0x28, 0xff, 0x88, 0x34, 0x28, 0xff, 0x88, 0x34, 0x28, 0xff,
    0x90, 0x34, 0x28, 0xff, 0x90, 0x34, 0x28, 0xff, 0x88, 0x34, 0x28, 0xff,
    0x88, 0x34, 0x20, 0xff, 0x90, 0x34, 0x28, 0xff, 0x88, 0x34, 0x28, 0xff,
    0x88, 0x34, 0x20, 0xff, 0x88, 0x34, 0x28, 0xff, 0x88, 0x34, 0x28, 0xff,
    0x90, 0x34, 0x28, 0xff, 0x88, 0x34, 0x28, 0xff, 0x90, 0x34, 0x20, 0xff,
    0x90, 0x34, 0x28, 0xff, 0x88, 0x44, 0x80, 0xff, 0x88, 0x44, 0x80, 0xff,
    0x88, 0x44, 0x78, 0xff, 0x80, 0x44, 0x78, 0xff, 0x88, 0x44, 0x80, 0xff,
    0x80, 0x44, 0x80, 0xff, 0x88, 0x44, 0x78, 0xff, 0x80, 0x44, 0x78, 0xff,
    0x80, 0x44, 0x80, 0xff, 0x80, 0x44, 0x78, 0xff, 0x88, 0x44, 0x78, 0xff,
    0x80, 0x44, 0x70, 0xff, 0x88, 0x40, 0x70, 0xff, 0x88, 0x40, 0x70, 0xff,
    0x88, 0x40, 0x70, 0xff, 0x88, 0x40, 0x70, 0xff, 0x88, 0x40, 0x70, 0xff,
    0x80, 0x44, 0x70, 0xff, 0x88, 0x40, 0x70, 0xff, 0x88, 0x40, 0x70, 0xff,
    0x80, 0x40, 0x68, 0xff, 0x88, 0x40, 0x68, 0xff, 0x88, 0x40, 0x60, 0xff,
    0x88, 0x40, 0x60, 0xff, 0x88, 0x40, 0x68, 0xff, 0x88, 0x3c, 0x60, 0xff,
    0x88, 0x40, 0x60, 0xff, 0x88, 0x40, 0x60, 0xff, 0x88, 0x3c, 0x58, 0xff,
    0x88, 0x3c, 0x58, 0xff, 0x88, 0x3c, 0x58, 0xff, 0x88, 0x3c, 0x58, 0xff,
    0x88, 0x3c, 0x58, 0xff, 0x88, 0x3c, 0x58, 0xff, 0x90, 0x3c, 0x50, 0xff,
    0x88, 0x38, 0x48, 0xff, 0x88, 0x38, 0x48, 0xff, 0x88, 0x38, 0x48, 0xff,
    0x88, 0x38, 0x40, 0xff, 0x88, 0x38, 0x48, 0xff, 0x88, 0x38, 0x40, 0xff,
    0x90, 0x34, 0x38, 0xff, 0x88, 0x34, 0x38, 0xff, 0x88, 0x34, 0x38, 0xff,
    0x88, 0x38, 0x38, 0xff, 0x88, 0x34, 0x38, 0xff, 0x90, 0x34, 0x28, 0xff,
    0x88, 0x34, 0x28, 0xff, 0x90, 0x34, 0x28, 0xff, 0x88, 0x34, 0x28, 0xff,
    0x90, 0x34, 0x28, 0xff, 0x88, 0x34, 0x28, 0xff, 0x88, 0x34, 0x28, 0xff,
    0x90, 0x34, 0x28, 0xff, 0x88, 0x34, 0x20, 0xff, 0x88, 0x34, 0x28, 0xff,
    0x88, 0x34, 0x28, 0xff, 0x88, 0x34, 0x28, 0xff, 0x88, 0x34, 0x28, 0xff,
    0x88, 0x34, 0x28, 0xff, 0x88, 0x34, 0x28, 0xff, 0x88, 0x34, 0x28, 0xff,
    0x90, 0x34, 0x28, 0xff, 0x90, 0x34, 0x28, 0xff, 0x88, 0x34, 0x28, 0xff,
    0x90, 0x34, 0x28, 0xff, 0x88, 0x34, 0x28, 0xff, 0x88, 0x34, 0x28, 0xff,
    0x88, 0x34, 0x28, 0xff, 0x90, 0x34, 0x28, 0xff, 0x88, 0x34, 0x28, 0xff,
    0x88, 0x34, 0x28, 0xff, 0x88, 0x34, 0x28, 0xff, 0x88, 0x34, 0x28, 0xff,
    0x90, 0x34, 0x28, 0xff, 0x90, 0x34, 0x20, 0xff, 0x88, 0x34, 0x28, 0xff,
    0x90, 0x34, 0x28, 0xff, 0x88, 0x34, 0x28, 0xff, 0x88, 0x34, 0x28, 0xff,
    0x80, 0x44, 0x78, 0xff, 0x80, 0x44, 0x78, 0xff, 0x80, 0x44, 0x80, 0xff,
    0x80, 0x44, 0x78, 0xff, 0x80, 0x44, 0x78, 0xff, 0x80, 0x44, 0x80, 0xff,
    0x80, 0x44, 0x78, 0xff, 0x88, 0x44, 0x78, 0xff, 0x80, 0x44, 0x70, 0xff,
    0x88, 0x40, 0x70, 0xff, 0x88, 0x40, 0x70, 0xff, 0x88, 0x40, 0x70, 0xff,
    0x88, 0x44, 0x70, 0xff, 0x88, 0x40, 0x70, 0xff, 0x88, 0x40, 0x68, 0xff,
    0x80, 0x44, 0x70, 0xff, 0x80, 0x40, 0x70, 0xff, 0x88, 0x40, 0x70, 0xff,
    0x88, 0x40, 0x70, 0xff, 0x88, 0x40, 0x68, 0xff, 0x88, 0x40, 0x60, 0xff,
    0x88, 0x40, 0x60, 0xff, 0x88, 0x40, 0x68, 0xff, 0x88, 0x3c, 0x68, 0xff,
    0x80, 0x40, 0x60, 0xff, 0x88, 0x40, 0x68, 0xff, 0x88, 0x40, 0x60, 0xff,
    0x88, 0x3c, 0x58, 0xff, 0x88, 0x3c, 0x58, 0xff, 0x88, 0x3c, 0x58, 0xff,
    0x88, 0x3c, 0x58, 0xff, 0x88, 0x3c, 0x50, 0xff, 0x88, 0x3c, 0x58, 0xff,
    0x88, 0x3c, 0x50, 0xff, 0x88, 0x38, 0x48, 0xff, 0x88, 0x38, 0x48, 0xff,
    0x88, 0x38, 0x48, 0xff, 0x90, 0x38, 0x40, 0xff, 0x88, 0x38, 0x48, 0xff,
    0x88, 0x38, 0x40, 0xff, 0x90, 0x34, 0x38, 0xff, 0x88, 0x38, 0x38, 0xff,
    0x88, 0x38, 0x38, 0xff, 0x88, 0x38, 0x38, 0xff, 0x90, 0x34, 0x38, 0xff,
    0x90, 0x34, 0x30, 0xff, 0x88, 0x34, 0x28, 0xff, 0x88, 0x34, 0x28, 0xff,
    0x88, 0x34, 0x28, 0xff, 0x90, 0x34, 0x28, 0xff, 0x88, 0x34, 0x28, 0xff,
    0x90, 0x34, 0x28, 0xff, 0x88, 0x34, 0x28, 0xff, 0x88, 0x34, 0x28, 0xff,
    0x88, 0x34, 0x28, 0xff, 0x88, 0x34, 0x28, 0xff, 0x90, 0x34, 0x28, 0xff,
    0x90, 0x34, 0x28, 0xff, 0x88, 0x34, 0x28, 0xff, 0x90, 0x34, 0x28, 0xff,
    0x88, 0x34, 0x28, 0xff, 0x88, 0x34, 0x28, 0xff, 0x88, 0x34, 0x28, 0xff,
    0x88, 0x34, 0x20, 0xff, 0x88, 0x34, 0x28, 0xff, 0x88, 0x34, 0x28, 0xff,
    0x90, 0x34, 0x28, 0xff, 0x88, 0x34, 0x28, 0xff, 0x90, 0x34, 0x28, 0xff,
    0x88, 0x34, 0x20, 0xff, 0x88, 0x34, 0x28, 0xff, 0x90, 0x34, 0x28, 0xff,
    0x88, 0x34, 0x28, 0xff, 0x90, 0x34, 0x28, 0xff, 0x90, 0x34, 0x28, 0xff,
    0x88, 0x34, 0x28, 0xff, 0x88, 0x34, 0x28, 0xff, 0x88, 0x34, 0x28, 0xff,
    0x88, 0x34, 0x28, 0xff, 0x88, 0x34, 0x28, 0xff, 0x80, 0x44, 0x78, 0xff,
    0x88, 0x44, 0x78, 0xff, 0x80, 0x44, 0x78, 0xff, 0x88, 0x44, 0x78, 0xff,
    0x88, 0x44, 0x70, 0xff, 0x88, 0x44, 0x70, 0xff, 0x88, 0x40, 0x70, 0xff,
    0x88, 0x40, 0x70, 0xff, 0x88, 0x40, 0x70, 0xff, 0x88, 0x40, 0x70, 0xff,
    0x80, 0x40, 0x70, 0xff, 0x88, 0x40, 0x70, 0xff, 0x88, 0x40, 0x70, 0xff,
    0x80, 0x40, 0x70, 0xff, 0x88, 0x44, 0x70, 0xff, 0x88, 0x40, 0x70, 0xff,
    0x88, 0x40, 0x70, 0xff, 0x88, 0x40, 0x68, 0xff, 0x88, 0x40, 0x68, 0xff,
    0x88, 0x40, 0x60, 0xff, 0x88, 0x40, 0x60, 0xff, 0x88, 0x40, 0x60, 0xff,
    0x88, 0x3c, 0x68, 0xff, 0x88, 0x40, 0x60, 0xff, 0x88, 0x40, 0x60, 0xff,
    0x88, 0x40, 0x60, 0xff, 0x88, 0x3c, 0x58, 0xff, 0x88, 0x3c, 0x58, 0xff,
    0x88, 0x3c, 0x58, 0xff, 0x88, 0x3c, 0x58, 0xff, 0x88, 0x3c, 0x50, 0xff,
    0x88, 0x3c, 0x58, 0xff, 0x90, 0x3c, 0x50, 0xff, 0x88, 0x38, 0x48, 0xff,
    0x88, 0x38, 0x48, 0xff, 0x88, 0x38, 0x40, 0xff, 0x88, 0x38, 0x48, 0xff,
    0x88, 0x38, 0x48, 0xff, 0x88, 0x38, 0x40, 0xff, 0x90, 0x34, 0x40, 0xff,
    0x88, 0x38, 0x38, 0xff, 0x88, 0x34, 0x38, 0xff, 0x88, 0x34, 0x38, 0xff,
    0x90, 0x38, 0x38, 0xff, 0x88, 0x38, 0x38, 0xff, 0x88, 0x34, 0x28, 0xff,
    0x90, 0x34, 0x28, 0xff, 0x90, 0x34, 0x28, 0xff, 0x88, 0x34, 0x28, 0xff,
    0x88, 0x34, 0x28, 0xff, 0x90, 0x34, 0x28, 0xff, 0x88, 0x34, 0x20, 0xff,
    0x88, 0x34, 0x28, 0xff, 0x90, 0x34, 0x28, 0xff, 0x90, 0x34, 0x28, 0xff,
    0x90, 0x34, 0x28, 0xff, 0x88, 0x34, 0x20, 0xff, 0x88, 0x34, 0x28, 0xff,
    0x90, 0x34, 0x28, 0xff, 0x88, 0x34, 0x20, 0xff, 0x90, 0x34, 0x28, 0xff,
    0x90, 0x34, 0x28, 0xff, 0x88, 0x34, 0x28, 0xff, 0x90, 0x34, 0x28, 0xff,
    0x90, 0x34, 0x28, 0xff, 0x88, 0x34, 0x28, 0xff, 0x88, 0x34, 0x20, 0xff,
    0x90, 0x34, 0x28, 0xff, 0x88, 0x34, 0x28, 0xff, 0x88, 0x34, 0x28, 0xff,
    0x90, 0x34, 0x28, 0xff, 0x90, 0x34, 0x20, 0xff, 0x88, 0x34, 0x28, 0xff,
    0x88, 0x34, 0x28, 0xff, 0x88, 0x34, 0x28, 0xff, 0x88, 0x34, 0x28, 0xff,
    0x88, 0x34, 0x28, 0xff, 0x90, 0x34, 0x20, 0xff, 0x90, 0x34, 0x28, 0xff,
    0x90, 0x34, 0x28, 0xff, 0x88, 0x40, 0x70, 0xff, 0x88, 0x40, 0x70, 0xff,
    0x88, 0x40, 0x70, 0xff, 0x88, 0x40, 0x70, 0xff, 0x88, 0x40, 0x70, 0xff,
    0x88, 0x40, 0x70, 0xff, 0x88, 0x40, 0x70, 0xff, 0x88, 0x44, 0x70, 0xff,
    0x80, 0x40, 0x70, 0xff, 0x88, 0x40, 0x70, 0xff, 0x88, 0x40, 0x70, 0xff,
    0x88, 0x44, 0x70, 0xff, 0x80, 0x40, 0x70, 0xff, 0x88, 0x40, 0x70, 0xff,
    0x88, 0x40, 0x70, 0xff, 0x80, 0x40, 0x70, 0xff, 0x88, 0x40, 0x68, 0xff,
    0x88, 0x40, 0x60, 0xff, 0x80, 0x40, 0x60, 0xff, 0x88, 0x40, 0x60, 0xff,
    0x88, 0x40, 0x60, 0xff, 0x80, 0x3c, 0x68, 0xff, 0x88, 0x40, 0x60, 0xff,
    0x88, 0x40, 0x60, 0xff, 0x88, 0x3c, 0x60, 0xff, 0x88, 0x3c, 0x58, 0xff,
    0x88, 0x3c, 0x58, 0xff, 0x88, 0x3c, 0x58, 0xff, 0x88, 0x3c, 0x50, 0xff,
    0x88, 0x3c, 0x58, 0xff, 0x88, 0x3c, 0x58, 0xff, 0x88, 0x3c, 0x58, 0xff,
    0x88, 0x38, 0x48, 0xff, 0x88, 0x38, 0x48, 0xff, 0x88, 0x38, 0x48, 0xff,
    0x90, 0x38, 0x40, 0xff, 0x88, 0x38, 0x48, 0xff, 0x88, 0x38, 0x48, 0xff,
    0x88, 0x38, 0x40, 0xff, 0x88, 0x38, 0x38, 0xff, 0x88, 0x34, 0x38, 0xff,
    0x88, 0x38, 0x38, 0xff, 0x90, 0x34, 0x38, 0xff, 0x88, 0x34, 0x38, 0xff,
    0x88, 0x34, 0x30, 0xff, 0x88, 0x34, 0x28, 0xff, 0x88, 0x34, 0x28, 0xff,
    0x88, 0x34, 0x28, 0xff, 0x90, 0x34, 0x28, 0xff, 0x88, 0x34, 0x28, 0xff,
    0x88, 0x34, 0x28, 0xff, 0x88, 0x34, 0x28, 0xff, 0x90, 0x34, 0x28, 0xff,
    0x88, 0x34, 0x28, 0xff, 0x88, 0x34, 0x20, 0xff, 0x88, 0x34, 0x28, 0xff,
    0x88, 0x34, 0x28, 0xff, 0x88, 0x34, 0x28, 0xff, 0x90, 0x34, 0x28, 0xff,
    0x88, 0x34, 0x28, 0xff, 0x88, 0x34, 0x28, 0xff, 0x88, 0x34, 0x20, 0xff,
    0x90, 0x34, 0x28, 0xff, 0x88, 0x34, 0x28, 0xff, 0x88, 0x34, 0x28, 0xff,
    0x90, 0x34, 0x28, 0xff, 0x88, 0x34, 0x28, 0xff, 0x88, 0x34, 0x28, 0xff,
    0x88, 0x34, 0x28, 0xff, 0x90, 0x34, 0x28, 0xff, 0x88, 0x34, 0x28, 0xff,
    0x88, 0x34, 0x28, 0xff, 0x88, 0x34, 0x28, 0xff, 0x90, 0x34, 0x28, 0xff,
    0x88, 0x34, 0x20, 0xff, 0x90, 0x34, 0x28, 0xff, 0x90, 0x34, 0x28, 0xff,
    0x88, 0x34, 0x28, 0xff, 0x88, 0x34, 0x28, 0xff, 0x88, 0x34, 0x28, 0xff,
    0x88, 0x40, 0x70, 0xff, 0x88, 0x40, 0x70, 0xff, 0x88, 0x40, 0x70, 0xff,
    0x80, 0x44, 0x70, 0xff, 0x88, 0x40, 0x70, 0xff, 0x80, 0x40, 0x70, 0xff,
    0x80, 0x44, 0x68, 0xff, 0x88, 0x40, 0x70, 0xff, 0x88, 0x40, 0x70, 0xff,
    0x88, 0x40, 0x70, 0xff, 0x88, 0x44, 0x70, 0xff, 0x80, 0x40, 0x70, 0xff,
    0x88, 0x40, 0x70, 0xff, 0x88, 0x40, 0x68, 0xff, 0x88, 0x40, 0x68, 0xff,
    0x88, 0x40, 0x60, 0xff, 0x88, 0x40, 0x60, 0xff, 0x88, 0x40, 0x60, 0xff,
    0x88, 0x40, 0x68, 0xff, 0x88, 0x40, 0x60, 0xff, 0x88, 0x3c, 0x68, 0xff,
    0x88, 0x40, 0x68, 0xff, 0x88, 0x40, 0x60, 0xff, 0x88, 0x3c, 0x60, 0xff,
    0x88, 0x3c, 0x58, 0xff, 0x88, 0x3c, 0x58, 0xff, 0x88, 0x3c, 0x58, 0xff,
    0x88, 0x3c, 0x58, 0xff, 0x88, 0x3c, 0x58, 0xff, 0x88, 0x3c, 0x58, 0xff,
    0x90, 0x3c, 0x50, 0xff, 0x88, 0x38, 0x48, 0xff, 0x88, 0x38, 0x48, 0xff,
    0x88, 0x38, 0x48, 0xff, 0x88, 0x38, 0x48, 0xff, 0x88, 0x38, 0x48, 0xff,
    0x88, 0x38, 0x48, 0xff, 0x88, 0x38, 0x40, 0xff, 0x90, 0x38, 0x38, 0xff,
    0x88, 0x34, 0x38, 0xff, 0x88, 0x38, 0x38, 0xff, 0x90, 0x38, 0x38, 0xff,
    0x88, 0x38, 0x38, 0xff, 0x88, 0x38, 0x38, 0xff, 0x90, 0x34, 0x28, 0xff,
    0x90, 0x34, 0x28, 0xff, 0x90, 0x34, 0x28, 0xff, 0x88, 0x34, 0x28, 0xff,
    0x88, 0x34, 0x20, 0xff, 0x90, 0x34, 0x28, 0xff, 0x90, 0x34, 0x28, 0xff,
    0x88, 0x34, 0x28, 0xff, 0x88, 0x34, 0x28, 0xff, 0x90, 0x34, 0x28, 0xff,
    0x88, 0x34, 0x28, 0xff, 0x88, 0x34, 0x28, 0xff, 0x90, 0x34, 0x28, 0xff,
    0x90, 0x34, 0x20, 0xff, 0x88, 0x34, 0x28, 0xff, 0x90, 0x34, 0x28, 0xff,
    0x88, 0x34, 0x28, 0xff, 0x88, 0x34, 0x28, 0xff, 0x88, 0x34, 0x28, 0xff,
    0x90, 0x34, 0x28, 0xff, 0x88, 0x34, 0x28, 0xff, 0x88, 0x34, 0x20, 0xff,
    0x90, 0x34, 0x28, 0xff, 0x90, 0x34, 0x28, 0xff, 0x90, 0x34, 0x20, 0xff,
    0x88, 0x34, 0x28, 0xff, 0x90, 0x34, 0x28, 0xff, 0x88, 0x34, 0x28, 0xff,
    0x90, 0x34, 0x28, 0xff, 0x88, 0x34, 0x28, 0xff, 0x90, 0x34, 0x28, 0xff,
    0x88, 0x34, 0x28, 0xff, 0x88, 0x34, 0x28, 0xff, 0x90, 0x34, 0x28, 0xff,
    0x88, 0x34, 0x28, 0xff, 0x88, 0x34, 0x28, 0xff, 0x88, 0x40, 0x70, 0xff,
    0x88, 0x40, 0x70, 0xff, 0x80, 0x40, 0x70, 0xff, 0x88, 0x40, 0x70, 0xff,
    0x88, 0x40, 0x70, 0xff, 0x88, 0x40, 0x70, 0xff, 0x88, 0x40, 0x70, 0xff,
    0x88, 0x40, 0x70, 0xff, 0x88, 0x40, 0x70, 0xff, 0x88, 0x40, 0x70, 0xff,
    0x80, 0x40, 0x70, 0xff, 0x88, 0x40, 0x68, 0xff, 0x88, 0x40, 0x68, 0xff,
    0x88, 0x40, 0x60, 0xff, 0x88, 0x40, 0x60, 0xff, 0x80, 0x40, 0x60, 0xff,
    0x88, 0x40, 0x60, 0xff, 0x88, 0x3c, 0x68, 0xff, 0x88, 0x3c, 0x60, 0xff,
    0x88, 0x40, 0x68, 0xff, 0x88, 0x40, 0x60, 0xff, 0x88, 0x40, 0x60, 0xff,
    0x88, 0x3c, 0x58, 0xff, 0x88, 0x3c, 0x58, 0xff, 0x88, 0x3c, 0x58, 0xff,
    0x88, 0x3c, 0x58, 0xff, 0x88, 0x3c, 0x58, 0xff, 0x90, 0x3c, 0x50, 0xff,
    0x88, 0x3c, 0x58, 0xff, 0x88, 0x3c, 0x58, 0xff, 0x88, 0x38, 0x48, 0xff,
    0x88, 0x38, 0x48, 0xff, 0x88, 0x38, 0x48, 0xff, 0x90, 0x38, 0x48, 0xff,
    0x88, 0x38, 0x40, 0xff, 0x88, 0x38, 0x48, 0xff, 0x88, 0x38, 0x48, 0xff,
    0x88, 0x38, 0x38, 0xff, 0x90, 0x34, 0x38, 0xff, 0x88, 0x34, 0x38, 0xff,
    0x88, 0x34, 0x38, 0xff, 0x88, 0x34, 0x38, 0xff, 0x88, 0x34, 0x38, 0xff,
    0x90, 0x34, 0x30, 0xff, 0x88, 0x34, 0x28, 0xff, 0x88, 0x34, 0x28, 0xff,
    0x88, 0x34, 0x28, 0xff, 0x90, 0x34, 0x28, 0xff, 0x88, 0x34, 0x28, 0xff,
    0x88, 0x34, 0x28, 0xff, 0x90, 0x34, 0x28, 0xff, 0x88, 0x34, 0x20, 0xff,
    0x88, 0x34, 0x28, 0xff, 0x90, 0x34, 0x28, 0xff, 0x90, 0x34, 0x28, 0xff,
    0x90, 0x34, 0x28, 0xff, 0x88, 0x34, 0x28, 0xff, 0x88, 0x34, 0x28, 0xff,
    0x88, 0x34, 0x28, 0xff, 0x88, 0x34, 0x28, 0xff, 0x90, 0x34, 0x28, 0xff,
    0x90, 0x34, 0x28, 0xff, 0x88, 0x34, 0x28, 0xff, 0x88, 0x34, 0x20, 0xff,
    0x90, 0x34, 0x28, 0xff, 0x88, 0x34, 0x28, 0xff, 0x88, 0x34, 0x28, 0xff,
    0x88, 0x34, 0x28, 0xff, 0x88, 0x34, 0x28, 0xff, 0x88, 0x34, 0x28, 0xff,
    0x88, 0x34, 0x28, 0xff, 0x90, 0x34, 0x20, 0xff, 0x88, 0x34, 0x28, 0xff,
    0x90, 0x34, 0x28, 0xff, 0x88, 0x34, 0x28, 0xff, 0x88, 0x34, 0x28, 0xff,
    0x88, 0x34, 0x28, 0xff, 0x88, 0x34, 0x28, 0xff, 0x90, 0x34, 0x28, 0xff,
    0x90, 0x38, 0x28, 0xff, 0x88, 0x40, 0x70, 0xff, 0x80, 0x40, 0x70, 0xff,
    0x88, 0x40, 0x70, 0xff, 0x88, 0x40, 0x70, 0xff, 0x88, 0x40, 0x70, 0xff,
    0x80, 0x40, 0x70, 0xff, 0x88, 0x40, 0x70, 0xff, 0x80, 0x40, 0x68, 0xff,
    0x80, 0x40, 0x68, 0xff, 0x88, 0x40, 0x68, 0xff, 0x88, 0x40, 0x60, 0xff,
    0x88, 0x40, 0x60, 0xff, 0x88, 0x40, 0x60, 0xff, 0x88, 0x40, 0x60, 0xff,
    0x88, 0x40, 0x68, 0xff, 0x88, 0x3c, 0x60, 0xff, 0x88, 0x40, 0x68, 0xff,
    0x88, 0x40, 0x68, 0xff, 0x88, 0x40, 0x60, 0xff, 0x88, 0x40, 0x60, 0xff,
    0x88, 0x3c, 0x60, 0xff, 0x88, 0x3c, 0x58, 0xff, 0x88, 0x3c, 0x58, 0xff,
    0x88, 0x3c, 0x58, 0xff, 0x88, 0x3c, 0x50, 0xff, 0x88, 0x3c, 0x58, 0xff,
    0x88, 0x3c, 0x58, 0xff, 0x88, 0x3c, 0x58, 0xff, 0x88, 0x3c, 0x50, 0xff,
    0x88, 0x38, 0x48, 0xff, 0x88, 0x38, 0x48, 0xff, 0x88, 0x38, 0x48, 0xff,
    0x88, 0x38, 0x48, 0xff, 0x88, 0x38, 0x40, 0xff, 0x88, 0x38, 0x48, 0xff,
    0x88, 0x38, 0x40, 0xff, 0x90, 0x38, 0x38, 0xff, 0x88, 0x34, 0x38, 0xff,
    0x88, 0x38, 0x38, 0xff, 0x88, 0x38, 0x38, 0xff, 0x90, 0x38, 0x40, 0xff,
    0x90, 0x38, 0x38, 0xff, 0x88, 0x34, 0x30, 0xff, 0x88, 0x34, 0x28, 0xff,
    0x90, 0x34, 0x28, 0xff, 0x88, 0x34, 0x28, 0xff, 0x88, 0x34, 0x28, 0xff,
    0x88, 0x34, 0x28, 0xff, 0x90, 0x34, 0x28, 0xff, 0x88, 0x34, 0x28, 0xff,
    0x88, 0x34, 0x28, 0xff, 0x90, 0x34, 0x28, 0xff, 0x90, 0x34, 0x28, 0xff,
    0x88, 0x34, 0x28, 0xff, 0x88, 0x34, 0x20, 0xff, 0x88, 0x34, 0x28, 0xff,
    0x88, 0x34, 0x28, 0xff, 0x90, 0x34, 0x28, 0xff, 0x90, 0x34, 0x28, 0xff,
    0x88, 0x34, 0x28, 0xff, 0x88, 0x34, 0x20, 0xff, 0x90, 0x34, 0x28, 0xff,
    0x90, 0x34, 0x28, 0xff, 0x88, 0x34, 0x28, 0xff, 0x88, 0x34, 0x28, 0xff,
    0x90, 0x34, 0x28, 0xff, 0x90, 0x34, 0x28, 0xff, 0x88, 0x34, 0x28, 0xff,
    0x88, 0x34, 0x28, 0xff, 0x90, 0x34, 0x28, 0xff, 0x90, 0x34, 0x28, 0xff,
    0x88, 0x34, 0x28, 0xff, 0x88, 0x34, 0x28, 0xff, 0x88, 0x34, 0x28, 0xff,
    0x88, 0x34, 0x28, 0xff, 0x90, 0x38, 0x28, 0xff, 0x90, 0x38, 0x28, 0xff,
    0x90, 0x3c, 0x28, 0xff, 0x90, 0x3c, 0x28, 0xff, 0x90, 0x3c, 0x28, 0xff,
    0x88, 0x40, 0x68, 0xff, 0x88, 0x40, 0x68, 0xff, 0x88, 0x40, 0x68, 0xff,
    0x88, 0x40, 0x68, 0xff, 0x80, 0x40, 0x68, 0xff, 0x88, 0x40, 0x60, 0xff,
    0x88, 0x40, 0x60, 0xff, 0x88, 0x40, 0x60, 0xff, 0x88, 0x40, 0x60, 0xff,
    0x88, 0x40, 0x68, 0xff, 0x88, 0x40, 0x60, 0xff, 0x88, 0x40, 0x60, 0xff,
    0x88, 0x3c, 0x68, 0xff, 0x80, 0x3c, 0x68, 0xff, 0x88, 0x40, 0x60, 0xff,
    0x88, 0x40, 0x68, 0xff, 0x88, 0x40, 0x60, 0xff, 0x88, 0x40, 0x60, 0xff,
    0x88, 0x40, 0x60, 0xff, 0x88, 0x3c, 0x58, 0xff, 0x88, 0x3c, 0x58, 0xff,
    0x88, 0x3c, 0x58, 0xff, 0x88, 0x3c, 0x58, 0xff, 0x88, 0x3c, 0x58, 0xff,
    0x88, 0x3c, 0x58, 0xff, 0x88, 0x3c, 0x50, 0xff, 0x88, 0x3c, 0x58, 0xff,
    0x88, 0x3c, 0x50, 0xff, 0x88, 0x38, 0x48, 0xff, 0x88, 0x38, 0x48, 0xff,
    0x90, 0x38, 0x48, 0xff, 0x88, 0x38, 0x40, 0xff, 0x88, 0x38, 0x48, 0xff,
    0x88, 0x38, 0x48, 0xff, 0x88, 0x38, 0x48, 0xff, 0x90, 0x38, 0x40, 0xff,
    0x88, 0x38, 0x38, 0xff, 0x88, 0x34, 0x38, 0xff, 0x90, 0x34, 0x38, 0xff,
    0x88, 0x34, 0x38, 0xff, 0x88, 0x38, 0x38, 0xff, 0x88, 0x34, 0x38, 0xff,
    0x88, 0x34, 0x28, 0xff, 0x90, 0x34, 0x28, 0xff, 0x88, 0x34, 0x28, 0xff,
    0x90, 0x34, 0x28, 0xff, 0x90, 0x34, 0x28, 0xff, 0x88, 0x34, 0x20, 0xff,
    0x88, 0x34, 0x28, 0xff, 0x90, 0x34, 0x28, 0xff, 0x90, 0x34, 0x20, 0xff,
    0x88, 0x34, 0x28, 0xff, 0x88, 0x34, 0x28, 0xff, 0x88, 0x34, 0x28, 0xff,
    0x88, 0x34, 0x28, 0xff, 0x88, 0x34, 0x28, 0xff, 0x90, 0x34, 0x28, 0xff,
    0x88, 0x34, 0x20, 0xff, 0x88, 0x34, 0x28, 0xff, 0x90, 0x34, 0x28, 0xff,
    0x88, 0x34, 0x28, 0xff, 0x88, 0x34, 0x28, 0xff, 0x88, 0x34, 0x28, 0xff,
    0x90, 0x34, 0x28, 0xff, 0x88, 0x34, 0x28, 0xff, 0x88, 0x34, 0x28, 0xff,
    0x88, 0x34, 0x20, 0xff, 0x90, 0x34, 0x28, 0xff, 0x90, 0x34, 0x28, 0xff,
    0x88, 0x34, 0x28, 0xff, 0x88, 0x34, 0x28, 0xff, 0x88, 0x34, 0x28, 0xff,
    0x90, 0x34, 0x28, 0xff, 0x90, 0x38, 0x28, 0xff, 0x90, 0x3c, 0x28, 0xff,
    0x90, 0x3c, 0x28, 0xff, 0x90, 0x3c, 0x28, 0xff, 0x90, 0x3c, 0x28, 0xff,
    0x90, 0x3c, 0x30, 0xff, 0x90, 0x3c, 0x28, 0xff, 0x88, 0x40, 0x60, 0xff,
    0x88, 0x40, 0x60, 0xff, 0x88, 0x40, 0x60, 0xff, 0x88, 0x40, 0x68, 0xff,
    0x88, 0x40, 0x60, 0xff, 0x88, 0x3c, 0x60, 0xff, 0x88, 0x40, 0x60, 0xff,
    0x88, 0x40, 0x60, 0xff, 0x88, 0x40, 0x68, 0xff, 0x88, 0x3c, 0x60, 0xff,
    0x88, 0x3c, 0x60, 0xff, 0x88, 0x40, 0x68, 0xff, 0x88, 0x40, 0x60, 0xff,
    0x88, 0x40, 0x60, 0xff, 0x88, 0x40, 0x60, 0xff, 0x88, 0x40, 0x60, 0xff,
    0x88, 0x3c, 0x60, 0xff, 0x88, 0x3c, 0x58, 0xff, 0x88, 0x3c, 0x58, 0xff,
    0x88, 0x3c, 0x58, 0xff, 0x88, 0x3c, 0x58, 0xff, 0x88, 0x3c, 0x58, 0xff,
    0x88, 0x3c, 0x50, 0xff, 0x88, 0x3c, 0x58, 0xff, 0x88, 0x3c, 0x58, 0xff,
    0x88, 0x3c, 0x58, 0xff, 0x90, 0x3c, 0x50, 0xff, 0x88, 0x38, 0x48, 0xff,
    0x88, 0x38, 0x48, 0xff, 0x88, 0x38, 0x48, 0xff, 0x88, 0x38, 0x48, 0xff,
    0x88, 0x38, 0x48, 0xff, 0x90, 0x38, 0x48, 0xff, 0x88, 0x38, 0x40, 0xff,
    0x88, 0x38, 0x40, 0xff, 0x90, 0x34, 0x38, 0xff, 0x88, 0x38, 0x38, 0xff,
    0x88, 0x34, 0x38, 0xff, 0x88, 0x38, 0x38, 0xff, 0x88, 0x38, 0x38, 0xff,
    0x88, 0x34, 0x38, 0xff, 0x88, 0x34, 0x28, 0xff, 0x90, 0x34, 0x28, 0xff,
    0x90, 0x34, 0x28, 0xff, 0x88, 0x34, 0x28, 0xff, 0x88, 0x34, 0x28, 0xff,
    0x90, 0x34, 0x28, 0xff, 0x88, 0x34, 0x28, 0xff, 0x90, 0x34, 0x28, 0xff,
    0x88, 0x34, 0x28, 0xff, 0x88, 0x34, 0x28, 0xff, 0x88, 0x34, 0x28, 0xff,
    0x88, 0x34, 0x20, 0xff, 0x90, 0x34, 0x28, 0xff, 0x90, 0x34, 0x28, 0xff,
    0x90, 0x34, 0x28, 0xff, 0x88, 0x34, 0x28, 0xff, 0x88, 0x34, 0x28, 0xff,
    0x88, 0x34, 0x28, 0xff, 0x88, 0x34, 0x28, 0xff, 0x90, 0x34, 0x28, 0xff,
    0x88, 0x34, 0x28, 0xff, 0x88, 0x34, 0x28, 0xff, 0x88, 0x34, 0x20, 0xff,
    0x90, 0x34, 0x28, 0xff, 0x88, 0x34, 0x28, 0xff, 0x90, 0x34, 0x28, 0xff,
    0x88, 0x34, 0x28, 0xff, 0x88, 0x34, 0x28, 0xff, 0x88, 0x34, 0x28, 0xff,
    0x90, 0x38, 0x28, 0xff, 0x90, 0x38, 0x28, 0xff, 0x90, 0x3c, 0x28, 0xff,
    0x90, 0x3c, 0x28, 0xff, 0x90, 0x3c, 0x28, 0xff, 0x90, 0x3c, 0x30, 0xff,
    0x90, 0x3c, 0x30, 0xff, 0x90, 0x3c, 0x28, 0xff, 0x90, 0x3c, 0x28, 0xff,
    0x90, 0x3c, 0x30, 0xff, 0x88, 0x40, 0x60, 0xff, 0x88, 0x40, 0x68, 0xff,
    0x88, 0x40, 0x68, 0xff, 0x88, 0x3c, 0x60, 0xff, 0x88, 0x40, 0x60, 0xff,
    0x88, 0x40, 0x68, 0xff, 0x88, 0x40, 0x68, 0xff, 0x88, 0x3c, 0x68, 0xff,
    0x88, 0x40, 0x68, 0xff, 0x88, 0x40, 0x60, 0xff, 0x88, 0x40, 0x60, 0xff,
    0x88, 0x40, 0x68, 0xff, 0x88, 0x40, 0x60, 0xff, 0x88, 0x40, 0x60, 0xff,
    0x88, 0x3c, 0x60, 0xff, 0x88, 0x3c, 0x58, 0xff, 0x88, 0x3c, 0x58, 0xff,
    0x88, 0x3c, 0x58, 0xff, 0x88, 0x3c, 0x58, 0xff, 0x88, 0x3c, 0x58, 0xff,
    0x88, 0x3c, 0x58, 0xff, 0x88, 0x3c, 0x50, 0xff, 0x88, 0x3c, 0x58, 0xff,
    0x90, 0x3c, 0x58, 0xff, 0x88, 0x3c, 0x50, 0xff, 0x88, 0x38, 0x50, 0xff,
    0x88, 0x38, 0x48, 0xff, 0x88, 0x38, 0x40, 0xff, 0x90, 0x38, 0x48, 0xff,
    0x88, 0x38, 0x48, 0xff, 0x88, 0x38, 0x40, 0xff, 0x88, 0x38, 0x48, 0xff,
    0x88, 0x38, 0x48, 0xff, 0x88, 0x38, 0x40, 0xff, 0x88, 0x38, 0x38, 0xff,
    0x88, 0x34, 0x38, 0xff, 0x88, 0x34, 0x38, 0xff, 0x88, 0x38, 0x38, 0xff,
    0x90, 0x34, 0x38, 0xff, 0x88, 0x38, 0x38, 0xff, 0x90, 0x34, 0x30, 0xff,
    0x90, 0x34, 0x28, 0xff, 0x88, 0x34, 0x28, 0xff, 0x88, 0x34, 0x28, 0xff,
    0x88, 0x34, 0x28, 0xff, 0x88, 0x34, 0x28, 0xff, 0x88, 0x34, 0x20, 0xff,
    0x90, 0x34, 0x28, 0xff, 0x88, 0x34, 0x28, 0xff, 0x88, 0x34, 0x28, 0xff,
    0x88, 0x34, 0x28, 0xff, 0x90, 0x34, 0x28, 0xff, 0x90, 0x34, 0x28, 0xff,
    0x88, 0x34, 0x28, 0xff, 0x88, 0x34, 0x28, 0xff, 0x88, 0x34, 0x20, 0xff,
    0x90, 0x34, 0x28, 0xff, 0x90, 0x34, 0x28, 0xff, 0x90, 0x34, 0x28, 0xff,
    0x90, 0x34, 0x20, 0xff, 0x88, 0x34, 0x28, 0xff, 0x90, 0x34, 0x28, 0xff,
    0x90, 0x34, 0x28, 0xff, 0x90, 0x34, 0x28, 0xff, 0x88, 0x34, 0x28, 0xff,
    0x90, 0x34, 0x28, 0xff, 0x88, 0x34, 0x28, 0xff, 0x88, 0x34, 0x28, 0xff,
    0x90, 0x38, 0x28, 0xff, 0x90, 0x3c, 0x28, 0xff, 0x90, 0x3c, 0x28, 0xff,
    0x90, 0x3c, 0x30, 0xff, 0x90, 0x3c, 0x28, 0xff, 0x90, 0x3c, 0x30, 0xff,
    0x90, 0x3c, 0x28, 0xff, 0x90, 0x3c, 0x28, 0xff, 0x90, 0x3c, 0x30, 0xff,
    0x90, 0x3c, 0x28, 0xff, 0x90, 0x3c, 0x30, 0xff, 0x90, 0x3c, 0x28, 0xff,
    0x88, 0x40, 0x60, 0xff, 0x88, 0x3c, 0x60, 0xff, 0x88, 0x3c, 0x60, 0xff,
    0x88, 0x40, 0x60, 0xff, 0x88, 0x40, 0x60, 0xff, 0x88, 0x40, 0x60, 0xff,
    0x88, 0x40, 0x60, 0xff, 0x88, 0x40, 0x60, 0xff, 0x88, 0x40, 0x60, 0xff,
    0x88, 0x40, 0x60, 0xff, 0x88, 0x40, 0x60, 0xff, 0x88, 0x3c, 0x60, 0xff,
    0x88, 0x3c, 0x58, 0xff, 0x88, 0x3c, 0x58, 0xff, 0x88, 0x3c, 0x58, 0xff,
    0x88, 0x3c, 0x58, 0xff, 0x88, 0x3c, 0x58, 0xff, 0x88, 0x3c, 0x58, 0xff,
    0x88, 0x3c, 0x50, 0xff, 0x90, 0x3c, 0x58, 0xff, 0x88, 0x3c, 0x58, 0xff,
    0x88, 0x3c, 0x58, 0xff, 0x88, 0x3c, 0x58, 0xff, 0x88, 0x3c, 0x50, 0xff,
    0x88, 0x38, 0x48, 0xff, 0x88, 0x38, 0x48, 0xff, 0x88, 0x38, 0x40, 0xff,
    0x88, 0x38, 0x48, 0xff, 0x88, 0x38, 0x48, 0xff, 0x88, 0x38, 0x48, 0xff,
    0x88, 0x38, 0x48, 0xff, 0x88, 0x38, 0x40, 0xff, 0x88, 0x38, 0x40, 0xff,
    0x90, 0x34, 0x38, 0xff, 0x90, 0x38, 0x38, 0xff, 0x88, 0x34, 0x38, 0xff,
    0x88, 0x38, 0x38, 0xff, 0x90, 0x34, 0x40, 0xff, 0x88, 0x38, 0x38, 0xff,
    0x88, 0x34, 0x30, 0xff, 0x88, 0x34, 0x28, 0xff, 0x90, 0x34, 0x28, 0xff,
    0x88, 0x34, 0x28, 0xff, 0x88, 0x34, 0x28, 0xff, 0x90, 0x34, 0x28, 0xff,
    0x90, 0x34, 0x28, 0xff, 0x90, 0x34, 0x28, 0xff, 0x88, 0x34, 0x28, 0xff,
    0x88, 0x34, 0x28, 0xff, 0x90, 0x34, 0x20, 0xff, 0x90, 0x34, 0x28, 0xff,
    0x88, 0x34, 0x28, 0xff, 0x88, 0x34, 0x28, 0xff, 0x90, 0x34, 0x28, 0xff,
    0x88, 0x34, 0x28, 0xff, 0x88, 0x34, 0x28, 0xff, 0x88, 0x34, 0x28, 0xff,
    0x88, 0x34, 0x28, 0xff, 0x88, 0x34, 0x28, 0xff, 0x88, 0x34, 0x28, 0xff,
    0x88, 0x34, 0x28, 0xff, 0x88, 0x34, 0x20, 0xff, 0x88, 0x34, 0x28, 0xff,
    0x88, 0x34, 0x28, 0xff, 0x88, 0x34, 0x28, 0xff, 0x88, 0x34, 0x28, 0xff,
    0x90, 0x38, 0x28, 0xff, 0x90, 0x3c, 0x28, 0xff, 0x90, 0x3c, 0x30, 0xff,
    0x90, 0x3c, 0x28, 0xff, 0x90, 0x3c, 0x30, 0xff, 0x90, 0x3c, 0x28, 0xff,
    0x90, 0x3c, 0x28, 0xff, 0x90, 0x3c, 0x30, 0xff, 0x90, 0x3c, 0x30, 0xff,
    0x90, 0x3c, 0x28, 0xff, 0x90, 0x3c, 0x28, 0xff, 0x90, 0x3c, 0x30, 0xff,
    0x90, 0x3c, 0x28, 0xff, 0x90, 0x3c, 0x30, 0xff, 0x88, 0x40, 0x60, 0xff,
    0x88, 0x40, 0x60, 0xff, 0x88, 0x40, 0x60, 0xff, 0x88, 0x40, 0x60, 0xff,
    0x88, 0x3c, 0x60, 0xff, 0x88, 0x3c, 0x60, 0xff, 0x88, 0x3c, 0x60, 0xff,
    0x88, 0x40, 0x58, 0xff, 0x88, 0x3c, 0x58, 0xff, 0x88, 0x3c, 0x58, 0xff,
    0x88, 0x3c, 0x58, 0xff, 0x88, 0x3c, 0x58, 0xff, 0x88, 0x3c, 0x58, 0xff,
    0x88, 0x3c, 0x58, 0xff, 0x88, 0x3c, 0x58, 0xff, 0x88, 0x3c, 0x58, 0xff,
    0x88, 0x3c, 0x50, 0xff, 0x88, 0x3c, 0x58, 0xff, 0x88, 0x3c, 0x58, 0xff,
    0x88, 0x3c, 0x58, 0xff, 0x88, 0x3c, 0x50, 0xff, 0x88, 0x3c, 0x50, 0xff,
    0x90, 0x38, 0x48, 0xff, 0x88, 0x38, 0x48, 0xff, 0x88, 0x38, 0x48, 0xff,
    0x90, 0x38, 0x48, 0xff, 0x88, 0x38, 0x48, 0xff, 0x88, 0x38, 0x48, 0xff,
    0x88, 0x38, 0x40, 0xff, 0x88, 0x38, 0x48, 0xff, 0x88, 0x38, 0x48, 0xff,
    0x90, 0x38, 0x40, 0xff, 0x88, 0x38, 0x38, 0xff, 0x88, 0x34, 0x38, 0xff,
    0x88, 0x34, 0x38, 0xff, 0x88, 0x38, 0x38, 0xff, 0x88, 0x38, 0x38, 0xff,
    0x90, 0x38, 0x38, 0xff, 0x88, 0x34, 0x30, 0xff, 0x88, 0x34, 0x28, 0xff,
    0x90, 0x34, 0x28, 0xff, 0x88, 0x34, 0x28, 0xff, 0x88, 0x34, 0x28, 0xff,
    0x90, 0x34, 0x28, 0xff, 0x88, 0x34, 0x20, 0xff, 0x88, 0x34, 0x28, 0xff,
    0x88, 0x34, 0x28, 0xff, 0x88, 0x34, 0x28, 0xff, 0x90, 0x34, 0x28, 0xff,
    0x88, 0x34, 0x28, 0xff, 0x88, 0x34, 0x28, 0xff, 0x90, 0x34, 0x28, 0xff,
    0x88, 0x34, 0x20, 0xff, 0x88, 0x34, 0x28, 0xff, 0x90, 0x34, 0x28, 0xff,
    0x90, 0x34, 0x28, 0xff, 0x90, 0x34, 0x28, 0xff, 0x88, 0x34, 0x20, 0xff,
    0x88, 0x34, 0x28, 0xff, 0x90, 0x34, 0x28, 0xff, 0x88, 0x34, 0x28, 0xff,
    0x90, 0x34, 0x28, 0xff, 0x88, 0x34, 0x28, 0xff, 0x88, 0x34, 0x28, 0xff,
    0x90, 0x38, 0x28, 0xff, 0x90, 0x3c, 0x28, 0xff, 0x90, 0x3c, 0x28, 0xff,
    0x90, 0x3c, 0x28, 0xff, 0x90, 0x3c, 0x28, 0xff, 0x90, 0x3c, 0x28, 0xff,
    0x90, 0x3c, 0x30, 0xff, 0x90, 0x3c, 0x28, 0xff, 0x90, 0x3c, 0x28, 0xff,
    0x90, 0x3c, 0x28, 0xff, 0x90, 0x3c, 0x28, 0xff, 0x90, 0x3c, 0x30, 0xff,
    0x90, 0x3c, 0x28, 0xff, 0x90, 0x3c, 0x28, 0xff, 0x90, 0x3c, 0x30, 0xff,
    0x90, 0x3c, 0x28, 0xff, 0x88, 0x3c, 0x58, 0xff, 0x88, 0x3c, 0x58, 0xff,
    0x88, 0x3c, 0x58, 0xff, 0x88, 0x3c, 0x58, 0xff, 0x88, 0x3c, 0x58, 0xff,
    0x88, 0x3c, 0x58, 0xff, 0x88, 0x3c, 0x58, 0xff, 0x88, 0x3c, 0x58, 0xff,
    0x88, 0x3c, 0x50, 0xff, 0x88, 0x3c, 0x58, 0xff, 0x88, 0x3c, 0x58, 0xff,
    0x88, 0x3c, 0x58, 0xff, 0x88, 0x3c, 0x50, 0xff, 0x88, 0x3c, 0x58, 0xff,
    0x88, 0x3c, 0x58, 0xff, 0x88, 0x3c, 0x50, 0xff, 0x90, 0x3c, 0x58, 0xff,
    0x88, 0x3c, 0x58, 0xff, 0x88, 0x3c, 0x58, 0xff, 0x88, 0x3c, 0x50, 0xff,
    0x88, 0x3c, 0x50, 0xff, 0x88, 0x38, 0x48, 0xff, 0x88, 0x38, 0x48, 0xff,
    0x88, 0x38, 0x48, 0xff, 0x88, 0x38, 0x48, 0xff, 0x88, 0x38, 0x40, 0xff,
    0x88, 0x38, 0x48, 0xff, 0x88, 0x38, 0x48, 0xff, 0x90, 0x38, 0x48, 0xff,
    0x88, 0x38, 0x40, 0xff, 0x88, 0x34, 0x38, 0xff, 0x88, 0x34, 0x38, 0xff,
    0x90, 0x38, 0x38, 0xff, 0x88, 0x34, 0x38, 0xff, 0x88, 0x38, 0x38, 0xff,
    0x90, 0x34, 0x38, 0xff, 0x88, 0x34, 0x38, 0xff, 0x88, 0x34, 0x30, 0xff,
    0x88, 0x34, 0x28, 0xff, 0x90, 0x34, 0x28, 0xff, 0x90, 0x34, 0x28, 0xff,
    0x88, 0x34, 0x28, 0xff, 0x90, 0x34, 0x28, 0xff, 0x90, 0x34, 0x28, 0xff,
    0x88, 0x34, 0x28, 0xff, 0x88, 0x34, 0x28, 0xff, 0x90, 0x34, 0x28, 0xff,
    0x88, 0x34, 0x28, 0xff, 0x88, 0x34, 0x20, 0xff, 0x90, 0x34, 0x28, 0xff,
    0x88, 0x34, 0x28, 0xff, 0x88, 0x34, 0x28, 0xff, 0x90, 0x34, 0x28, 0xff,
    0x88, 0x34, 0x28, 0xff, 0x88, 0x34, 0x20, 0xff, 0x88, 0x34, 0x28, 0xff,
    0x88, 0x34, 0x28, 0xff, 0x90, 0x34, 0x28, 0xff, 0x90, 0x34, 0x28, 0xff,
    0x88, 0x34, 0x28, 0xff, 0x90, 0x34, 0x28, 0xff, 0x88, 0x34, 0x28, 0xff,
    0x90, 0x34, 0x28, 0xff, 0x90, 0x3c, 0x28, 0xff, 0x90, 0x3c, 0x28, 0xff,
    0x90, 0x3c, 0x30, 0xff, 0x90, 0x3c, 0x30, 0xff, 0x90, 0x3c, 0x30, 0xff,
    0x90, 0x3c, 0x28, 0xff, 0x90, 0x3c, 0x28, 0xff, 0x90, 0x3c, 0x28, 0xff,
    0x90, 0x3c, 0x30, 0xff, 0x90, 0x3c, 0x28, 0xff, 0x90, 0x3c, 0x30, 0xff,
    0x90, 0x3c, 0x28, 0xff, 0x90, 0x3c, 0x28, 0xff, 0x90, 0x3c, 0x30, 0xff,
    0x90, 0x3c, 0x28, 0xff, 0x90, 0x3c, 0x28, 0xff, 0x90, 0x3c, 0x28, 0xff,
    0x88, 0x3c, 0x58, 0xff, 0x88, 0x3c, 0x58, 0xff, 0x88, 0x3c, 0x50, 0xff,
    0x88, 0x3c, 0x58, 0xff, 0x88, 0x3c, 0x58, 0xff, 0x88, 0x3c, 0x50, 0xff,
    0x88, 0x3c, 0x58, 0xff, 0x88, 0x3c, 0x58, 0xff, 0x88, 0x3c, 0x58, 0xff,
    0x88, 0x3c, 0x58, 0xff, 0x90, 0x3c, 0x58, 0xff, 0x88, 0x3c, 0x50, 0xff,
    0x88, 0x3c, 0x58, 0xff, 0x90, 0x3c, 0x58, 0xff, 0x88, 0x3c, 0x50, 0xff,
    0x88, 0x3c, 0x58, 0xff, 0x88, 0x3c, 0x58, 0xff, 0x88, 0x3c, 0x50, 0xff,
    0x88, 0x38, 0x48, 0xff, 0x90, 0x38, 0x48, 0xff, 0x88, 0x38, 0x48, 0xff,
    0x88, 0x38, 0x48, 0xff, 0x88, 0x38, 0x48, 0xff, 0x88, 0x38, 0x48, 0xff,
    0x88, 0x38, 0x40, 0xff, 0x88, 0x38, 0x48, 0xff, 0x88, 0x38, 0x48, 0xff,
    0x88, 0x38, 0x48, 0xff, 0x88, 0x38, 0x40, 0xff, 0x90, 0x34, 0x38, 0xff,
    0x88, 0x38, 0x38, 0xff, 0x90, 0x38, 0x38, 0xff, 0x88, 0x34, 0x38, 0xff,
    0x88, 0x34, 0x38, 0xff, 0x90, 0x38, 0x38, 0xff, 0x88, 0x38, 0x38, 0xff,
    0x88, 0x34, 0x30, 0xff, 0x88, 0x34, 0x28, 0xff, 0x90, 0x34, 0x28, 0xff,
    0x88, 0x34, 0x28, 0xff, 0x88, 0x34, 0x28, 0xff, 0x88, 0x34, 0x28, 0xff,
    0x88, 0x34, 0x20, 0xff, 0x88, 0x34, 0x28, 0xff, 0x88, 0x34, 0x28, 0xff,
    0x90, 0x34, 0x28, 0xff, 0x88, 0x34, 0x20, 0xff, 0x90, 0x34, 0x28, 0xff,
    0x90, 0x34, 0x28, 0xff, 0x88, 0x34, 0x28, 0xff, 0x90, 0x34, 0x20, 0xff,
    0x88, 0x34, 0x28, 0xff, 0x88, 0x34, 0x28, 0xff, 0x90, 0x34, 0x28, 0xff,
    0x90, 0x34, 0x28, 0xff, 0x88, 0x34, 0x28, 0xff, 0x88, 0x34, 0x28, 0xff,
    0x88, 0x34, 0x28, 0xff, 0x88, 0x34, 0x28, 0xff, 0x88, 0x34, 0x28, 0xff,
    0x88, 0x34, 0x28, 0xff, 0x90, 0x38, 0x28, 0xff, 0x90, 0x3c, 0x28, 0xff,
    0x90, 0x3c, 0x28, 0xff, 0x90, 0x3c, 0x28, 0xff, 0x90, 0x3c, 0x28, 0xff,
    0x90, 0x3c, 0x28, 0xff, 0x90, 0x3c, 0x28, 0xff, 0x90, 0x3c, 0x30, 0xff,
    0x90, 0x3c, 0x30, 0xff, 0x90, 0x3c, 0x28, 0xff, 0x90, 0x3c, 0x28, 0xff,
    0x90, 0x3c, 0x30, 0xff, 0x90, 0x3c, 0x30, 0xff, 0x90, 0x3c, 0x30, 0xff,
    0x90, 0x3c, 0x28, 0xff, 0x90, 0x3c, 0x28, 0xff, 0x90, 0x3c, 0x30, 0xff,
    0x90, 0x3c, 0x28, 0xff, 0x90, 0x3c, 0x30, 0xff, 0x88, 0x3c, 0x58, 0xff,
    0x88, 0x3c, 0x58, 0xff, 0x88, 0x3c, 0x58, 0xff, 0x88, 0x3c, 0x58, 0xff,
    0x88, 0x3c, 0x58, 0xff, 0x88, 0x3c, 0x50, 0xff, 0x88, 0x3c, 0x58, 0xff,
    0x90, 0x3c, 0x58, 0xff, 0x88, 0x3c, 0x58, 0xff, 0x88, 0x3c, 0x58, 0xff,
    0x88, 0x3c, 0x58, 0xff, 0x88, 0x3c, 0x58, 0xff, 0x88, 0x3c, 0x58, 0xff,
    0x88, 0x3c, 0x58, 0xff, 0x88, 0x3c, 0x50, 0xff, 0x88, 0x3c, 0x50, 0xff,
    0x88, 0x38, 0x48, 0xff, 0x88, 0x38, 0x48, 0xff, 0x88, 0x38, 0x48, 0xff,
    0x88, 0x38, 0x48, 0xff, 0x88, 0x38, 0x40, 0xff, 0x88, 0x38, 0x40, 0xff,
    0x90, 0x38, 0x48, 0xff, 0x88, 0x38, 0x40, 0xff, 0x88, 0x38, 0x48, 0xff,
    0x90, 0x38, 0x48, 0xff, 0x88, 0x38, 0x40, 0xff, 0x88, 0x38, 0x40, 0xff,
    0x88, 0x38, 0x38, 0xff, 0x88, 0x34, 0x38, 0xff, 0x88, 0x34, 0x38, 0xff,
    0x88, 0x38, 0x38, 0xff, 0x88, 0x38, 0x38, 0xff, 0x88, 0x34, 0x40, 0xff,
    0x88, 0x38, 0x38, 0xff, 0x88, 0x34, 0x30, 0xff, 0x90, 0x34, 0x28, 0xff,
    0x90, 0x34, 0x28, 0xff, 0x88, 0x34, 0x28, 0xff, 0x90, 0x34, 0x28, 0xff,
    0x88, 0x34, 0x28, 0xff, 0x88, 0x34, 0x28, 0xff, 0x90, 0x34, 0x28, 0xff,
    0x90, 0x34, 0x28, 0xff, 0x88, 0x34, 0x28, 0xff, 0x88, 0x34, 0x28, 0xff,
    0x90, 0x34, 0x28, 0xff, 0x88, 0x34, 0x28, 0xff, 0x88, 0x34, 0x28, 0xff,
    0x88, 0x34, 0x28, 0xff, 0x88, 0x34, 0x28, 0xff, 0x90, 0x34, 0x28, 0xff,
    0x88, 0x34, 0x28, 0xff, 0x88, 0x34, 0x28, 0xff, 0x88, 0x34, 0x28, 0xff,
    0x90, 0x34, 0x28, 0xff, 0x90, 0x34, 0x20, 0xff, 0x90, 0x34, 0x28, 0xff,
    0x88, 0x34, 0x28, 0xff, 0x90, 0x38, 0x28, 0xff, 0x90, 0x3c, 0x28, 0xff,
    0x90, 0x3c, 0x28, 0xff, 0x90, 0x3c, 0x28, 0xff, 0x90, 0x3c, 0x30, 0xff,
    0x90, 0x3c, 0x30, 0xff, 0x90, 0x3c, 0x30, 0xff, 0x90, 0x3c, 0x28, 0xff,
    0x90, 0x3c, 0x28, 0xff, 0x90, 0x3c, 0x28, 0xff, 0x90, 0x3c, 0x30, 0xff,
    0x90, 0x3c, 0x30, 0xff, 0x90, 0x3c, 0x28, 0xff, 0x90, 0x3c, 0x28, 0xff,
    0x90, 0x3c, 0x28, 0xff, 0x90, 0x3c, 0x28, 0xff, 0x90, 0x3c, 0x28, 0xff,
    0x90, 0x3c, 0x30, 0xff, 0x90, 0x3c, 0x28, 0xff, 0x90, 0x3c, 0x30, 0xff,
    0x90, 0x3c, 0x28, 0xff, 0x88, 0x3c, 0x58, 0xff, 0x88, 0x3c, 0x58, 0xff,
    0x88, 0x3c, 0x50, 0xff, 0x88, 0x3c, 0x58, 0xff, 0x90, 0x3c, 0x58, 0xff,
    0x88, 0x3c, 0x58, 0xff, 0x88, 0x3c, 0x58, 0xff, 0x88, 0x3c, 0x58, 0xff,
    0x88, 0x3c, 0x50, 0xff, 0x88, 0x3c, 0x50, 0xff, 0x88, 0x3c, 0x50, 0xff,
    0x88, 0x3c, 0x50, 0xff, 0x88, 0x38, 0x48, 0xff, 0x88, 0x38, 0x48, 0xff,
    0x88, 0x38, 0x48, 0xff, 0x88, 0x38, 0x48, 0xff, 0x90, 0x38, 0x40, 0xff,
    0x88, 0x38, 0x48, 0xff, 0x88, 0x38, 0x48, 0xff, 0x88, 0x38, 0x48, 0xff,
    0x88, 0x38, 0x48, 0xff, 0x88, 0x38, 0x48, 0xff, 0x88, 0x38, 0x48, 0xff,
    0x88, 0x38, 0x48, 0xff, 0x88, 0x38, 0x48, 0xff, 0x88, 0x38, 0x40, 0xff,
    0x90, 0x34, 0x38, 0xff, 0x88, 0x38, 0x38, 0xff, 0x90, 0x34, 0x38, 0xff,
    0x88, 0x38, 0x38, 0xff, 0x88, 0x38, 0x38, 0xff, 0x90, 0x34, 0x38, 0xff,
    0x88, 0x34, 0x38, 0xff, 0x88, 0x38, 0x38, 0xff, 0x90, 0x34, 0x30, 0xff,
    0x90, 0x34, 0x28, 0xff, 0x88, 0x34, 0x28, 0xff, 0x88, 0x34, 0x28, 0xff,
    0x90, 0x34, 0x28, 0xff, 0x88, 0x34, 0x20, 0xff, 0x90, 0x34, 0x28, 0xff,
    0x90, 0x34, 0x28, 0xff, 0x88, 0x34, 0x28, 0xff, 0x88, 0x34, 0x28, 0xff,
    0x90, 0x34, 0x28, 0xff, 0x90, 0x34, 0x20, 0xff, 0x88, 0x34, 0x28, 0xff,
    0x88, 0x34, 0x28, 0xff, 0x88, 0x34, 0x28, 0xff, 0x90, 0x34, 0x28, 0xff,
    0x88, 0x34, 0x28, 0xff, 0x88, 0x34, 0x28, 0xff, 0x90, 0x34, 0x28, 0xff,
    0x90, 0x34, 0x20, 0xff, 0x88, 0x34, 0x28, 0xff, 0x88, 0x34, 0x28, 0xff,
    0x88, 0x34, 0x28, 0xff, 0x88, 0x34, 0x28, 0xff, 0x90, 0x38, 0x28, 0xff,
    0x90, 0x3c, 0x28, 0xff, 0x90, 0x3c, 0x28, 0xff, 0x90, 0x3c, 0x28, 0xff,
    0x90, 0x3c, 0x28, 0xff, 0x90, 0x3c, 0x30, 0xff, 0x90, 0x3c, 0x28, 0xff,
    0x90, 0x3c, 0x28, 0xff, 0x90, 0x3c, 0x30, 0xff, 0x90, 0x3c, 0x30, 0xff,
    0x90, 0x3c, 0x28, 0xff, 0x90, 0x3c, 0x28, 0xff, 0x90, 0x3c, 0x28, 0xff,
    0x90, 0x3c, 0x30, 0xff, 0x90, 0x3c, 0x28, 0xff, 0x90, 0x3c, 0x28, 0xff,
    0x90, 0x3c, 0x28, 0xff, 0x90, 0x3c, 0x30, 0xff, 0x90, 0x3c, 0x30, 0xff,
    0x90, 0x3c, 0x28, 0xff, 0x90, 0x3c, 0x28, 0xff, 0x90, 0x3c, 0x28, 0xff,
    0x88, 0x38, 0x48, 0xff, 0x88, 0x38, 0x48, 0xff, 0x88, 0x3c, 0x50, 0xff,
    0x88, 0x38, 0x50, 0xff, 0x88, 0x3c, 0x48, 0xff, 0x88, 0x38, 0x48, 0xff,
    0x88, 0x38, 0x48, 0xff, 0x88, 0x38, 0x48, 0xff, 0x88, 0x38, 0x48, 0xff,
    0x88, 0x38, 0x48, 0xff, 0x90, 0x38, 0x48, 0xff, 0x88, 0x38, 0x48, 0xff,
    0x88, 0x38, 0x48, 0xff, 0x90, 0x38, 0x48, 0xff, 0x88, 0x38, 0x48, 0xff,
    0x88, 0x38, 0x40, 0xff, 0x88, 0x38, 0x48, 0xff, 0x88, 0x38, 0x48, 0xff,
    0x90, 0x38, 0x40, 0xff, 0x88, 0x38, 0x40, 0xff, 0x88, 0x38, 0x48, 0xff,
    0x88, 0x38, 0x48, 0xff, 0x88, 0x38, 0x48, 0xff, 0x88, 0x38, 0x40, 0xff,
    0x88, 0x34, 0x38, 0xff, 0x88, 0x38, 0x38, 0xff, 0x88, 0x38, 0x38, 0xff,
    0x88, 0x34, 0x38, 0xff, 0x88, 0x34, 0x38, 0xff, 0x90, 0x34, 0x38, 0xff,
    0x88, 0x38, 0x38, 0xff, 0x88, 0x38, 0x38, 0xff, 0x90, 0x34, 0x38, 0xff,
    0x88, 0x34, 0x28, 0xff, 0x90, 0x34, 0x28, 0xff, 0x88, 0x34, 0x28, 0xff,
    0x88, 0x34, 0x28, 0xff, 0x88, 0x34, 0x28, 0xff, 0x88, 0x34, 0x28, 0xff,
    0x88, 0x34, 0x28, 0xff, 0x88, 0x34, 0x28, 0xff, 0x90, 0x34, 0x28, 0xff,
    0x88, 0x34, 0x20, 0xff, 0x88, 0x34, 0x28, 0xff, 0x88, 0x34, 0x28, 0xff,
    0x88, 0x34, 0x28, 0xff, 0x88, 0x34, 0x28, 0xff, 0x90, 0x34, 0x28, 0xff,
    0x90, 0x34, 0x28, 0xff, 0x88, 0x34, 0x20, 0xff, 0x90, 0x34, 0x28, 0xff,
    0x90, 0x34, 0x28, 0xff, 0x88, 0x34, 0x28, 0xff, 0x88, 0x34, 0x28, 0xff,
    0x90, 0x34, 0x28, 0xff, 0x88, 0x34, 0x28, 0xff, 0x88, 0x34, 0x28, 0xff,
    0x90, 0x38, 0x28, 0xff, 0x90, 0x3c, 0x30, 0xff, 0x90, 0x3c, 0x30, 0xff,
    0x90, 0x3c, 0x30, 0xff, 0x90, 0x3c, 0x28, 0xff, 0x90, 0x3c, 0x30, 0xff,
    0x90, 0x3c, 0x28, 0xff, 0x90, 0x3c, 0x28, 0xff, 0x90, 0x3c, 0x28, 0xff,
    0x90, 0x3c, 0x28, 0xff, 0x90, 0x3c, 0x28, 0xff, 0x90, 0x3c, 0x30, 0xff,
    0x90, 0x3c, 0x28, 0xff, 0x90, 0x3c, 0x28, 0xff, 0x90, 0x3c, 0x28, 0xff,
    0x90, 0x3c, 0x30, 0xff, 0x90, 0x3c, 0x30, 0xff, 0x90, 0x3c, 0x30, 0xff,
    0x90, 0x3c, 0x28, 0xff, 0x90, 0x3c, 0x28, 0xff, 0x90, 0x3c, 0x28, 0xff,
    0x90, 0x3c, 0x28, 0xff, 0x90, 0x40, 0x30, 0xff, 0x88, 0x38, 0x48, 0xff,
    0x88, 0x38, 0x48, 0xff, 0x88, 0x38, 0x48, 0xff, 0x88, 0x38, 0x48, 0xff,
    0x88, 0x38, 0x40, 0xff, 0x88, 0x38, 0x48, 0xff, 0x90, 0x38, 0x48, 0xff,
    0x88, 0x38, 0x48, 0xff, 0x88, 0x38, 0x40, 0xff, 0x88, 0x38, 0x48, 0xff,
    0x88, 0x38, 0x48, 0xff, 0x88, 0x38, 0x48, 0xff, 0x88, 0x38, 0x40, 0xff,
    0x88, 0x38, 0x48, 0xff, 0x88, 0x38, 0x40, 0xff, 0x88, 0x38, 0x48, 0xff,
    0x88, 0x38, 0x48, 0xff, 0x88, 0x38, 0x48, 0xff, 0x88, 0x38, 0x48, 0xff,
    0x88, 0x38, 0x48, 0xff, 0x88, 0x38, 0x48, 0xff, 0x90, 0x38, 0x40, 0xff,
    0x90, 0x34, 0x38, 0xff, 0x88, 0x34, 0x38, 0xff, 0x90, 0x38, 0x38, 0xff,
    0x90, 0x38, 0x38, 0xff, 0x88, 0x34, 0x38, 0xff, 0x88, 0x34, 0x38, 0xff,
    0x88, 0x38, 0x40, 0xff, 0x88, 0x38, 0x38, 0xff, 0x88, 0x34, 0x38, 0xff,
    0x88, 0x34, 0x30, 0xff, 0x88, 0x34, 0x28, 0xff, 0x90, 0x34, 0x28, 0xff,
    0x88, 0x34, 0x28, 0xff, 0x88, 0x34, 0x28, 0xff, 0x88, 0x34, 0x28, 0xff,
    0x90, 0x34, 0x28, 0xff, 0x90, 0x34, 0x28, 0xff, 0x88, 0x34, 0x28, 0xff,
    0x88, 0x34, 0x28, 0xff, 0x88, 0x34, 0x28, 0xff, 0x90, 0x34, 0x28, 0xff,
    0x88, 0x34, 0x28, 0xff, 0x90, 0x34, 0x28, 0xff, 0x88, 0x34, 0x28, 0xff,
    0x90, 0x34, 0x28, 0xff, 0x88, 0x34, 0x20, 0xff, 0x88, 0x34, 0x28, 0xff,
    0x90, 0x34, 0x28, 0xff, 0x88, 0x34, 0x28, 0xff, 0x88, 0x34, 0x20, 0xff,
    0x88, 0x34, 0x28, 0xff, 0x88, 0x34, 0x28, 0xff, 0x88, 0x34, 0x28, 0xff,
    0x90, 0x34, 0x28, 0xff, 0x90, 0x3c, 0x28, 0xff, 0x90, 0x3c, 0x28, 0xff,
    0x90, 0x3c, 0x28, 0xff, 0x90, 0x3c, 0x28, 0xff, 0x90, 0x3c, 0x28, 0xff,
    0x90, 0x3c, 0x30, 0xff, 0x90, 0x3c, 0x28, 0xff, 0x90, 0x3c, 0x28, 0xff,
    0x90, 0x3c, 0x30, 0xff, 0x90, 0x3c, 0x30, 0xff, 0x90, 0x3c, 0x30, 0xff,
    0x90, 0x3c, 0x28, 0xff, 0x90, 0x3c, 0x28, 0xff, 0x90, 0x3c, 0x30, 0xff,
    0x90, 0x3c, 0x30, 0xff, 0x90, 0x3c, 0x30, 0xff, 0x90, 0x3c, 0x28, 0xff,
    0x90, 0x3c, 0x28, 0xff, 0x90, 0x3c, 0x28, 0xff, 0x90, 0x40, 0x28, 0xff,
    0x90, 0x40, 0x30, 0xff, 0x98, 0x44, 0x30, 0xff, 0x98, 0x44, 0x30, 0xff,
    0x98, 0x44, 0x30, 0xff, 0x88, 0x38, 0x48, 0xff, 0x88, 0x38, 0x48, 0xff,
    0x88, 0x38, 0x40, 0xff, 0x88, 0x38, 0x40, 0xff, 0x90, 0x38, 0x48, 0xff,
    0x88, 0x38, 0x48, 0xff, 0x88, 0x38, 0x48, 0xff, 0x88, 0x38, 0x48, 0xff,
    0x90, 0x38, 0x48, 0xff, 0x88, 0x38, 0x48, 0xff, 0x88, 0x38, 0x48, 0xff,
    0x90, 0x38, 0x40, 0xff, 0x88, 0x38, 0x48, 0xff, 0x88, 0x38, 0x48, 0xff,
    0x88, 0x38, 0x48, 0xff, 0x90, 0x38, 0x48, 0xff, 0x88, 0x38, 0x48, 0xff,
    0x88, 0x38, 0x48, 0xff, 0x88, 0x38, 0x40, 0xff, 0x90, 0x38, 0x40, 0xff,
    0x88, 0x38, 0x38, 0xff, 0x88, 0x34, 0x38, 0xff, 0x88, 0x38, 0x38, 0xff,
    0x88, 0x38, 0x38, 0xff, 0x88, 0x34, 0x38, 0xff, 0x88, 0x34, 0x38, 0xff,
    0x88, 0x34, 0x38, 0xff, 0x90, 0x38, 0x38, 0xff, 0x90, 0x38, 0x38, 0xff,
    0x88, 0x34, 0x38, 0xff, 0x90, 0x34, 0x30, 0xff, 0x90, 0x34, 0x28, 0xff,
    0x88, 0x34, 0x28, 0xff, 0x88, 0x34, 0x28, 0xff, 0x90, 0x34, 0x28, 0xff,
    0x90, 0x34, 0x28, 0xff, 0x90, 0x34, 0x20, 0xff, 0x90, 0x34, 0x28, 0xff,
    0x88, 0x34, 0x28, 0xff, 0x90, 0x34, 0x20, 0xff, 0x90, 0x34, 0x28, 0xff,
    0x90, 0x34, 0x28, 0xff, 0x88, 0x34, 0x28, 0xff, 0x90, 0x34, 0x28, 0xff,
    0x88, 0x34, 0x20, 0xff, 0x90, 0x34, 0x28, 0xff, 0x88, 0x34, 0x28, 0xff,
    0x90, 0x34, 0x28, 0xff, 0x88, 0x34, 0x28, 0xff, 0x88, 0x34, 0x28, 0xff,
    0x88, 0x34, 0x28, 0xff, 0x88, 0x34, 0x28, 0xff, 0x90, 0x34, 0x28, 0xff,
    0x90, 0x34, 0x28, 0xff, 0x90, 0x34, 0x28, 0xff, 0x90, 0x3c, 0x28, 0xff,
    0x90, 0x3c, 0x28, 0xff, 0x90, 0x3c, 0x28, 0xff, 0x90, 0x3c, 0x28, 0xff,
    0x90, 0x3c, 0x28, 0xff, 0x90, 0x3c, 0x28, 0xff, 0x90, 0x3c, 0x28, 0xff,
    0x90, 0x3c, 0x30, 0xff, 0x90, 0x3c, 0x30, 0xff, 0x90, 0x3c, 0x28, 0xff,
    0x90, 0x3c, 0x28, 0xff, 0x90, 0x3c, 0x28, 0xff, 0x90, 0x3c, 0x30, 0xff,
    0x90, 0x3c, 0x28, 0xff, 0x90, 0x3c, 0x28, 0xff, 0x90, 0x3c, 0x28, 0xff,
    0x90, 0x3c, 0x28, 0xff, 0x90, 0x3c, 0x28, 0xff, 0x90, 0x40, 0x28, 0xff,
    0x90, 0x44, 0x30, 0xff, 0x98, 0x44, 0x30, 0xff, 0x98, 0x44, 0x30, 0xff,
    0x98, 0x44, 0x30, 0xff, 0x98, 0x44, 0x30, 0xff, 0x90, 0x44, 0x30, 0xff,
    0x88, 0x38, 0x48, 0xff, 0x88, 0x38, 0x48, 0xff, 0x88, 0x38, 0x48, 0xff,
    0x88, 0x38, 0x48, 0xff, 0x88, 0x38, 0x48, 0xff, 0x88, 0x38, 0x48, 0xff,
    0x88, 0x38, 0x40, 0xff, 0x88, 0x38, 0x48, 0xff, 0x88, 0x38, 0x48, 0xff,
    0x88, 0x38, 0x48, 0xff, 0x88, 0x38, 0x48, 0xff, 0x88, 0x38, 0x48, 0xff,
    0x88, 0x38, 0x48, 0xff, 0x88, 0x38, 0x48, 0xff, 0x88, 0x38, 0x48, 0xff,
    0x88, 0x38, 0x40, 0xff, 0x88, 0x38, 0x40, 0xff, 0x88, 0x34, 0x38, 0xff,
    0x90, 0x34, 0x38, 0xff, 0x88, 0x34, 0x38, 0xff, 0x88, 0x34, 0x38, 0xff,
    0x88, 0x38, 0x38, 0xff, 0x88, 0x34, 0x38, 0xff, 0x88, 0x38, 0x38, 0xff,
    0x88, 0x38, 0x40, 0xff, 0x88, 0x34, 0x38, 0xff, 0x88, 0x38, 0x38, 0xff,
    0x88, 0x38, 0x38, 0xff, 0x88, 0x34, 0x30, 0xff, 0x90, 0x34, 0x28, 0xff,
    0x88, 0x34, 0x28, 0xff, 0x88, 0x34, 0x28, 0xff, 0x90, 0x34, 0x28, 0xff,
    0x88, 0x34, 0x28, 0xff, 0x88, 0x34, 0x28, 0xff, 0x88, 0x34, 0x28, 0xff,
    0x88, 0x34, 0x28, 0xff, 0x88, 0x34, 0x28, 0xff, 0x88, 0x34, 0x28, 0xff,
    0x88, 0x34, 0x28, 0xff, 0x88, 0x34, 0x28, 0xff, 0x88, 0x34, 0x28, 0xff,
    0x88, 0x34, 0x20, 0xff, 0x88, 0x34, 0x28, 0xff, 0x90, 0x34, 0x28, 0xff,
    0x88, 0x34, 0x28, 0xff, 0x88, 0x34, 0x28, 0xff, 0x88, 0x34, 0x28, 0xff,
    0x90, 0x34, 0x28, 0xff, 0x88, 0x34, 0x28, 0xff, 0x90, 0x34, 0x28, 0xff,
    0x90, 0x34, 0x28, 0xff, 0x88, 0x34, 0x28, 0xff, 0x88, 0x34, 0x28, 0xff,
    0x90, 0x3c, 0x28, 0xff, 0x90, 0x3c, 0x28, 0xff, 0x90, 0x3c, 0x30, 0xff,
    0x90, 0x3c, 0x30, 0xff, 0x90, 0x3c, 0x30, 0xff, 0x90, 0x3c, 0x30, 0xff,
    0x90, 0x3c, 0x30, 0xff, 0x90, 0x3c, 0x30, 0xff, 0x90, 0x3c, 0x28, 0xff,
    0x90, 0x3c, 0x28, 0xff, 0x90, 0x3c, 0x28, 0xff, 0x90, 0x3c, 0x28, 0xff,
    0x90, 0x3c, 0x30, 0xff, 0x90, 0x3c, 0x28, 0xff, 0x90, 0x3c, 0x30, 0xff,
    0x90, 0x3c, 0x28, 0xff, 0x90, 0x40, 0x28, 0xff, 0x90, 0x44, 0x30, 0xff,
    0x98, 0x44, 0x30, 0xff, 0x98, 0x44, 0x30, 0xff, 0x98, 0x44, 0x30, 0xff,
    0x98, 0x44, 0x30, 0xff, 0x90, 0x44, 0x28, 0xff, 0x98, 0x44, 0x30, 0xff,
    0x98, 0x44, 0x30, 0xff, 0x98, 0x44, 0x28, 0xff, 0x88, 0x38, 0x40, 0xff,
    0x88, 0x38, 0x48, 0xff, 0x88, 0x38, 0x48, 0xff, 0x88, 0x38, 0x48, 0xff,
    0x88, 0x38, 0x48, 0xff, 0x88, 0x38, 0x48, 0xff, 0x88, 0x38, 0x48, 0xff,
    0x88, 0x38, 0x40, 0xff, 0x88, 0x38, 0x48, 0xff, 0x88, 0x38, 0x40, 0xff,
    0x88, 0x38, 0x40, 0xff, 0x88, 0x38, 0x40, 0xff, 0x88, 0x34, 0x40, 0xff,
    0x90, 0x38, 0x38, 0xff, 0x88, 0x34, 0x38, 0xff, 0x88, 0x34, 0x38, 0xff,
    0x88, 0x38, 0x38, 0xff, 0x90, 0x34, 0x38, 0xff, 0x88, 0x38, 0x38, 0xff,
    0x88, 0x38, 0x38, 0xff, 0x90, 0x34, 0x38, 0xff, 0x90, 0x38, 0x38, 0xff,
    0x88, 0x34, 0x38, 0xff, 0x90, 0x34, 0x38, 0xff, 0x90, 0x34, 0x38, 0xff,
    0x88, 0x38, 0x38, 0xff, 0x88, 0x34, 0x30, 0xff, 0x90, 0x34, 0x28, 0xff,
    0x88, 0x34, 0x28, 0xff, 0x88, 0x34, 0x28, 0xff, 0x88, 0x34, 0x28, 0xff,
    0x88, 0x34, 0x28, 0xff, 0x88, 0x34, 0x28, 0xff, 0x90, 0x34, 0x28, 0xff,
    0x90, 0x34, 0x28, 0xff, 0x88, 0x34, 0x28, 0xff, 0x88, 0x34, 0x28, 0xff,
    0x88, 0x34, 0x28, 0xff, 0x90, 0x34, 0x28, 0xff, 0x88, 0x34, 0x28, 0xff,
    0x88, 0x34, 0x28, 0xff, 0x90, 0x34, 0x28, 0xff, 0x90, 0x34, 0x28, 0xff,
    0x88, 0x34, 0x28, 0xff, 0x88, 0x34, 0x28, 0xff, 0x88, 0x34, 0x28, 0xff,
    0x90, 0x34, 0x28, 0xff, 0x88, 0x34, 0x20, 0xff, 0x88, 0x34, 0x28, 0xff,
    0x90, 0x34, 0x28, 0xff, 0x88, 0x34, 0x20, 0xff, 0x88, 0x34, 0x28, 0xff,
    0x90, 0x38, 0x28, 0xff, 0x90, 0x3c, 0x28, 0xff, 0x90, 0x3c, 0x28, 0xff,
    0x90, 0x3c, 0x28, 0xff, 0x90, 0x3c, 0x30, 0xff, 0x90, 0x3c, 0x28, 0xff,
    0x90, 0x3c, 0x28, 0xff, 0x90, 0x3c, 0x28, 0xff, 0x90, 0x3c, 0x28, 0xff,
    0x90, 0x3c, 0x28, 0xff, 0x90, 0x3c, 0x28, 0xff, 0x90, 0x3c, 0x28, 0xff,
    0x90, 0x3c, 0x30, 0xff, 0x90, 0x3c, 0x30, 0xff, 0x90, 0x3c, 0x28, 0xff,
    0x90, 0x3c, 0x28, 0xff, 0x90, 0x40, 0x28, 0xff, 0x98, 0x40, 0x30, 0xff,
    0x98, 0x44, 0x30, 0xff, 0x98, 0x44, 0x30, 0xff, 0x98, 0x44, 0x30, 0xff,
    0x98, 0x44, 0x30, 0xff, 0x98, 0x44, 0x28, 0xff, 0x98, 0x44, 0x30, 0xff,
    0x98, 0x44, 0x30, 0xff, 0x90, 0x44, 0x30, 0xff, 0x98, 0x44, 0x28, 0xff,
    0x90, 0x44, 0x30, 0xff, 0x88, 0x34, 0x38, 0xff, 0x88, 0x34, 0x38, 0xff,
    0x88, 0x38, 0x38, 0xff, 0x88, 0x34, 0x38, 0xff, 0x90, 0x38, 0x38, 0xff,
    0x88, 0x38, 0x38, 0xff, 0x88, 0x34, 0x38, 0xff, 0x90, 0x38, 0x38, 0xff,
    0x88, 0x34, 0x38, 0xff, 0x88, 0x38, 0x38, 0xff, 0x90, 0x38, 0x38, 0xff,
    0x88, 0x34, 0x38, 0xff, 0x88, 0x34, 0x38, 0xff, 0x88, 0x38, 0x38, 0xff,
    0x88, 0x38, 0x38, 0xff, 0x90, 0x34, 0x38, 0xff, 0x90, 0x38, 0x38, 0xff,
    0x88, 0x38, 0x38, 0xff, 0x88, 0x34, 0x38, 0xff, 0x88, 0x38, 0x38, 0xff,
    0x88, 0x38, 0x38, 0xff, 0x88, 0x34, 0x38, 0xff, 0x88, 0x38, 0x38, 0xff,
    0x88, 0x38, 0x38, 0xff, 0x88, 0x34, 0x30, 0xff, 0x90, 0x34, 0x28, 0xff,
    0x90, 0x34, 0x28, 0xff, 0x88, 0x34, 0x28, 0xff, 0x88, 0x34, 0x28, 0xff,
    0x90, 0x34, 0x28, 0xff, 0x90, 0x34, 0x28, 0xff, 0x90, 0x34, 0x28, 0xff,
    0x88, 0x34, 0x28, 0xff, 0x88, 0x34, 0x20, 0xff, 0x88, 0x34, 0x28, 0xff,
    0x90, 0x34, 0x28, 0xff, 0x90, 0x34, 0x20, 0xff, 0x90, 0x34, 0x28, 0xff,
    0x88, 0x34, 0x28, 0xff, 0x90, 0x34, 0x20, 0xff, 0x90, 0x34, 0x28, 0xff,
    0x88, 0x34, 0x28, 0xff, 0x88, 0x34, 0x28, 0xff, 0x90, 0x34, 0x28, 0xff,
    0x88, 0x34, 0x28, 0xff, 0x90, 0x34, 0x20, 0xff, 0x88, 0x34, 0x28, 0xff,
    0x90, 0x34, 0x28, 0xff, 0x90, 0x34, 0x28, 0xff, 0x88, 0x34, 0x28, 0xff,
    0x88, 0x34, 0x28, 0xff, 0x90, 0x38, 0x28, 0xff, 0x90, 0x3c, 0x28, 0xff,
    0x90, 0x3c, 0x28, 0xff, 0x90, 0x3c, 0x30, 0xff, 0x90, 0x3c, 0x30, 0xff,
    0x90, 0x3c, 0x28, 0xff, 0x90, 0x3c, 0x28, 0xff, 0x90, 0x3c, 0x28, 0xff,
    0x90, 0x3c, 0x30, 0xff, 0x90, 0x3c, 0x28, 0xff, 0x90, 0x3c, 0x28, 0xff,
    0x90, 0x3c, 0x30, 0xff, 0x90, 0x3c, 0x30, 0xff, 0x90, 0x3c, 0x28, 0xff,
    0x90, 0x3c, 0x28, 0xff, 0x90, 0x40, 0x30, 0xff, 0x90, 0x40, 0x28, 0xff,
    0x98, 0x44, 0x30, 0xff, 0x98, 0x44, 0x30, 0xff, 0x98, 0x44, 0x30, 0xff,
    0x98, 0x44, 0x30, 0xff, 0x98, 0x44, 0x30, 0xff, 0x90, 0x44, 0x28, 0xff,
    0x90, 0x44, 0x30, 0xff, 0x98, 0x44, 0x30, 0xff, 0x98, 0x44, 0x30, 0xff,
    0x98, 0x44, 0x28, 0xff, 0x98, 0x44, 0x30, 0xff, 0x98, 0x44, 0x30, 0xff,
    0x88, 0x38, 0x38, 0xff, 0x88, 0x38, 0x38, 0xff, 0x90, 0x34, 0x38, 0xff,
    0x90, 0x38, 0x38, 0xff, 0x88, 0x34, 0x38, 0xff, 0x88, 0x34, 0x38, 0xff,
    0x88, 0x38, 0x38, 0xff, 0x90, 0x34, 0x38, 0xff, 0x88, 0x38, 0x38, 0xff,
    0x88, 0x34, 0x38, 0xff, 0x88, 0x34, 0x38, 0xff, 0x88, 0x38, 0x38, 0xff,
    0x90, 0x38, 0x38, 0xff, 0x90, 0x34, 0x38, 0xff, 0x88, 0x34, 0x38, 0xff,
    0x88, 0x38, 0x38, 0xff, 0x88, 0x34, 0x38, 0xff, 0x88, 0x34, 0x38, 0xff,
    0x88, 0x38, 0x38, 0xff, 0x90, 0x34, 0x38, 0xff, 0x88, 0x34, 0x38, 0xff,
    0x88, 0x38, 0x38, 0xff, 0x88, 0x34, 0x30, 0xff, 0x90, 0x34, 0x28, 0xff,
    0x88, 0x34, 0x28, 0xff, 0x88, 0x34, 0x28, 0xff, 0x88, 0x34, 0x28, 0xff,
    0x90, 0x34, 0x28, 0xff, 0x88, 0x34, 0x28, 0xff, 0x90, 0x34, 0x28, 0xff,
    0x88, 0x34, 0x28, 0xff, 0x88, 0x34, 0x20, 0xff, 0x90, 0x34, 0x28, 0xff,
    0x88, 0x34, 0x28, 0xff, 0x90, 0x34, 0x28, 0xff, 0x88, 0x34, 0x28, 0xff,
    0x88, 0x34, 0x28, 0xff, 0x88, 0x34, 0x28, 0xff, 0x88, 0x34, 0x28, 0xff,
    0x88, 0x34, 0x28, 0xff, 0x90, 0x34, 0x28, 0xff, 0x88, 0x34, 0x28, 0xff,
    0x88, 0x34, 0x20, 0xff, 0x88, 0x34, 0x28, 0xff, 0x90, 0x34, 0x28, 0xff,
    0x88, 0x34, 0x28, 0xff, 0x90, 0x34, 0x28, 0xff, 0x88, 0x34, 0x28, 0xff,
    0x88, 0x34, 0x28, 0xff, 0x88, 0x34, 0x28, 0xff, 0x90, 0x34, 0x28, 0xff,
    0x90, 0x3c, 0x28, 0xff, 0x90, 0x3c, 0x28, 0xff, 0x90, 0x3c, 0x30, 0xff,
    0x90, 0x3c, 0x28, 0xff, 0x90, 0x3c, 0x28, 0xff, 0x90, 0x3c, 0x30, 0xff,
    0x90, 0x3c, 0x28, 0xff, 0x90, 0x3c, 0x30, 0xff, 0x90, 0x3c, 0x28, 0xff,
    0x90, 0x3c, 0x30, 0xff, 0x90, 0x3c, 0x30, 0xff, 0x90, 0x3c, 0x28, 0xff,
    0x90, 0x3c, 0x30, 0xff, 0x90, 0x3c, 0x28, 0xff, 0x90, 0x40, 0x28, 0xff,
    0x98, 0x44, 0x30, 0xff, 0x98, 0x44, 0x30, 0xff, 0x98, 0x44, 0x30, 0xff,
    0x98, 0x44, 0x30, 0xff, 0x90, 0x44, 0x30, 0xff, 0x90, 0x44, 0x30, 0xff,
    0x98, 0x44, 0x28, 0xff, 0x98, 0x44, 0x30, 0xff, 0x98, 0x44, 0x30, 0xff,
    0x98, 0x44, 0x30, 0xff, 0x90, 0x44, 0x28, 0xff, 0x98, 0x44, 0x30, 0xff,
    0x98, 0x44, 0x30, 0xff, 0x90, 0x44, 0x30, 0xff, 0x88, 0x34, 0x38, 0xff,
    0x88, 0x34, 0x38, 0xff, 0x88, 0x38, 0x38, 0xff, 0x88, 0x34, 0x38, 0xff,
    0x88, 0x38, 0x38, 0xff, 0x88, 0x34, 0x38, 0xff, 0x90, 0x34, 0x38, 0xff,
    0x88, 0x38, 0x38, 0xff, 0x88, 0x34, 0x38, 0xff, 0x90, 0x38, 0x38, 0xff,
    0x90, 0x34, 0x38, 0xff, 0x88, 0x34, 0x38, 0xff, 0x88, 0x38, 0x38, 0xff,
    0x88, 0x38, 0x38, 0xff, 0x88, 0x34, 0x38, 0xff, 0x88, 0x38, 0x38, 0xff,
    0x88, 0x38, 0x38, 0xff, 0x88, 0x34, 0x38, 0xff, 0x88, 0x38, 0x38, 0xff,
    0x88, 0x34, 0x30, 0xff, 0x90, 0x34, 0x28, 0xff, 0x88, 0x34, 0x28, 0xff,
    0x90, 0x34, 0x28, 0xff, 0x88, 0x34, 0x28, 0xff, 0x88, 0x34, 0x28, 0xff,
    0x90, 0x34, 0x28, 0xff, 0x88, 0x34, 0x28, 0xff, 0x88, 0x34, 0x28, 0xff,
    0x90, 0x34, 0x28, 0xff, 0x88, 0x34, 0x28, 0xff, 0x88, 0x34, 0x28, 0xff,
    0x88, 0x34, 0x28, 0xff, 0x88, 0x34, 0x28, 0xff, 0x90, 0x34, 0x28, 0xff,
    0x88, 0x34, 0x20, 0xff, 0x88, 0x34, 0x28, 0xff, 0x88, 0x34, 0x28, 0xff,
    0x90, 0x34, 0x20, 0xff, 0x90, 0x34, 0x28, 0xff, 0x88, 0x34, 0x28, 0xff,
    0x88, 0x34, 0x28, 0xff, 0x90, 0x34, 0x28, 0xff, 0x90, 0x34, 0x28, 0xff,
    0x88, 0x34, 0x28, 0xff, 0x88, 0x34, 0x28, 0xff, 0x90, 0x34, 0x28, 0xff,
    0x88, 0x34, 0x28, 0xff, 0x88, 0x34, 0x28, 0xff, 0x88, 0x34, 0x28, 0xff,
    0x90, 0x38, 0x28, 0xff, 0x90, 0x3c, 0x28, 0xff, 0x90, 0x3c, 0x28, 0xff,
    0x90, 0x3c, 0x30, 0xff, 0x90, 0x3c, 0x28, 0xff, 0x90, 0x3c, 0x30, 0xff,
    0x90, 0x3c, 0x28, 0xff, 0x90, 0x3c, 0x28, 0xff, 0x90, 0x3c, 0x30, 0xff,
    0x90, 0x3c, 0x28, 0xff, 0x90, 0x3c, 0x28, 0xff, 0x90, 0x3c, 0x28, 0xff,
    0x90, 0x3c, 0x28, 0xff, 0x90, 0x3c, 0x28, 0xff, 0x90, 0x40, 0x28, 0xff,
    0x98, 0x44, 0x30, 0xff, 0x98, 0x44, 0x30, 0xff, 0x98, 0x44, 0x30, 0xff,
    0x98, 0x44, 0x30, 0xff, 0x98, 0x44, 0x30, 0xff, 0x90, 0x44, 0x30, 0xff,
    0x98, 0x44, 0x28, 0xff, 0x98, 0x44, 0x28, 0xff, 0x90, 0x44, 0x30, 0xff,
    0x98, 0x44, 0x30, 0xff, 0x98, 0x44, 0x30, 0xff, 0x90, 0x44, 0x28, 0xff,
    0x98, 0x44, 0x30, 0xff, 0x98, 0x44, 0x30, 0xff, 0x90, 0x44, 0x30, 0xff,
    0x98, 0x44, 0x28, 0xff, 0x88, 0x34, 0x38, 0xff, 0x88, 0x38, 0x38, 0xff,
    0x88, 0x38, 0x38, 0xff, 0x88, 0x34, 0x38, 0xff, 0x88, 0x38, 0x38, 0xff,
    0x90, 0x38, 0x38, 0xff, 0x88, 0x38, 0x38, 0xff, 0x88, 0x38, 0x38, 0xff,
    0x88, 0x34, 0x38, 0xff, 0x88, 0x38, 0x38, 0xff, 0x88, 0x38, 0x38, 0xff,
    0x88, 0x38, 0x38, 0xff, 0x88, 0x34, 0x38, 0xff, 0x88, 0x34, 0x38, 0xff,
    0x88, 0x38, 0x38, 0xff, 0x90, 0x34, 0x30, 0xff, 0x90, 0x34, 0x30, 0xff,
    0x90, 0x34, 0x28, 0xff, 0x88, 0x34, 0x28, 0xff, 0x90, 0x34, 0x28, 0xff,
    0x88, 0x34, 0x28, 0xff, 0x88, 0x34, 0x28, 0xff, 0x90, 0x34, 0x28, 0xff,
    0x90, 0x34, 0x28, 0xff, 0x88, 0x34, 0x28, 0xff, 0x90, 0x34, 0x28, 0xff,
    0x90, 0x34, 0x28, 0xff, 0x88, 0x34, 0x28, 0xff, 0x88, 0x34, 0x20, 0xff,
    0x90, 0x34, 0x28, 0xff, 0x88, 0x34, 0x28, 0xff, 0x90, 0x34, 0x28, 0xff,
    0x90, 0x34, 0x28, 0xff, 0x88, 0x34, 0x28, 0xff, 0x88, 0x34, 0x28, 0xff,
    0x90, 0x34, 0x28, 0xff, 0x90, 0x34, 0x28, 0xff, 0x88, 0x34, 0x28, 0xff,
    0x88, 0x34, 0x28, 0xff, 0x90, 0x34, 0x28, 0xff, 0x88, 0x34, 0x20, 0xff,
    0x88, 0x34, 0x28, 0xff, 0x88, 0x34, 0x28, 0xff, 0x90, 0x34, 0x28, 0xff,
    0x88, 0x34, 0x20, 0xff, 0x88, 0x34, 0x28, 0xff, 0x88, 0x34, 0x28, 0xff,
    0x90, 0x34, 0x20, 0xff, 0x90, 0x34, 0x28, 0xff, 0x90, 0x3c, 0x28, 0xff,
    0x90, 0x3c, 0x28, 0xff, 0x90, 0x3c, 0x30, 0xff, 0x90, 0x3c, 0x28, 0xff,
    0x90, 0x3c, 0x28, 0xff, 0x90, 0x3c, 0x28, 0xff, 0x90, 0x3c, 0x30, 0xff,
    0x90, 0x3c, 0x28, 0xff, 0x90, 0x3c, 0x28, 0xff, 0x90, 0x3c, 0x30, 0xff,
    0x90, 0x3c, 0x30, 0xff, 0x90, 0x3c, 0x28, 0xff, 0x90, 0x3c, 0x28, 0xff,
    0x90, 0x40, 0x30, 0xff, 0x98, 0x44, 0x30, 0xff, 0x98, 0x44, 0x30, 0xff,
    0x98, 0x44, 0x30, 0xff, 0x98, 0x44, 0x30, 0xff, 0x90, 0x44, 0x30, 0xff,
    0x98, 0x44, 0x28, 0xff, 0x98, 0x44, 0x28, 0xff, 0x98, 0x44, 0x30, 0xff,
    0x98, 0x44, 0x30, 0xff, 0x98, 0x44, 0x30, 0xff, 0x90, 0x44, 0x28, 0xff,
    0x98, 0x44, 0x28, 0xff, 0x98, 0x44, 0x30, 0xff, 0x98, 0x44, 0x30, 0xff,
    0x98, 0x44, 0x30, 0xff, 0x98, 0x44, 0x28, 0xff, 0x98, 0x44, 0x30, 0xff,
    0x88, 0x34, 0x28, 0xff, 0x90, 0x34, 0x28, 0xff, 0x90, 0x34, 0x30, 0xff,
    0x90, 0x34, 0x30, 0xff, 0x88, 0x34, 0x30, 0xff, 0x88, 0x34, 0x30, 0xff,
    0x88, 0x34, 0x30, 0xff, 0x88, 0x34, 0x30, 0xff, 0x90, 0x34, 0x30, 0xff,
    0x88, 0x34, 0x30, 0xff, 0x88, 0x34, 0x28, 0xff, 0x88, 0x34, 0x28, 0xff,
    0x90, 0x34, 0x28, 0xff, 0x90, 0x34, 0x28, 0xff, 0x88, 0x34, 0x28, 0xff,
    0x90, 0x34, 0x28, 0xff, 0x88, 0x34, 0x28, 0xff, 0x88, 0x34, 0x28, 0xff,
    0x90, 0x34, 0x28, 0xff, 0x88, 0x34, 0x28, 0xff, 0x88, 0x34, 0x20, 0xff,
    0x90, 0x34, 0x28, 0xff, 0x88, 0x34, 0x28, 0xff, 0x88, 0x34, 0x28, 0xff,
    0x90, 0x34, 0x28, 0xff, 0x88, 0x34, 0x20, 0xff, 0x88, 0x34, 0x28, 0xff,
    0x88, 0x34, 0x28, 0xff, 0x90, 0x34, 0x28, 0xff, 0x88, 0x34, 0x28, 0xff,
    0x88, 0x34, 0x28, 0xff, 0x90, 0x34, 0x20, 0xff, 0x88, 0x34, 0x28, 0xff,
    0x88, 0x34, 0x28, 0xff, 0x90, 0x34, 0x28, 0xff, 0x88, 0x34, 0x28, 0xff,
    0x88, 0x34, 0x28, 0xff, 0x90, 0x34, 0x28, 0xff, 0x88, 0x34, 0x28, 0xff,
    0x88, 0x34, 0x28, 0xff, 0x90, 0x34, 0x28, 0xff, 0x88, 0x34, 0x28, 0xff,
    0x90, 0x34, 0x28, 0xff, 0x88, 0x34, 0x28, 0xff, 0x90, 0x34, 0x28, 0xff,
    0x90, 0x34, 0x28, 0xff, 0x88, 0x34, 0x28, 0xff, 0x88, 0x34, 0x28, 0xff,
    0x90, 0x38, 0x28, 0xff, 0x90, 0x3c, 0x28, 0xff, 0x90, 0x3c, 0x28, 0xff,
    0x90, 0x3c, 0x28, 0xff, 0x90, 0x3c, 0x30, 0xff, 0x90, 0x3c, 0x30, 0xff,
    0x90, 0x3c, 0x28, 0xff, 0x90, 0x3c, 0x28, 0xff, 0x90, 0x3c, 0x30, 0xff,
    0x90, 0x3c, 0x30, 0xff, 0x90, 0x3c, 0x28, 0xff, 0x90, 0x3c, 0x28, 0xff,
    0x90, 0x40, 0x30, 0xff, 0x90, 0x44, 0x30, 0xff, 0x98, 0x44, 0x30, 0xff,
    0x98, 0x44, 0x30, 0xff, 0x98, 0x44, 0x30, 0xff, 0x90, 0x44, 0x28, 0xff,
    0x90, 0x44, 0x28, 0xff, 0x98, 0x44, 0x30, 0xff, 0x98, 0x44, 0x30, 0xff,
    0x98, 0x44, 0x30, 0xff, 0x90, 0x44, 0x30, 0xff, 0x98, 0x44, 0x30, 0xff,
    0x98, 0x44, 0x30, 0xff, 0x98, 0x44, 0x30, 0xff, 0x98, 0x44, 0x30, 0xff,
    0x98, 0x44, 0x30, 0xff, 0x90, 0x44, 0x30, 0xff, 0x98, 0x44, 0x28, 0xff,
    0x90, 0x44, 0x30, 0xff, 0x98, 0x44, 0x30, 0xff, 0x88, 0x34, 0x28, 0xff,
    0x88, 0x34, 0x28, 0xff, 0x88, 0x34, 0x28, 0xff, 0x88, 0x34, 0x28, 0xff,
    0x90, 0x34, 0x28, 0xff, 0x88, 0x34, 0x28, 0xff, 0x88, 0x34, 0x28, 0xff,
    0x90, 0x34, 0x28, 0xff, 0x90, 0x34, 0x28, 0xff, 0x88, 0x34, 0x28, 0xff,
    0x90, 0x34, 0x28, 0xff, 0x90, 0x34, 0x28, 0xff, 0x88, 0x34, 0x28, 0xff,
    0x88, 0x34, 0x28, 0xff, 0x90, 0x34, 0x28, 0xff, 0x88, 0x34, 0x28, 0xff,
    0x88, 0x34, 0x28, 0xff, 0x88, 0x34, 0x28, 0xff, 0x88, 0x34, 0x28, 0xff,
    0x90, 0x34, 0x28, 0xff, 0x88, 0x34, 0x28, 0xff, 0x88, 0x34, 0x28, 0xff,
    0x90, 0x34, 0x28, 0xff, 0x88, 0x34, 0x28, 0xff, 0x88, 0x34, 0x28, 0xff,
    0x88, 0x34, 0x28, 0xff, 0x88, 0x34, 0x28, 0xff, 0x90, 0x34, 0x28, 0xff,
    0x88, 0x34, 0x28, 0xff, 0x88, 0x34, 0x28, 0xff, 0x90, 0x34, 0x28, 0xff,
    0x88, 0x34, 0x28, 0xff, 0x88, 0x34, 0x28, 0xff, 0x88, 0x34, 0x28, 0xff,
    0x90, 0x34, 0x20, 0xff, 0x88, 0x34, 0x28, 0xff, 0x88, 0x34, 0x28, 0xff,
    0x88, 0x34, 0x20, 0xff, 0x90, 0x34, 0x28, 0xff, 0x88, 0x34, 0x28, 0xff,
    0x88, 0x34, 0x28, 0xff, 0x90, 0x34, 0x28, 0xff, 0x88, 0x34, 0x20, 0xff,
    0x88, 0x34, 0x28, 0xff, 0x88, 0x34, 0x28, 0xff, 0x90, 0x34, 0x28, 0xff,
    0x88, 0x34, 0x28, 0xff, 0x90, 0x38, 0x28, 0xff, 0x90, 0x3c, 0x28, 0xff,
    0x90, 0x3c, 0x28, 0xff, 0x90, 0x3c, 0x30, 0xff, 0x90, 0x3c, 0x30, 0xff,
    0x90, 0x3c, 0x28, 0xff, 0x90, 0x3c, 0x28, 0xff, 0x90, 0x3c, 0x30, 0xff,
    0x90, 0x3c, 0x28, 0xff, 0x90, 0x3c, 0x28, 0xff, 0x90, 0x3c, 0x28, 0xff,
    0x90, 0x3c, 0x28, 0xff, 0x90, 0x40, 0x28, 0xff, 0x98, 0x44, 0x30, 0xff,
    0x98, 0x44, 0x30, 0xff, 0x98, 0x44, 0x30, 0xff, 0x98, 0x44, 0x28, 0xff,
    0x98, 0x44, 0x30, 0xff, 0x98, 0x44, 0x30, 0xff, 0x98, 0x44, 0x30, 0xff,
    0x98, 0x44, 0x30, 0xff, 0x98, 0x44, 0x28, 0xff, 0x90, 0x44, 0x30, 0xff,
    0x98, 0x44, 0x30, 0xff, 0x98, 0x44, 0x28, 0xff, 0x90, 0x44, 0x30, 0xff,
    0x98, 0x44, 0x30, 0xff, 0x98, 0x44, 0x30, 0xff, 0x90, 0x44, 0x30, 0xff,
    0x98, 0x44, 0x28, 0xff, 0x98, 0x44, 0x30, 0xff, 0x98, 0x44, 0x30, 0xff,
    0x98, 0x44, 0x30, 0xff, 0x88, 0x34, 0x28, 0xff, 0x90, 0x34, 0x28, 0xff,
    0x90, 0x34, 0x28, 0xff, 0x88, 0x34, 0x28, 0xff, 0x88, 0x34, 0x28, 0xff,
    0x90, 0x34, 0x28, 0xff, 0x90, 0x34, 0x28, 0xff, 0x88, 0x34, 0x28, 0xff,
    0x88, 0x34, 0x28, 0xff, 0x88, 0x34, 0x28, 0xff, 0x88, 0x34, 0x20, 0xff,
    0x90, 0x34, 0x28, 0xff, 0x88, 0x34, 0x28, 0xff, 0x88, 0x34, 0x28, 0xff,
    0x88, 0x34, 0x28, 0xff, 0x90, 0x34, 0x28, 0xff, 0x90, 0x34, 0x28, 0xff,
    0x88, 0x34, 0x20, 0xff, 0x90, 0x34, 0x28, 0xff, 0x88, 0x34, 0x28, 0xff,
    0x90, 0x34, 0x28, 0xff, 0x90, 0x34, 0x28, 0xff, 0x88, 0x34, 0x28, 0xff,
    0x88, 0x34, 0x20, 0xff, 0x90, 0x34, 0x28, 0xff, 0x90, 0x34, 0x28, 0xff,
    0x90, 0x34, 0x28, 0xff, 0x88, 0x34, 0x20, 0xff, 0x90, 0x34, 0x28, 0xff,
    0x90, 0x34, 0x28, 0xff, 0x88, 0x34, 0x20, 0xff, 0x88, 0x34, 0x28, 0xff,
    0x90, 0x34, 0x28, 0xff, 0x90, 0x34, 0x28, 0xff, 0x88, 0x34, 0x28, 0xff,
    0x90, 0x34, 0x28, 0xff, 0x90, 0x34, 0x28, 0xff, 0x90, 0x34, 0x28, 0xff,
    0x88, 0x34, 0x28, 0xff, 0x90, 0x34, 0x28, 0xff, 0x88, 0x34, 0x20, 0xff,
    0x88, 0x34, 0x28, 0xff, 0x90, 0x34, 0x28, 0xff, 0x88, 0x34, 0x28, 0xff,
    0x88, 0x34, 0x28, 0xff, 0x88, 0x34, 0x28, 0xff, 0x90, 0x38, 0x28, 0xff,
    0x90, 0x3c, 0x28, 0xff, 0x90, 0x3c, 0x28, 0xff, 0x90, 0x3c, 0x30, 0xff,
    0x90, 0x3c, 0x30, 0xff, 0x90, 0x3c, 0x28, 0xff, 0x90, 0x3c, 0x28, 0xff,
    0x90, 0x3c, 0x28, 0xff, 0x90, 0x3c, 0x28, 0xff, 0x90, 0x3c, 0x30, 0xff,
    0x90, 0x3c, 0x30, 0xff, 0x90, 0x3c, 0x28, 0xff, 0x90, 0x40, 0x30, 0xff,
    0x98, 0x44, 0x30, 0xff, 0x98, 0x44, 0x30, 0xff, 0x98, 0x44, 0x30, 0xff,
    0x90, 0x44, 0x30, 0xff, 0x98, 0x44, 0x28, 0xff, 0x98, 0x44, 0x30, 0xff,
    0x90, 0x44, 0x30, 0xff, 0x98, 0x44, 0x30, 0xff, 0x98, 0x44, 0x30, 0xff,
    0x90, 0x44, 0x30, 0xff, 0x98, 0x44, 0x30, 0xff, 0x98, 0x44, 0x30, 0xff,
    0x90, 0x44, 0x28, 0xff, 0x98, 0x44, 0x30, 0xff, 0x98, 0x44, 0x28, 0xff,
    0x90, 0x44, 0x28, 0xff, 0x98, 0x44, 0x30, 0xff, 0x98, 0x44, 0x30, 0xff,
    0x98, 0x44, 0x30, 0xff, 0x98, 0x48, 0x30, 0xff, 0x98, 0x4c, 0x28, 0xff,
    0x88, 0x34, 0x28, 0xff, 0x90, 0x34, 0x28, 0xff, 0x88, 0x34, 0x28, 0xff,
    0x88, 0x34, 0x20, 0xff, 0x90, 0x34, 0x28, 0xff, 0x88, 0x34, 0x28, 0xff,
    0x88, 0x34, 0x20, 0xff, 0x90, 0x34, 0x28, 0xff, 0x88, 0x34, 0x28, 0xff,
    0x88, 0x34, 0x28, 0xff, 0x90, 0x34, 0x28, 0xff, 0x88, 0x34, 0x28, 0xff,
    0x88, 0x34, 0x28, 0xff, 0x90, 0x34, 0x28, 0xff, 0x90, 0x34, 0x28, 0xff,
    0x88, 0x34, 0x20, 0xff, 0x88, 0x34, 0x28, 0xff, 0x90, 0x34, 0x28, 0xff,
    0x88, 0x34, 0x28, 0xff, 0x88, 0x34, 0x28, 0xff, 0x88, 0x34, 0x20, 0xff,
    0x88, 0x34, 0x28, 0xff, 0x88, 0x34, 0x28, 0xff, 0x90, 0x34, 0x28, 0xff,
    0x88, 0x34, 0x28, 0xff, 0x88, 0x34, 0x28, 0xff, 0x88, 0x34, 0x28, 0xff,
    0x90, 0x34, 0x28, 0xff, 0x88, 0x34, 0x28, 0xff, 0x88, 0x34, 0x28, 0xff,
    0x88, 0x34, 0x28, 0xff, 0x90, 0x34, 0x28, 0xff, 0x88, 0x34, 0x28, 0xff,
    0x88, 0x34, 0x20, 0xff, 0x88, 0x34, 0x28, 0xff, 0x88, 0x34, 0x28, 0xff,
    0x88, 0x34, 0x28, 0xff, 0x88, 0x34, 0x28, 0xff, 0x88, 0x34, 0x28, 0xff,
    0x88, 0x34, 0x28, 0xff, 0x90, 0x34, 0x28, 0xff, 0x90, 0x34, 0x28, 0xff,
    0x88, 0x34, 0x28, 0xff, 0x90, 0x34, 0x20, 0xff, 0x90, 0x34, 0x28, 0xff,
    0x90, 0x34, 0x28, 0xff, 0x90, 0x3c, 0x28, 0xff, 0x90, 0x3c, 0x28, 0xff,
    0x90, 0x3c, 0x30, 0xff, 0x90, 0x3c, 0x28, 0xff, 0x90, 0x3c, 0x28, 0xff,
    0x90, 0x3c, 0x28, 0xff, 0x90, 0x3c, 0x30, 0xff, 0x90, 0x3c, 0x28, 0xff,
    0x88, 0x50, 0x50, 0xff, 0x88, 0x54, 0x50, 0xff, 0x90, 0x40, 0x30, 0xff,
    0x90, 0x40, 0x30, 0xff, 0x98, 0x44, 0x30, 0xff, 0x98, 0x44, 0x30, 0xff,
    0x98, 0x44, 0x28, 0xff, 0x90, 0x44, 0x28, 0xff, 0x98, 0x44, 0x30, 0xff,
    0x98, 0x44, 0x30, 0xff, 0x90, 0x44, 0x28, 0xff, 0x98, 0x44, 0x30, 0xff,
    0x98, 0x44, 0x28, 0xff, 0x98, 0x44, 0x28, 0xff, 0x90, 0x44, 0x30, 0xff,
    0x98, 0x44, 0x28, 0xff, 0x98, 0x44, 0x30, 0xff, 0x98, 0x44, 0x30, 0xff,
    0x98, 0x44, 0x30, 0xff, 0x98, 0x44, 0x30, 0xff, 0x98, 0x44, 0x30, 0xff,
    0x98, 0x48, 0x30, 0xff, 0x98, 0x4c, 0x28, 0xff, 0x98, 0x4c, 0x30, 0xff,
    0xa0, 0x4c, 0x28, 0xff, 0xa0, 0x4c, 0x30, 0xff, 0x88, 0x34, 0x28, 0xff,
    0x88, 0x34, 0x28, 0xff, 0x88, 0x34, 0x28, 0xff, 0x88, 0x34, 0x28, 0xff,
    0x90, 0x34, 0x28, 0xff, 0x88, 0x34, 0x28, 0xff, 0x88, 0x34, 0x28, 0xff,
    0x88, 0x34, 0x28, 0xff, 0x90, 0x34, 0x20, 0xff, 0x88, 0x34, 0x28, 0xff,
    0x90, 0x34, 0x28, 0xff, 0x88, 0x34, 0x28, 0xff, 0x88, 0x34, 0x28, 0xff,
    0x90, 0x34, 0x28, 0xff, 0x88, 0x34, 0x28, 0xff, 0x88, 0x34, 0x28, 0xff,
    0x88, 0x34, 0x28, 0xff, 0x88, 0x34, 0x28, 0xff, 0x90, 0x34, 0x28, 0xff,
    0x90, 0x34, 0x28, 0xff, 0x88, 0x34, 0x28, 0xff, 0x88, 0x34, 0x28, 0xff,
    0x90, 0x34, 0x28, 0xff, 0x88, 0x34, 0x28, 0xff, 0x88, 0x34, 0x28, 0xff,
    0x88, 0x34, 0x20, 0xff, 0x90, 0x34, 0x28, 0xff, 0x88, 0x34, 0x28, 0xff,
    0x88, 0x34, 0x28, 0xff, 0x88, 0x34, 0x28, 0xff, 0x90, 0x34, 0x28, 0xff,
    0x88, 0x34, 0x28, 0xff, 0x88, 0x34, 0x28, 0xff, 0x90, 0x34, 0x28, 0xff,
    0x90, 0x34, 0x28, 0xff, 0x88, 0x34, 0x28, 0xff, 0x88, 0x34, 0x28, 0xff,
    0x90, 0x34, 0x20, 0xff, 0x90, 0x34, 0x28, 0xff, 0x88, 0x34, 0x28, 0xff,
    0x88, 0x34, 0x28, 0xff, 0x88, 0x34, 0x28, 0xff, 0x88, 0x34, 0x28, 0xff,
    0x88, 0x34, 0x28, 0xff, 0x88, 0x34, 0x28, 0xff, 0x90, 0x38, 0x28, 0xff,
    0x90, 0x3c, 0x30, 0xff, 0x90, 0x3c, 0x28, 0xff, 0x90, 0x3c, 0x28, 0xff,
    0x90, 0x3c, 0x30, 0xff, 0x90, 0x3c, 0x28, 0xff, 0x90, 0x3c, 0x30, 0xff,
    0x80, 0x6c, 0x78, 0xff, 0x48, 0xb4, 0xe0, 0xff, 0x30, 0xc8, 0xf8, 0xff,
    0x58, 0xb0, 0xd8, 0xff, 0x60, 0x98, 0xb0, 0xff, 0x80, 0x7c, 0x90, 0xff,
    0x98, 0x44, 0x30, 0xff, 0x98, 0x44, 0x30, 0xff, 0x98, 0x44, 0x30, 0xff,
    0x98, 0x44, 0x30, 0xff, 0x98, 0x44, 0x30, 0xff, 0x90, 0x44, 0x30, 0xff,
    0x98, 0x44, 0x30, 0xff, 0x98, 0x44, 0x30, 0xff, 0x98, 0x44, 0x30, 0xff,
    0x90, 0x44, 0x30, 0xff, 0x98, 0x44, 0x30, 0xff, 0x98, 0x44, 0x30, 0xff,
    0x90, 0x44, 0x28, 0xff, 0x98, 0x44, 0x30, 0xff, 0x98, 0x44, 0x30, 0xff,
    0x98, 0x48, 0x30, 0xff, 0x98, 0x4c, 0x30, 0xff, 0xa0, 0x4c, 0x30, 0xff,
    0xa0, 0x4c, 0x28, 0xff, 0xa0, 0x4c, 0x30, 0xff, 0x98, 0x4c, 0x30, 0xff,
    0x98, 0x4c, 0x28, 0xff, 0x88, 0x34, 0x28, 0xff, 0x90, 0x34, 0x28, 0xff,
    0x90, 0x34, 0x28, 0xff, 0x90, 0x34, 0x28, 0xff, 0x88, 0x34, 0x28, 0xff,
    0x88, 0x34, 0x28, 0xff, 0x90, 0x34, 0x28, 0xff, 0x90, 0x34, 0x28, 0xff,
    0x88, 0x34, 0x28, 0xff, 0x90, 0x34, 0x28, 0xff, 0x88, 0x34, 0x28, 0xff,
    0x90, 0x34, 0x20, 0xff, 0x90, 0x34, 0x28, 0xff, 0x88, 0x34, 0x28, 0xff,
    0x88, 0x34, 0x20, 0xff, 0x90, 0x34, 0x28, 0xff, 0x90, 0x34, 0x28, 0xff,
    0x88, 0x34, 0x28, 0xff, 0x88, 0x34, 0x20, 0xff, 0x88, 0x34, 0x28, 0xff,
    0x90, 0x34, 0x28, 0xff, 0x90, 0x34, 0x28, 0xff, 0x88, 0x34, 0x20, 0xff,
    0x90, 0x34, 0x28, 0xff, 0x90, 0x34, 0x28, 0xff, 0x90, 0x34, 0x28, 0xff,
    0x88, 0x34, 0x28, 0xff, 0x88, 0x34, 0x20, 0xff, 0x90, 0x34, 0x28, 0xff,
    0x90, 0x34, 0x28, 0xff, 0x88, 0x34, 0x20, 0xff, 0x90, 0x34, 0x28, 0xff,
    0x90, 0x34, 0x28, 0xff, 0x88, 0x34, 0x28, 0xff, 0x88, 0x34, 0x28, 0xff,
    0x90, 0x34, 0x20, 0xff, 0x90, 0x34, 0x28, 0xff, 0x88, 0x34, 0x28, 0xff,
    0x88, 0x34, 0x28, 0xff, 0x90, 0x34, 0x20, 0xff, 0x88, 0x34, 0x28, 0xff,
    0x90, 0x34, 0x28, 0xff, 0x90, 0x34, 0x28, 0xff, 0x88, 0x34, 0x28, 0xff,
    0x90, 0x38, 0x28, 0xff, 0x90, 0x3c, 0x28, 0xff, 0x90, 0x3c, 0x28, 0xff,
    0x90, 0x3c, 0x28, 0xff, 0x90, 0x3c, 0x30, 0xff, 0x90, 0x3c, 0x28, 0xff,
    0x90, 0x3c, 0x30, 0xff, 0x88, 0x5c, 0x60, 0xff, 0x30, 0xc4, 0xf0, 0xff,
    0x18, 0xcc, 0xf8, 0xff, 0x20, 0xcc, 0xf8, 0xff, 0x50, 0xb8, 0xe0, 0xff,
    0x58, 0xa0, 0xc0, 0xff, 0x38, 0xc4, 0xf0, 0xff, 0x90, 0x5c, 0x58, 0xff,
    0x98, 0x44, 0x30, 0xff, 0x90, 0x44, 0x30, 0xff, 0x90, 0x44, 0x30, 0xff,
    0x98, 0x44, 0x30, 0xff, 0x98, 0x44, 0x28, 0xff, 0x98, 0x44, 0x30, 0xff,
    0x98, 0x44, 0x30, 0xff, 0x90, 0x44, 0x28, 0xff, 0x98, 0x44, 0x30, 0xff,
    0x98, 0x44, 0x30, 0xff, 0x98, 0x44, 0x30, 0xff, 0x98, 0x44, 0x30, 0xff,
    0x98, 0x48, 0x30, 0xff, 0x98, 0x4c, 0x28, 0xff, 0xa0, 0x50, 0x28, 0xff,
    0xa0, 0x4c, 0x28, 0xff, 0x98, 0x50, 0x28, 0xff, 0x98, 0x4c, 0x30, 0xff,
    0x98, 0x4c, 0x30, 0xff, 0xa0, 0x50, 0x30, 0xff, 0xa0, 0x50, 0x28, 0xff,
    0x88, 0x34, 0x28, 0xff, 0x90, 0x34, 0x28, 0xff, 0x88, 0x34, 0x28, 0xff,
    0x88, 0x34, 0x20, 0xff, 0x90, 0x34, 0x28, 0xff, 0x88, 0x34, 0x28, 0xff,
    0x90, 0x34, 0x20, 0xff, 0x88, 0x34, 0x28, 0xff, 0x88, 0x34, 0x28, 0xff,
    0x88, 0x34, 0x28, 0xff, 0x88, 0x34, 0x28, 0xff, 0x88, 0x34, 0x28, 0xff,
    0x88, 0x34, 0x28, 0xff, 0x90, 0x34, 0x28, 0xff, 0x88, 0x34, 0x28, 0xff,
    0x88, 0x34, 0x28, 0xff, 0x88, 0x34, 0x28, 0xff, 0x90, 0x34, 0x28, 0xff,
    0x90, 0x34, 0x28, 0xff, 0x88, 0x34, 0x28, 0xff, 0x88, 0x34, 0x28, 0xff,
    0x88, 0x34, 0x28, 0xff, 0x90, 0x34, 0x28, 0xff, 0x88, 0x34, 0x28, 0xff,
    0x88, 0x34, 0x28, 0xff, 0x88, 0x34, 0x28, 0xff, 0x90, 0x34, 0x28, 0xff,
    0x88, 0x34, 0x28, 0xff, 0x88, 0x34, 0x28, 0xff, 0x88, 0x34, 0x28, 0xff,
    0x90, 0x34, 0x28, 0xff, 0x88, 0x34, 0x28, 0xff, 0x88, 0x34, 0x20, 0xff,
    0x88, 0x34, 0x28, 0xff, 0x88, 0x34, 0x28, 0xff, 0x88, 0x34, 0x28, 0xff,
    0x90, 0x34, 0x28, 0xff, 0x88, 0x34, 0x28, 0xff, 0x88, 0x34, 0x28, 0xff,
    0x88, 0x34, 0x28, 0xff, 0x90, 0x34, 0x28, 0xff, 0x88, 0x34, 0x20, 0xff,
    0x88, 0x34, 0x28, 0xff, 0x90, 0x34, 0x28, 0xff, 0x90, 0x3c, 0x28, 0xff,
    0x90, 0x3c, 0x28, 0xff, 0x90, 0x3c, 0x28, 0xff, 0x90, 0x3c, 0x30, 0xff,
    0x90, 0x3c, 0x28, 0xff, 0x90, 0x3c, 0x28, 0xff, 0x90, 0x3c, 0x28, 0xff,
    0x60, 0x9c, 0xc0, 0xff, 0x18, 0xcc, 0xf8, 0xff, 0x28, 0xc4, 0xf8, 0xff,
    0x28, 0xc8, 0xf8, 0xff, 0x58, 0xb8, 0xe0, 0xff, 0x58, 0xa0, 0xc0, 0xff,
    0x18, 0xcc, 0xf8, 0xff, 0x70, 0x8c, 0xa8, 0xff, 0x98, 0x44, 0x30, 0xff,
    0x98, 0x44, 0x28, 0xff, 0x98, 0x44, 0x28, 0xff, 0x98, 0x44, 0x30, 0xff,
    0x98, 0x44, 0x30, 0xff, 0x90, 0x44, 0x28, 0xff, 0x98, 0x44, 0x30, 0xff,
    0x98, 0x44, 0x30, 0xff, 0x98, 0x44, 0x28, 0xff, 0x98, 0x44, 0x30, 0xff,
    0x98, 0x48, 0x28, 0xff, 0xa0, 0x4c, 0x30, 0xff, 0xa0, 0x4c, 0x30, 0xff,
    0x98, 0x4c, 0x28, 0xff, 0xa0, 0x4c, 0x30, 0xff, 0xa0, 0x4c, 0x30, 0xff,
    0xa0, 0x4c, 0x30, 0xff, 0xa0, 0x50, 0x28, 0xff, 0xa0, 0x4c, 0x28, 0xff,
    0xa0, 0x4c, 0x28, 0xff, 0xa0, 0x4c, 0x30, 0xff, 0x88, 0x34, 0x28, 0xff,
    0x88, 0x34, 0x28, 0xff, 0x88, 0x34, 0x28, 0xff, 0x88, 0x34, 0x28, 0xff,
    0x88, 0x34, 0x28, 0xff, 0x90, 0x34, 0x28, 0xff, 0x88, 0x34, 0x28, 0xff,
    0x88, 0x34, 0x28, 0xff, 0x88, 0x34, 0x28, 0xff, 0x90, 0x34, 0x28, 0xff,
    0x90, 0x34, 0x20, 0xff, 0x88, 0x34, 0x28, 0xff, 0x90, 0x34, 0x28, 0xff,
    0x88, 0x34, 0x28, 0xff, 0x88, 0x34, 0x28, 0xff, 0x90, 0x34, 0x28, 0xff,
    0x88, 0x34, 0x20, 0xff, 0x88, 0x34, 0x28, 0xff, 0x88, 0x34, 0x28, 0xff,
    0x90, 0x34, 0x28, 0xff, 0x88, 0x34, 0x20, 0xff, 0x88, 0x34, 0x28, 0xff,
    0x88, 0x34, 0x28, 0xff, 0x88, 0x34, 0x28, 0xff, 0x88, 0x34, 0x20, 0xff,
    0x88, 0x34, 0x28, 0xff, 0x88, 0x34, 0x28, 0xff, 0x90, 0x34, 0x28, 0xff,
    0x90, 0x34, 0x28, 0xff, 0x88, 0x34, 0x28, 0xff, 0x88, 0x34, 0x28, 0xff,
    0x88, 0x34, 0x28, 0xff, 0x88, 0x34, 0x28, 0xff, 0x90, 0x34, 0x28, 0xff,
    0x90, 0x34, 0x28, 0xff, 0x88, 0x34, 0x28, 0xff, 0x88, 0x34, 0x28, 0xff,
    0x88, 0x34, 0x28, 0xff, 0x90, 0x34, 0x28, 0xff, 0x90, 0x34, 0x28, 0xff,
    0x88, 0x34, 0x28, 0xff, 0x88, 0x34, 0x28, 0xff, 0x88, 0x34, 0x28, 0xff,
    0x90, 0x38, 0x28, 0xff, 0x90, 0x3c, 0x28, 0xff, 0x90, 0x3c, 0x30, 0xff,
    0x90, 0x3c, 0x30, 0xff, 0x90, 0x3c, 0x28, 0xff, 0x90, 0x3c, 0x30, 0xff,
    0x90, 0x3c, 0x30, 0xff, 0x90, 0x3c, 0x28, 0xff, 0x40, 0xb8, 0xe0, 0xff,
    0x30, 0xc8, 0xf0, 0xff, 0x80, 0x6c, 0x78, 0xff, 0x48, 0xb0, 0xd8, 0xff,
    0x50, 0xb8, 0xe0, 0xff, 0x88, 0x6c, 0x78, 0xff, 0x20, 0xcc, 0xf8, 0xff,
    0x60, 0xa4, 0xc8, 0xff, 0x98, 0x44, 0x28, 0xff, 0x98, 0x44, 0x30, 0xff,
    0x98, 0x44, 0x30, 0xff, 0x98, 0x44, 0x30, 0xff, 0x90, 0x44, 0x28, 0xff,
    0x98, 0x44, 0x30, 0xff, 0x98, 0x44, 0x30, 0xff, 0x98, 0x44, 0x30, 0xff,
    0x98, 0x48, 0x30, 0xff, 0xa0, 0x58, 0x40, 0xff, 0xa0, 0x60, 0x48, 0xff,
    0xa0, 0x60, 0x48, 0xff, 0xa0, 0x50, 0x30, 0xff, 0xa0, 0x4c, 0x30, 0xff,
    0x98, 0x50, 0x30, 0xff, 0x98, 0x4c, 0x30, 0xff, 0x98, 0x4c, 0x28, 0xff,
    0xa0, 0x4c, 0x30, 0xff, 0xa0, 0x50, 0x30, 0xff, 0x98, 0x4c, 0x30, 0xff,
    0x98, 0x4c, 0x28, 0xff, 0x88, 0x34, 0x28, 0xff, 0x90, 0x34, 0x28, 0xff,
    0x90, 0x34, 0x28, 0xff, 0x90, 0x34, 0x28, 0xff, 0x88, 0x34, 0x28, 0xff,
    0x88, 0x34, 0x28, 0xff, 0x90, 0x34, 0x28, 0xff, 0x90, 0x34, 0x28, 0xff,
    0x90, 0x34, 0x20, 0xff, 0x88, 0x34, 0x28, 0xff, 0x88, 0x34, 0x28, 0xff,
    0x90, 0x34, 0x28, 0xff, 0x88, 0x34, 0x28, 0xff, 0x88, 0x34, 0x20, 0xff,
    0x90, 0x34, 0x28, 0xff, 0x90, 0x34, 0x28, 0xff, 0x90, 0x34, 0x28, 0xff,
    0x88, 0x34, 0x28, 0xff, 0x88, 0x34, 0x28, 0xff, 0x88, 0x34, 0x28, 0xff,
    0x90, 0x34, 0x28, 0xff, 0x90, 0x34, 0x28, 0xff, 0x90, 0x34, 0x28, 0xff,
    0x90, 0x34, 0x28, 0xff, 0x90, 0x34, 0x28, 0xff, 0x90, 0x34, 0x28, 0xff,
    0x90, 0x34, 0x28, 0xff, 0x88, 0x34, 0x20, 0xff, 0x88, 0x34, 0x28, 0xff,
    0x90, 0x34, 0x28, 0xff, 0x88, 0x34, 0x20, 0xff, 0x90, 0x34, 0x28, 0xff,
    0x90, 0x34, 0x28, 0xff, 0x90, 0x34, 0x28, 0xff, 0x88, 0x34, 0x28, 0xff,
    0x90, 0x34, 0x20, 0xff, 0x88, 0x34, 0x28, 0xff, 0x90, 0x34, 0x28, 0xff,
    0x88, 0x34, 0x20, 0xff, 0x88, 0x34, 0x28, 0xff, 0x88, 0x34, 0x28, 0xff,
    0x90, 0x34, 0x28, 0xff, 0x90, 0x38, 0x28, 0xff, 0x90, 0x3c, 0x28, 0xff,
    0x90, 0x3c, 0x28, 0xff, 0x90, 0x3c, 0x28, 0xff, 0x90, 0x3c, 0x28, 0xff,
    0x90, 0x3c, 0x30, 0xff, 0x90, 0x3c, 0x28, 0xff, 0x90, 0x3c, 0x28, 0xff,
    0x90, 0x3c, 0x30, 0xff, 0x30, 0xc4, 0xf8, 0xff, 0x50, 0xb0, 0xd8, 0xff,
    0x98, 0x44, 0x28, 0xff, 0x50, 0xb0, 0xd8, 0xff, 0x50, 0xb8, 0xe0, 0xff,
    0x98, 0x44, 0x30, 0xff, 0x38, 0xc0, 0xf0, 0xff, 0x58, 0xb4, 0xe0, 0xff,
    0x98, 0x44, 0x28, 0xff, 0x90, 0x44, 0x30, 0xff, 0x90, 0x44, 0x30, 0xff,
    0x98, 0x44, 0x30, 0xff, 0x98, 0x44, 0x30, 0xff, 0x98, 0x44, 0x30, 0xff,
    0x98, 0x48, 0x30, 0xff, 0x98, 0x4c, 0x28, 0xff, 0x98, 0x4c, 0x30, 0xff,
    0xe0, 0xcc, 0xc8, 0xff, 0xf8, 0xfc, 0xf8, 0xff, 0xf8, 0xfc, 0xf8, 0xff,
    0xa0, 0x64, 0x50, 0xff, 0x98, 0x4c, 0x30, 0xff, 0xa0, 0x4c, 0x28, 0xff,
    0xa0, 0x50, 0x28, 0xff, 0xa0, 0x4c, 0x30, 0xff, 0x98, 0x4c, 0x30, 0xff,
    0x98, 0x4c, 0x30, 0xff, 0xa0, 0x4c, 0x30, 0xff, 0xa0, 0x50, 0x30, 0xff,
    0x88, 0x34, 0x28, 0xff, 0x90, 0x34, 0x28, 0xff, 0x88, 0x34, 0x28, 0xff,
    0x88, 0x34, 0x20, 0xff, 0x90, 0x34, 0x28, 0xff, 0x88, 0x34, 0x28, 0xff,
    0x88, 0x34, 0x20, 0xff, 0x88, 0x34, 0x28, 0xff, 0x88, 0x34, 0x28, 0xff,
    0x88, 0x34, 0x28, 0xff, 0x88, 0x34, 0x28, 0xff, 0x88, 0x34, 0x28, 0xff,
    0x90, 0x34, 0x28, 0xff, 0x90, 0x34, 0x28, 0xff, 0x88, 0x34, 0x28, 0xff,
    0x88, 0x34, 0x28, 0xff, 0x88, 0x34, 0x28, 0xff, 0x90, 0x34, 0x28, 0xff,
    0x90, 0x34, 0x20, 0xff, 0x90, 0x34, 0x28, 0xff, 0x88, 0x34, 0x28, 0xff,
    0x88, 0x34, 0x20, 0xff, 0x88, 0x34, 0x28, 0xff, 0x88, 0x34, 0x28, 0xff,
    0x88, 0x34, 0x28, 0xff, 0x88, 0x34, 0x28, 0xff, 0x88, 0x34, 0x28, 0xff,
    0x88, 0x34, 0x28, 0xff, 0x88, 0x34, 0x28, 0xff, 0x88, 0x34, 0x28, 0xff,
    0x90, 0x34, 0x28, 0xff, 0x88, 0x34, 0x28, 0xff, 0x88, 0x34, 0x28, 0xff,
    0x88, 0x34, 0x28, 0xff, 0x88, 0x34, 0x28, 0xff, 0x88, 0x34, 0x28, 0xff,
    0x90, 0x34, 0x28, 0xff, 0x88, 0x34, 0x28, 0xff, 0x90, 0x34, 0x28, 0xff,
    0x88, 0x34, 0x28, 0xff, 0x90, 0x34, 0x28, 0xff, 0x88, 0x34, 0x20, 0xff,
    0x90, 0x38, 0x28, 0xff, 0x90, 0x3c, 0x28, 0xff, 0x90, 0x3c, 0x30, 0xff,
    0x90, 0x3c, 0x30, 0xff, 0x90, 0x3c, 0x28, 0xff, 0x90, 0x3c, 0x28, 0xff,
    0x90, 0x3c, 0x28, 0xff, 0x90, 0x3c, 0x28, 0xff, 0x90, 0x3c, 0x30, 0xff,
    0x38, 0xc0, 0xf0, 0xff, 0x50, 0xb4, 0xe0, 0xff, 0x98, 0x48, 0x30, 0xff,
    0x48, 0xb0, 0xd8, 0xff, 0x50, 0xb8, 0xe0, 0xff, 0x90, 0x4c, 0x38, 0xff,
    0x28, 0xc4, 0xf8, 0xff, 0x58, 0xb0, 0xd8, 0xff, 0x98, 0x40, 0x28, 0xff,
    0x98, 0x44, 0x30, 0xff, 0x98, 0x44, 0x30, 0xff, 0x98, 0x44, 0x28, 0xff,
    0x98, 0x44, 0x30, 0xff, 0x98, 0x48, 0x30, 0xff, 0x98, 0x4c, 0x28, 0xff,
    0x98, 0x4c, 0x28, 0xff, 0xa0, 0x4c, 0x30, 0xff, 0xe0, 0xcc, 0xc0, 0xff,
    0xf8, 0xfc, 0xf8, 0xff, 0xf8, 0xfc, 0xf8, 0xff, 0xa8, 0x64, 0x50, 0xff,
    0xa0, 0x4c, 0x30, 0xff, 0xa0, 0x4c, 0x30, 0xff, 0xa0, 0x4c, 0x28, 0xff,
    0x98, 0x50, 0x30, 0xff, 0xa0, 0x4c, 0x28, 0xff, 0xa0, 0x4c, 0x28, 0xff,
    0x98, 0x50, 0x28, 0xff, 0xa0, 0x4c, 0x28, 0xff, 0x88, 0x34, 0x28, 0xff,
    0x88, 0x34, 0x28, 0xff, 0x88, 0x34, 0x28, 0xff, 0x88, 0x34, 0x28, 0xff,
    0x88, 0x34, 0x28, 0xff, 0x90, 0x34, 0x28, 0xff, 0x90, 0x34, 0x28, 0xff,
    0x88, 0x34, 0x28, 0xff, 0x88, 0x34, 0x28, 0xff, 0x90, 0x34, 0x28, 0xff,
    0x90, 0x34, 0x28, 0xff, 0x90, 0x34, 0x28, 0xff, 0x88, 0x34, 0x20, 0xff,
    0x88, 0x34, 0x28, 0xff, 0x88, 0x34, 0x28, 0xff, 0x88, 0x34, 0x20, 0xff,
    0x88, 0x34, 0x28, 0xff, 0x88, 0x34, 0x28, 0xff, 0x88, 0x34, 0x28, 0xff,
    0x88, 0x34, 0x28, 0xff, 0x88, 0x34, 0x28, 0xff, 0x88, 0x34, 0x28, 0xff,
    0x90, 0x34, 0x28, 0xff, 0x88, 0x34, 0x28, 0xff, 0x88, 0x34, 0x20, 0xff,
    0x90, 0x34, 0x28, 0xff, 0x88, 0x34, 0x28, 0xff, 0x90, 0x34, 0x28, 0xff,
    0x90, 0x34, 0x28, 0xff, 0x90, 0x34, 0x28, 0xff, 0x88, 0x34, 0x28, 0xff,
    0x88, 0x34, 0x28, 0xff, 0x88, 0x34, 0x28, 0xff, 0x90, 0x34, 0x28, 0xff,
    0x88, 0x34, 0x28, 0xff, 0x88, 0x34, 0x28, 0xff, 0x90, 0x34, 0x28, 0xff,
    0x88, 0x34, 0x28, 0xff, 0x88, 0x34, 0x28, 0xff, 0x90, 0x34, 0x28, 0xff,
    0x88, 0x34, 0x28, 0xff, 0x90, 0x38, 0x28, 0xff, 0x90, 0x3c, 0x28, 0xff,
    0x90, 0x3c, 0x28, 0xff, 0x90, 0x3c, 0x28, 0xff, 0x90, 0x3c, 0x30, 0xff,
    0x90, 0x3c, 0x30, 0xff, 0x90, 0x3c, 0x28, 0xff, 0x90, 0x3c, 0x30, 0xff,
    0x90, 0x3c, 0x30, 0xff, 0x90, 0x40, 0x30, 0xff, 0x48, 0xb0, 0xd8, 0xff,
    0x20, 0xcc, 0xf8, 0xff, 0x70, 0x8c, 0xa0, 0xff, 0x48, 0xb4, 0xd8, 0xff,
    0x50, 0xb8, 0xe8, 0xff, 0x68, 0x98, 0xb0, 0xff, 0x20, 0xcc, 0xf8, 0xff,
    0x60, 0x9c, 0xc0, 0xff, 0x98, 0x44, 0x28, 0xff, 0x98, 0x44, 0x30, 0xff,
    0x98, 0x44, 0x28, 0xff, 0x98, 0x44, 0x30, 0xff, 0x98, 0x4c, 0x28, 0xff,
    0x98, 0x4c, 0x30, 0xff, 0xa0, 0x4c, 0x28, 0xff, 0xa0, 0x50, 0x30, 0xff,
    0xa0, 0x4c, 0x30, 0xff, 0xd8, 0xc8, 0xc0, 0xff, 0xf8, 0xf8, 0xf8, 0xff,
    0xf8, 0xf8, 0xf8, 0xff, 0xa8, 0x64, 0x50, 0xff, 0xa0, 0x4c, 0x28, 0xff,
    0x98, 0x50, 0x30, 0xff, 0x98, 0x4c, 0x30, 0xff, 0xa0, 0x4c, 0x30, 0xff,
    0xa0, 0x4c, 0x30, 0xff, 0xa0, 0x50, 0x30, 0xff, 0xa0, 0x4c, 0x30, 0xff,
    0x98, 0x4c, 0x30, 0xff, 0x88, 0x34, 0x28, 0xff, 0x90, 0x34, 0x28, 0xff,
    0x90, 0x34, 0x28, 0xff, 0x90, 0x34, 0x28, 0xff, 0x88, 0x34, 0x28, 0xff,
    0x88, 0x34, 0x28, 0xff, 0x88, 0x34, 0x28, 0xff, 0x90, 0x34, 0x28, 0xff,
    0x90, 0x34, 0x28, 0xff, 0x88, 0x34, 0x20, 0xff, 0x88, 0x34, 0x28, 0xff,
    0x88, 0x34, 0x28, 0xff, 0x88, 0x34, 0x28, 0xff, 0x88, 0x34, 0x28, 0xff,
    0x90, 0x34, 0x28, 0xff, 0x90, 0x34, 0x28, 0xff, 0x90, 0x34, 0x28, 0xff,
    0x90, 0x34, 0x28, 0xff, 0x88, 0x34, 0x28, 0xff, 0x88, 0x34, 0x28, 0xff,
    0x90, 0x34, 0x28, 0xff, 0x90, 0x34, 0x28, 0xff, 0x88, 0x34, 0x28, 0xff,
    0x90, 0x34, 0x28, 0xff, 0x90, 0x34, 0x28, 0xff, 0x88, 0x34, 0x28, 0xff,
    0x90, 0x34, 0x28, 0xff, 0x88, 0x34, 0x20, 0xff, 0x88, 0x34, 0x28, 0xff,
    0x88, 0x34, 0x28, 0xff, 0x88, 0x34, 0x20, 0xff, 0x90, 0x30, 0x18, 0xff,
    0x90, 0x30, 0x20, 0xff, 0x88, 0x34, 0x20, 0xff, 0x90, 0x34, 0x28, 0xff,
    0x90, 0x34, 0x28, 0xff, 0x88, 0x34, 0x28, 0xff, 0x88, 0x34, 0x28, 0xff,
    0x88, 0x34, 0x28, 0xff, 0x88, 0x34, 0x28, 0xff, 0x88, 0x34, 0x28, 0xff,
    0x90, 0x38, 0x28, 0xff, 0x90, 0x3c, 0x28, 0xff, 0x90, 0x3c, 0x28, 0xff,
    0x90, 0x3c, 0x28, 0xff, 0x90, 0x3c, 0x28, 0xff, 0x90, 0x3c, 0x28, 0xff,
    0x90, 0x3c, 0x28, 0xff, 0x90, 0x3c, 0x28, 0xff, 0x90, 0x40, 0x28, 0xff,
    0x98, 0x44, 0x30, 0xff, 0x70, 0x90, 0xa8, 0xff, 0x18, 0xcc, 0xf8, 0xff,
    0x20, 0xcc, 0xf8, 0xff, 0x18, 0xcc, 0xf8, 0xff, 0x20, 0xcc, 0xf8, 0xff,
    0x20, 0xcc, 0xf8, 0xff, 0x20, 0xcc, 0xf8, 0xff, 0x80, 0x80, 0x90, 0xff,
    0x98, 0x44, 0x30, 0xff, 0x90, 0x44, 0x30, 0xff, 0x98, 0x48, 0x30, 0xff,
    0x98, 0x4c, 0x30, 0xff, 0xa0, 0x4c, 0x30, 0xff, 0xa0, 0x4c, 0x28, 0xff,
    0xa0, 0x4c, 0x30, 0xff, 0xa0, 0x4c, 0x30, 0xff, 0x98, 0x4c, 0x28, 0xff,
    0x98, 0x4c, 0x30, 0xff, 0xa0, 0x50, 0x30, 0xff, 0xa0, 0x50, 0x28, 0xff,
    0x98, 0x4c, 0x30, 0xff, 0x98, 0x4c, 0x30, 0xff, 0xa0, 0x4c, 0x28, 0xff,
    0xa0, 0x4c, 0x28, 0xff, 0xa0, 0x4c, 0x30, 0xff, 0x98, 0x50, 0x28, 0xff,
    0x98, 0x4c, 0x28, 0xff, 0x98, 0x4c, 0x30, 0xff, 0xa0, 0x4c, 0x30, 0xff,
    0x88, 0x34, 0x28, 0xff, 0x90, 0x34, 0x28, 0xff, 0x88, 0x34, 0x28, 0xff,
    0x88, 0x34, 0x20, 0xff, 0x90, 0x34, 0x28, 0xff, 0x88, 0x34, 0x28, 0xff,
    0x90, 0x34, 0x20, 0xff, 0x88, 0x34, 0x28, 0xff, 0x88, 0x34, 0x28, 0xff,
    0x90, 0x34, 0x28, 0xff, 0x88, 0x34, 0x28, 0xff, 0x88, 0x34, 0x28, 0xff,
    0x90, 0x34, 0x28, 0xff, 0x90, 0x34, 0x28, 0xff, 0x88, 0x34, 0x28, 0xff,
    0x88, 0x34, 0x28, 0xff, 0x88, 0x34, 0x28, 0xff, 0x88, 0x34, 0x20, 0xff,
    0x90, 0x34, 0x28, 0xff, 0x90, 0x34, 0x28, 0xff, 0x88, 0x34, 0x20, 0xff,
    0x88, 0x34, 0x28, 0xff, 0x88, 0x34, 0x28, 0xff, 0x88, 0x34, 0x28, 0xff,
    0x88, 0x34, 0x28, 0xff, 0x88, 0x34, 0x28, 0xff, 0x88, 0x34, 0x28, 0xff,
    0x88, 0x34, 0x28, 0xff, 0x88, 0x44, 0x40, 0xff, 0x70, 0x7c, 0x98, 0xff,
    0x58, 0xa0, 0xc0, 0xff, 0x48, 0xb8, 0xe0, 0xff, 0x40, 0xbc, 0xe8, 0xff,
    0x58, 0xa0, 0xc0, 0xff, 0x88, 0x34, 0x28, 0xff, 0x88, 0x34, 0x28, 0xff,
    0x90, 0x34, 0x28, 0xff, 0x88, 0x44, 0x48, 0xff, 0x78, 0x74, 0x88, 0xff,
    0x88, 0x3c, 0x38, 0xff, 0x88, 0x4c, 0x50, 0xff, 0x60, 0xa0, 0xc0, 0xff,
    0x50, 0xac, 0xd0, 0xff, 0x68, 0x98, 0xb8, 0xff, 0x88, 0x4c, 0x50, 0xff,
    0x90, 0x3c, 0x28, 0xff, 0x90, 0x3c, 0x28, 0xff, 0x90, 0x3c, 0x30, 0xff,
    0x90, 0x3c, 0x28, 0xff, 0x98, 0x40, 0x30, 0xff, 0x98, 0x44, 0x30, 0xff,
    0x90, 0x54, 0x48, 0xff, 0x40, 0xb8, 0xe0, 0xff, 0x20, 0xcc, 0xf8, 0xff,
    0x18, 0xcc, 0xf8, 0xff, 0x18, 0xcc, 0xf8, 0xff, 0x18, 0xcc, 0xf8, 0xff,
    0x50, 0xb4, 0xd8, 0xff, 0x90, 0x4c, 0x38, 0xff, 0x98, 0x44, 0x30, 0xff,
    0x98, 0x48, 0x30, 0xff, 0x98, 0x4c, 0x30, 0xff, 0x98, 0x4c, 0x28, 0xff,
    0xa0, 0x4c, 0x30, 0xff, 0xa0, 0x5c, 0x48, 0xff, 0xc0, 0xa0, 0x90, 0xff,
    0xc8, 0xac, 0xa8, 0xff, 0xc8, 0xac, 0xa8, 0xff, 0xc8, 0xac, 0xa8, 0xff,
    0xc8, 0xac, 0xa8, 0xff, 0xc8, 0xac, 0xa8, 0xff, 0xa0, 0x58, 0x40, 0xff,
    0xa0, 0x4c, 0x30, 0xff, 0xa0, 0x4c, 0x30, 0xff, 0x98, 0x50, 0x30, 0xff,
    0x98, 0x4c, 0x28, 0xff, 0xa0, 0x4c, 0x30, 0xff, 0xa0, 0x4c, 0x30, 0xff,
    0xa0, 0x4c, 0x28, 0xff, 0xa0, 0x4c, 0x28, 0xff, 0x88, 0x34, 0x28, 0xff,
    0x88, 0x34, 0x28, 0xff, 0x88, 0x34, 0x28, 0xff, 0x88, 0x34, 0x28, 0xff,
    0x88, 0x34, 0x28, 0xff, 0x90, 0x34, 0x28, 0xff, 0x88, 0x34, 0x28, 0xff,
    0x88, 0x34, 0x28, 0xff, 0x88, 0x34, 0x20, 0xff, 0x88, 0x34, 0x28, 0xff,
    0x90, 0x34, 0x28, 0xff, 0x90, 0x34, 0x28, 0xff, 0x88, 0x34, 0x20, 0xff,
    0x88, 0x34, 0x28, 0xff, 0x90, 0x34, 0x28, 0xff, 0x88, 0x34, 0x20, 0xff,
    0x88, 0x34, 0x28, 0xff, 0x90, 0x34, 0x28, 0xff, 0x88, 0x34, 0x28, 0xff,
    0x88, 0x34, 0x28, 0xff, 0x90, 0x34, 0x28, 0xff, 0x88, 0x34, 0x28, 0xff,
    0x90, 0x34, 0x20, 0xff, 0x90, 0x34, 0x28, 0xff, 0x88, 0x34, 0x28, 0xff,
    0x90, 0x34, 0x28, 0xff, 0x88, 0x48, 0x48, 0xff, 0x68, 0x90, 0xb0, 0xff,
    0x30, 0xc4, 0xf0, 0xff, 0x20, 0xcc, 0xf8, 0xff, 0x20, 0xcc, 0xf8, 0xff,
    0x20, 0xcc, 0xf8, 0xff, 0x18, 0xcc, 0xf8, 0xff, 0x50, 0xb0, 0xd0, 0xff,
    0x88, 0x38, 0x30, 0xff, 0x90, 0x34, 0x28, 0xff, 0x80, 0x50, 0x58, 0xff,
    0x38, 0xbc, 0xe8, 0xff, 0x38, 0xbc, 0xe8, 0xff, 0x88, 0x48, 0x48, 0xff,
    0x50, 0xac, 0xd0, 0xff, 0x18, 0xcc, 0xf8, 0xff, 0x18, 0xd0, 0xf8, 0xff,
    0x20, 0xcc, 0xf8, 0xff, 0x58, 0xa8, 0xd0, 0xff, 0x90, 0x40, 0x30, 0xff,
    0x90, 0x3c, 0x30, 0xff, 0x90, 0x3c, 0x30, 0xff, 0x90, 0x40, 0x30, 0xff,
    0x98, 0x44, 0x30, 0xff, 0x98, 0x44, 0x30, 0xff, 0x90, 0x44, 0x28, 0xff,
    0x90, 0x54, 0x50, 0xff, 0x68, 0x9c, 0xb8, 0xff, 0x48, 0xb4, 0xd8, 0xff,
    0x48, 0xb4, 0xe0, 0xff, 0x68, 0x98, 0xb8, 0xff, 0x90, 0x54, 0x50, 0xff,
    0x98, 0x44, 0x30, 0xff, 0x98, 0x48, 0x28, 0xff, 0xa0, 0x4c, 0x30, 0xff,
    0xa0, 0x4c, 0x28, 0xff, 0xa0, 0x50, 0x28, 0xff, 0xa8, 0x64, 0x50, 0xff,
    0xf0, 0xe4, 0xe0, 0xff, 0xf8, 0xfc, 0xf8, 0xff, 0xf8, 0xfc, 0xf8, 0xff,
    0xf8, 0xfc, 0xf8, 0xff, 0xf8, 0xfc, 0xf8, 0xff, 0xf8, 0xfc, 0xf8, 0xff,
    0xf8, 0xfc, 0xf8, 0xff, 0xa8, 0x64, 0x50, 0xff, 0xa0, 0x4c, 0x28, 0xff,
    0x98, 0x50, 0x28, 0xff, 0xa0, 0x4c, 0x30, 0xff, 0xa0, 0x4c, 0x30, 0xff,
    0xa0, 0x4c, 0x28, 0xff, 0xa0, 0x50, 0x30, 0xff, 0xa0, 0x54, 0x30, 0xff,
    0xa0, 0x54, 0x30, 0xff, 0x88, 0x34, 0x28, 0xff, 0x90, 0x34, 0x28, 0xff,
    0x90, 0x34, 0x28, 0xff, 0x90, 0x34, 0x28, 0xff, 0x88, 0x34, 0x28, 0xff,
    0x88, 0x34, 0x28, 0xff, 0x90, 0x34, 0x28, 0xff, 0x90, 0x34, 0x28, 0xff,
    0x90, 0x34, 0x28, 0xff, 0x88, 0x34, 0x28, 0xff, 0x88, 0x34, 0x28, 0xff,
    0x88, 0x34, 0x28, 0xff, 0x90, 0x34, 0x28, 0xff, 0x88, 0x34, 0x28, 0xff,
    0x88, 0x34, 0x28, 0xff, 0x90, 0x34, 0x28, 0xff, 0x90, 0x34, 0x28, 0xff,
    0x88, 0x34, 0x28, 0xff, 0x88, 0x34, 0x20, 0xff, 0x88, 0x34, 0x28, 0xff,
    0x88, 0x34, 0x28, 0xff, 0x90, 0x34, 0x28, 0xff, 0x88, 0x34, 0x28, 0xff,
    0x88, 0x34, 0x28, 0xff, 0x90, 0x34, 0x20, 0xff, 0x78, 0x64, 0x78, 0xff,
    0x40, 0xbc, 0xe8, 0xff, 0x18, 0xcc, 0xf8, 0xff, 0x20, 0xcc, 0xf8, 0xff,
    0x18, 0xcc, 0xf8, 0xff, 0x18, 0xcc, 0xf8, 0xff, 0x18, 0xcc, 0xf8, 0xff,
    0x20, 0xcc, 0xf8, 0xff, 0x50, 0xac, 0xd8, 0xff, 0x88, 0x38, 0x28, 0xff,
    0x88, 0x34, 0x20, 0xff, 0x58, 0xa0, 0xc0, 0xff, 0x20, 0xcc, 0xf8, 0xff,
    0x30, 0xbc, 0xe8, 0xff, 0x78, 0x60, 0x68, 0xff, 0x20, 0xcc, 0xf8, 0xff,
    0x20, 0xcc, 0xf8, 0xff, 0x18, 0xcc, 0xf8, 0xff, 0x18, 0xcc, 0xf8, 0xff,
    0x20, 0xcc, 0xf8, 0xff, 0x80, 0x60, 0x68, 0xff, 0x90, 0x3c, 0x28, 0xff,
    0x90, 0x40, 0x28, 0xff, 0x98, 0x48, 0x38, 0xff, 0x88, 0x78, 0x88, 0xff,
    0x88, 0x74, 0x88, 0xff, 0x88, 0x74, 0x88, 0xff, 0x88, 0x78, 0x88, 0xff,
    0x88, 0x74, 0x88, 0xff, 0x88, 0x74, 0x88, 0xff, 0x88, 0x74, 0x88, 0xff,
    0x88, 0x78, 0x88, 0xff, 0x88, 0x78, 0x88, 0xff, 0x90, 0x6c, 0x78, 0xff,
    0xa0, 0x4c, 0x28, 0xff, 0x98, 0x4c, 0x28, 0xff, 0xa0, 0x4c, 0x30, 0xff,
    0xa0, 0x4c, 0x30, 0xff, 0xc8, 0xac, 0xa0, 0xff, 0xf8, 0xfc, 0xf8, 0xff,
    0xf8, 0xfc, 0xf8, 0xff, 0xf8, 0xfc, 0xf8, 0xff, 0xf8, 0xfc, 0xf8, 0xff,
    0xf8, 0xfc, 0xf8, 0xff, 0xf8, 0xfc, 0xf8, 0xff, 0xf8, 0xfc, 0xf8, 0xff,
    0xa0, 0x64, 0x50, 0xff, 0x98, 0x4c, 0x30, 0xff, 0xa0, 0x4c, 0x30, 0xff,
    0xa0, 0x4c, 0x28, 0xff, 0xa0, 0x50, 0x30, 0xff, 0xa0, 0x54, 0x30, 0xff,
    0xa0, 0x54, 0x30, 0xff, 0xa0, 0x54, 0x30, 0xff, 0xa8, 0x58, 0x30, 0xff,
    0x88, 0x34, 0x28, 0xff, 0x90, 0x34, 0x28, 0xff, 0x88, 0x34, 0x28, 0xff,
    0x88, 0x34, 0x20, 0xff, 0x90, 0x34, 0x28, 0xff, 0x88, 0x34, 0x28, 0xff,
    0x88, 0x34, 0x20, 0xff, 0x88, 0x34, 0x28, 0xff, 0x88, 0x34, 0x28, 0xff,
    0x90, 0x34, 0x28, 0xff, 0x90, 0x34, 0x28, 0xff, 0x88, 0x34, 0x20, 0xff,
    0x88, 0x34, 0x28, 0xff, 0x90, 0x34, 0x28, 0xff, 0x88, 0x34, 0x28, 0xff,
    0x88, 0x34, 0x28, 0xff, 0x88, 0x34, 0x28, 0xff, 0x88, 0x34, 0x28, 0xff,
    0x90, 0x34, 0x28, 0xff, 0x90, 0x34, 0x28, 0xff, 0x90, 0x34, 0x28, 0xff,
    0x88, 0x34, 0x28, 0xff, 0x88, 0x34, 0x28, 0xff, 0x88, 0x34, 0x28, 0xff,
    0x78, 0x68, 0x78, 0xff, 0x30, 0xc4, 0xf0, 0xff, 0x20, 0xcc, 0xf8, 0xff,
    0x18, 0xcc, 0xf8, 0xff, 0x18, 0xcc, 0xf8, 0xff, 0x20, 0xcc, 0xf8, 0xff,
    0x20, 0xd0, 0xf8, 0xff, 0x20, 0xd0, 0xf8, 0xff, 0x18, 0xcc, 0xf8, 0xff,
    0x48, 0xac, 0xd8, 0xff, 0x88, 0x38, 0x30, 0xff, 0x88, 0x3c, 0x30, 0xff,
    0x38, 0xc0, 0xf0, 0xff, 0x20, 0xcc, 0xf8, 0xff, 0x30, 0xbc, 0xe8, 0xff,
    0x70, 0x80, 0x98, 0xff, 0x20, 0xcc, 0xf8, 0xff, 0x18, 0xcc, 0xf8, 0xff,
    0x20, 0xcc, 0xf8, 0xff, 0x20, 0xcc, 0xf8, 0xff, 0x18, 0xd0, 0xf8, 0xff,
    0x70, 0x84, 0xa0, 0xff, 0x90, 0x3c, 0x28, 0xff, 0x98, 0x40, 0x30, 0xff,
    0x90, 0x54, 0x50, 0xff, 0x18, 0xd0, 0xf8, 0xff, 0x18, 0xd0, 0xf8, 0xff,
    0x18, 0xd0, 0xf8, 0xff, 0x18, 0xd0, 0xf8, 0xff, 0x18, 0xd0, 0xf8, 0xff,
    0x18, 0xd0, 0xf8, 0xff, 0x18, 0xd0, 0xf8, 0xff, 0x18, 0xcc, 0xf8, 0xff,
    0x18, 0xd0, 0xf8, 0xff, 0x58, 0xb4, 0xe0, 0xff, 0x98, 0x4c, 0x28, 0xff,
    0xa0, 0x4c, 0x30, 0xff, 0x98, 0x4c, 0x30, 0xff, 0x98, 0x4c, 0x30, 0xff,
    0xd8, 0xcc, 0xc8, 0xff, 0xf8, 0xfc, 0xf8, 0xff, 0xf8, 0xf4, 0xf8, 0xff,
    0xd0, 0xb8, 0xb0, 0xff, 0xc8, 0xa4, 0x98, 0xff, 0xc8, 0xa4, 0x98, 0xff,
    0xc8, 0xa4, 0x98, 0xff, 0xc8, 0xa4, 0xa0, 0xff, 0xa0, 0x58, 0x38, 0xff,
    0xa0, 0x50, 0x30, 0xff, 0xa0, 0x50, 0x30, 0xff, 0xa0, 0x54, 0x30, 0xff,
    0xa0, 0x58, 0x30, 0xff, 0xa0, 0x54, 0x30, 0xff, 0xa0, 0x54, 0x30, 0xff,
    0xa8, 0x54, 0x30, 0xff, 0xa0, 0x54, 0x30, 0xff, 0x88, 0x34, 0x28, 0xff,
    0x88, 0x34, 0x28, 0xff, 0x88, 0x34, 0x28, 0xff, 0x88, 0x34, 0x28, 0xff,
    0x88, 0x34, 0x28, 0xff, 0x90, 0x34, 0x28, 0xff, 0x90, 0x34, 0x28, 0xff,
    0x88, 0x34, 0x28, 0xff, 0x88, 0x34, 0x20, 0xff, 0x88, 0x34, 0x28, 0xff,
    0x88, 0x34, 0x28, 0xff, 0x90, 0x34, 0x28, 0xff, 0x88, 0x34, 0x28, 0xff,
    0x88, 0x34, 0x28, 0xff, 0x90, 0x34, 0x28, 0xff, 0x88, 0x34, 0x20, 0xff,
    0x90, 0x34, 0x28, 0xff, 0x90, 0x34, 0x28, 0xff, 0x88, 0x34, 0x28, 0xff,
    0x88, 0x34, 0x28, 0xff, 0x88, 0x34, 0x28, 0xff, 0x88, 0x34, 0x20, 0xff,
    0x90, 0x34, 0x28, 0xff, 0x88, 0x50, 0x58, 0xff, 0x38, 0xc0, 0xe8, 0xff,
    0x20, 0xcc, 0xf8, 0xff, 0x20, 0xcc, 0xf8, 0xff, 0x18, 0xcc, 0xf8, 0xff,
    0x18, 0xd0, 0xf8, 0xff, 0x20, 0xcc, 0xf8, 0xff, 0x20, 0xcc, 0xf8, 0xff,
    0x18, 0xcc, 0xf8, 0xff, 0x18, 0xd0, 0xf8, 0xff, 0x50, 0xac, 0xd0, 0xff,
    0x88, 0x38, 0x28, 0xff, 0x80, 0x54, 0x60, 0xff, 0x28, 0xc4, 0xf8, 0xff,
    0x20, 0xcc, 0xf8, 0xff, 0x40, 0xb4, 0xe0, 0xff, 0x68, 0x98, 0xb8, 0xff,
    0x18, 0xcc, 0xf8, 0xff, 0x18, 0xcc, 0xf8, 0xff, 0x68, 0x94, 0xb0, 0xff,
    0x38, 0xc0, 0xf0, 0xff, 0x18, 0xcc, 0xf8, 0xff, 0x68, 0xa0, 0xc0, 0xff,
    0x90, 0x40, 0x30, 0xff, 0x98, 0x44, 0x30, 0xff, 0x90, 0x54, 0x50, 0xff,
    0x18, 0xcc, 0xf8, 0xff, 0x20, 0xcc, 0xf8, 0xff, 0x18, 0xcc, 0xf8, 0xff,
    0x18, 0xcc, 0xf8, 0xff, 0x18, 0xcc, 0xf8, 0xff, 0x18, 0xcc, 0xf8, 0xff,
    0x18, 0xcc, 0xf8, 0xff, 0x20, 0xcc, 0xf8, 0xff, 0x18, 0xcc, 0xf8, 0xff,
    0x58, 0xb8, 0xe0, 0xff, 0xa0, 0x4c, 0x28, 0xff, 0x98, 0x4c, 0x30, 0xff,
    0xa0, 0x50, 0x28, 0xff, 0xa0, 0x50, 0x28, 0xff, 0xd8, 0xc0, 0xb8, 0xff,
    0xf8, 0xfc, 0xf8, 0xff, 0xd8, 0xcc, 0xc8, 0xff, 0xa0, 0x50, 0x30, 0xff,
    0xa0, 0x4c, 0x28, 0xff, 0x98, 0x4c, 0x30, 0xff, 0xa0, 0x4c, 0x30, 0xff,
    0xa0, 0x50, 0x28, 0xff, 0xa0, 0x50, 0x30, 0xff, 0xa0, 0x54, 0x30, 0xff,
    0xa0, 0x54, 0x30, 0xff, 0xa0, 0x54, 0x30, 0xff, 0xa0, 0x54, 0x30, 0xff,
    0xa0, 0x54, 0x30, 0xff, 0xa8, 0x58, 0x30, 0xff, 0xa0, 0x54, 0x30, 0xff,
    0xa0, 0x54, 0x30, 0xff, 0x88, 0x34, 0x28, 0xff, 0x90, 0x34, 0x28, 0xff,
    0x90, 0x34, 0x28, 0xff, 0x90, 0x34, 0x28, 0xff, 0x88, 0x34, 0x28, 0xff,
    0x88, 0x34, 0x28, 0xff, 0x90, 0x34, 0x28, 0xff, 0x88, 0x34, 0x28, 0xff,
    0x90, 0x34, 0x28, 0xff, 0x90, 0x34, 0x28, 0xff, 0x88, 0x34, 0x28, 0xff,
    0x88, 0x34, 0x28, 0xff, 0x90, 0x34, 0x28, 0xff, 0x90, 0x34, 0x20, 0xff,
    0x88, 0x34, 0x28, 0xff, 0x90, 0x34, 0x28, 0xff, 0x88, 0x34, 0x28, 0xff,
    0x88, 0x34, 0x28, 0xff, 0x88, 0x34, 0x20, 0xff, 0x88, 0x34, 0x28, 0xff,
    0x90, 0x34, 0x28, 0xff, 0x90, 0x34, 0x28, 0xff, 0x88, 0x34, 0x28, 0xff,
    0x60, 0x9c, 0xb8, 0xff, 0x18, 0xcc, 0xf8, 0xff, 0x18, 0xcc, 0xf8, 0xff,
    0x18, 0xcc, 0xf8, 0xff, 0x20, 0xd0, 0xf8, 0xff, 0x20, 0xcc, 0xf8, 0xff,
    0x18, 0xcc, 0xf8, 0xff, 0x18, 0xcc, 0xf8, 0xff, 0x18, 0xcc, 0xf8, 0xff,
    0x20, 0xcc, 0xf8, 0xff, 0x50, 0xac, 0xd8, 0xff, 0x88, 0x38, 0x28, 0xff,
    0x80, 0x64, 0x70, 0xff, 0x20, 0xc8, 0xf8, 0xff, 0x28, 0xc8, 0xf8, 0xff,
    0x80, 0x60, 0x68, 0xff, 0x60, 0x9c, 0xc0, 0xff, 0x20, 0xcc, 0xf8, 0xff,
    0x28, 0xc4, 0xf0, 0xff, 0x88, 0x54, 0x50, 0xff, 0x60, 0xa8, 0xd0, 0xff,
    0x20, 0xcc, 0xf8, 0xff, 0x68, 0xa0, 0xc0, 0xff, 0x98, 0x44, 0x30, 0xff,
    0x98, 0x44, 0x30, 0xff, 0x90, 0x4c, 0x40, 0xff, 0x68, 0x98, 0xb8, 0xff,
    0x68, 0x98, 0xb8, 0xff, 0x68, 0x98, 0xb8, 0xff, 0x68, 0x98, 0xb8, 0xff,
    0x68, 0x98, 0xb8, 0xff, 0x68, 0x98, 0xb8, 0xff, 0x68, 0x9c, 0xb8, 0xff,
    0x68, 0x9c, 0xb8, 0xff, 0x68, 0x9c, 0xb8, 0xff, 0x78, 0x8c, 0xa0, 0xff,
    0xa0, 0x4c, 0x28, 0xff, 0xa0, 0x4c, 0x28, 0xff, 0xa0, 0x4c, 0x30, 0xff,
    0xa0, 0x4c, 0x30, 0xff, 0xb8, 0x8c, 0x80, 0xff, 0xf8, 0xfc, 0xf8, 0xff,
    0xe0, 0xd4, 0xd0, 0xff, 0xa0, 0x4c, 0x28, 0xff, 0xa0, 0x4c, 0x30, 0xff,
    0x98, 0x4c, 0x30, 0xff, 0xa0, 0x50, 0x30, 0xff, 0xa0, 0x54, 0x30, 0xff,
    0xa0, 0x54, 0x30, 0xff, 0xa0, 0x54, 0x30, 0xff, 0xa0, 0x54, 0x30, 0xff,
    0xa8, 0x54, 0x30, 0xff, 0xa8, 0x58, 0x30, 0xff, 0xa8, 0x54, 0x30, 0xff,
    0xa0, 0x54, 0x30, 0xff, 0xa8, 0x58, 0x30, 0xff, 0xa8, 0x54, 0x30, 0xff,
    0x88, 0x34, 0x28, 0xff, 0x90, 0x34, 0x28, 0xff, 0x88, 0x34, 0x28, 0xff,
    0x88, 0x34, 0x20, 0xff, 0x90, 0x34, 0x28, 0xff, 0x88, 0x34, 0x28, 0xff,
    0x88, 0x34, 0x20, 0xff, 0x88, 0x34, 0x28, 0xff, 0x90, 0x34, 0x28, 0xff,
    0x88, 0x34, 0x28, 0xff, 0x90, 0x34, 0x20, 0xff, 0x88, 0x34, 0x28, 0xff,
    0x88, 0x34, 0x28, 0xff, 0x88, 0x34, 0x28, 0xff, 0x88, 0x34, 0x28, 0xff,
    0x88, 0x34, 0x28, 0xff, 0x90, 0x34, 0x28, 0xff, 0x88, 0x34, 0x28, 0xff,
    0x90, 0x34, 0x28, 0xff, 0x90, 0x34, 0x28, 0xff, 0x88, 0x34, 0x28, 0xff,
    0x88, 0x34, 0x28, 0xff, 0x80, 0x50, 0x58, 0xff, 0x28, 0xc8, 0xf8, 0xff,
    0x18, 0xcc, 0xf8, 0xff, 0x20, 0xcc, 0xf8, 0xff, 0x20, 0xcc, 0xf8, 0xff,
    0x18, 0xcc, 0xf8, 0xff, 0x20, 0xcc, 0xf8, 0xff, 0x20, 0xd0, 0xf8, 0xff,
    0x18, 0xd0, 0xf8, 0xff, 0x20, 0xcc, 0xf8, 0xff, 0x20, 0xcc, 0xf8, 0xff,
    0x48, 0xb0, 0xd8, 0xff, 0x88, 0x38, 0x30, 0xff, 0x80, 0x64, 0x70, 0xff,
    0x20, 0xc8, 0xf8, 0xff, 0x30, 0xc4, 0xf8, 0xff, 0x88, 0x44, 0x40, 0xff,
    0x50, 0xa8, 0xc8, 0xff, 0x20, 0xcc, 0xf8, 0xff, 0x40, 0xbc, 0xe8, 0xff,
    0x88, 0x48, 0x40, 0xff, 0x58, 0xa8, 0xd0, 0xff, 0x18, 0xcc, 0xf8, 0xff,
    0x68, 0xa0, 0xc0, 0xff, 0x98, 0x44, 0x30, 0xff, 0x98, 0x44, 0x30, 0xff,
    0x90, 0x50, 0x40, 0xff, 0x58, 0xa4, 0xc0, 0xff, 0x78, 0x88, 0xa0, 0xff,
    0x60, 0xa0, 0xc0, 0xff, 0x68, 0x98, 0xb0, 0xff, 0x98, 0x48, 0x30, 0xff,
    0x98, 0x48, 0x30, 0xff, 0xa0, 0x4c, 0x28, 0xff, 0x98, 0x4c, 0x30, 0xff,
    0xa0, 0x4c, 0x30, 0xff, 0xa0, 0x4c, 0x28, 0xff, 0x98, 0x4c, 0x30, 0xff,
    0xa0, 0x4c, 0x30, 0xff, 0x98, 0x4c, 0x30, 0xff, 0x98, 0x4c, 0x30, 0xff,
    0xb0, 0x80, 0x70, 0xff, 0xf0, 0xe0, 0xe0, 0xff, 0xf8, 0xfc, 0xf8, 0xff,
    0xd8, 0xc8, 0xc0, 0xff, 0xd0, 0xb4, 0xb0, 0xff, 0xd0, 0xb4, 0xb0, 0xff,
    0xd0, 0xb4, 0xa8, 0xff, 0xd0, 0xb4, 0xb0, 0xff, 0xa8, 0x60, 0x40, 0xff,
    0xa0, 0x54, 0x30, 0xff, 0xa8, 0x54, 0x30, 0xff, 0xa8, 0x58, 0x30, 0xff,
    0xa0, 0x54, 0x30, 0xff, 0xa0, 0x54, 0x30, 0xff, 0xa8, 0x54, 0x30, 0xff,
    0xa0, 0x54, 0x30, 0xff, 0xa0, 0x54, 0x30, 0xff, 0x88, 0x34, 0x28, 0xff,
    0x88, 0x34, 0x28, 0xff, 0x88, 0x34, 0x28, 0xff, 0x88, 0x34, 0x28, 0xff,
    0x88, 0x34, 0x28, 0xff, 0x90, 0x34, 0x28, 0xff, 0x90, 0x34, 0x28, 0xff,
    0x88, 0x34, 0x28, 0xff, 0x88, 0x34, 0x28, 0xff, 0x88, 0x34, 0x28, 0xff,
    0x88, 0x34, 0x28, 0xff, 0x90, 0x34, 0x28, 0xff, 0x88, 0x34, 0x28, 0xff,
    0x90, 0x34, 0x28, 0xff, 0x90, 0x34, 0x28, 0xff, 0x88, 0x34, 0x28, 0xff,
    0x88, 0x34, 0x20, 0xff, 0x90, 0x34, 0x28, 0xff, 0x88, 0x34, 0x28, 0xff,
    0x88, 0x34, 0x28, 0xff, 0x90, 0x34, 0x20, 0xff, 0x88, 0x34, 0x28, 0xff,
    0x68, 0x94, 0xb0, 0xff, 0x20, 0xcc, 0xf8, 0xff, 0x18, 0xcc, 0xf8, 0xff,
    0x20, 0xd0, 0xf8, 0xff, 0x20, 0xcc, 0xf8, 0xff, 0x18, 0xd0, 0xf8, 0xff,
    0x18, 0xcc, 0xf8, 0xff, 0x18, 0xcc, 0xf8, 0xff, 0x20, 0xcc, 0xf8, 0xff,
    0x28, 0xc8, 0xf8, 0xff, 0x30, 0xc4, 0xf0, 0xff, 0x58, 0xa4, 0xc8, 0xff,
    0x88, 0x38, 0x28, 0xff, 0x80, 0x60, 0x68, 0xff, 0x20, 0xc8, 0xf8, 0xff,
    0x28, 0xc8, 0xf8, 0xff, 0x78, 0x70, 0x80, 0xff, 0x40, 0xbc, 0xe8, 0xff,
    0x18, 0xcc, 0xf8, 0xff, 0x50, 0xb4, 0xe0, 0xff, 0x78, 0x74, 0x80, 0xff,
    0x28, 0xc4, 0xf0, 0xff, 0x20, 0xcc, 0xf8, 0xff, 0x68, 0xa0, 0xc0, 0xff,
    0x98, 0x44, 0x30, 0xff, 0x98, 0x44, 0x30, 0xff, 0x90, 0x54, 0x50, 0xff,
    0x20, 0xcc, 0xf8, 0xff, 0x60, 0xac, 0xd0, 0xff, 0x30, 0xc8, 0xf8, 0xff,
    0x40, 0xbc, 0xe8, 0xff, 0x90, 0x4c, 0x38, 0xff, 0xa0, 0x4c, 0x28, 0xff,
    0x98, 0x4c, 0x28, 0xff, 0xa0, 0x4c, 0x28, 0xff, 0xa0, 0x4c, 0x28, 0xff,
    0xa0, 0x4c, 0x28, 0xff, 0xa0, 0x4c, 0x30, 0xff, 0x98, 0x4c, 0x30, 0xff,
    0xa0, 0x50, 0x28, 0xff, 0xa0, 0x50, 0x28, 0xff, 0xd8, 0xcc, 0xc8, 0xff,
    0xf8, 0xfc, 0xf8, 0xff, 0xf8, 0xfc, 0xf8, 0xff, 0xf8, 0xfc, 0xf8, 0xff,
    0xf8, 0xfc, 0xf8, 0xff, 0xf8, 0xfc, 0xf8, 0xff, 0xf8, 0xfc, 0xf8, 0xff,
    0xf8, 0xfc, 0xf8, 0xff, 0xa8, 0x6c, 0x50, 0xff, 0xa0, 0x54, 0x30, 0xff,
    0xa0, 0x54, 0x30, 0xff, 0xa0, 0x54, 0x30, 0xff, 0xa0, 0x54, 0x30, 0xff,
    0xa0, 0x58, 0x30, 0xff, 0xa0, 0x58, 0x30, 0xff, 0xa0, 0x54, 0x30, 0xff,
    0xa0, 0x54, 0x30, 0xff, 0x88, 0x34, 0x28, 0xff, 0x90, 0x34, 0x28, 0xff,
    0x90, 0x34, 0x28, 0xff, 0x90, 0x34, 0x28, 0xff, 0x88, 0x34, 0x28, 0xff,
    0x88, 0x34, 0x28, 0xff, 0x88, 0x34, 0x28, 0xff, 0x90, 0x34, 0x28, 0xff,
    0x90, 0x34, 0x20, 0xff, 0x88, 0x34, 0x28, 0xff, 0x88, 0x34, 0x28, 0xff,
    0x88, 0x34, 0x28, 0xff, 0x90, 0x34, 0x28, 0xff, 0x88, 0x34, 0x20, 0xff,
    0x88, 0x34, 0x28, 0xff, 0x90, 0x34, 0x28, 0xff, 0x88, 0x34, 0x28, 0xff,
    0x88, 0x34, 0x28, 0xff, 0x88, 0x34, 0x28, 0xff, 0x88, 0x34, 0x28, 0xff,
    0x88, 0x34, 0x28, 0xff, 0x90, 0x30, 0x20, 0xff, 0x40, 0xb8, 0xe0, 0xff,
    0x20, 0xcc, 0xf8, 0xff, 0x18, 0xcc, 0xf8, 0xff, 0x18, 0xd0, 0xf8, 0xff,
    0x18, 0xcc, 0xf8, 0xff, 0x18, 0xcc, 0xf8, 0xff, 0x20, 0xcc, 0xf8, 0xff,
    0x48, 0xb4, 0xe0, 0xff, 0x70, 0x80, 0x98, 0xff, 0x80, 0x54, 0x58, 0xff,
    0x88, 0x38, 0x30, 0xff, 0x88, 0x34, 0x20, 0xff, 0x90, 0x34, 0x28, 0xff,
    0x80, 0x4c, 0x50, 0xff, 0x30, 0xc4, 0xf0, 0xff, 0x20, 0xcc, 0xf8, 0xff,
    0x20, 0xcc, 0xf8, 0xff, 0x20, 0xcc, 0xf8, 0xff, 0x20, 0xcc, 0xf8, 0xff,
    0x58, 0xa4, 0xc8, 0xff, 0x50, 0xa8, 0xd0, 0xff, 0x20, 0xcc, 0xf8, 0xff,
    0x20, 0xcc, 0xf8, 0xff, 0x70, 0x8c, 0xa8, 0xff, 0x98, 0x44, 0x30, 0xff,
    0x98, 0x44, 0x30, 0xff, 0x90, 0x54, 0x50, 0xff, 0x20, 0xcc, 0xf8, 0xff,
    0x38, 0xc4, 0xf0, 0xff, 0x20, 0xcc, 0xf8, 0xff, 0x28, 0xc8, 0xf8, 0xff,
    0x58, 0xb4, 0xd8, 0xff, 0x60, 0xb4, 0xd8, 0xff, 0x60, 0xb0, 0xd8, 0xff,
    0x60, 0xb4, 0xd8, 0xff, 0x60, 0xb0, 0xd8, 0xff, 0x70, 0xa0, 0xc0, 0xff,
    0x98, 0x4c, 0x28, 0xff, 0xa0, 0x4c, 0x30, 0xff, 0xa0, 0x4c, 0x28, 0xff,
    0x98, 0x4c, 0x30, 0xff, 0xe0, 0xd0, 0xc8, 0xff, 0xf8, 0xfc, 0xf8, 0xff,
    0xf8, 0xfc, 0xf8, 0xff, 0xf8, 0xfc, 0xf8, 0xff, 0xf8, 0xfc, 0xf8, 0xff,
    0xf8, 0xfc, 0xf8, 0xff, 0xf8, 0xfc, 0xf8, 0xff, 0xf8, 0xfc, 0xf8, 0xff,
    0xa8, 0x6c, 0x50, 0xff, 0xa0, 0x54, 0x30, 0xff, 0xa8, 0x54, 0x30, 0xff,
    0xa8, 0x58, 0x30, 0xff, 0xa0, 0x54, 0x30, 0xff, 0xa8, 0x54, 0x30, 0xff,
    0xa0, 0x54, 0x30, 0xff, 0xa8, 0x54, 0x30, 0xff, 0xa8, 0x58, 0x30, 0xff,
    0x88, 0x34, 0x28, 0xff, 0x90, 0x34, 0x28, 0xff, 0x88, 0x34, 0x28, 0xff,
    0x88, 0x34, 0x20, 0xff, 0x90, 0x34, 0x28, 0xff, 0x88, 0x34, 0x28, 0xff,
    0x90, 0x34, 0x20, 0xff, 0x88, 0x34, 0x28, 0xff, 0x88, 0x34, 0x28, 0xff,
    0x90, 0x34, 0x28, 0xff, 0x90, 0x34, 0x28, 0xff, 0x90, 0x34, 0x20, 0xff,
    0x88, 0x34, 0x28, 0xff, 0x88, 0x34, 0x28, 0xff, 0x88, 0x34, 0x28, 0xff,
    0x88, 0x34, 0x28, 0xff, 0x90, 0x34, 0x28, 0xff, 0x90, 0x34, 0x28, 0xff,
    0x90, 0x34, 0x20, 0xff, 0x90, 0x34, 0x28, 0xff, 0x90, 0x34, 0x28, 0xff,
    0x80, 0x48, 0x48, 0xff, 0x30, 0xc4, 0xf8, 0xff, 0x18, 0xcc, 0xf8, 0xff,
    0x20, 0xcc, 0xf8, 0xff, 0x20, 0xcc, 0xf8, 0xff, 0x20, 0xcc, 0xf8, 0xff,
    0x20, 0xcc, 0xf8, 0xff, 0x60, 0x98, 0xb8, 0xff, 0x88, 0x40, 0x40, 0xff,
    0x88, 0x34, 0x28, 0xff, 0x90, 0x34, 0x28, 0xff, 0x88, 0x34, 0x28, 0xff,
    0x88, 0x34, 0x28, 0xff, 0x88, 0x34, 0x28, 0xff, 0x88, 0x34, 0x20, 0xff,
    0x48, 0xb4, 0xe0, 0xff, 0x20, 0xcc, 0xf8, 0xff, 0x18, 0xcc, 0xf8, 0xff,
    0x20, 0xcc, 0xf8, 0xff, 0x18, 0xcc, 0xf8, 0xff, 0x68, 0x90, 0xa8, 0xff,
    0x50, 0xa8, 0xd0, 0xff, 0x20, 0xcc, 0xf8, 0xff, 0x18, 0xcc, 0xf8, 0xff,
    0x88, 0x68, 0x70, 0xff, 0x98, 0x44, 0x30, 0xff, 0x98, 0x44, 0x28, 0xff,
    0x90, 0x50, 0x40, 0xff, 0x30, 0xc0, 0xf0, 0xff, 0x20, 0xcc, 0xf8, 0xff,
    0x18, 0xcc, 0xf8, 0xff, 0x18, 0xcc, 0xf8, 0xff, 0x20, 0xcc, 0xf8, 0xff,
    0x20, 0xcc, 0xf8, 0xff, 0x18, 0xcc, 0xf8, 0xff, 0x18, 0xcc, 0xf8, 0xff,
    0x18, 0xcc, 0xf8, 0xff, 0x58, 0xb4, 0xe0, 0xff, 0xa0, 0x4c, 0x28, 0xff,
    0xa0, 0x4c, 0x30, 0xff, 0x98, 0x4c, 0x30, 0xff, 0xa0, 0x4c, 0x30, 0xff,
    0xb8, 0x84, 0x78, 0xff, 0xc8, 0xa0, 0x90, 0xff, 0xc8, 0xa0, 0x98, 0xff,
    0xc8, 0xa0, 0x90, 0xff, 0xc8, 0xa0, 0x90, 0xff, 0xc8, 0xa0, 0x98, 0xff,
    0xc8, 0xa0, 0x90, 0xff, 0xc8, 0xa0, 0x90, 0xff, 0xa8, 0x5c, 0x40, 0xff,
    0xa0, 0x54, 0x30, 0xff, 0xa8, 0x54, 0x30, 0xff, 0xa0, 0x54, 0x30, 0xff,
    0xa0, 0x54, 0x30, 0xff, 0xa8, 0x54, 0x30, 0xff, 0xa8, 0x54, 0x30, 0xff,
    0xa0, 0x54, 0x30, 0xff, 0xa0, 0x54, 0x30, 0xff, 0x88, 0x34, 0x28, 0xff,
    0x88, 0x34, 0x28, 0xff, 0x88, 0x34, 0x28, 0xff, 0x88, 0x34, 0x28, 0xff,
    0x88, 0x34, 0x28, 0xff, 0x90, 0x34, 0x28, 0xff, 0x88, 0x34, 0x28, 0xff,
    0x88, 0x34, 0x28, 0xff, 0x88, 0x34, 0x28, 0xff, 0x88, 0x34, 0x28, 0xff,
    0x90, 0x34, 0x28, 0xff, 0x88, 0x34, 0x28, 0xff, 0x88, 0x34, 0x28, 0xff,
    0x90, 0x34, 0x28, 0xff, 0x90, 0x34, 0x20, 0xff, 0x90, 0x34, 0x28, 0xff,
    0x88, 0x34, 0x28, 0xff, 0x88, 0x34, 0x28, 0xff, 0x88, 0x34, 0x28, 0xff,
    0x88, 0x34, 0x28, 0xff, 0x88, 0x34, 0x28, 0xff, 0x78, 0x68, 0x78, 0xff,
    0x20, 0xcc, 0xf8, 0xff, 0x20, 0xcc, 0xf8, 0xff, 0x18, 0xd0, 0xf8, 0xff,
    0x20, 0xcc, 0xf8, 0xff, 0x18, 0xcc, 0xf8, 0xff, 0x50, 0xac, 0xd0, 0xff,
    0x88, 0x3c, 0x30, 0xff, 0x88, 0x34, 0x28, 0xff, 0x88, 0x34, 0x28, 0xff,
    0x88, 0x34, 0x28, 0xff, 0x90, 0x34, 0x28, 0xff, 0x88, 0x34, 0x28, 0xff,
    0x90, 0x34, 0x20, 0xff, 0x90, 0x34, 0x20, 0xff, 0x70, 0x7c, 0x90, 0xff,
    0x20, 0xc8, 0xf8, 0xff, 0x18, 0xcc, 0xf8, 0xff, 0x20, 0xcc, 0xf8, 0xff,
    0x28, 0xc4, 0xf8, 0xff, 0x88, 0x60, 0x68, 0xff, 0x50, 0xa8, 0xc8, 0xff,
    0x20, 0xcc, 0xf8, 0xff, 0x50, 0xb4, 0xd8, 0xff, 0x90, 0x4c, 0x38, 0xff,
    0x98, 0x44, 0x30, 0xff, 0x98, 0x44, 0x30, 0xff, 0x90, 0x44, 0x30, 0xff,
    0x68, 0x98, 0xb0, 0xff, 0x30, 0xc4, 0xf8, 0xff, 0x20, 0xcc, 0xf8, 0xff,
    0x20, 0xcc, 0xf8, 0xff, 0x30, 0xc8, 0xf8, 0xff, 0x28, 0xc8, 0xf8, 0xff,
    0x28, 0xc8, 0xf8, 0xff, 0x30, 0xc8, 0xf8, 0xff, 0x30, 0xc8, 0xf8, 0xff,
    0x60, 0xb0, 0xd8, 0xff, 0xa0, 0x4c, 0x28, 0xff, 0x98, 0x4c, 0x28, 0xff,
    0xa0, 0x50, 0x28, 0xff, 0xa0, 0x50, 0x30, 0xff, 0xa8, 0x5c, 0x40, 0xff,
    0xa8, 0x64, 0x48, 0xff, 0xa8, 0x64, 0x48, 0xff, 0xa8, 0x64, 0x48, 0xff,
    0xa8, 0x64, 0x48, 0xff, 0xa8, 0x64, 0x48, 0xff, 0xa8, 0x64, 0x48, 0xff,
    0xa8, 0x64, 0x48, 0xff, 0xa8, 0x58, 0x30, 0xff, 0xa0, 0x54, 0x30, 0xff,
    0xa0, 0x54, 0x30, 0xff, 0xa0, 0x58, 0x30, 0xff, 0xa8, 0x54, 0x30, 0xff,
    0xa0, 0x58, 0x30, 0xff, 0xa0, 0x58, 0x30, 0xff, 0xa0, 0x54, 0x30, 0xff,
    0xa0, 0x58, 0x30, 0xff, 0x88, 0x34, 0x28, 0xff, 0x90, 0x34, 0x28, 0xff,
    0x90, 0x34, 0x28, 0xff, 0x90, 0x34, 0x28, 0xff, 0x88, 0x34, 0x28, 0xff,
    0x88, 0x34, 0x28, 0xff, 0x90, 0x34, 0x28, 0xff, 0x90, 0x34, 0x28, 0xff,
    0x90, 0x34, 0x20, 0xff, 0x88, 0x34, 0x28, 0xff, 0x88, 0x34, 0x28, 0xff,
    0x88, 0x34, 0x28, 0xff, 0x88, 0x34, 0x28, 0xff, 0x90, 0x34, 0x28, 0xff,
    0x88, 0x34, 0x28, 0xff, 0x88, 0x34, 0x28, 0xff, 0x88, 0x34, 0x20, 0xff,
    0x88, 0x34, 0x28, 0xff, 0x88, 0x34, 0x28, 0xff, 0x88, 0x34, 0x28, 0xff,
    0x90, 0x34, 0x28, 0xff, 0x78, 0x7c, 0x90, 0xff, 0x18, 0xcc, 0xf8, 0xff,
    0x20, 0xcc, 0xf8, 0xff, 0x18, 0xcc, 0xf8, 0xff, 0x18, 0xd0, 0xf8, 0xff,
    0x20, 0xcc, 0xf8, 0xff, 0x78, 0x6c, 0x80, 0xff, 0x88, 0x34, 0x28, 0xff,
    0x88, 0x34, 0x28, 0xff, 0x90, 0x34, 0x28, 0xff, 0x90, 0x34, 0x28, 0xff,
    0x88, 0x34, 0x28, 0xff, 0x90, 0x34, 0x28, 0xff, 0x88, 0x34, 0x28, 0xff,
    0x88, 0x34, 0x28, 0xff, 0x88, 0x34, 0x28, 0xff, 0x78, 0x7c, 0x90, 0xff,
    0x58, 0xac, 0xd0, 0xff, 0x58, 0xac, 0xd0, 0xff, 0x78, 0x74, 0x88, 0xff,
    0x90, 0x3c, 0x28, 0xff, 0x58, 0xa0, 0xc0, 0xff, 0x50, 0xb0, 0xd8, 0xff,
    0x88, 0x60, 0x68, 0xff, 0x98, 0x44, 0x30, 0xff, 0x98, 0x44, 0x30, 0xff,
    0x98, 0x44, 0x30, 0xff, 0x98, 0x44, 0x30, 0xff, 0x98, 0x44, 0x30, 0xff,
    0x88, 0x5c, 0x58, 0xff, 0x30, 0xc8, 0xf8, 0xff, 0x40, 0xc0, 0xe8, 0xff,
    0x88, 0x68, 0x60, 0xff, 0x90, 0x64, 0x58, 0xff, 0x90, 0x64, 0x58, 0xff,
    0x90, 0x64, 0x58, 0xff, 0x90, 0x64, 0x58, 0xff, 0x90, 0x60, 0x50, 0xff,
    0x98, 0x4c, 0x30, 0xff, 0xa0, 0x4c, 0x30, 0xff, 0xa0, 0x50, 0x30, 0xff,
    0xa0, 0x54, 0x30, 0xff, 0xd8, 0xc0, 0xb8, 0xff, 0xf0, 0xec, 0xe8, 0xff,
    0xf0, 0xec, 0xe8, 0xff, 0xf0, 0xec, 0xe8, 0xff, 0xf0, 0xec, 0xe8, 0xff,
    0xf0, 0xec, 0xe8, 0xff, 0xf8, 0xec, 0xe8, 0xff, 0xf0, 0xec, 0xe8, 0xff,
    0xa8, 0x68, 0x50, 0xff, 0xa0, 0x54, 0x30, 0xff, 0xa8, 0x54, 0x30, 0xff,
    0xa8, 0x54, 0x30, 0xff, 0xa0, 0x54, 0x30, 0xff, 0xa0, 0x54, 0x30, 0xff,
    0xa0, 0x54, 0x30, 0xff, 0xa8, 0x54, 0x30, 0xff, 0xa8, 0x54, 0x30, 0xff,
    0x88, 0x34, 0x28, 0xff, 0x90, 0x34, 0x28, 0xff, 0x88, 0x34, 0x28, 0xff,
    0x88, 0x34, 0x20, 0xff, 0x90, 0x34, 0x28, 0xff, 0x88, 0x34, 0x28, 0xff,
    0x88, 0x34, 0x20, 0xff, 0x88, 0x34, 0x28, 0xff, 0x88, 0x34, 0x28, 0xff,
    0x90, 0x34, 0x28, 0xff, 0x88, 0x34, 0x28, 0xff, 0x90, 0x34, 0x20, 0xff,
    0x90, 0x34, 0x28, 0xff, 0x88, 0x34, 0x28, 0xff, 0x88, 0x34, 0x28, 0xff,
    0x88, 0x34, 0x28, 0xff, 0x90, 0x34, 0x28, 0xff, 0x90, 0x34, 0x28, 0xff,
    0x90, 0x34, 0x28, 0xff, 0x90, 0x34, 0x20, 0xff, 0x88, 0x34, 0x28, 0xff,
    0x70, 0x84, 0xa0, 0xff, 0x18, 0xcc, 0xf8, 0xff, 0x20, 0xcc, 0xf8, 0xff,
    0x20, 0xcc, 0xf8, 0xff, 0x18, 0xcc, 0xf8, 0xff, 0x38, 0xc0, 0xf0, 0xff,
    0x88, 0x44, 0x40, 0xff, 0x88, 0x34, 0x28, 0xff, 0x90, 0x34, 0x28, 0xff,
    0x90, 0x34, 0x28, 0xff, 0x88, 0x34, 0x28, 0xff, 0x88, 0x34, 0x20, 0xff,
    0x88, 0x34, 0x28, 0xff, 0x90, 0x34, 0x28, 0xff, 0x88, 0x34, 0x28, 0xff,
    0x90, 0x38, 0x28, 0xff, 0x90, 0x3c, 0x28, 0xff, 0x90, 0x3c, 0x28, 0xff,
    0x90, 0x3c, 0x28, 0xff, 0x90, 0x3c, 0x30, 0xff, 0x90, 0x3c, 0x30, 0xff,
    0x90, 0x4c, 0x40, 0xff, 0x90, 0x48, 0x38, 0xff, 0x98, 0x44, 0x30, 0xff,
    0x98, 0x44, 0x30, 0xff, 0x98, 0x44, 0x30, 0xff, 0x90, 0x44, 0x28, 0xff,
    0x90, 0x48, 0x38, 0xff, 0x78, 0x80, 0x90, 0xff, 0x88, 0x74, 0x78, 0xff,
    0x40, 0xbc, 0xe8, 0xff, 0x48, 0xb4, 0xd8, 0xff, 0x98, 0x54, 0x38, 0xff,
    0xa0, 0x4c, 0x30, 0xff, 0xa0, 0x4c, 0x30, 0xff, 0x98, 0x4c, 0x30, 0xff,
    0x98, 0x4c, 0x30, 0xff, 0xa0, 0x4c, 0x30, 0xff, 0xa0, 0x4c, 0x28, 0xff,
    0xa0, 0x50, 0x30, 0xff, 0xa0, 0x54, 0x30, 0xff, 0xa0, 0x54, 0x30, 0xff,
    0xe0, 0xd0, 0xc8, 0xff, 0xf8, 0xfc, 0xf8, 0xff, 0xf8, 0xfc, 0xf8, 0xff,
    0xf8, 0xfc, 0xf8, 0xff, 0xf8, 0xfc, 0xf8, 0xff, 0xf8, 0xfc, 0xf8, 0xff,
    0xf8, 0xfc, 0xf8, 0xff, 0xf8, 0xfc, 0xf8, 0xff, 0xa8, 0x68, 0x50, 0xff,
    0xa0, 0x54, 0x30, 0xff, 0xa8, 0x54, 0x30, 0xff, 0xa0, 0x58, 0x30, 0xff,
    0xa0, 0x54, 0x30, 0xff, 0xa8, 0x54, 0x30, 0xff, 0xa8, 0x54, 0x30, 0xff,
    0xa8, 0x58, 0x30, 0xff, 0xa8, 0x5c, 0x30, 0xff, 0x88, 0x34, 0x28, 0xff,
    0x88, 0x34, 0x28, 0xff, 0x88, 0x34, 0x28, 0xff, 0x88, 0x34, 0x28, 0xff,
    0x88, 0x34, 0x28, 0xff, 0x90, 0x34, 0x28, 0xff, 0x90, 0x34, 0x28, 0xff,
    0x88, 0x34, 0x28, 0xff, 0x88, 0x34, 0x28, 0xff, 0x88, 0x34, 0x28, 0xff,
    0x90, 0x34, 0x28, 0xff, 0x88, 0x34, 0x28, 0xff, 0x88, 0x34, 0x28, 0xff,
    0x90, 0x34, 0x20, 0xff, 0x88, 0x34, 0x28, 0xff, 0x90, 0x34, 0x28, 0xff,
    0x90, 0x34, 0x28, 0xff, 0x88, 0x34, 0x28, 0xff, 0x88, 0x34, 0x28, 0xff,
    0x88, 0x34, 0x28, 0xff, 0x88, 0x34, 0x28, 0xff, 0x70, 0x84, 0xa0, 0xff,
    0x18, 0xcc, 0xf8, 0xff, 0x20, 0xd0, 0xf8, 0xff, 0x18, 0xd0, 0xf8, 0xff,
    0x20, 0xcc, 0xf8, 0xff, 0x40, 0xbc, 0xe8, 0xff, 0x88, 0x30, 0x20, 0xff,
    0x90, 0x34, 0x28, 0xff, 0x88, 0x34, 0x28, 0xff, 0x88, 0x34, 0x28, 0xff,
    0x88, 0x34, 0x28, 0xff, 0x90, 0x34, 0x28, 0xff, 0x88, 0x34, 0x28, 0xff,
    0x88, 0x34, 0x28, 0xff, 0x90, 0x34, 0x28, 0xff, 0x90, 0x38, 0x28, 0xff,
    0x78, 0x74, 0x88, 0xff, 0x58, 0xa8, 0xd0, 0xff, 0x50, 0xac, 0xd0, 0xff,
    0x50, 0xac, 0xd0, 0xff, 0x50, 0xac, 0xd0, 0xff, 0x58, 0xac, 0xd0, 0xff,
    0x58, 0xac, 0xd0, 0xff, 0x58, 0xac, 0xd0, 0xff, 0x88, 0x60, 0x60, 0xff,
    0x98, 0x44, 0x30, 0xff, 0x98, 0x44, 0x30, 0xff, 0x90, 0x54, 0x50, 0xff,
    0x20, 0xcc, 0xf8, 0xff, 0x68, 0xac, 0xd0, 0xff, 0x30, 0xc8, 0xf8, 0xff,
    0x40, 0xbc, 0xe8, 0xff, 0x98, 0x54, 0x38, 0xff, 0xa0, 0x4c, 0x30, 0xff,
    0xa0, 0x4c, 0x28, 0xff, 0xa0, 0x4c, 0x28, 0xff, 0xa0, 0x4c, 0x30, 0xff,
    0xa0, 0x4c, 0x28, 0xff, 0xa0, 0x50, 0x30, 0xff, 0xa0, 0x54, 0x30, 0xff,
    0xa0, 0x58, 0x30, 0xff, 0xa8, 0x58, 0x30, 0xff, 0xd8, 0xc4, 0xc0, 0xff,
    0xf8, 0xf0, 0xf0, 0xff, 0xf8, 0xf0, 0xf0, 0xff, 0xf8, 0xf0, 0xf0, 0xff,
    0xf8, 0xf4, 0xf0, 0xff, 0xf8, 0xfc, 0xf8, 0xff, 0xf8, 0xfc, 0xf8, 0xff,
    0xe8, 0xe0, 0xe0, 0xff, 0xa8, 0x64, 0x48, 0xff, 0xa8, 0x54, 0x30, 0xff,
    0xa0, 0x54, 0x30, 0xff, 0xa0, 0x54, 0x30, 0xff, 0xa8, 0x58, 0x30, 0xff,
    0xa8, 0x5c, 0x30, 0xff, 0xa8, 0x60, 0x30, 0xff, 0xa8, 0x60, 0x30, 0xff,
    0xa8, 0x60, 0x38, 0xff, 0x88, 0x34, 0x28, 0xff, 0x90, 0x34, 0x28, 0xff,
    0x90, 0x34, 0x28, 0xff, 0x90, 0x34, 0x28, 0xff, 0x88, 0x34, 0x28, 0xff,
    0x88, 0x34, 0x28, 0xff, 0x90, 0x34, 0x28, 0xff, 0x88, 0x34, 0x28, 0xff,
    0x90, 0x34, 0x28, 0xff, 0x90, 0x34, 0x20, 0xff, 0x88, 0x34, 0x28, 0xff,
    0x88, 0x34, 0x28, 0xff, 0x88, 0x34, 0x28, 0xff, 0x88, 0x34, 0x28, 0xff,
    0x90, 0x34, 0x28, 0xff, 0x88, 0x34, 0x28, 0xff, 0x88, 0x34, 0x20, 0xff,
    0x88, 0x34, 0x28, 0xff, 0x88, 0x34, 0x28, 0xff, 0x90, 0x34, 0x28, 0xff,
    0x90, 0x34, 0x20, 0xff, 0x68, 0x84, 0xa0, 0xff, 0x18, 0xcc, 0xf8, 0xff,
    0x20, 0xcc, 0xf8, 0xff, 0x18, 0xcc, 0xf8, 0xff, 0x18, 0xd0, 0xf8, 0xff,
    0x38, 0xc0, 0xe8, 0xff, 0x88, 0x3c, 0x30, 0xff, 0x88, 0x34, 0x28, 0xff,
    0x88, 0x34, 0x28, 0xff, 0x88, 0x34, 0x28, 0xff, 0x90, 0x34, 0x28, 0xff,
    0x88, 0x34, 0x28, 0xff, 0x90, 0x34, 0x28, 0xff, 0x90, 0x34, 0x28, 0xff,
    0x88, 0x34, 0x20, 0xff, 0x78, 0x80, 0x98, 0xff, 0x20, 0xcc, 0xf8, 0xff,
    0x20, 0xcc, 0xf8, 0xff, 0x18, 0xcc, 0xf8, 0xff, 0x18, 0xcc, 0xf8, 0xff,
    0x20, 0xcc, 0xf8, 0xff, 0x20, 0xcc, 0xf8, 0xff, 0x18, 0xcc, 0xf8, 0xff,
    0x18, 0xcc, 0xf8, 0xff, 0x80, 0x6c, 0x70, 0xff, 0x98, 0x44, 0x30, 0xff,
    0x98, 0x44, 0x30, 0xff, 0x90, 0x54, 0x50, 0xff, 0x20, 0xcc, 0xf8, 0xff,
    0x48, 0xbc, 0xe8, 0xff, 0x28, 0xcc, 0xf8, 0xff, 0x30, 0xc4, 0xf0, 0xff,
    0x68, 0x9c, 0xb0, 0xff, 0x70, 0x98, 0xb0, 0xff, 0x68, 0x98, 0xb0, 0xff,
    0x68, 0x98, 0xb0, 0xff, 0x70, 0x98, 0xb0, 0xff, 0x80, 0x8c, 0xa0, 0xff,
    0xa0, 0x54, 0x30, 0xff, 0xa0, 0x54, 0x30, 0xff, 0xa0, 0x54, 0x30, 0xff,
    0xa8, 0x54, 0x30, 0xff, 0xa0, 0x54, 0x28, 0xff, 0xa0, 0x50, 0x28, 0xff,
    0xa0, 0x50, 0x28, 0xff, 0xa0, 0x50, 0x28, 0xff, 0xa8, 0x54, 0x30, 0xff,
    0xd0, 0xb0, 0xa0, 0xff, 0xf8, 0xfc, 0xf8, 0xff, 0xd0, 0xb4, 0xa8, 0xff,
    0xa0, 0x54, 0x30, 0xff, 0xa8, 0x54, 0x30, 0xff, 0xa8, 0x58, 0x30, 0xff,
    0xa8, 0x5c, 0x30, 0xff, 0xa8, 0x60, 0x30, 0xff, 0xa8, 0x60, 0x30, 0xff,
    0xa8, 0x60, 0x30, 0xff, 0xa8, 0x60, 0x38, 0xff, 0xa8, 0x60, 0x30, 0xff,
    0x88, 0x34, 0x28, 0xff, 0x90, 0x34, 0x28, 0xff, 0x88, 0x34, 0x28, 0xff,
    0x88, 0x34, 0x20, 0xff, 0x90, 0x34, 0x28, 0xff, 0x88, 0x34, 0x28, 0xff,
    0x88, 0x34, 0x20, 0xff, 0x88, 0x34, 0x28, 0xff, 0x90, 0x34, 0x28, 0xff,
    0x88, 0x34, 0x28, 0xff, 0x88, 0x34, 0x28, 0xff, 0x90, 0x34, 0x28, 0xff,
    0x90, 0x34, 0x28, 0xff, 0x88, 0x34, 0x28, 0xff, 0x88, 0x34, 0x28, 0xff,
    0x90, 0x34, 0x28, 0xff, 0x88, 0x34, 0x28, 0xff, 0x88, 0x34, 0x28, 0xff,
    0x90, 0x34, 0x28, 0xff, 0x88, 0x34, 0x20, 0xff, 0x88, 0x34, 0x28, 0xff,
    0x78, 0x80, 0x98, 0xff, 0x18, 0xcc, 0xf8, 0xff, 0x20, 0xcc, 0xf8, 0xff,
    0x20, 0xcc, 0xf8, 0xff, 0x18, 0xcc, 0xf8, 0xff, 0x28, 0xc8, 0xf8, 0xff,
    0x80, 0x5c, 0x68, 0xff, 0x90, 0x34, 0x28, 0xff, 0x90, 0x34, 0x28, 0xff,
    0x90, 0x34, 0x28, 0xff, 0x88, 0x34, 0x28, 0xff, 0x88, 0x34, 0x20, 0xff,
    0x88, 0x34, 0x28, 0xff, 0x88, 0x34, 0x28, 0xff, 0x88, 0x34, 0x20, 0xff,
    0x40, 0xb8, 0xe8, 0xff, 0x20, 0xcc, 0xf8, 0xff, 0x18, 0xcc, 0xf8, 0xff,
    0x20, 0xcc, 0xf8, 0xff, 0x20, 0xcc, 0xf8, 0xff, 0x20, 0xcc, 0xf8, 0xff,
    0x18, 0xcc, 0xf8, 0xff, 0x20, 0xcc, 0xf8, 0xff, 0x18, 0xcc, 0xf8, 0xff,
    0x88, 0x6c, 0x70, 0xff, 0x98, 0x44, 0x30, 0xff, 0x90, 0x44, 0x30, 0xff,
    0x98, 0x54, 0x48, 0xff, 0x30, 0xc4, 0xf0, 0xff, 0x18, 0xcc, 0xf8, 0xff,
    0x18, 0xcc, 0xf8, 0xff, 0x20, 0xcc, 0xf8, 0xff, 0x18, 0xcc, 0xf8, 0xff,
    0x18, 0xcc, 0xf8, 0xff, 0x20, 0xcc, 0xf8, 0xff, 0x18, 0xcc, 0xf8, 0xff,
    0x20, 0xcc, 0xf8, 0xff, 0x58, 0xb8, 0xe0, 0xff, 0xa0, 0x54, 0x28, 0xff,
    0xa8, 0x54, 0x30, 0xff, 0xa0, 0x54, 0x30, 0xff, 0xa0, 0x54, 0x30, 0xff,
    0xa0, 0x54, 0x30, 0xff, 0xa8, 0x54, 0x30, 0xff, 0xa0, 0x54, 0x30, 0xff,
    0xa8, 0x54, 0x30, 0xff, 0xa0, 0x54, 0x30, 0xff, 0xb0, 0x6c, 0x58, 0xff,
    0xf8, 0xfc, 0xf8, 0xff, 0xf0, 0xe8, 0xe8, 0xff, 0xa8, 0x60, 0x40, 0xff,
    0xa8, 0x5c, 0x30, 0xff, 0xa8, 0x60, 0x30, 0xff, 0xa8, 0x60, 0x30, 0xff,
    0xa8, 0x60, 0x30, 0xff, 0xb0, 0x5c, 0x38, 0xff, 0xa8, 0x60, 0x38, 0xff,
    0xa8, 0x60, 0x30, 0xff, 0xb0, 0x5c, 0x30, 0xff, 0x88, 0x34, 0x28, 0xff,
    0x88, 0x34, 0x28, 0xff, 0x88, 0x34, 0x28, 0xff, 0x88, 0x34, 0x28, 0xff,
    0x88, 0x34, 0x28, 0xff, 0x90, 0x34, 0x28, 0xff, 0x90, 0x34, 0x28, 0xff,
    0x88, 0x34, 0x28, 0xff, 0x88, 0x34, 0x20, 0xff, 0x88, 0x34, 0x28, 0xff,
    0x88, 0x34, 0x28, 0xff, 0x90, 0x34, 0x28, 0xff, 0x88, 0x34, 0x20, 0xff,
    0x90, 0x34, 0x28, 0xff, 0x90, 0x34, 0x28, 0xff, 0x88, 0x34, 0x20, 0xff,
    0x90, 0x34, 0x28, 0xff, 0x90, 0x34, 0x28, 0xff, 0x88, 0x34, 0x28, 0xff,
    0x88, 0x34, 0x28, 0xff, 0x88, 0x34, 0x28, 0xff, 0x78, 0x70, 0x88, 0xff,
    0x20, 0xcc, 0xf8, 0xff, 0x20, 0xcc, 0xf8, 0xff, 0x18, 0xcc, 0xf8, 0xff,
    0x20, 0xcc, 0xf8, 0xff, 0x18, 0xcc, 0xf8, 0xff, 0x60, 0x94, 0xb0, 0xff,
    0x88, 0x34, 0x28, 0xff, 0x88, 0x34, 0x28, 0xff, 0x88, 0x34, 0x28, 0xff,
    0x90, 0x34, 0x28, 0xff, 0x90, 0x34, 0x28, 0xff, 0x88, 0x34, 0x28, 0xff,
    0x88, 0x34, 0x28, 0xff, 0x88, 0x4c, 0x48, 0xff, 0x30, 0xc4, 0xf0, 0xff,
    0x20, 0xcc, 0xf8, 0xff, 0x18, 0xcc, 0xf8, 0xff, 0x28, 0xc8, 0xf8, 0xff,
    0x40, 0xc0, 0xf0, 0xff, 0x40, 0xc0, 0xe8, 0xff, 0x40, 0xc0, 0xf0, 0xff,
    0x40, 0xc0, 0xf0, 0xff, 0x40, 0xc0, 0xf0, 0xff, 0x88, 0x64, 0x68, 0xff,
    0x98, 0x44, 0x30, 0xff, 0x98, 0x44, 0x30, 0xff, 0x98, 0x4c, 0x30, 0xff,
    0x60, 0xa8, 0xc8, 0xff, 0x20, 0xcc, 0xf8, 0xff, 0x18, 0xcc, 0xf8, 0xff,
    0x20, 0xd0, 0xf8, 0xff, 0x18, 0xd0, 0xf8, 0xff, 0x18, 0xd0, 0xf8, 0xff,
    0x18, 0xd0, 0xf8, 0xff, 0x18, 0xd0, 0xf8, 0xff, 0x18, 0xd0, 0xf8, 0xff,
    0x58, 0xb8, 0xe0, 0xff, 0xa0, 0x54, 0x28, 0xff, 0xa0, 0x54, 0x30, 0xff,
    0xa8, 0x58, 0x30, 0xff, 0xa8, 0x54, 0x30, 0xff, 0xa8, 0x60, 0x40, 0xff,
    0xa8, 0x68, 0x50, 0xff, 0xa8, 0x68, 0x50, 0xff, 0xa8, 0x68, 0x48, 0xff,
    0xa8, 0x6c, 0x50, 0xff, 0xc8, 0xac, 0xa0, 0xff, 0xf8, 0xfc, 0xf8, 0xff,
    0xf8, 0xfc, 0xf8, 0xff, 0xb0, 0x70, 0x50, 0xff, 0xa8, 0x60, 0x30, 0xff,
    0xa8, 0x60, 0x30, 0xff, 0xa8, 0x5c, 0x38, 0xff, 0xb0, 0x60, 0x30, 0xff,
    0xa8, 0x60, 0x30, 0xff, 0xb0, 0x5c, 0x30, 0xff, 0xa8, 0x60, 0x30, 0xff,
    0xa8, 0x60, 0x30, 0xff, 0x88, 0x34, 0x28, 0xff, 0x90, 0x34, 0x28, 0xff,
    0x90, 0x34, 0x28, 0xff, 0x90, 0x34, 0x28, 0xff, 0x88, 0x34, 0x28, 0xff,
    0x88, 0x34, 0x28, 0xff, 0x88, 0x34, 0x28, 0xff, 0x90, 0x34, 0x28, 0xff,
    0x90, 0x34, 0x28, 0xff, 0x90, 0x34, 0x28, 0xff, 0x88, 0x34, 0x28, 0xff,
    0x88, 0x34, 0x28, 0xff, 0x88, 0x34, 0x28, 0xff, 0x88, 0x34, 0x28, 0xff,
    0x88, 0x34, 0x28, 0xff, 0x88, 0x34, 0x28, 0xff, 0x88, 0x34, 0x28, 0xff,
    0x88, 0x34, 0x28, 0xff, 0x90, 0x34, 0x20, 0xff, 0x90, 0x34, 0x28, 0xff,
    0x90, 0x34, 0x28, 0xff, 0x80, 0x58, 0x60, 0xff, 0x28, 0xc8, 0xf8, 0xff,
    0x18, 0xcc, 0xf8, 0xff, 0x18, 0xcc, 0xf8, 0xff, 0x18, 0xd0, 0xf8, 0xff,
    0x20, 0xd0, 0xf8, 0xff, 0x28, 0xc8, 0xf8, 0xff, 0x78, 0x70, 0x80, 0xff,
    0x88, 0x34, 0x28, 0xff, 0x88, 0x34, 0x28, 0xff, 0x88, 0x34, 0x28, 0xff,
    0x88, 0x34, 0x28, 0xff, 0x90, 0x34, 0x28, 0xff, 0x90, 0x34, 0x28, 0xff,
    0x80, 0x50, 0x50, 0xff, 0x30, 0xc4, 0xf0, 0xff, 0x18, 0xcc, 0xf8, 0xff,
    0x30, 0xc4, 0xf0, 0xff, 0x80, 0x68, 0x70, 0xff, 0x90, 0x3c, 0x28, 0xff,
    0x98, 0x40, 0x20, 0xff, 0x98, 0x40, 0x20, 0xff, 0x98, 0x40, 0x20, 0xff,
    0x98, 0x40, 0x20, 0xff, 0x98, 0x44, 0x28, 0xff, 0x98, 0x44, 0x30, 0xff,
    0x98, 0x48, 0x30, 0xff, 0x98, 0x4c, 0x30, 0xff, 0x98, 0x54, 0x40, 0xff,
    0x90, 0x78, 0x80, 0xff, 0x28, 0xc8, 0xf8, 0xff, 0x38, 0xc0, 0xf0, 0xff,
    0x88, 0x80, 0x90, 0xff, 0x88, 0x7c, 0x90, 0xff, 0x88, 0x7c, 0x90, 0xff,
    0x90, 0x80, 0x88, 0xff, 0x90, 0x80, 0x90, 0xff, 0x98, 0x78, 0x78, 0xff,
    0xa8, 0x54, 0x30, 0xff, 0xa8, 0x54, 0x30, 0xff, 0xa0, 0x54, 0x30, 0xff,
    0xa0, 0x58, 0x30, 0xff, 0xd8, 0xc4, 0xb8, 0xff, 0xf8, 0xf0, 0xf0, 0xff,
    0xf8, 0xec, 0xe8, 0xff, 0xf8, 0xec, 0xe8, 0xff, 0xf8, 0xf0, 0xf0, 0xff,
    0xf8, 0xfc, 0xf8, 0xff, 0xf8, 0xfc, 0xf8, 0xff, 0xf8, 0xf8, 0xf8, 0xff,
    0xb0, 0x6c, 0x50, 0xff, 0xa8, 0x60, 0x30, 0xff, 0xa8, 0x60, 0x30, 0xff,
    0xb0, 0x60, 0x38, 0xff, 0xa8, 0x60, 0x30, 0xff, 0xa8, 0x5c, 0x30, 0xff,
    0xa8, 0x60, 0x30, 0xff, 0xb0, 0x60, 0x30, 0xff, 0xa8, 0x60, 0x38, 0xff,
    0x88, 0x34, 0x28, 0xff, 0x90, 0x34, 0x28, 0xff, 0x88, 0x34, 0x28, 0xff,
    0x88, 0x34, 0x20, 0xff, 0x90, 0x34, 0x28, 0xff, 0x88, 0x34, 0x28, 0xff,
    0x90, 0x34, 0x20, 0xff, 0x88, 0x34, 0x28, 0xff, 0x88, 0x34, 0x28, 0xff,
    0x88, 0x34, 0x28, 0xff, 0x90, 0x34, 0x28, 0xff, 0x90, 0x34, 0x20, 0xff,
    0x90, 0x34, 0x28, 0xff, 0x88, 0x34, 0x28, 0xff, 0x90, 0x34, 0x28, 0xff,
    0x90, 0x34, 0x28, 0xff, 0x88, 0x34, 0x28, 0xff, 0x88, 0x34, 0x28, 0xff,
    0x88, 0x34, 0x28, 0xff, 0x88, 0x34, 0x28, 0xff, 0x88, 0x34, 0x28, 0xff,
    0x88, 0x38, 0x28, 0xff, 0x38, 0xc0, 0xe8, 0xff, 0x20, 0xcc, 0xf8, 0xff,
    0x20, 0xcc, 0xf8, 0xff, 0x20, 0xcc, 0xf8, 0xff, 0x18, 0xcc, 0xf8, 0xff,
    0x20, 0xcc, 0xf8, 0xff, 0x28, 0xc8, 0xf8, 0xff, 0x68, 0x90, 0xb0, 0xff,
    0x88, 0x4c, 0x50, 0xff, 0x88, 0x38, 0x30, 0xff, 0x88, 0x34, 0x28, 0xff,
    0x88, 0x34, 0x28, 0xff, 0x88, 0x34, 0x28, 0xff, 0x88, 0x3c, 0x30, 0xff,
    0x40, 0xc0, 0xe8, 0xff, 0x20, 0xcc, 0xf8, 0xff, 0x50, 0xb4, 0xe0, 0xff,
    0x90, 0x3c, 0x28, 0xff, 0x90, 0x3c, 0x30, 0xff, 0x98, 0x44, 0x30, 0xff,
    0x98, 0x44, 0x30, 0xff, 0x98, 0x44, 0x30, 0xff, 0x98, 0x44, 0x28, 0xff,
    0x90, 0x44, 0x30, 0xff, 0x98, 0x44, 0x30, 0xff, 0x98, 0x4c, 0x30, 0xff,
    0x98, 0x4c, 0x28, 0xff, 0xa0, 0x4c, 0x30, 0xff, 0xa0, 0x4c, 0x30, 0xff,
    0x58, 0xac, 0xd0, 0xff, 0x60, 0xa4, 0xc0, 0xff, 0x98, 0x54, 0x38, 0xff,
    0xa0, 0x4c, 0x30, 0xff, 0xa0, 0x50, 0x30, 0xff, 0xa0, 0x54, 0x30, 0xff,
    0xa0, 0x54, 0x30, 0xff, 0xa8, 0x54, 0x30, 0xff, 0xa0, 0x58, 0x30, 0xff,
    0xa0, 0x54, 0x30, 0xff, 0xa0, 0x54, 0x30, 0xff, 0xa0, 0x54, 0x30, 0xff,
    0xe0, 0xd0, 0xd0, 0xff, 0xf8, 0xfc, 0xf8, 0xff, 0xf8, 0xfc, 0xf8, 0xff,
    0xf8, 0xfc, 0xf8, 0xff, 0xf8, 0xfc, 0xf8, 0xff, 0xf8, 0xfc, 0xf8, 0xff,
    0xf8, 0xfc, 0xf8, 0xff, 0xe8, 0xd4, 0xd0, 0xff, 0xb0, 0x64, 0x38, 0xff,
    0xa8, 0x60, 0x30, 0xff, 0xa8, 0x5c, 0x30, 0xff, 0xb0, 0x60, 0x30, 0xff,
    0xa8, 0x60, 0x30, 0xff, 0xa8, 0x60, 0x38, 0xff, 0xa8, 0x60, 0x38, 0xff,
    0xa8, 0x60, 0x30, 0xff, 0xa8, 0x5c, 0x30, 0xff, 0x88, 0x34, 0x28, 0xff,
    0x88, 0x34, 0x28, 0xff, 0x88, 0x34, 0x28, 0xff, 0x88, 0x34, 0x28, 0xff,
    0x88, 0x34, 0x28, 0xff, 0x90, 0x34, 0x28, 0xff, 0x88, 0x34, 0x28, 0xff,
    0x88, 0x34, 0x28, 0xff, 0x88, 0x34, 0x20, 0xff, 0x88, 0x34, 0x28, 0xff,
    0x88, 0x34, 0x28, 0xff, 0x88, 0x34, 0x28, 0xff, 0x88, 0x34, 0x28, 0xff,
    0x90, 0x34, 0x28, 0xff, 0x88, 0x34, 0x28, 0xff, 0x88, 0x34, 0x20, 0xff,
    0x90, 0x34, 0x28, 0xff, 0x90, 0x34, 0x28, 0xff, 0x90, 0x34, 0x28, 0xff,
    0x88, 0x34, 0x28, 0xff, 0x88, 0x34, 0x28, 0xff, 0x88, 0x34, 0x20, 0xff,
    0x58, 0xa0, 0xc8, 0xff, 0x20, 0xcc, 0xf8, 0xff, 0x18, 0xcc, 0xf8, 0xff,
    0x20, 0xcc, 0xf8, 0xff, 0x18, 0xcc, 0xf8, 0xff, 0x18, 0xcc, 0xf8, 0xff,
    0x20, 0xd0, 0xf8, 0xff, 0x18, 0xcc, 0xf8, 0xff, 0x28, 0xc8, 0xf8, 0xff,
    0x48, 0xb0, 0xd8, 0xff, 0x60, 0xa4, 0xc8, 0xff, 0x70, 0x80, 0x98, 0xff,
    0x88, 0x34, 0x28, 0xff, 0x90, 0x38, 0x28, 0xff, 0x60, 0x9c, 0xc0, 0xff,
    0x18, 0xcc, 0xf8, 0xff, 0x40, 0xc0, 0xe8, 0xff, 0x90, 0x48, 0x48, 0xff,
    0x90, 0x40, 0x28, 0xff, 0x98, 0x44, 0x30, 0xff, 0x98, 0x44, 0x30, 0xff,
    0x98, 0x44, 0x30, 0xff, 0x98, 0x44, 0x30, 0xff, 0x98, 0x44, 0x30, 0xff,
    0x98, 0x44, 0x30, 0xff, 0xa0, 0x4c, 0x28, 0xff, 0xa0, 0x4c, 0x28, 0xff,
    0xa0, 0x50, 0x28, 0xff, 0x98, 0x4c, 0x28, 0xff, 0x78, 0x88, 0x98, 0xff,
    0x78, 0x8c, 0x98, 0xff, 0x78, 0x88, 0x98, 0xff, 0x78, 0x88, 0x98, 0xff,
    0x80, 0x8c, 0x98, 0xff, 0x80, 0x8c, 0xa0, 0xff, 0x80, 0x8c, 0x98, 0xff,
    0x88, 0x80, 0x88, 0xff, 0xa0, 0x54, 0x30, 0xff, 0xa0, 0x58, 0x30, 0xff,
    0xa8, 0x54, 0x30, 0xff, 0xa8, 0x54, 0x30, 0xff, 0xd8, 0xc0, 0xc0, 0xff,
    0xf0, 0xec, 0xe8, 0xff, 0xf0, 0xec, 0xe8, 0xff, 0xf8, 0xec, 0xf0, 0xff,
    0xf0, 0xec, 0xe8, 0xff, 0xf0, 0xe8, 0xe8, 0xff, 0xe0, 0xc8, 0xc0, 0xff,
    0xb0, 0x74, 0x50, 0xff, 0xa8, 0x5c, 0x30, 0xff, 0xa8, 0x60, 0x30, 0xff,
    0xa8, 0x60, 0x38, 0xff, 0xa8, 0x5c, 0x38, 0xff, 0xa8, 0x5c, 0x30, 0xff,
    0xa8, 0x60, 0x30, 0xff, 0xb0, 0x60, 0x30, 0xff, 0xa8, 0x5c, 0x30, 0xff,
    0xa8, 0x60, 0x38, 0xff, 0x88, 0x34, 0x28, 0xff, 0x90, 0x34, 0x28, 0xff,
    0x90, 0x34, 0x28, 0xff, 0x90, 0x34, 0x28, 0xff, 0x88, 0x34, 0x28, 0xff,
    0x88, 0x34, 0x28, 0xff, 0x90, 0x34, 0x28, 0xff, 0x90, 0x34, 0x28, 0xff,
    0x90, 0x34, 0x28, 0xff, 0x90, 0x34, 0x28, 0xff, 0x90, 0x34, 0x28, 0xff,
    0x88, 0x34, 0x28, 0xff, 0x88, 0x34, 0x28, 0xff, 0x88, 0x34, 0x20, 0xff,
    0x88, 0x34, 0x28, 0xff, 0x88, 0x34, 0x28, 0xff, 0x88, 0x34, 0x28, 0xff,
    0x88, 0x34, 0x28, 0xff, 0x88, 0x34, 0x20, 0xff, 0x90, 0x34, 0x28, 0xff,
    0x90, 0x34, 0x28, 0xff, 0x90, 0x34, 0x28, 0xff, 0x78, 0x70, 0x80, 0xff,
    0x20, 0xcc, 0xf8, 0xff, 0x18, 0xcc, 0xf8, 0xff, 0x18, 0xcc, 0xf8, 0xff,
    0x20, 0xd0, 0xf8, 0xff, 0x20, 0xcc, 0xf8, 0xff, 0x18, 0xcc, 0xf8, 0xff,
    0x18, 0xd0, 0xf8, 0xff, 0x20, 0xcc, 0xf8, 0xff, 0x20, 0xcc, 0xf8, 0xff,
    0x18, 0xcc, 0xf8, 0xff, 0x50, 0xac, 0xd0, 0xff, 0x88, 0x38, 0x30, 0xff,
    0x90, 0x38, 0x28, 0xff, 0x78, 0x68, 0x78, 0xff, 0x28, 0xc4, 0xf0, 0xff,
    0x18, 0xcc, 0xf8, 0xff, 0x58, 0xac, 0xd0, 0xff, 0x78, 0x80, 0x90, 0xff,
    0x80, 0x74, 0x88, 0xff, 0x80, 0x78, 0x88, 0xff, 0x80, 0x78, 0x80, 0xff,
    0x80, 0x74, 0x88, 0xff, 0x90, 0x50, 0x48, 0xff, 0x98, 0x48, 0x28, 0xff,
    0xa0, 0x4c, 0x30, 0xff, 0x98, 0x50, 0x30, 0xff, 0xa0, 0x4c, 0x30, 0xff,
    0xa0, 0x4c, 0x30, 0xff, 0x30, 0xcc, 0xf8, 0xff, 0x18, 0xd0, 0xf8, 0xff,
    0x18, 0xcc, 0xf8, 0xff, 0x18, 0xd0, 0xf8, 0xff, 0x18, 0xd0, 0xf8, 0xff,
    0x18, 0xcc, 0xf8, 0xff, 0x18, 0xd0, 0xf8, 0xff, 0x58, 0xb8, 0xe0, 0xff,
    0xa8, 0x54, 0x28, 0xff, 0xa0, 0x54, 0x30, 0xff, 0xa8, 0x58, 0x30, 0xff,
    0xa0, 0x54, 0x30, 0xff, 0xa0, 0x54, 0x28, 0xff, 0xa0, 0x50, 0x28, 0xff,
    0xa8, 0x58, 0x28, 0xff, 0xa8, 0x5c, 0x28, 0xff, 0xa8, 0x5c, 0x28, 0xff,
    0xa8, 0x5c, 0x28, 0xff, 0xa8, 0x5c, 0x30, 0xff, 0xa8, 0x60, 0x30, 0xff,
    0xa8, 0x60, 0x30, 0xff, 0xb0, 0x60, 0x30, 0xff, 0xa8, 0x60, 0x30, 0xff,
    0xb0, 0x60, 0x30, 0xff, 0xa8, 0x60, 0x30, 0xff, 0xa8, 0x60, 0x30, 0xff,
    0xb0, 0x5c, 0x30, 0xff, 0xa8, 0x60, 0x30, 0xff, 0xa8, 0x60, 0x38, 0xff,
    0x88, 0x34, 0x28, 0xff, 0x90, 0x34, 0x28, 0xff, 0x88, 0x34, 0x28, 0xff,
    0x88, 0x34, 0x20, 0xff, 0x90, 0x34, 0x28, 0xff, 0x88, 0x34, 0x28, 0xff,
    0x88, 0x34, 0x20, 0xff, 0x88, 0x34, 0x28, 0xff, 0x88, 0x34, 0x28, 0xff,
    0x88, 0x34, 0x28, 0xff, 0x88, 0x34, 0x20, 0xff, 0x90, 0x34, 0x28, 0xff,
    0x90, 0x34, 0x28, 0xff, 0x88, 0x34, 0x28, 0xff, 0x90, 0x34, 0x28, 0xff,
    0x90, 0x34, 0x28, 0xff, 0x90, 0x34, 0x28, 0xff, 0x88, 0x34, 0x28, 0xff,
    0x88, 0x34, 0x28, 0xff, 0x88, 0x34, 0x28, 0xff, 0x88, 0x34, 0x28, 0xff,
    0x88, 0x34, 0x28, 0xff, 0x88, 0x3c, 0x30, 0xff, 0x48, 0xb4, 0xe0, 0xff,
    0x20, 0xcc, 0xf8, 0xff, 0x18, 0xcc, 0xf8, 0xff, 0x20, 0xd0, 0xf8, 0xff,
    0x18, 0xcc, 0xf8, 0xff, 0x20, 0xcc, 0xf8, 0xff, 0x20, 0xcc, 0xf8, 0xff,
    0x18, 0xcc, 0xf8, 0xff, 0x18, 0xd0, 0xf8, 0xff, 0x20, 0xcc, 0xf8, 0xff,
    0x50, 0xac, 0xd8, 0xff, 0x88, 0x38, 0x28, 0xff, 0x90, 0x34, 0x20, 0xff,
    0x48, 0xbc, 0xe8, 0xff, 0x20, 0xcc, 0xf8, 0xff, 0x20, 0xcc, 0xf8, 0xff,
    0x18, 0xd0, 0xf8, 0xff, 0x20, 0xcc, 0xf8, 0xff, 0x20, 0xcc, 0xf8, 0xff,
    0x20, 0xcc, 0xf8, 0xff, 0x20, 0xcc, 0xf8, 0xff, 0x20, 0xcc, 0xf8, 0xff,
    0x88, 0x6c, 0x70, 0xff, 0x98, 0x4c, 0x28, 0xff, 0x98, 0x4c, 0x30, 0xff,
    0xa0, 0x4c, 0x30, 0xff, 0x98, 0x4c, 0x30, 0xff, 0x98, 0x4c, 0x30, 0xff,
    0x30, 0xc8, 0xf8, 0xff, 0x20, 0xd0, 0xf8, 0xff, 0x20, 0xcc, 0xf8, 0xff,
    0x18, 0xcc, 0xf8, 0xff, 0x20, 0xcc, 0xf8, 0xff, 0x20, 0xcc, 0xf8, 0xff,
    0x20, 0xcc, 0xf8, 0xff, 0x58, 0xb4, 0xe0, 0xff, 0xa0, 0x54, 0x28, 0xff,
    0xa8, 0x54, 0x30, 0xff, 0xa0, 0x54, 0x30, 0xff, 0xa0, 0x54, 0x30, 0xff,
    0xa8, 0x58, 0x30, 0xff, 0xb8, 0x84, 0x68, 0xff, 0xd8, 0xbc, 0xb0, 0xff,
    0xd8, 0xc4, 0xc0, 0xff, 0xd8, 0xc4, 0xc0, 0xff, 0xd8, 0xc4, 0xc0, 0xff,
    0xd8, 0xc4, 0xb8, 0xff, 0xd8, 0xc4, 0xc0, 0xff, 0xb0, 0x68, 0x48, 0xff,
    0xa8, 0x60, 0x30, 0xff, 0xa8, 0x5c, 0x30, 0xff, 0xa8, 0x60, 0x30, 0xff,
    0xa8, 0x60, 0x30, 0xff, 0xb0, 0x5c, 0x38, 0xff, 0xa8, 0x60, 0x38, 0xff,
    0xa8, 0x60, 0x30, 0xff, 0xb0, 0x5c, 0x30, 0xff, 0x88, 0x34, 0x28, 0xff,
    0x88, 0x34, 0x28, 0xff, 0x88, 0x34, 0x28, 0xff, 0x88, 0x34, 0x28, 0xff,
    0x88, 0x34, 0x28, 0xff, 0x90, 0x34, 0x28, 0xff, 0x90, 0x34, 0x28, 0xff,
    0x88, 0x34, 0x28, 0xff, 0x88, 0x34, 0x28, 0xff, 0x90, 0x34, 0x28, 0xff,
    0x88, 0x34, 0x28, 0xff, 0x88, 0x34, 0x28, 0xff, 0x90, 0x34, 0x28, 0xff,
    0x90, 0x34, 0x28, 0xff, 0x88, 0x34, 0x28, 0xff, 0x88, 0x34, 0x28, 0xff,
    0x88, 0x34, 0x20, 0xff, 0x90, 0x34, 0x28, 0xff, 0x90, 0x34, 0x28, 0xff,
    0x90, 0x34, 0x28, 0xff, 0x88, 0x34, 0x20, 0xff, 0x88, 0x34, 0x28, 0xff,
    0x88, 0x34, 0x28, 0xff, 0x78, 0x6c, 0x80, 0xff, 0x20, 0xc8, 0xf8, 0xff,
    0x20, 0xcc, 0xf8, 0xff, 0x18, 0xcc, 0xf8, 0xff, 0x18, 0xcc, 0xf8, 0xff,
    0x18, 0xd0, 0xf8, 0xff, 0x20, 0xcc, 0xf8, 0xff, 0x20, 0xcc, 0xf8, 0xff,
    0x18, 0xcc, 0xf8, 0xff, 0x18, 0xcc, 0xf8, 0xff, 0x48, 0xb0, 0xd8, 0xff,
    0x88, 0x38, 0x28, 0xff, 0x90, 0x34, 0x20, 0xff, 0x40, 0xc0, 0xe8, 0xff,
    0x20, 0xcc, 0xf8, 0xff, 0x18, 0xcc, 0xf8, 0xff, 0x20, 0xcc, 0xf8, 0xff,
    0x20, 0xcc, 0xf8, 0xff, 0x20, 0xcc, 0xf8, 0xff, 0x18, 0xcc, 0xf8, 0xff,
    0x18, 0xcc, 0xf8, 0xff, 0x18, 0xcc, 0xf8, 0xff, 0x88, 0x6c, 0x70, 0xff,
    0xa0, 0x4c, 0x30, 0xff, 0xa0, 0x4c, 0x30, 0xff, 0xa0, 0x50, 0x28, 0xff,
    0xa0, 0x4c, 0x28, 0xff, 0xa0, 0x4c, 0x28, 0xff, 0x80, 0x8c, 0xa0, 0xff,
    0x80, 0x90, 0xa8, 0xff, 0x88, 0x90, 0xa8, 0xff, 0x88, 0x94, 0xa8, 0xff,
    0x78, 0x9c, 0xb0, 0xff, 0x30, 0xc8, 0xf8, 0xff, 0x40, 0xc0, 0xe8, 0xff,
    0x90, 0x78, 0x78, 0xff, 0xa0, 0x54, 0x30, 0xff, 0xa0, 0x54, 0x30, 0xff,
    0xa0, 0x54, 0x30, 0xff, 0xa8, 0x58, 0x30, 0xff, 0xb8, 0x84, 0x70, 0xff,
    0xf8, 0xf8, 0xf8, 0xff, 0xf8, 0xfc, 0xf8, 0xff, 0xf8, 0xfc, 0xf8, 0xff,
    0xf8, 0xfc, 0xf8, 0xff, 0xf8, 0xfc, 0xf8, 0xff, 0xf8, 0xfc, 0xf8, 0xff,
    0xf8, 0xfc, 0xf8, 0xff, 0xb0, 0x70, 0x50, 0xff, 0xa8, 0x60, 0x30, 0xff,
    0xa8, 0x60, 0x38, 0xff, 0xb0, 0x5c, 0x38, 0xff, 0xa8, 0x60, 0x30, 0xff,
    0xa8, 0x60, 0x30, 0xff, 0xa8, 0x60, 0x30, 0xff, 0xa8, 0x60, 0x30, 0xff,
    0xa8, 0x60, 0x30, 0xff, 0x88, 0x34, 0x28, 0xff, 0x90, 0x34, 0x28, 0xff,
    0x90, 0x34, 0x28, 0xff, 0x90, 0x34, 0x28, 0xff, 0x88, 0x34, 0x28, 0xff,
    0x88, 0x34, 0x28, 0xff, 0x90, 0x34, 0x28, 0xff, 0x88, 0x34, 0x28, 0xff,
    0x90, 0x34, 0x20, 0xff, 0x88, 0x34, 0x28, 0xff, 0x90, 0x34, 0x28, 0xff,
    0x88, 0x34, 0x28, 0xff, 0x88, 0x34, 0x28, 0xff, 0x88, 0x34, 0x20, 0xff,
    0x88, 0x34, 0x28, 0xff, 0x88, 0x34, 0x28, 0xff, 0x90, 0x34, 0x28, 0xff,
    0x88, 0x34, 0x28, 0xff, 0x88, 0x34, 0x28, 0xff, 0x88, 0x34, 0x28, 0xff,
    0x90, 0x34, 0x28, 0xff, 0x90, 0x34, 0x28, 0xff, 0x88, 0x34, 0x20, 0xff,
    0x88, 0x34, 0x28, 0xff, 0x68, 0x90, 0xb0, 0xff, 0x20, 0xcc, 0xf8, 0xff,
    0x20, 0xcc, 0xf8, 0xff, 0x20, 0xcc, 0xf8, 0xff, 0x20, 0xcc, 0xf8, 0xff,
    0x18, 0xd0, 0xf8, 0xff, 0x18, 0xcc, 0xf8, 0xff, 0x20, 0xcc, 0xf8, 0xff,
    0x20, 0xd0, 0xf8, 0xff, 0x50, 0xac, 0xd0, 0xff, 0x88, 0x38, 0x30, 0xff,
    0x90, 0x34, 0x20, 0xff, 0x40, 0xc0, 0xf0, 0xff, 0x18, 0xcc, 0xf8, 0xff,
    0x20, 0xcc, 0xf8, 0xff, 0x18, 0xcc, 0xf8, 0xff, 0x20, 0xcc, 0xf8, 0xff,
    0x18, 0xcc, 0xf8, 0xff, 0x18, 0xcc, 0xf8, 0xff, 0x20, 0xcc, 0xf8, 0xff,
    0x18, 0xd0, 0xf8, 0xff, 0x88, 0x70, 0x70, 0xff, 0xa0, 0x4c, 0x30, 0xff,
    0xa0, 0x4c, 0x30, 0xff, 0x98, 0x50, 0x28, 0xff, 0x98, 0x4c, 0x30, 0xff,
    0xa0, 0x4c, 0x30, 0xff, 0x98, 0x4c, 0x30, 0xff, 0xa0, 0x50, 0x30, 0xff,
    0xa0, 0x54, 0x30, 0xff, 0xa0, 0x54, 0x30, 0xff, 0xa0, 0x54, 0x30, 0xff,
    0x70, 0xa0, 0xb8, 0xff, 0x20, 0xcc, 0xf8, 0xff, 0x80, 0x8c, 0xa0, 0xff,
    0xa0, 0x58, 0x30, 0xff, 0xa8, 0x54, 0x30, 0xff, 0xa8, 0x58, 0x30, 0xff,
    0xa8, 0x5c, 0x38, 0xff, 0xd8, 0xc0, 0xb8, 0xff, 0xf8, 0xfc, 0xf8, 0xff,
    0xf8, 0xfc, 0xf8, 0xff, 0xf8, 0xfc, 0xf8, 0xff, 0xf8, 0xfc, 0xf8, 0xff,
    0xf8, 0xfc, 0xf8, 0xff, 0xf8, 0xfc, 0xf8, 0xff, 0xf8, 0xfc, 0xf8, 0xff,
    0xb0, 0x70, 0x58, 0xff, 0xa8, 0x60, 0x30, 0xff, 0xb0, 0x60, 0x30, 0xff,
    0xa8, 0x60, 0x30, 0xff, 0xa8, 0x60, 0x30, 0xff, 0xa8, 0x60, 0x30, 0xff,
    0xb0, 0x60, 0x30, 0xff, 0xb0, 0x64, 0x30, 0xff, 0xb0, 0x68, 0x38, 0xff,
    0x88, 0x34, 0x28, 0xff, 0x90, 0x34, 0x28, 0xff, 0x88, 0x34, 0x28, 0xff,
    0x88, 0x34, 0x20, 0xff, 0x90, 0x34, 0x28, 0xff, 0x88, 0x34, 0x28, 0xff,
    0x88, 0x34, 0x20, 0xff, 0x88, 0x34, 0x28, 0xff, 0x90, 0x34, 0x28, 0xff,
    0x88, 0x34, 0x28, 0xff, 0x88, 0x34, 0x28, 0xff, 0x90, 0x34, 0x20, 0xff,
    0x88, 0x34, 0x28, 0xff, 0x88, 0x34, 0x28, 0xff, 0x90, 0x34, 0x28, 0xff,
    0x90, 0x34, 0x28, 0xff, 0x88, 0x34, 0x28, 0xff, 0x88, 0x34, 0x28, 0xff,
    0x88, 0x34, 0x20, 0xff, 0x90, 0x34, 0x28, 0xff, 0x88, 0x34, 0x28, 0xff,
    0x88, 0x34, 0x28, 0xff, 0x90, 0x34, 0x28, 0xff, 0x90, 0x34, 0x28, 0xff,
    0x88, 0x38, 0x28, 0xff, 0x60, 0x90, 0xb0, 0xff, 0x20, 0xcc, 0xf8, 0xff,
    0x18, 0xcc, 0xf8, 0xff, 0x20, 0xd0, 0xf8, 0xff, 0x20, 0xcc, 0xf8, 0xff,
    0x18, 0xcc, 0xf8, 0xff, 0x18, 0xd0, 0xf8, 0xff, 0x20, 0xcc, 0xf8, 0xff,
    0x48, 0xac, 0xd8, 0xff, 0x88, 0x38, 0x28, 0xff, 0x90, 0x38, 0x28, 0xff,
    0x78, 0x7c, 0x98, 0xff, 0x70, 0x88, 0xa0, 0xff, 0x70, 0x88, 0xa0, 0xff,
    0x70, 0x88, 0xa0, 0xff, 0x70, 0x88, 0xa0, 0xff, 0x70, 0x8c, 0xa0, 0xff,
    0x78, 0x8c, 0xa0, 0xff, 0x78, 0x88, 0xa0, 0xff, 0x78, 0x88, 0xa0, 0xff,
    0x98, 0x5c, 0x50, 0xff, 0x98, 0x4c, 0x30, 0xff, 0x98, 0x4c, 0x28, 0xff,
    0xa0, 0x4c, 0x30, 0xff, 0x98, 0x4c, 0x30, 0xff, 0xa0, 0x50, 0x30, 0xff,
    0xa0, 0x50, 0x28, 0xff, 0xa0, 0x54, 0x30, 0xff, 0xa8, 0x54, 0x30, 0xff,
    0xa8, 0x54, 0x30, 0xff, 0xa0, 0x54, 0x30, 0xff, 0x78, 0x9c, 0xb8, 0xff,
    0x20, 0xcc, 0xf8, 0xff, 0x60, 0xac, 0xd0, 0xff, 0xa0, 0x54, 0x28, 0xff,
    0xa8, 0x58, 0x30, 0xff, 0xa8, 0x5c, 0x30, 0xff, 0xa8, 0x60, 0x30, 0xff,
    0xe0, 0xd0, 0xc8, 0xff, 0xf8, 0xfc, 0xf8, 0xff, 0xf0, 0xec, 0xe8, 0xff,
    0xc8, 0x9c, 0x88, 0xff, 0xc8, 0x98, 0x80, 0xff, 0xc0, 0x94, 0x80, 0xff,
    0xc8, 0x94, 0x80, 0xff, 0xc8, 0x98, 0x80, 0xff, 0xb0, 0x64, 0x40, 0xff,
    0xa8, 0x60, 0x30, 0xff, 0xa8, 0x5c, 0x30, 0xff, 0xa8, 0x60, 0x30, 0xff,
    0xb0, 0x60, 0x30, 0xff, 0xb0, 0x64, 0x38, 0xff, 0xb0, 0x68, 0x38, 0xff,
    0xb0, 0x68, 0x38, 0xff, 0xb0, 0x68, 0x30, 0xff, 0x88, 0x34, 0x28, 0xff,
    0x88, 0x34, 0x28, 0xff, 0x88, 0x34, 0x28, 0xff, 0x88, 0x34, 0x28, 0xff,
    0x88, 0x34, 0x28, 0xff, 0x90, 0x34, 0x28, 0xff, 0x90, 0x34, 0x28, 0xff,
    0x88, 0x34, 0x28, 0xff, 0x88, 0x34, 0x28, 0xff, 0x90, 0x34, 0x28, 0xff,
    0x88, 0x34, 0x28, 0xff, 0x88, 0x34, 0x28, 0xff, 0x90, 0x34, 0x28, 0xff,
    0x90, 0x34, 0x28, 0xff, 0x88, 0x34, 0x20, 0xff, 0x88, 0x34, 0x28, 0xff,
    0x88, 0x34, 0x28, 0xff, 0x90, 0x34, 0x28, 0xff, 0x90, 0x34, 0x28, 0xff,
    0x90, 0x34, 0x28, 0xff, 0x88, 0x34, 0x28, 0xff, 0x88, 0x34, 0x28, 0xff,
    0x88, 0x34, 0x28, 0xff, 0x88, 0x34, 0x28, 0xff, 0x88, 0x34, 0x28, 0xff,
    0x88, 0x34, 0x28, 0xff, 0x78, 0x78, 0x90, 0xff, 0x40, 0xb8, 0xe0, 0xff,
    0x18, 0xcc, 0xf8, 0xff, 0x18, 0xcc, 0xf8, 0xff, 0x20, 0xcc, 0xf8, 0xff,
    0x20, 0xcc, 0xf8, 0xff, 0x18, 0xcc, 0xf8, 0xff, 0x48, 0xac, 0xd8, 0xff,
    0x88, 0x38, 0x28, 0xff, 0x90, 0x3c, 0x28, 0xff, 0x90, 0x3c, 0x28, 0xff,
    0x90, 0x3c, 0x28, 0xff, 0x90, 0x38, 0x28, 0xff, 0x98, 0x3c, 0x20, 0xff,
    0x98, 0x40, 0x28, 0xff, 0x98, 0x40, 0x28, 0xff, 0x98, 0x40, 0x28, 0xff,
    0x98, 0x40, 0x28, 0xff, 0x98, 0x50, 0x38, 0xff, 0x98, 0x54, 0x38, 0xff,
    0xa0, 0x4c, 0x30, 0xff, 0xa0, 0x4c, 0x28, 0xff, 0xa0, 0x4c, 0x28, 0xff,
    0xa0, 0x4c, 0x30, 0xff, 0xa0, 0x4c, 0x28, 0xff, 0x78, 0x8c, 0xa0, 0xff,
    0x78, 0x94, 0xa0, 0xff, 0x78, 0x94, 0xa0, 0xff, 0x78, 0x94, 0xa0, 0xff,
    0x70, 0x9c, 0xb8, 0xff, 0x38, 0xc4, 0xf0, 0xff, 0x20, 0xcc, 0xf8, 0xff,
    0x60, 0xb4, 0xd8, 0xff, 0xa0, 0x54, 0x28, 0xff, 0xa8, 0x5c, 0x30, 0xff,
    0xa8, 0x60, 0x30, 0xff, 0xa8, 0x5c, 0x30, 0xff, 0xd0, 0xac, 0xa0, 0xff,
    0xf8, 0xfc, 0xf8, 0xff, 0xe0, 0xc8, 0xc8, 0xff, 0xa8, 0x60, 0x30, 0xff,
    0xa8, 0x60, 0x30, 0xff, 0xa8, 0x60, 0x30, 0xff, 0xa8, 0x60, 0x30, 0xff,
    0xa8, 0x60, 0x30, 0xff, 0xa8, 0x60, 0x30, 0xff, 0xa8, 0x60, 0x30, 0xff,
    0xa8, 0x60, 0x30, 0xff, 0xb0, 0x64, 0x38, 0xff, 0xb0, 0x68, 0x38, 0xff,
    0xb0, 0x68, 0x30, 0xff, 0xb0, 0x68, 0x38, 0xff, 0xb0, 0x68, 0x38, 0xff,
    0xb0, 0x68, 0x38, 0xff, 0x88, 0x34, 0x28, 0xff, 0x90, 0x34, 0x28, 0xff,
    0x90, 0x34, 0x28, 0xff, 0x90, 0x34, 0x28, 0xff, 0x88, 0x34, 0x28, 0xff,
    0x88, 0x34, 0x28, 0xff, 0x88, 0x34, 0x28, 0xff, 0x90, 0x34, 0x28, 0xff,
    0x90, 0x34, 0x20, 0xff, 0x88, 0x34, 0x28, 0xff, 0x88, 0x34, 0x28, 0xff,
    0x90, 0x34, 0x28, 0xff, 0x88, 0x34, 0x28, 0xff, 0x88, 0x34, 0x28, 0xff,
    0x90, 0x34, 0x28, 0xff, 0x88, 0x34, 0x28, 0xff, 0x90, 0x34, 0x20, 0xff,
    0x88, 0x34, 0x28, 0xff, 0x88, 0x34, 0x28, 0xff, 0x88, 0x34, 0x28, 0xff,
    0x88, 0x34, 0x28, 0xff, 0x90, 0x34, 0x20, 0xff, 0x90, 0x34, 0x28, 0xff,
    0x88, 0x34, 0x28, 0xff, 0x88, 0x34, 0x28, 0xff, 0x90, 0x34, 0x28, 0xff,
    0x90, 0x34, 0x20, 0xff, 0x88, 0x40, 0x38, 0xff, 0x70, 0x78, 0x90, 0xff,
    0x58, 0xa8, 0xd0, 0xff, 0x30, 0xc0, 0xf0, 0xff, 0x20, 0xcc, 0xf8, 0xff,
    0x20, 0xcc, 0xf8, 0xff, 0x50, 0xac, 0xd0, 0xff, 0x88, 0x38, 0x30, 0xff,
    0x90, 0x3c, 0x28, 0xff, 0x90, 0x3c, 0x30, 0xff, 0x78, 0x7c, 0x90, 0xff,
    0x50, 0xac, 0xd0, 0xff, 0x48, 0xbc, 0xe8, 0xff, 0x48, 0xbc, 0xe8, 0xff,
    0x48, 0xc0, 0xe8, 0xff, 0x48, 0xbc, 0xe8, 0xff, 0x48, 0xbc, 0xe8, 0xff,
    0x40, 0xc0, 0xf0, 0xff, 0x88, 0x70, 0x70, 0xff, 0xa0, 0x4c, 0x30, 0xff,
    0xa0, 0x50, 0x28, 0xff, 0x98, 0x50, 0x30, 0xff, 0x98, 0x4c, 0x30, 0xff,
    0xa0, 0x50, 0x28, 0xff, 0x30, 0xc8, 0xf8, 0xff, 0x18, 0xcc, 0xf8, 0xff,
    0x18, 0xcc, 0xf8, 0xff, 0x18, 0xcc, 0xf8, 0xff, 0x20, 0xd0, 0xf8, 0xff,
    0x20, 0xcc, 0xf8, 0xff, 0x18, 0xcc, 0xf8, 0xff, 0x68, 0xa4, 0xc0, 0xff,
    0xa8, 0x58, 0x30, 0xff, 0xa8, 0x60, 0x30, 0xff, 0xa8, 0x60, 0x30, 0xff,
    0xa8, 0x60, 0x38, 0xff, 0xb8, 0x74, 0x58, 0xff, 0xf0, 0xf0, 0xe8, 0xff,
    0xf0, 0xe8, 0xe8, 0xff, 0xb0, 0x70, 0x50, 0xff, 0xb0, 0x60, 0x38, 0xff,
    0xa8, 0x60, 0x38, 0xff, 0xa8, 0x60, 0x38, 0xff, 0xb0, 0x60, 0x38, 0xff,
    0xa8, 0x60, 0x30, 0xff, 0xb0, 0x64, 0x30, 0xff, 0xb0, 0x68, 0x38, 0xff,
    0xb0, 0x68, 0x38, 0xff, 0xb0, 0x68, 0x38, 0xff, 0xb0, 0x68, 0x38, 0xff,
    0xb0, 0x6c, 0x30, 0xff, 0xb0, 0x68, 0x38, 0xff, 0xb8, 0x68, 0x30, 0xff,
    0x88, 0x34, 0x28, 0xff, 0x90, 0x34, 0x28, 0xff, 0x88, 0x34, 0x28, 0xff,
    0x88, 0x34, 0x20, 0xff, 0x90, 0x34, 0x28, 0xff, 0x88, 0x34, 0x28, 0xff,
    0x90, 0x34, 0x20, 0xff, 0x88, 0x34, 0x28, 0xff, 0x88, 0x34, 0x28, 0xff,
    0x88, 0x34, 0x28, 0xff, 0x90, 0x34, 0x28, 0xff, 0x88, 0x34, 0x20, 0xff,
    0x90, 0x34, 0x28, 0xff, 0x88, 0x34, 0x28, 0xff, 0x88, 0x34, 0x28, 0xff,
    0x90, 0x34, 0x28, 0xff, 0x88, 0x34, 0x28, 0xff, 0x90, 0x34, 0x28, 0xff,
    0x88, 0x34, 0x28, 0xff, 0x88, 0x34, 0x20, 0xff, 0x90, 0x34, 0x28, 0xff,
    0x88, 0x34, 0x28, 0xff, 0x90, 0x34, 0x28, 0xff, 0x90, 0x34, 0x20, 0xff,
    0x90, 0x34, 0x28, 0xff, 0x88, 0x34, 0x28, 0xff, 0x88, 0x34, 0x28, 0xff,
    0x88, 0x34, 0x28, 0xff, 0x90, 0x34, 0x28, 0xff, 0x88, 0x38, 0x28, 0xff,
    0x88, 0x40, 0x40, 0xff, 0x80, 0x50, 0x58, 0xff, 0x78, 0x64, 0x70, 0xff,
    0x78, 0x5c, 0x68, 0xff, 0x90, 0x34, 0x28, 0xff, 0x90, 0x38, 0x28, 0xff,
    0x78, 0x74, 0x88, 0xff, 0x20, 0xcc, 0xf8, 0xff, 0x18, 0xcc, 0xf8, 0xff,
    0x18, 0xcc, 0xf8, 0xff, 0x20, 0xd0, 0xf8, 0xff, 0x20, 0xcc, 0xf8, 0xff,
    0x18, 0xcc, 0xf8, 0xff, 0x18, 0xd0, 0xf8, 0xff, 0x18, 0xcc, 0xf8, 0xff,
    0x88, 0x70, 0x70, 0xff, 0xa0, 0x4c, 0x30, 0xff, 0x98, 0x4c, 0x30, 0xff,
    0xa0, 0x4c, 0x30, 0xff, 0xa0, 0x4c, 0x30, 0xff, 0xa0, 0x54, 0x30, 0xff,
    0x30, 0xc8, 0xf8, 0xff, 0x18, 0xcc, 0xf8, 0xff, 0x20, 0xcc, 0xf8, 0xff,
    0x18, 0xcc, 0xf8, 0xff, 0x18, 0xcc, 0xf8, 0xff, 0x20, 0xcc, 0xf8, 0xff,
    0x40, 0xbc, 0xe8, 0xff, 0x98, 0x6c, 0x60, 0xff, 0xa8, 0x5c, 0x30, 0xff,
    0xa8, 0x60, 0x30, 0xff, 0xa8, 0x60, 0x38, 0xff, 0xb0, 0x60, 0x30, 0xff,
    0xb0, 0x68, 0x40, 0xff, 0xe8, 0xd8, 0xd8, 0xff, 0xf8, 0xfc, 0xf8, 0xff,
    0xf8, 0xfc, 0xf8, 0xff, 0xf8, 0xf8, 0xf8, 0xff, 0xf8, 0xfc, 0xf8, 0xff,
    0xf8, 0xfc, 0xf8, 0xff, 0xf8, 0xf8, 0xf8, 0xff, 0xb0, 0x78, 0x50, 0xff,
    0xb0, 0x68, 0x38, 0xff, 0xb0, 0x68, 0x38, 0xff, 0xb0, 0x68, 0x30, 0xff,
    0xb0, 0x68, 0x30, 0xff, 0xb8, 0x6c, 0x38, 0xff, 0xb0, 0x68, 0x38, 0xff,
    0xb0, 0x68, 0x30, 0xff, 0xb0, 0x6c, 0x30, 0xff, 0x88, 0x34, 0x28, 0xff,
    0x88, 0x34, 0x28, 0xff, 0x88, 0x34, 0x28, 0xff, 0x88, 0x34, 0x28, 0xff,
    0x88, 0x34, 0x28, 0xff, 0x90, 0x34, 0x28, 0xff, 0x88, 0x34, 0x28, 0xff,
    0x88, 0x34, 0x28, 0xff, 0x88, 0x34, 0x28, 0xff, 0x90, 0x34, 0x28, 0xff,
    0x88, 0x34, 0x28, 0xff, 0x88, 0x34, 0x28, 0xff, 0x88, 0x34, 0x28, 0xff,
    0x90, 0x34, 0x20, 0xff, 0x88, 0x34, 0x28, 0xff, 0x88, 0x34, 0x28, 0xff,
    0x88, 0x34, 0x28, 0xff, 0x88, 0x34, 0x28, 0xff, 0x90, 0x34, 0x28, 0xff,
    0x90, 0x34, 0x28, 0xff, 0x88, 0x34, 0x28, 0xff, 0x88, 0x34, 0x28, 0xff,
    0x88, 0x34, 0x28, 0xff, 0x88, 0x34, 0x28, 0xff, 0x88, 0x34, 0x28, 0xff,
    0x90, 0x34, 0x28, 0xff, 0x88, 0x34, 0x20, 0xff, 0x88, 0x34, 0x28, 0xff,
    0x88, 0x34, 0x28, 0xff, 0x88, 0x34, 0x20, 0xff, 0x80, 0x54, 0x58, 0xff,
    0x80, 0x6c, 0x80, 0xff, 0x70, 0x7c, 0x90, 0xff, 0x78, 0x6c, 0x80, 0xff,
    0x88, 0x34, 0x28, 0xff, 0x90, 0x38, 0x20, 0xff, 0x50, 0xa8, 0xd0, 0xff,
    0x20, 0xcc, 0xf8, 0xff, 0x20, 0xcc, 0xf8, 0xff, 0x20, 0xcc, 0xf8, 0xff,
    0x18, 0xcc, 0xf8, 0xff, 0x18, 0xcc, 0xf8, 0xff, 0x18, 0xcc, 0xf8, 0xff,
    0x20, 0xcc, 0xf8, 0xff, 0x18, 0xcc, 0xf8, 0xff, 0x88, 0x70, 0x70, 0xff,
    0xa0, 0x4c, 0x30, 0xff, 0xa0, 0x4c, 0x28, 0xff, 0x98, 0x4c, 0x28, 0xff,
    0xa0, 0x4c, 0x30, 0xff, 0xa0, 0x54, 0x30, 0xff, 0x88, 0x88, 0x98, 0xff,
    0x88, 0x8c, 0xa0, 0xff, 0x88, 0x8c, 0xa0, 0xff, 0x88, 0x8c, 0xa0, 0xff,
    0x88, 0x8c, 0xa0, 0xff, 0x88, 0x84, 0x90, 0xff, 0xa0, 0x60, 0x48, 0xff,
    0xa8, 0x5c, 0x30, 0xff, 0xb0, 0x60, 0x30, 0xff, 0xb0, 0x60, 0x30, 0xff,
    0xa8, 0x5c, 0x30, 0xff, 0xa8, 0x60, 0x38, 0xff, 0xd0, 0xa8, 0x98, 0xff,
    0xf8, 0xfc, 0xf8, 0xff, 0xf8, 0xfc, 0xf8, 0xff, 0xf8, 0xfc, 0xf8, 0xff,
    0xf8, 0xfc, 0xf8, 0xff, 0xf8, 0xfc, 0xf8, 0xff, 0xf8, 0xfc, 0xf8, 0xff,
    0xf8, 0xfc, 0xf8, 0xff, 0xb8, 0x78, 0x58, 0xff, 0xb0, 0x68, 0x30, 0xff,
    0xb0, 0x68, 0x38, 0xff, 0xb0, 0x68, 0x38, 0xff, 0xb0, 0x6c, 0x38, 0xff,
    0xb0, 0x68, 0x30, 0xff, 0xb0, 0x68, 0x38, 0xff, 0xb0, 0x6c, 0x38, 0xff,
    0xb0, 0x68, 0x38, 0xff, 0x88, 0x34, 0x28, 0xff, 0x90, 0x34, 0x28, 0xff,
    0x90, 0x34, 0x28, 0xff, 0x90, 0x34, 0x28, 0xff, 0x88, 0x34, 0x28, 0xff,
    0x88, 0x34, 0x28, 0xff, 0x90, 0x34, 0x28, 0xff, 0x90, 0x34, 0x28, 0xff,
    0x90, 0x34, 0x28, 0xff, 0x88, 0x34, 0x20, 0xff, 0x90, 0x34, 0x28, 0xff,
    0x90, 0x34, 0x28, 0xff, 0x88, 0x34, 0x28, 0xff, 0x88, 0x34, 0x28, 0xff,
    0x90, 0x34, 0x28, 0xff, 0x90, 0x34, 0x28, 0xff, 0x90, 0x34, 0x20, 0xff,
    0x88, 0x34, 0x28, 0xff, 0x88, 0x34, 0x28, 0xff, 0x88, 0x34, 0x28, 0xff,
    0x90, 0x34, 0x28, 0xff, 0x90, 0x34, 0x28, 0xff, 0x88, 0x34, 0x28, 0xff,
    0x88, 0x34, 0x28, 0xff, 0x88, 0x34, 0x28, 0xff, 0x88, 0x34, 0x28, 0xff,
    0x90, 0x34, 0x28, 0xff, 0x88, 0x44, 0x40, 0xff, 0x68, 0x8c, 0xa8, 0xff,
    0x48, 0xb4, 0xe0, 0xff, 0x28, 0xc4, 0xf0, 0xff, 0x20, 0xcc, 0xf8, 0xff,
    0x18, 0xd0, 0xf8, 0xff, 0x50, 0xac, 0xd8, 0xff, 0x88, 0x38, 0x28, 0xff,
    0x88, 0x3c, 0x30, 0xff, 0x40, 0xc0, 0xf0, 0xff, 0x20, 0xcc, 0xf8, 0xff,
    0x28, 0xc4, 0xf0, 0xff, 0x20, 0xc8, 0xf8, 0xff, 0x20, 0xcc, 0xf8, 0xff,
    0x48, 0xb8, 0xe0, 0xff, 0x28, 0xc8, 0xf8, 0xff, 0x20, 0xcc, 0xf8, 0xff,
    0x40, 0xbc, 0xe8, 0xff, 0x90, 0x60, 0x58, 0xff, 0xa0, 0x4c, 0x30, 0xff,
    0xa0, 0x50, 0x28, 0xff, 0xa0, 0x50, 0x30, 0xff, 0xa0, 0x50, 0x30, 0xff,
    0xa0, 0x54, 0x30, 0xff, 0xa8, 0x54, 0x30, 0xff, 0xa8, 0x58, 0x30, 0xff,
    0x90, 0x74, 0x70, 0xff, 0x88, 0x90, 0xa8, 0xff, 0x88, 0x8c, 0xa0, 0xff,
    0x98, 0x68, 0x58, 0xff, 0xa8, 0x5c, 0x30, 0xff, 0xa8, 0x60, 0x30, 0xff,
    0xa8, 0x60, 0x38, 0xff, 0xa8, 0x60, 0x30, 0xff, 0xa8, 0x60, 0x38, 0xff,
    0xa8, 0x5c, 0x30, 0xff, 0xe0, 0xcc, 0xc8, 0xff, 0xf8, 0xfc, 0xf8, 0xff,
    0xf8, 0xfc, 0xf8, 0xff, 0xf0, 0xe8, 0xe0, 0xff, 0xf0, 0xe4, 0xe0, 0xff,
    0xf0, 0xe4, 0xe0, 0xff, 0xf0, 0xe4, 0xe0, 0xff, 0xf0, 0xe4, 0xe0, 0xff,
    0xb8, 0x74, 0x50, 0xff, 0xb0, 0x68, 0x30, 0xff, 0xb0, 0x68, 0x38, 0xff,
    0xb0, 0x6c, 0x38, 0xff, 0xb0, 0x68, 0x30, 0xff, 0xb0, 0x68, 0x38, 0xff,
    0xb0, 0x68, 0x30, 0xff, 0xb8, 0x68, 0x30, 0xff, 0xb0, 0x68, 0x38, 0xff,
    0x88, 0x34, 0x28, 0xff, 0x90, 0x34, 0x28, 0xff, 0x88, 0x34, 0x28, 0xff,
    0x88, 0x34, 0x20, 0xff, 0x90, 0x34, 0x28, 0xff, 0x88, 0x34, 0x28, 0xff,
    0x88, 0x34, 0x20, 0xff, 0x88, 0x34, 0x28, 0xff, 0x88, 0x34, 0x28, 0xff,
    0x88, 0x34, 0x28, 0xff, 0x88, 0x34, 0x28, 0xff, 0x88, 0x34, 0x28, 0xff,
    0x90, 0x34, 0x28, 0xff, 0x88, 0x34, 0x28, 0xff, 0x88, 0x34, 0x28, 0xff,
    0x88, 0x34, 0x28, 0xff, 0x88, 0x34, 0x28, 0xff, 0x90, 0x34, 0x28, 0xff,
    0x88, 0x34, 0x28, 0xff, 0x90, 0x34, 0x20, 0xff, 0x88, 0x34, 0x28, 0xff,
    0x88, 0x34, 0x28, 0xff, 0x90, 0x34, 0x20, 0xff, 0x90, 0x34, 0x28, 0xff,
    0x90, 0x34, 0x28, 0xff, 0x88, 0x38, 0x28, 0xff, 0x70, 0x80, 0x98, 0xff,
    0x38, 0xc0, 0xf0, 0xff, 0x20, 0xcc, 0xf8, 0xff, 0x20, 0xcc, 0xf8, 0xff,
    0x18, 0xcc, 0xf8, 0xff, 0x18, 0xcc, 0xf8, 0xff, 0x20, 0xd0, 0xf8, 0xff,
    0x50, 0xac, 0xd0, 0xff, 0x88, 0x38, 0x28, 0xff, 0x88, 0x48, 0x48, 0xff,
    0x30, 0xc0, 0xf0, 0xff, 0x20, 0xcc, 0xf8, 0xff, 0x78, 0x74, 0x88, 0xff,
    0x68, 0x9c, 0xb8, 0xff, 0x20, 0xcc, 0xf8, 0xff, 0x80, 0x7c, 0x88, 0xff,
    0x88, 0x6c, 0x70, 0xff, 0x28, 0xc8, 0xf8, 0xff, 0x30, 0xc8, 0xf8, 0xff,
    0x90, 0x64, 0x58, 0xff, 0xa0, 0x4c, 0x30, 0xff, 0xa0, 0x4c, 0x30, 0xff,
    0x98, 0x4c, 0x30, 0xff, 0xa0, 0x54, 0x30, 0xff, 0xa0, 0x54, 0x30, 0xff,
    0xa0, 0x58, 0x38, 0xff, 0x70, 0x9c, 0xb8, 0xff, 0x28, 0xcc, 0xf8, 0xff,
    0x20, 0xcc, 0xf8, 0xff, 0x20, 0xcc, 0xf8, 0xff, 0x28, 0xc8, 0xf8, 0xff,
    0x88, 0x90, 0x98, 0xff, 0xa8, 0x60, 0x30, 0xff, 0xa8, 0x5c, 0x30, 0xff,
    0xa8, 0x60, 0x30, 0xff, 0xa8, 0x60, 0x30, 0xff, 0xb0, 0x60, 0x30, 0xff,
    0xd8, 0xc0, 0xb8, 0xff, 0xf8, 0xfc, 0xf8, 0xff, 0xe8, 0xd4, 0xd0, 0xff,
    0xa8, 0x64, 0x40, 0xff, 0xb0, 0x68, 0x40, 0xff, 0xb0, 0x6c, 0x40, 0xff,
    0xb0, 0x6c, 0x38, 0xff, 0xb0, 0x6c, 0x38, 0xff, 0xb0, 0x6c, 0x38, 0xff,
    0xb0, 0x68, 0x38, 0xff, 0xb0, 0x6c, 0x30, 0xff, 0xb0, 0x68, 0x30, 0xff,
    0xb8, 0x68, 0x38, 0xff, 0xb0, 0x68, 0x38, 0xff, 0xb0, 0x68, 0x38, 0xff,
    0xb0, 0x6c, 0x30, 0xff, 0xb0, 0x68, 0x38, 0xff, 0x88, 0x34, 0x28, 0xff,
    0x88, 0x34, 0x28, 0xff, 0x88, 0x34, 0x28, 0xff, 0x88, 0x34, 0x28, 0xff,
    0x88, 0x34, 0x28, 0xff, 0x90, 0x34, 0x28, 0xff, 0x90, 0x34, 0x28, 0xff,
    0x88, 0x34, 0x28, 0xff, 0x88, 0x34, 0x20, 0xff, 0x90, 0x34, 0x28, 0xff,
    0x90, 0x34, 0x28, 0xff, 0x88, 0x34, 0x28, 0xff, 0x88, 0x34, 0x20, 0xff,
    0x90, 0x34, 0x28, 0xff, 0x90, 0x34, 0x28, 0xff, 0x88, 0x34, 0x20, 0xff,
    0x88, 0x34, 0x28, 0xff, 0x88, 0x34, 0x28, 0xff, 0x90, 0x34, 0x28, 0xff,
    0x88, 0x34, 0x28, 0xff, 0x88, 0x34, 0x28, 0xff, 0x88, 0x34, 0x28, 0xff,
    0x88, 0x34, 0x28, 0xff, 0x88, 0x34, 0x28, 0xff, 0x88, 0x38, 0x30, 0xff,
    0x60, 0x9c, 0xc0, 0xff, 0x18, 0xcc, 0xf8, 0xff, 0x20, 0xcc, 0xf8, 0xff,
    0x18, 0xcc, 0xf8, 0xff, 0x18, 0xcc, 0xf8, 0xff, 0x20, 0xd0, 0xf8, 0xff,
    0x20, 0xcc, 0xf8, 0xff, 0x18, 0xcc, 0xf8, 0xff, 0x48, 0xac, 0xd8, 0xff,
    0x88, 0x38, 0x30, 0xff, 0x80, 0x54, 0x58, 0xff, 0x30, 0xc4, 0xf0, 0xff,
    0x30, 0xc4, 0xf0, 0xff, 0x88, 0x4c, 0x48, 0xff, 0x78, 0x90, 0xb0, 0xff,
    0x18, 0xcc, 0xf8, 0xff, 0x78, 0x88, 0xa0, 0xff, 0x98, 0x44, 0x30, 0xff,
    0x58, 0xac, 0xd0, 0xff, 0x18, 0xcc, 0xf8, 0xff, 0x78, 0x8c, 0xa0, 0xff,
    0xa0, 0x4c, 0x30, 0xff, 0x98, 0x4c, 0x28, 0xff, 0x98, 0x4c, 0x28, 0xff,
    0xa0, 0x54, 0x30, 0xff, 0xa8, 0x54, 0x30, 0xff, 0x88, 0x80, 0x88, 0xff,
    0x20, 0xcc, 0xf8, 0xff, 0x18, 0xcc, 0xf8, 0xff, 0x18, 0xcc, 0xf8, 0xff,
    0x20, 0xcc, 0xf8, 0xff, 0x18, 0xcc, 0xf8, 0xff, 0x30, 0xc8, 0xf0, 0xff,
    0xa0, 0x74, 0x68, 0xff, 0xa8, 0x60, 0x30, 0xff, 0xb0, 0x60, 0x30, 0xff,
    0xb0, 0x5c, 0x38, 0xff, 0xa8, 0x60, 0x38, 0xff, 0xc0, 0x8c, 0x78, 0xff,
    0xf8, 0xfc, 0xf8, 0xff, 0xe0, 0xd0, 0xc8, 0xff, 0xb0, 0x64, 0x30, 0xff,
    0xb0, 0x68, 0x38, 0xff, 0xb0, 0x68, 0x38, 0xff, 0xb0, 0x68, 0x38, 0xff,
    0xb0, 0x68, 0x38, 0xff, 0xb0, 0x68, 0x38, 0xff, 0xb0, 0x68, 0x30, 0xff,
    0xb0, 0x68, 0x38, 0xff, 0xb0, 0x6c, 0x38, 0xff, 0xb0, 0x68, 0x30, 0xff,
    0xb0, 0x68, 0x38, 0xff, 0xb0, 0x6c, 0x38, 0xff, 0xb0, 0x68, 0x38, 0xff,
    0xb0, 0x68, 0x30, 0xff, 0x88, 0x34, 0x28, 0xff, 0x90, 0x34, 0x28, 0xff,
    0x90, 0x34, 0x28, 0xff, 0x90, 0x34, 0x28, 0xff, 0x88, 0x34, 0x28, 0xff,
    0x88, 0x34, 0x28, 0xff, 0x90, 0x34, 0x28, 0xff, 0x88, 0x34, 0x28, 0xff,
    0x90, 0x34, 0x28, 0xff, 0x88, 0x34, 0x28, 0xff, 0x88, 0x34, 0x28, 0xff,
    0x90, 0x34, 0x28, 0xff, 0x88, 0x34, 0x28, 0xff, 0x88, 0x34, 0x28, 0xff,
    0x88, 0x34, 0x28, 0xff, 0x90, 0x34, 0x28, 0xff, 0x90, 0x34, 0x28, 0xff,
    0x90, 0x34, 0x28, 0xff, 0x88, 0x34, 0x20, 0xff, 0x88, 0x34, 0x28, 0xff,
    0x90, 0x34, 0x28, 0xff, 0x90, 0x34, 0x28, 0xff, 0x90, 0x34, 0x28, 0xff,
    0x88, 0x34, 0x28, 0xff, 0x60, 0x98, 0xb8, 0xff, 0x20, 0xcc, 0xf8, 0xff,
    0x20, 0xcc, 0xf8, 0xff, 0x18, 0xcc, 0xf8, 0xff, 0x18, 0xcc, 0xf8, 0xff,
    0x18, 0xd0, 0xf8, 0xff, 0x18, 0xcc, 0xf8, 0xff, 0x20, 0xcc, 0xf8, 0xff,
    0x18, 0xcc, 0xf8, 0xff, 0x50, 0xb0, 0xd8, 0xff, 0x88, 0x38, 0x28, 0xff,
    0x80, 0x50, 0x58, 0xff, 0x30, 0xc4, 0xf0, 0xff, 0x30, 0xc8, 0xf8, 0xff,
    0x88, 0x50, 0x50, 0xff, 0x78, 0x80, 0x98, 0xff, 0x18, 0xcc, 0xf8, 0xff,
    0x68, 0x94, 0xb0, 0xff, 0x98, 0x44, 0x28, 0xff, 0x68, 0x9c, 0xb8, 0xff,
    0x20, 0xcc, 0xf8, 0xff, 0x70, 0xa0, 0xc0, 0xff, 0xa0, 0x4c, 0x30, 0xff,
    0xa0, 0x50, 0x28, 0xff, 0xa0, 0x50, 0x30, 0xff, 0xa0, 0x54, 0x30, 0xff,
    0xa0, 0x54, 0x30, 0xff, 0x60, 0xac, 0xc8, 0xff, 0x20, 0xd0, 0xf8, 0xff,
    0x30, 0xc4, 0xf0, 0xff, 0x68, 0xac, 0xd0, 0xff, 0x60, 0xb0, 0xd0, 0xff,
    0x28, 0xc8, 0xf8, 0xff, 0x18, 0xcc, 0xf8, 0xff, 0x80, 0x98, 0xa8, 0xff,
    0xa8, 0x60, 0x30, 0xff, 0xa8, 0x5c, 0x30, 0xff, 0xa8, 0x60, 0x30, 0xff,
    0xa8, 0x60, 0x30, 0xff, 0xc0, 0x8c, 0x78, 0xff, 0xe8, 0xdc, 0xd8, 0xff,
    0xf8, 0xf8, 0xf8, 0xff, 0xe0, 0xc4, 0xb8, 0xff, 0xd8, 0xbc, 0xb0, 0xff,
    0xd8, 0xbc, 0xb0, 0xff, 0xd8, 0xbc, 0xb0, 0xff, 0xd8, 0xbc, 0xb0, 0xff,
    0xb0, 0x70, 0x48, 0xff, 0xb0, 0x68, 0x30, 0xff, 0xb0, 0x6c, 0x38, 0xff,
    0xb0, 0x68, 0x38, 0xff, 0xb0, 0x68, 0x38, 0xff, 0xb0, 0x6c, 0x30, 0xff,
    0xb8, 0x68, 0x30, 0xff, 0xb0, 0x68, 0x30, 0xff, 0xb0, 0x6c, 0x38, 0xff,
    0x88, 0x34, 0x28, 0xff, 0x90, 0x34, 0x28, 0xff, 0x88, 0x34, 0x28, 0xff,
    0x88, 0x34, 0x20, 0xff, 0x90, 0x34, 0x28, 0xff, 0x88, 0x34, 0x28, 0xff,
    0x88, 0x34, 0x20, 0xff, 0x88, 0x34, 0x28, 0xff, 0x90, 0x34, 0x28, 0xff,
    0x90, 0x34, 0x28, 0xff, 0x88, 0x34, 0x28, 0xff, 0x88, 0x34, 0x20, 0xff,
    0x90, 0x34, 0x28, 0xff, 0x90, 0x34, 0x28, 0xff, 0x88, 0x34, 0x28, 0xff,
    0x88, 0x34, 0x28, 0xff, 0x88, 0x34, 0x28, 0xff, 0x88, 0x34, 0x28, 0xff,
    0x88, 0x34, 0x28, 0xff, 0x90, 0x34, 0x28, 0xff, 0x88, 0x34, 0x28, 0xff,
    0x88, 0x34, 0x20, 0xff, 0x88, 0x34, 0x28, 0xff, 0x78, 0x70, 0x88, 0xff,
    0x20, 0xcc, 0xf8, 0xff, 0x20, 0xcc, 0xf8, 0xff, 0x18, 0xcc, 0xf8, 0xff,
    0x20, 0xcc, 0xf8, 0xff, 0x20, 0xd0, 0xf8, 0xff, 0x20, 0xcc, 0xf8, 0xff,
    0x20, 0xcc, 0xf8, 0xff, 0x18, 0xcc, 0xf8, 0xff, 0x20, 0xd0, 0xf8, 0xff,
    0x50, 0xac, 0xd0, 0xff, 0x88, 0x38, 0x28, 0xff, 0x88, 0x48, 0x48, 0xff,
    0x38, 0xc4, 0xf0, 0xff, 0x20, 0xcc, 0xf8, 0xff, 0x70, 0x88, 0xa8, 0xff,
    0x78, 0x78, 0x88, 0xff, 0x20, 0xcc, 0xf8, 0xff, 0x58, 0xa8, 0xd0, 0xff,
    0x98, 0x44, 0x30, 0xff, 0x60, 0xac, 0xd0, 0xff, 0x18, 0xcc, 0xf8, 0xff,
    0x70, 0xa4, 0xc0, 0xff, 0xa0, 0x4c, 0x30, 0xff, 0x98, 0x4c, 0x30, 0xff,
    0xa0, 0x54, 0x30, 0xff, 0xa8, 0x54, 0x30, 0xff, 0xa8, 0x54, 0x30, 0xff,
    0x40, 0xbc, 0xe0, 0xff, 0x28, 0xc8, 0xf8, 0xff, 0x90, 0x7c, 0x80, 0xff,
    0xa0, 0x58, 0x30, 0xff, 0xa8, 0x5c, 0x38, 0xff, 0x80, 0x98, 0xa8, 0xff,
    0x20, 0xcc, 0xf8, 0xff, 0x68, 0xa8, 0xc8, 0xff, 0xa8, 0x60, 0x30, 0xff,
    0xb0, 0x60, 0x30, 0xff, 0xa8, 0x60, 0x30, 0xff, 0xa8, 0x60, 0x30, 0xff,
    0xe0, 0xd0, 0xc8, 0xff, 0xf8, 0xfc, 0xf8, 0xff, 0xf8, 0xfc, 0xf8, 0xff,
    0xf8, 0xfc, 0xf8, 0xff, 0xf8, 0xfc, 0xf8, 0xff, 0xf8, 0xfc, 0xf8, 0xff,
    0xf8, 0xfc, 0xf8, 0xff, 0xf8, 0xfc, 0xf8, 0xff, 0xb8, 0x78, 0x58, 0xff,
    0xb0, 0x68, 0x38, 0xff, 0xb0, 0x68, 0x30, 0xff, 0xb0, 0x68, 0x38, 0xff,
    0xb0, 0x6c, 0x30, 0xff, 0xb0, 0x68, 0x38, 0xff, 0xb0, 0x68, 0x38, 0xff,
    0xb0, 0x68, 0x38, 0xff, 0xb0, 0x68, 0x38, 0xff, 0x88, 0x34, 0x28, 0xff,
    0x88, 0x34, 0x28, 0xff, 0x88, 0x34, 0x28, 0xff, 0x88, 0x34, 0x28, 0xff,
    0x88, 0x34, 0x28, 0xff, 0x90, 0x34, 0x28, 0xff, 0x90, 0x34, 0x28, 0xff,
    0x88, 0x34, 0x28, 0xff, 0x88, 0x34, 0x20, 0xff, 0x88, 0x34, 0x28, 0xff,
    0x88, 0x34, 0x28, 0xff, 0x90, 0x34, 0x28, 0xff, 0x88, 0x34, 0x28, 0xff,
    0x88, 0x34, 0x28, 0xff, 0x90, 0x34, 0x28, 0xff, 0x88, 0x34, 0x20, 0xff,
    0x88, 0x34, 0x28, 0xff, 0x90, 0x34, 0x28, 0xff, 0x88, 0x34, 0x28, 0xff,
    0x88, 0x34, 0x28, 0xff, 0x90, 0x34, 0x28, 0xff, 0x88, 0x34, 0x28, 0xff,
    0x88, 0x3c, 0x30, 0xff, 0x40, 0xb4, 0xe0, 0xff, 0x18, 0xcc, 0xf8, 0xff,
    0x20, 0xcc, 0xf8, 0xff, 0x18, 0xcc, 0xf8, 0xff, 0x18, 0xd0, 0xf8, 0xff,
    0x20, 0xcc, 0xf8, 0xff, 0x18, 0xcc, 0xf8, 0xff, 0x20, 0xcc, 0xf8, 0xff,
    0x18, 0xd0, 0xf8, 0xff, 0x18, 0xcc, 0xf8, 0xff, 0x48, 0xac, 0xd8, 0xff,
    0x88, 0x38, 0x30, 0xff, 0x88, 0x34, 0x28, 0xff, 0x40, 0xbc, 0xe8, 0xff,
    0x18, 0xcc, 0xf8, 0xff, 0x18, 0xcc, 0xf8, 0xff, 0x78, 0x80, 0x90, 0xff,
    0x20, 0xcc, 0xf8, 0xff, 0x28, 0xc8, 0xf8, 0xff, 0x50, 0xb4, 0xe0, 0xff,
    0x20, 0xcc, 0xf8, 0xff, 0x20, 0xcc, 0xf8, 0xff, 0x70, 0xa4, 0xc0, 0xff,
    0xa0, 0x4c, 0x30, 0xff, 0x98, 0x4c, 0x30, 0xff, 0xa0, 0x54, 0x30, 0xff,
    0xa0, 0x54, 0x30, 0xff, 0xa0, 0x54, 0x30, 0xff, 0x38, 0xc8, 0xf8, 0xff,
    0x40, 0xc0, 0xe8, 0xff, 0xa0, 0x5c, 0x40, 0xff, 0xa8, 0x58, 0x30, 0xff,
    0xa8, 0x60, 0x38, 0xff, 0x98, 0x74, 0x60, 0xff, 0x28, 0xcc, 0xf8, 0xff,
    0x60, 0xb4, 0xe0, 0xff, 0xa8, 0x60, 0x30, 0xff, 0xb0, 0x60, 0x30, 0xff,
    0xa8, 0x5c, 0x30, 0xff, 0xa8, 0x60, 0x38, 0xff, 0xe8, 0xd0, 0xd0, 0xff,
    0xf8, 0xfc, 0xf8, 0xff, 0xf8, 0xfc, 0xf8, 0xff, 0xf8, 0xfc, 0xf8, 0xff,
    0xf8, 0xfc, 0xf8, 0xff, 0xf8, 0xfc, 0xf8, 0xff, 0xf8, 0xfc, 0xf8, 0xff,
    0xf8, 0xfc, 0xf8, 0xff, 0xb8, 0x78, 0x58, 0xff, 0xb0, 0x68, 0x30, 0xff,
    0xb0, 0x6c, 0x38, 0xff, 0xb0, 0x68, 0x38, 0xff, 0xb0, 0x68, 0x30, 0xff,
    0xb0, 0x68, 0x38, 0xff, 0xb0, 0x68, 0x38, 0xff, 0xb0, 0x6c, 0x38, 0xff,
    0xb8, 0x70, 0x38, 0xff, 0x88, 0x34, 0x28, 0xff, 0x90, 0x34, 0x28, 0xff,
    0x90, 0x34, 0x28, 0xff, 0x90, 0x34, 0x28, 0xff, 0x88, 0x34, 0x28, 0xff,
    0x88, 0x34, 0x28, 0xff, 0x88, 0x34, 0x28, 0xff, 0x90, 0x34, 0x28, 0xff,
    0x88, 0x34, 0x28, 0xff, 0x88, 0x34, 0x28, 0xff, 0x90, 0x34, 0x28, 0xff,
    0x88, 0x34, 0x28, 0xff, 0x90, 0x34, 0x28, 0xff, 0x88, 0x34, 0x20, 0xff,
    0x88, 0x34, 0x28, 0xff, 0x90, 0x34, 0x28, 0xff, 0x90, 0x34, 0x28, 0xff,
    0x88, 0x34, 0x28, 0xff, 0x90, 0x34, 0x20, 0xff, 0x90, 0x34, 0x28, 0xff,
    0x88, 0x34, 0x28, 0xff, 0x90, 0x34, 0x28, 0xff, 0x78, 0x74, 0x88, 0xff,
    0x20, 0xcc, 0xf8, 0xff, 0x20, 0xcc, 0xf8, 0xff, 0x20, 0xcc, 0xf8, 0xff,
    0x18, 0xcc, 0xf8, 0xff, 0x20, 0xd0, 0xf8, 0xff, 0x18, 0xcc, 0xf8, 0xff,
    0x18, 0xcc, 0xf8, 0xff, 0x18, 0xcc, 0xf8, 0xff, 0x20, 0xcc, 0xf8, 0xff,
    0x20, 0xcc, 0xf8, 0xff, 0x50, 0xac, 0xd8, 0xff, 0x88, 0x38, 0x28, 0xff,
    0x88, 0x34, 0x20, 0xff, 0x58, 0xa0, 0xc0, 0xff, 0x20, 0xcc, 0xf8, 0xff,
    0x18, 0xd0, 0xf8, 0xff, 0x80, 0x70, 0x80, 0xff, 0x20, 0xcc, 0xf8, 0xff,
    0x20, 0xcc, 0xf8, 0xff, 0x20, 0xcc, 0xf8, 0xff, 0x18, 0xcc, 0xf8, 0xff,
    0x20, 0xcc, 0xf8, 0xff, 0x78, 0x98, 0xb0, 0xff, 0x98, 0x4c, 0x30, 0xff,
    0xa0, 0x50, 0x28, 0xff, 0xa0, 0x58, 0x30, 0xff, 0xa8, 0x54, 0x30, 0xff,
    0xa0, 0x54, 0x30, 0xff, 0x40, 0xc0, 0xe8, 0xff, 0x30, 0xc4, 0xf0, 0xff,
    0x98, 0x68, 0x58, 0xff, 0xa8, 0x5c, 0x30, 0xff, 0xa8, 0x60, 0x30, 0xff,
    0x90, 0x80, 0x80, 0xff, 0x20, 0xcc, 0xf8, 0xff, 0x68, 0xb0, 0xd0, 0xff,
    0xa8, 0x5c, 0x30, 0xff, 0xa8, 0x60, 0x30, 0xff, 0xa8, 0x60, 0x30, 0xff,
    0xb0, 0x60, 0x30, 0xff, 0xc0, 0x90, 0x78, 0xff, 0xd0, 0xa8, 0x90, 0xff,
    0xd0, 0xa8, 0x90, 0xff, 0xc8, 0xa8, 0x90, 0xff, 0xd0, 0xa8, 0x90, 0xff,
    0xd0, 0xa8, 0x90, 0xff, 0xc8, 0xa8, 0x90, 0xff, 0xc8, 0xa8, 0x90, 0xff,
    0xb0, 0x70, 0x40, 0xff, 0xb0, 0x68, 0x38, 0xff, 0xb0, 0x68, 0x38, 0xff,
    0xb0, 0x68, 0x30, 0xff, 0xb0, 0x68, 0x38, 0xff, 0xb8, 0x6c, 0x38, 0xff,
    0xb8, 0x70, 0x38, 0xff, 0xb8, 0x74, 0x38, 0xff, 0xb8, 0x74, 0x38, 0xff,
    0x88, 0x34, 0x28, 0xff, 0x90, 0x34, 0x28, 0xff, 0x88, 0x34, 0x28, 0xff,
    0x88, 0x34, 0x20, 0xff, 0x90, 0x34, 0x28, 0xff, 0x88, 0x34, 0x28, 0xff,
    0x90, 0x34, 0x20, 0xff, 0x88, 0x34, 0x28, 0xff, 0x90, 0x34, 0x28, 0xff,
    0x90, 0x34, 0x28, 0xff, 0x88, 0x34, 0x20, 0xff, 0x88, 0x34, 0x28, 0xff,
    0x88, 0x34, 0x28, 0xff, 0x90, 0x34, 0x28, 0xff, 0x88, 0x34, 0x28, 0xff,
    0x88, 0x34, 0x28, 0xff, 0x88, 0x34, 0x28, 0xff, 0x90, 0x34, 0x28, 0xff,
    0x88, 0x34, 0x28, 0xff, 0x88, 0x34, 0x28, 0xff, 0x88, 0x34, 0x28, 0xff,
    0x88, 0x34, 0x20, 0xff, 0x58, 0xa4, 0xc8, 0xff, 0x18, 0xcc, 0xf8, 0xff,
    0x20, 0xcc, 0xf8, 0xff, 0x18, 0xd0, 0xf8, 0xff, 0x18, 0xcc, 0xf8, 0xff,
    0x20, 0xcc, 0xf8, 0xff, 0x20, 0xcc, 0xf8, 0xff, 0x20, 0xcc, 0xf8, 0xff,
    0x38, 0xc0, 0xf0, 0xff, 0x50, 0xa4, 0xc8, 0xff, 0x68, 0x94, 0xb0, 0xff,
    0x78, 0x7c, 0x90, 0xff, 0x88, 0x34, 0x28, 0xff, 0x90, 0x34, 0x28, 0xff,
    0x80, 0x5c, 0x68, 0xff, 0x38, 0xc0, 0xf0, 0xff, 0x18, 0xd0, 0xf8, 0xff,
    0x88, 0x68, 0x70, 0xff, 0x40, 0xb8, 0xe0, 0xff, 0x20, 0xcc, 0xf8, 0xff,
    0x20, 0xcc, 0xf8, 0xff, 0x18, 0xcc, 0xf8, 0xff, 0x20, 0xcc, 0xf8, 0xff,
    0x88, 0x70, 0x70, 0xff, 0xa0, 0x4c, 0x30, 0xff, 0xa0, 0x50, 0x30, 0xff,
    0xa0, 0x54, 0x30, 0xff, 0xa0, 0x54, 0x30, 0xff, 0xa8, 0x58, 0x30, 0xff,
    0x50, 0xb4, 0xd8, 0xff, 0x18, 0xcc, 0xf8, 0xff, 0x60, 0xac, 0xc8, 0xff,
    0x98, 0x7c, 0x78, 0xff, 0x98, 0x80, 0x80, 0xff, 0x50, 0xb8, 0xe0, 0xff,
    0x18, 0xcc, 0xf8, 0xff, 0x70, 0xa0, 0xb8, 0xff, 0xa8, 0x60, 0x30, 0xff,
    0xb0, 0x60, 0x30, 0xff, 0xa8, 0x60, 0x30, 0xff, 0xb0, 0x68, 0x38, 0xff,
    0xb0, 0x68, 0x38, 0xff, 0xb0, 0x68, 0x30, 0xff, 0xb8, 0x74, 0x48, 0xff,
    0xb8, 0x78, 0x50, 0xff, 0xb8, 0x74, 0x48, 0xff, 0xb8, 0x78, 0x50, 0xff,
    0xb8, 0x74, 0x50, 0xff, 0xb8, 0x74, 0x50, 0xff, 0xb0, 0x68, 0x38, 0xff,
    0xb0, 0x68, 0x38, 0xff, 0xb0, 0x68, 0x30, 0xff, 0xb0, 0x6c, 0x38, 0xff,
    0xb8, 0x70, 0x38, 0xff, 0xb8, 0x74, 0x38, 0xff, 0xb8, 0x70, 0x38, 0xff,
    0xb8, 0x74, 0x38, 0xff, 0xb8, 0x70, 0x38, 0xff, 0x88, 0x34, 0x28, 0xff,
    0x88, 0x34, 0x28, 0xff, 0x88, 0x34, 0x28, 0xff, 0x88, 0x34, 0x28, 0xff,
    0x88, 0x34, 0x28, 0xff, 0x90, 0x34, 0x28, 0xff, 0x88, 0x34, 0x28, 0xff,
    0x88, 0x34, 0x28, 0xff, 0x88, 0x34, 0x28, 0xff, 0x88, 0x34, 0x28, 0xff,
    0x90, 0x34, 0x28, 0xff, 0x90, 0x34, 0x28, 0xff, 0x88, 0x34, 0x28, 0xff,
    0x88, 0x34, 0x28, 0xff, 0x90, 0x34, 0x28, 0xff, 0x90, 0x34, 0x28, 0xff,
    0x88, 0x34, 0x20, 0xff, 0x88, 0x34, 0x28, 0xff, 0x88, 0x34, 0x28, 0xff,
    0x88, 0x34, 0x28, 0xff, 0x90, 0x34, 0x28, 0xff, 0x88, 0x38, 0x28, 0xff,
    0x38, 0xc0, 0xf0, 0xff, 0x18, 0xcc, 0xf8, 0xff, 0x18, 0xcc, 0xf8, 0xff,
    0x20, 0xcc, 0xf8, 0xff, 0x18, 0xd0, 0xf8, 0xff, 0x20, 0xcc, 0xf8, 0xff,
    0x30, 0xc4, 0xf0, 0xff, 0x70, 0x84, 0x98, 0xff, 0x88, 0x40, 0x38, 0xff,
    0x88, 0x30, 0x20, 0xff, 0x88, 0x34, 0x28, 0xff, 0x88, 0x34, 0x28, 0xff,
    0x88, 0x34, 0x28, 0xff, 0x88, 0x34, 0x28, 0xff, 0x90, 0x38, 0x28, 0xff,
    0x88, 0x5c, 0x60, 0xff, 0x68, 0x94, 0xb0, 0xff, 0x90, 0x58, 0x58, 0xff,
    0x80, 0x78, 0x88, 0xff, 0x30, 0xc4, 0xf0, 0xff, 0x18, 0xcc, 0xf8, 0xff,
    0x20, 0xcc, 0xf8, 0xff, 0x68, 0xa0, 0xb8, 0xff, 0xa0, 0x50, 0x38, 0xff,
    0x98, 0x4c, 0x30, 0xff, 0xa0, 0x50, 0x30, 0xff, 0xa0, 0x54, 0x30, 0xff,
    0xa8, 0x54, 0x30, 0xff, 0xa0, 0x54, 0x30, 0xff, 0x78, 0x98, 0xb0, 0xff,
    0x20, 0xcc, 0xf8, 0xff, 0x18, 0xcc, 0xf8, 0xff, 0x18, 0xd0, 0xf8, 0xff,
    0x18, 0xd0, 0xf8, 0xff, 0x18, 0xcc, 0xf8, 0xff, 0x20, 0xcc, 0xf8, 0xff,
    0x90, 0x88, 0x88, 0xff, 0xa8, 0x60, 0x30, 0xff, 0xa8, 0x60, 0x30, 0xff,
    0xb0, 0x64, 0x38, 0xff, 0xb0, 0x68, 0x38, 0xff, 0xb8, 0x74, 0x48, 0xff,
    0xe0, 0xc8, 0xc0, 0xff, 0xf8, 0xec, 0xe8, 0xff, 0xf8, 0xf0, 0xe8, 0xff,
    0xf0, 0xec, 0xe8, 0xff, 0xf0, 0xec, 0xe8, 0xff, 0xf8, 0xf0, 0xe8, 0xff,
    0xf8, 0xec, 0xe8, 0xff, 0xb8, 0x78, 0x50, 0xff, 0xb0, 0x68, 0x38, 0xff,
    0xb0, 0x6c, 0x38, 0xff, 0xb8, 0x70, 0x38, 0xff, 0xb8, 0x70, 0x38, 0xff,
    0xb8, 0x74, 0x40, 0xff, 0xb8, 0x70, 0x38, 0xff, 0xb8, 0x70, 0x38, 0xff,
    0xb8, 0x74, 0x40, 0xff, 0x88, 0x34, 0x28, 0xff, 0x90, 0x34, 0x28, 0xff,
    0x90, 0x34, 0x28, 0xff, 0x90, 0x34, 0x28, 0xff, 0x88, 0x34, 0x28, 0xff,
    0x88, 0x34, 0x28, 0xff, 0x90, 0x34, 0x28, 0xff, 0x90, 0x34, 0x28, 0xff,
    0x88, 0x34, 0x20, 0xff, 0x88, 0x34, 0x28, 0xff, 0x88, 0x34, 0x28, 0xff,
    0x88, 0x34, 0x28, 0xff, 0x90, 0x34, 0x28, 0xff, 0x90, 0x34, 0x20, 0xff,
    0x88, 0x34, 0x28, 0xff, 0x88, 0x34, 0x28, 0xff, 0x90, 0x34, 0x28, 0xff,
    0x88, 0x34, 0x28, 0xff, 0x90, 0x34, 0x20, 0xff, 0x90, 0x34, 0x28, 0xff,
    0x90, 0x34, 0x28, 0xff, 0x80, 0x58, 0x60, 0xff, 0x28, 0xc8, 0xf8, 0xff,
    0x18, 0xcc, 0xf8, 0xff, 0x20, 0xcc, 0xf8, 0xff, 0x18, 0xcc, 0xf8, 0xff,
    0x20, 0xcc, 0xf8, 0xff, 0x30, 0xc4, 0xf0, 0xff, 0x78, 0x64, 0x70, 0xff,
    0x88, 0x34, 0x28, 0xff, 0x88, 0x34, 0x28, 0xff, 0x90, 0x34, 0x28, 0xff,
    0x90, 0x34, 0x28, 0xff, 0x88, 0x34, 0x28, 0xff, 0x90, 0x34, 0x28, 0xff,
    0x90, 0x34, 0x28, 0xff, 0x88, 0x34, 0x28, 0xff, 0x90, 0x3c, 0x28, 0xff,
    0x90, 0x3c, 0x28, 0xff, 0x90, 0x40, 0x30, 0xff, 0x98, 0x44, 0x30, 0xff,
    0x90, 0x58, 0x58, 0xff, 0x80, 0x6c, 0x78, 0xff, 0x90, 0x68, 0x68, 0xff,
    0x98, 0x50, 0x30, 0xff, 0xa0, 0x4c, 0x30, 0xff, 0xa0, 0x4c, 0x28, 0xff,
    0xa0, 0x54, 0x30, 0xff, 0xa0, 0x54, 0x30, 0xff, 0xa8, 0x54, 0x30, 0xff,
    0xa0, 0x58, 0x30, 0xff, 0x98, 0x64, 0x50, 0xff, 0x48, 0xbc, 0xe8, 0xff,
    0x18, 0xcc, 0xf8, 0xff, 0x20, 0xcc, 0xf8, 0xff, 0x20, 0xcc, 0xf8, 0xff,
    0x20, 0xcc, 0xf8, 0xff, 0x60, 0xb0, 0xd0, 0xff, 0xa8, 0x64, 0x38, 0xff,
    0xa8, 0x60, 0x30, 0xff, 0xb0, 0x60, 0x38, 0xff, 0xb0, 0x68, 0x38, 0xff,
    0xb0, 0x68, 0x30, 0xff, 0xd0, 0xa8, 0x98, 0xff, 0xf8, 0xfc, 0xf8, 0xff,
    0xf8, 0xfc, 0xf8, 0xff, 0xf8, 0xfc, 0xf8, 0xff, 0xf8, 0xfc, 0xf8, 0xff,
    0xf8, 0xfc, 0xf8, 0xff, 0xf8, 0xfc, 0xf8, 0xff, 0xf8, 0xfc, 0xf8, 0xff,
    0xb8, 0x7c, 0x58, 0xff, 0xb8, 0x70, 0x38, 0xff, 0xb8, 0x74, 0x38, 0xff,
    0xb8, 0x74, 0x38, 0xff, 0xb8, 0x74, 0x38, 0xff, 0xb8, 0x74, 0x38, 0xff,
    0xb8, 0x74, 0x40, 0xff, 0xb8, 0x74, 0x38, 0xff, 0xb8, 0x70, 0x40, 0xff,
    0x88, 0x34, 0x28, 0xff, 0x90, 0x34, 0x28, 0xff, 0x88, 0x34, 0x28, 0xff,
    0x88, 0x34, 0x20, 0xff, 0x90, 0x34, 0x28, 0xff, 0x88, 0x34, 0x28, 0xff,
    0x88, 0x34, 0x20, 0xff, 0x88, 0x34, 0x28, 0xff, 0x90, 0x34, 0x28, 0xff,
    0x90, 0x34, 0x28, 0xff, 0x90, 0x34, 0x28, 0xff, 0x88, 0x34, 0x20, 0xff,
    0x88, 0x34, 0x28, 0xff, 0x88, 0x34, 0x28, 0xff, 0x88, 0x34, 0x28, 0xff,
    0x88, 0x34, 0x28, 0xff, 0x88, 0x34, 0x28, 0xff, 0x90, 0x34, 0x28, 0xff,
    0x88, 0x34, 0x28, 0xff, 0x88, 0x34, 0x28, 0xff, 0x88, 0x34, 0x28, 0xff,
    0x78, 0x74, 0x88, 0xff, 0x20, 0xcc, 0xf8, 0xff, 0x20, 0xcc, 0xf8, 0xff,
    0x18, 0xcc, 0xf8, 0xff, 0x20, 0xd0, 0xf8, 0xff, 0x18, 0xcc, 0xf8, 0xff,
    0x68, 0x90, 0xb0, 0xff, 0x88, 0x34, 0x28, 0xff, 0x90, 0x34, 0x28, 0xff,
    0x88, 0x34, 0x28, 0xff, 0x88, 0x34, 0x28, 0xff, 0x88, 0x34, 0x28, 0xff,
    0x90, 0x34, 0x28, 0xff, 0x88, 0x34, 0x20, 0xff, 0x88, 0x34, 0x28, 0xff,
    0x90, 0x38, 0x28, 0xff, 0x90, 0x3c, 0x28, 0xff, 0x90, 0x3c, 0x28, 0xff,
    0x90, 0x40, 0x30, 0xff, 0x90, 0x48, 0x38, 0xff, 0x90, 0x48, 0x38, 0xff,
    0x98, 0x48, 0x38, 0xff, 0x98, 0x54, 0x38, 0xff, 0x98, 0x54, 0x38, 0xff,
    0x98, 0x50, 0x30, 0xff, 0xa0, 0x4c, 0x30, 0xff, 0xa0, 0x54, 0x30, 0xff,
    0xa0, 0x54, 0x30, 0xff, 0xa0, 0x54, 0x30, 0xff, 0xa8, 0x58, 0x30, 0xff,
    0xa8, 0x54, 0x30, 0xff, 0x98, 0x6c, 0x60, 0xff, 0x70, 0xa8, 0xc0, 0xff,
    0x50, 0xc0, 0xe8, 0xff, 0x50, 0xbc, 0xe0, 0xff, 0x78, 0xa0, 0xb8, 0xff,
    0xa8, 0x64, 0x48, 0xff, 0xa8, 0x60, 0x30, 0xff, 0xa8, 0x60, 0x30, 0xff,
    0xb0, 0x68, 0x38, 0xff, 0xb0, 0x68, 0x38, 0xff, 0xb0, 0x68, 0x30, 0xff,
    0xe0, 0xd0, 0xc8, 0xff, 0xf8, 0xfc, 0xf8, 0xff, 0xf8, 0xfc, 0xf8, 0xff,
    0xf8, 0xf0, 0xf0, 0xff, 0xf8, 0xf0, 0xf0, 0xff, 0xf8, 0xf0, 0xf0, 0xff,
    0xf8, 0xf0, 0xf0, 0xff, 0xf0, 0xf0, 0xf0, 0xff, 0xb8, 0x7c, 0x50, 0xff,
    0xb8, 0x74, 0x38, 0xff, 0xb8, 0x70, 0x40, 0xff, 0xb8, 0x70, 0x38, 0xff,
    0xb8, 0x74, 0x38, 0xff, 0xb8, 0x70, 0x38, 0xff, 0xb8, 0x70, 0x38, 0xff,
    0xb8, 0x70, 0x38, 0xff, 0xb8, 0x74, 0x38, 0xff, 0x88, 0x34, 0x28, 0xff,
    0x88, 0x34, 0x28, 0xff, 0x88, 0x34, 0x28, 0xff, 0x88, 0x34, 0x28, 0xff,
    0x88, 0x34, 0x28, 0xff, 0x90, 0x34, 0x28, 0xff, 0x90, 0x34, 0x28, 0xff,
    0x88, 0x34, 0x28, 0xff, 0x88, 0x34, 0x28, 0xff, 0x88, 0x34, 0x28, 0xff,
    0x88, 0x34, 0x28, 0xff, 0x90, 0x34, 0x28, 0xff, 0x88, 0x34, 0x28, 0xff,
    0x88, 0x34, 0x28, 0xff, 0x90, 0x34, 0x20, 0xff, 0x90, 0x34, 0x28, 0xff,
    0x90, 0x34, 0x28, 0xff, 0x88, 0x34, 0x28, 0xff, 0x88, 0x34, 0x28, 0xff,
    0x88, 0x34, 0x28, 0xff, 0x90, 0x34, 0x28, 0xff, 0x70, 0x80, 0x98, 0xff,
    0x20, 0xcc, 0xf8, 0xff, 0x18, 0xcc, 0xf8, 0xff, 0x20, 0xd0, 0xf8, 0xff,
    0x20, 0xcc, 0xf8, 0xff, 0x28, 0xc8, 0xf8, 0xff, 0x80, 0x58, 0x60, 0xff,
    0x88, 0x34, 0x28, 0xff, 0x90, 0x34, 0x28, 0xff, 0x90, 0x34, 0x28, 0xff,
    0x88, 0x34, 0x28, 0xff, 0x90, 0x34, 0x28, 0xff, 0x88, 0x34, 0x28, 0xff,
    0x88, 0x34, 0x28, 0xff, 0x88, 0x34, 0x28, 0xff, 0x90, 0x34, 0x28, 0xff,
    0x90, 0x3c, 0x28, 0xff, 0x90, 0x3c, 0x28, 0xff, 0x90, 0x40, 0x30, 0xff,
    0x70, 0x98, 0xb0, 0xff, 0x40, 0xbc, 0xe8, 0xff, 0x48, 0xbc, 0xe8, 0xff,
    0x48, 0xbc, 0xe0, 0xff, 0x48, 0xbc, 0xe8, 0xff, 0x78, 0x98, 0xb0, 0xff,
    0xa0, 0x50, 0x30, 0xff, 0xa0, 0x54, 0x30, 0xff, 0xa0, 0x54, 0x30, 0xff,
    0xa8, 0x54, 0x30, 0xff, 0xa0, 0x54, 0x30, 0xff, 0xa0, 0x58, 0x30, 0xff,
    0x90, 0x7c, 0x80, 0xff, 0x98, 0x78, 0x70, 0xff, 0xa8, 0x68, 0x48, 0xff,
    0x70, 0xa4, 0xc0, 0xff, 0x60, 0xb4, 0xd8, 0xff, 0x90, 0x8c, 0x90, 0xff,
    0xa8, 0x60, 0x30, 0xff, 0xb0, 0x64, 0x30, 0xff, 0xb0, 0x68, 0x38, 0xff,
    0xb0, 0x68, 0x30, 0xff, 0xb0, 0x68, 0x38, 0xff, 0xe0, 0xc8, 0xc0, 0xff,
    0xf8, 0xfc, 0xf8, 0xff, 0xe8, 0xd8, 0xd0, 0xff, 0xb0, 0x6c, 0x30, 0xff,
    0xb0, 0x64, 0x28, 0xff, 0xb0, 0x64, 0x28, 0xff, 0xb0, 0x68, 0x30, 0xff,
    0xb8, 0x70, 0x30, 0xff, 0xb8, 0x70, 0x38, 0xff, 0xb8, 0x74, 0x38, 0xff,
    0xb8, 0x70, 0x38, 0xff, 0xb8, 0x70, 0x38, 0xff, 0xb8, 0x70, 0x40, 0xff,
    0xb8, 0x70, 0x40, 0xff, 0xb8, 0x70, 0x38, 0xff, 0xb8, 0x74, 0x38, 0xff,
    0xb8, 0x70, 0x38, 0xff, 0x88, 0x34, 0x28, 0xff, 0x90, 0x34, 0x28, 0xff,
    0x90, 0x34, 0x28, 0xff, 0x90, 0x34, 0x28, 0xff, 0x88, 0x34, 0x28, 0xff,
    0x88, 0x34, 0x28, 0xff, 0x90, 0x34, 0x28, 0xff, 0x88, 0x34, 0x28, 0xff,
    0x88, 0x34, 0x20, 0xff, 0x90, 0x34, 0x28, 0xff, 0x88, 0x34, 0x28, 0xff,
    0x88, 0x34, 0x28, 0xff, 0x90, 0x34, 0x28, 0xff, 0x90, 0x34, 0x28, 0xff,
    0x88, 0x34, 0x28, 0xff, 0x88, 0x34, 0x28, 0xff, 0x88, 0x34, 0x28, 0xff,
    0x88, 0x34, 0x28, 0xff, 0x90, 0x34, 0x20, 0xff, 0x90, 0x34, 0x28, 0xff,
    0x88, 0x34, 0x28, 0xff, 0x70, 0x84, 0xa0, 0xff, 0x18, 0xcc, 0xf8, 0xff,
    0x18, 0xcc, 0xf8, 0xff, 0x18, 0xcc, 0xf8, 0xff, 0x18, 0xcc, 0xf8, 0xff,
    0x38, 0xc0, 0xe8, 0xff, 0x88, 0x38, 0x30, 0xff, 0x88, 0x34, 0x28, 0xff,
    0x88, 0x34, 0x28, 0xff, 0x88, 0x34, 0x28, 0xff, 0x90, 0x34, 0x28, 0xff,
    0x88, 0x34, 0x28, 0xff, 0x88, 0x34, 0x20, 0xff, 0x90, 0x34, 0x28, 0xff,
    0x90, 0x34, 0x28, 0xff, 0x88, 0x34, 0x28, 0xff, 0x90, 0x3c, 0x28, 0xff,
    0x90, 0x3c, 0x28, 0xff, 0x90, 0x3c, 0x30, 0xff, 0x70, 0x94, 0xb0, 0xff,
    0x18, 0xcc, 0xf8, 0xff, 0x18, 0xcc, 0xf8, 0xff, 0x20, 0xd0, 0xf8, 0xff,
    0x18, 0xcc, 0xf8, 0xff, 0x68, 0xa4, 0xc8, 0xff, 0xa0, 0x4c, 0x28, 0xff,
    0xa0, 0x54, 0x30, 0xff, 0xa8, 0x54, 0x30, 0xff, 0xa0, 0x54, 0x30, 0xff,
    0xa0, 0x58, 0x30, 0xff, 0x90, 0x78, 0x78, 0xff, 0x28, 0xcc, 0xf8, 0xff,
    0x80, 0x90, 0x98, 0xff, 0x78, 0xa0, 0xb8, 0xff, 0x18, 0xcc, 0xf8, 0xff,
    0x20, 0xcc, 0xf8, 0xff, 0x30, 0xc8, 0xf8, 0xff, 0x98, 0x78, 0x70, 0xff,
    0xb0, 0x68, 0x38, 0xff, 0xb0, 0x68, 0x38, 0xff, 0xb0, 0x68, 0x38, 0xff,
    0xb0, 0x6c, 0x30, 0xff, 0xc8, 0xa0, 0x88, 0xff, 0xf8, 0xfc, 0xf8, 0xff,
    0xe8, 0xd4, 0xc8, 0xff, 0xb0, 0x68, 0x38, 0xff, 0xb0, 0x68, 0x30, 0xff,
    0xb0, 0x6c, 0x38, 0xff, 0xb8, 0x70, 0x38, 0xff, 0xb8, 0x70, 0x38, 0xff,
    0xb8, 0x70, 0x38, 0xff, 0xb8, 0x70, 0x38, 0xff, 0xb8, 0x74, 0x38, 0xff,
    0xb8, 0x74, 0x38, 0xff, 0xb8, 0x74, 0x38, 0xff, 0xb8, 0x74, 0x38, 0xff,
    0xb8, 0x74, 0x38, 0xff, 0xb8, 0x74, 0x40, 0xff, 0xb8, 0x70, 0x40, 0xff,
    0x88, 0x34, 0x28, 0xff, 0x90, 0x34, 0x28, 0xff, 0x88, 0x34, 0x28, 0xff,
    0x88, 0x34, 0x20, 0xff, 0x90, 0x34, 0x28, 0xff, 0x88, 0x34, 0x28, 0xff,
    0x88, 0x34, 0x20, 0xff, 0x88, 0x34, 0x28, 0xff, 0x90, 0x34, 0x28, 0xff,
    0x90, 0x34, 0x28, 0xff, 0x90, 0x34, 0x28, 0xff, 0x88, 0x34, 0x20, 0xff,
    0x88, 0x34, 0x28, 0xff, 0x88, 0x34, 0x28, 0xff, 0x90, 0x34, 0x28, 0xff,
    0x88, 0x34, 0x28, 0xff, 0x88, 0x34, 0x20, 0xff, 0x90, 0x34, 0x28, 0xff,
    0x90, 0x34, 0x28, 0xff, 0x88, 0x34, 0x28, 0xff, 0x88, 0x34, 0x20, 0xff,
    0x68, 0x84, 0xa0, 0xff, 0x18, 0xcc, 0xf8, 0xff, 0x20, 0xd0, 0xf8, 0xff,
    0x20, 0xcc, 0xf8, 0xff, 0x20, 0xcc, 0xf8, 0xff, 0x40, 0xbc, 0xe8, 0xff,
    0x88, 0x34, 0x20, 0xff, 0x90, 0x34, 0x28, 0xff, 0x90, 0x34, 0x28, 0xff,
    0x88, 0x34, 0x28, 0xff, 0x88, 0x34, 0x20, 0xff, 0x88, 0x34, 0x28, 0xff,
    0x90, 0x34, 0x28, 0xff, 0x88, 0x34, 0x28, 0xff, 0x88, 0x34, 0x28, 0xff,
    0x90, 0x34, 0x28, 0xff, 0x90, 0x3c, 0x28, 0xff, 0x90, 0x3c, 0x28, 0xff,
    0x90, 0x3c, 0x30, 0xff, 0x70, 0x94, 0xb0, 0xff, 0x18, 0xcc, 0xf8, 0xff,
    0x20, 0xcc, 0xf8, 0xff, 0x20, 0xcc, 0xf8, 0xff, 0x18, 0xd0, 0xf8, 0xff,
    0x68, 0xa4, 0xc8, 0xff, 0xa0, 0x50, 0x30, 0xff, 0xa0, 0x54, 0x30, 0xff,
    0xa0, 0x54, 0x30, 0xff, 0xa8, 0x58, 0x30, 0xff, 0xa0, 0x54, 0x30, 0xff,
    0x68, 0xa8, 0xc8, 0xff, 0x18, 0xcc, 0xf8, 0xff, 0x80, 0x94, 0xa0, 0xff,
    0x48, 0xbc, 0xe0, 0xff, 0x20, 0xcc, 0xf8, 0xff, 0x18, 0xcc, 0xf8, 0xff,
    0x18, 0xcc, 0xf8, 0xff, 0x80, 0xa0, 0xb0, 0xff, 0xb0, 0x68, 0x38, 0xff,
    0xb0, 0x68, 0x38, 0xff, 0xb0, 0x68, 0x30, 0xff, 0xb0, 0x68, 0x38, 0xff,
    0xb8, 0x6c, 0x38, 0xff, 0xe8, 0xd8, 0xd0, 0xff, 0xf8, 0xf8, 0xf8, 0xff,
    0xd8, 0xbc, 0xb0, 0xff, 0xd0, 0xb0, 0xa0, 0xff, 0xd8, 0xb4, 0xa0, 0xff,
    0xd8, 0xb0, 0xa0, 0xff, 0xd0, 0xb4, 0xa0, 0xff, 0xb8, 0x78, 0x48, 0xff,
    0xb8, 0x74, 0x38, 0xff, 0xb8, 0x70, 0x40, 0xff, 0xb8, 0x74, 0x40, 0xff,
    0xb8, 0x74, 0x38, 0xff, 0xb8, 0x70, 0x38, 0xff, 0xb8, 0x74, 0x38, 0xff,
    0xb8, 0x70, 0x38, 0xff, 0xb8, 0x74, 0x38, 0xff, 0x88, 0x34, 0x28, 0xff,
    0x88, 0x34, 0x28, 0xff, 0x88, 0x34, 0x28, 0xff, 0x88, 0x34, 0x28, 0xff,
    0x88, 0x34, 0x28, 0xff, 0x90, 0x34, 0x28, 0xff, 0x90, 0x34, 0x28, 0xff,
    0x90, 0x34, 0x28, 0xff, 0x88, 0x34, 0x28, 0xff, 0x88, 0x34, 0x28, 0xff,
    0x88, 0x34, 0x28, 0xff, 0x88, 0x34, 0x28, 0xff, 0x90, 0x34, 0x28, 0xff,
    0x88, 0x34, 0x20, 0xff, 0x88, 0x34, 0x28, 0xff, 0x90, 0x34, 0x28, 0xff,
    0x90, 0x34, 0x28, 0xff, 0x88, 0x34, 0x28, 0xff, 0x88, 0x34, 0x28, 0xff,
    0x88, 0x34, 0x28, 0xff, 0x90, 0x34, 0x20, 0xff, 0x70, 0x84, 0xa0, 0xff,
    0x20, 0xcc, 0xf8, 0xff, 0x20, 0xd0, 0xf8, 0xff, 0x20, 0xcc, 0xf8, 0xff,
    0x18, 0xcc, 0xf8, 0xff, 0x30, 0xc4, 0xf0, 0xff, 0x88, 0x48, 0x48, 0xff,
    0x88, 0x34, 0x28, 0xff, 0x88, 0x34, 0x28, 0xff, 0x90, 0x34, 0x28, 0xff,
    0x88, 0x34, 0x28, 0xff, 0x90, 0x34, 0x28, 0xff, 0x90, 0x34, 0x28, 0xff,
    0x88, 0x34, 0x28, 0xff, 0x88, 0x34, 0x28, 0xff, 0x88, 0x34, 0x28, 0xff,
    0x90, 0x3c, 0x28, 0xff, 0x90, 0x3c, 0x28, 0xff, 0x90, 0x3c, 0x30, 0xff,
    0x60, 0xa0, 0xc0, 0xff, 0x18, 0xcc, 0xf8, 0xff, 0x20, 0xcc, 0xf8, 0xff,
    0x18, 0xcc, 0xf8, 0xff, 0x18, 0xcc, 0xf8, 0xff, 0x68, 0xa4, 0xc8, 0xff,
    0xa0, 0x50, 0x30, 0xff, 0xa0, 0x54, 0x30, 0xff, 0xa0, 0x54, 0x30, 0xff,
    0xa0, 0x54, 0x30, 0xff, 0xa8, 0x54, 0x30, 0xff, 0x48, 0xb8, 0xe0, 0xff,
    0x20, 0xcc, 0xf8, 0xff, 0x90, 0x88, 0x88, 0xff, 0x30, 0xc8, 0xf8, 0xff,
    0x28, 0xc8, 0xf8, 0xff, 0x68, 0xa8, 0xc0, 0xff, 0x20, 0xcc, 0xf8, 0xff,
    0x68, 0xb0, 0xd0, 0xff, 0xb0, 0x68, 0x30, 0xff, 0xb0, 0x68, 0x30, 0xff,
    0xb8, 0x68, 0x30, 0xff, 0xb0, 0x6c, 0x38, 0xff, 0xc0, 0x8c, 0x68, 0xff,
    0xf8, 0xf0, 0xf0, 0xff, 0xf8, 0xfc, 0xf8, 0xff, 0xf8, 0xfc, 0xf8, 0xff,
    0xf8, 0xfc, 0xf8, 0xff, 0xf8, 0xfc, 0xf8, 0xff, 0xf8, 0xfc, 0xf8, 0xff,
    0xf8, 0xfc, 0xf8, 0xff, 0xb8, 0x80, 0x58, 0xff, 0xb8, 0x74, 0x38, 0xff,
    0xb8, 0x70, 0x38, 0xff, 0xb8, 0x70, 0x38, 0xff, 0xb8, 0x70, 0x38, 0xff,
    0xb8, 0x70, 0x40, 0xff, 0xb8, 0x70, 0x40, 0xff, 0xb8, 0x74, 0x38, 0xff,
    0xb8, 0x70, 0x38, 0xff, 0x88, 0x34, 0x28, 0xff, 0x90, 0x34, 0x28, 0xff,
    0x90, 0x34, 0x28, 0xff, 0x90, 0x34, 0x28, 0xff, 0x88, 0x34, 0x28, 0xff,
    0x88, 0x34, 0x28, 0xff, 0x88, 0x34, 0x28, 0xff, 0x88, 0x34, 0x28, 0xff,
    0x88, 0x34, 0x28, 0xff, 0x88, 0x34, 0x20, 0xff, 0x88, 0x34, 0x28, 0xff,
    0x90, 0x34, 0x28, 0xff, 0x90, 0x34, 0x28, 0xff, 0x90, 0x34, 0x28, 0xff,
    0x88, 0x34, 0x28, 0xff, 0x88, 0x34, 0x28, 0xff, 0x88, 0x34, 0x28, 0xff,
    0x88, 0x34, 0x28, 0xff, 0x88, 0x34, 0x28, 0xff, 0x90, 0x34, 0x28, 0xff,
    0x88, 0x34, 0x28, 0xff, 0x78, 0x7c, 0x98, 0xff, 0x18, 0xcc, 0xf8, 0xff,
    0x18, 0xcc, 0xf8, 0xff, 0x18, 0xcc, 0xf8, 0xff, 0x18, 0xd0, 0xf8, 0xff,
    0x20, 0xcc, 0xf8, 0xff, 0x78, 0x74, 0x88, 0xff, 0x88, 0x34, 0x28, 0xff,
    0x88, 0x34, 0x28, 0xff, 0x90, 0x34, 0x28, 0xff, 0x88, 0x34, 0x28, 0xff,
    0x88, 0x34, 0x28, 0xff, 0x88, 0x34, 0x28, 0xff, 0x90, 0x34, 0x28, 0xff,
    0x90, 0x34, 0x20, 0xff, 0x90, 0x38, 0x28, 0xff, 0x90, 0x3c, 0x28, 0xff,
    0x90, 0x3c, 0x30, 0xff, 0x90, 0x40, 0x38, 0xff, 0x40, 0xb8, 0xe8, 0xff,
    0x18, 0xcc, 0xf8, 0xff, 0x20, 0xcc, 0xf8, 0xff, 0x18, 0xd0, 0xf8, 0xff,
    0x18, 0xcc, 0xf8, 0xff, 0x68, 0xa4, 0xc0, 0xff, 0xa0, 0x50, 0x30, 0xff,
    0xa0, 0x54, 0x30, 0xff, 0xa8, 0x54, 0x30, 0xff, 0xa8, 0x54, 0x30, 0xff,
    0xa0, 0x58, 0x30, 0xff, 0x38, 0xc8, 0xf8, 0xff, 0x58, 0xb8, 0xe0, 0xff,
    0xa0, 0x6c, 0x50, 0xff, 0x28, 0xc8, 0xf8, 0xff, 0x50, 0xbc, 0xe8, 0xff,
    0xa0, 0x68, 0x48, 0xff, 0x28, 0xcc, 0xf8, 0xff, 0x60, 0xb8, 0xe0, 0xff,
    0xb0, 0x68, 0x30, 0xff, 0xb0, 0x68, 0x38, 0xff, 0xb0, 0x6c, 0x38, 0xff,
    0xb0, 0x68, 0x38, 0xff, 0xe0, 0xc4, 0xb8, 0xff, 0xf8, 0xfc, 0xf8, 0xff,
    0xf8, 0xfc, 0xf8, 0xff, 0xf8, 0xfc, 0xf8, 0xff, 0xf8, 0xfc, 0xf8, 0xff,
    0xf8, 0xfc, 0xf8, 0xff, 0xf8, 0xfc, 0xf8, 0xff, 0xf8, 0xfc, 0xf8, 0xff,
    0xc0, 0x80, 0x58, 0xff, 0xb8, 0x70, 0x38, 0xff, 0xb8, 0x74, 0x38, 0xff,
    0xb8, 0x74, 0x38, 0xff, 0xb8, 0x70, 0x38, 0xff, 0xb8, 0x74, 0x38, 0xff,
    0xb8, 0x74, 0x38, 0xff, 0xb8, 0x70, 0x38, 0xff, 0xb8, 0x70, 0x40, 0xff,
    0x88, 0x34, 0x28, 0xff, 0x90, 0x34, 0x28, 0xff, 0x88, 0x34, 0x28, 0xff,
    0x88, 0x34, 0x20, 0xff, 0x90, 0x34, 0x28, 0xff, 0x88, 0x34, 0x28, 0xff,
    0x90, 0x34, 0x20, 0xff, 0x88, 0x34, 0x28, 0xff, 0x90, 0x34, 0x28, 0xff,
    0x90, 0x34, 0x28, 0xff, 0x90, 0x34, 0x28, 0xff, 0x88, 0x34, 0x28, 0xff,
    0x88, 0x34, 0x28, 0xff, 0x88, 0x34, 0x28, 0xff, 0x88, 0x34, 0x28, 0xff,
    0x90, 0x34, 0x28, 0xff, 0x88, 0x34, 0x20, 0xff, 0x90, 0x34, 0x28, 0xff,
    0x90, 0x34, 0x28, 0xff, 0x88, 0x34, 0x20, 0xff, 0x88, 0x34, 0x28, 0xff,
    0x78, 0x64, 0x78, 0xff, 0x20, 0xc8, 0xf8, 0xff, 0x20, 0xcc, 0xf8, 0xff,
    0x18, 0xd0, 0xf8, 0xff, 0x20, 0xcc, 0xf8, 0xff, 0x20, 0xcc, 0xf8, 0xff,
    0x48, 0xb0, 0xd8, 0xff, 0x88, 0x40, 0x38, 0xff, 0x88, 0x34, 0x28, 0xff,
    0x88, 0x34, 0x28, 0xff, 0x90, 0x34, 0x28, 0xff, 0x88, 0x34, 0x28, 0xff,
    0x90, 0x34, 0x20, 0xff, 0x88, 0x34, 0x28, 0xff, 0x88, 0x34, 0x28, 0xff,
    0x90, 0x38, 0x28, 0xff, 0x90, 0x3c, 0x28, 0xff, 0x90, 0x3c, 0x28, 0xff,
    0x70, 0x84, 0x98, 0xff, 0x20, 0xcc, 0xf8, 0xff, 0x20, 0xcc, 0xf8, 0xff,
    0x20, 0xcc, 0xf8, 0xff, 0x20, 0xd0, 0xf8, 0xff, 0x20, 0xcc, 0xf8, 0xff,
    0x70, 0xa4, 0xc0, 0xff, 0xa0, 0x50, 0x30, 0xff, 0xa0, 0x54, 0x30, 0xff,
    0xa0, 0x54, 0x30, 0xff, 0xa8, 0x58, 0x30, 0xff, 0xa0, 0x54, 0x30, 0xff,
    0x38, 0xc8, 0xf8, 0xff, 0x60, 0xb0, 0xd0, 0xff, 0x98, 0x78, 0x68, 0xff,
    0x20, 0xcc, 0xf8, 0xff, 0x60, 0xb8, 0xe0, 0xff, 0xa8, 0x68, 0x48, 0xff,
    0x28, 0xcc, 0xf8, 0xff, 0x68, 0xb8, 0xe0, 0xff, 0xb0, 0x68, 0x30, 0xff,
    0xb0, 0x68, 0x38, 0xff, 0xb0, 0x68, 0x38, 0xff, 0xb0, 0x68, 0x30, 0xff,
    0xe8, 0xd0, 0xc8, 0xff, 0xf8, 0xfc, 0xf8, 0xff, 0xf8, 0xf0, 0xf0, 0xff,
    0xd8, 0xbc, 0xa8, 0xff, 0xd8, 0xb8, 0xa8, 0xff, 0xd8, 0xb8, 0xa8, 0xff,
    0xd8, 0xb8, 0xa8, 0xff, 0xd8, 0xb8, 0xa8, 0xff, 0xb8, 0x78, 0x48, 0xff,
    0xb8, 0x74, 0x38, 0xff, 0xb8, 0x70, 0x40, 0xff, 0xb8, 0x74, 0x40, 0xff,
    0xb8, 0x74, 0x38, 0xff, 0xb8, 0x70, 0x40, 0xff, 0xb8, 0x74, 0x38, 0xff,
    0xb8, 0x74, 0x38, 0xff, 0xb8, 0x78, 0x38, 0xff, 0x88, 0x34, 0x28, 0xff,
    0x88, 0x34, 0x28, 0xff, 0x88, 0x34, 0x28, 0xff, 0x88, 0x34, 0x28, 0xff,
    0x88, 0x34, 0x28, 0xff, 0x90, 0x34, 0x28, 0xff, 0x88, 0x34, 0x28, 0xff,
    0x90, 0x34, 0x28, 0xff, 0x88, 0x34, 0x20, 0xff, 0x88, 0x34, 0x28, 0xff,
    0x88, 0x34, 0x28, 0xff, 0x88, 0x34, 0x28, 0xff, 0x88, 0x34, 0x20, 0xff,
    0x88, 0x34, 0x28, 0xff, 0x90, 0x34, 0x28, 0xff, 0x90, 0x34, 0x28, 0xff,
    0x90, 0x34, 0x28, 0xff, 0x88, 0x34, 0x28, 0xff, 0x88, 0x34, 0x28, 0xff,
    0x90, 0x34, 0x28, 0xff, 0x90, 0x34, 0x28, 0xff, 0x88, 0x44, 0x40, 0xff,
    0x30, 0xc4, 0xf0, 0xff, 0x20, 0xd0, 0xf8, 0xff, 0x20, 0xcc, 0xf8, 0xff,
    0x18, 0xcc, 0xf8, 0xff, 0x20, 0xcc, 0xf8, 0xff, 0x20, 0xcc, 0xf8, 0xff,
    0x58, 0xa4, 0xc8, 0xff, 0x88, 0x48, 0x48, 0xff, 0x88, 0x34, 0x28, 0xff,
    0x88, 0x34, 0x28, 0xff, 0x90, 0x34, 0x28, 0xff, 0x88, 0x34, 0x28, 0xff,
    0x88, 0x34, 0x28, 0xff, 0x88, 0x34, 0x28, 0xff, 0x90, 0x38, 0x28, 0xff,
    0x90, 0x3c, 0x28, 0xff, 0x78, 0x7c, 0x90, 0xff, 0x30, 0xc4, 0xf0, 0xff,
    0x18, 0xcc, 0xf8, 0xff, 0x18, 0xd0, 0xf8, 0xff, 0x18, 0xcc, 0xf8, 0xff,
    0x18, 0xcc, 0xf8, 0xff, 0x20, 0xcc, 0xf8, 0xff, 0x78, 0x90, 0xa8, 0xff,
    0xa0, 0x50, 0x30, 0xff, 0xa0, 0x54, 0x30, 0xff, 0xa0, 0x54, 0x30, 0xff,
    0xa0, 0x54, 0x30, 0xff, 0xa0, 0x54, 0x30, 0xff, 0x40, 0xc0, 0xe8, 0xff,
    0x40, 0xc4, 0xf0, 0xff, 0x68, 0xac, 0xc8, 0xff, 0x20, 0xcc, 0xf8, 0xff,
    0x68, 0xa8, 0xc0, 0xff, 0x70, 0xa8, 0xc0, 0xff, 0x20, 0xcc, 0xf8, 0xff,
    0x70, 0xac, 0xc8, 0xff, 0xb0, 0x68, 0x30, 0xff, 0xb0, 0x68, 0x38, 0xff,
    0xb0, 0x68, 0x30, 0xff, 0xb0, 0x6c, 0x38, 0xff, 0xd8, 0xb0, 0xa0, 0xff,
    0xf8, 0xfc, 0xf8, 0xff, 0xe0, 0xd0, 0xc8, 0xff, 0xb8, 0x74, 0x38, 0xff,
    0xb8, 0x70, 0x38, 0xff, 0xb8, 0x74, 0x38, 0xff, 0xb8, 0x74, 0x38, 0xff,
    0xb8, 0x70, 0x40, 0xff, 0xb8, 0x70, 0x38, 0xff, 0xb8, 0x74, 0x38, 0xff,
    0xb8, 0x70, 0x38, 0xff, 0xb8, 0x70, 0x38, 0xff, 0xb8, 0x70, 0x38, 0xff,
    0xb8, 0x74, 0x38, 0xff, 0xb8, 0x78, 0x38, 0xff, 0xc0, 0x7c, 0x40, 0xff,
    0xc0, 0x7c, 0x38, 0xff, 0x88, 0x34, 0x28, 0xff, 0x90, 0x34, 0x28, 0xff,
    0x90, 0x34, 0x28, 0xff, 0x90, 0x34, 0x28, 0xff, 0x88, 0x34, 0x28, 0xff,
    0x88, 0x34, 0x28, 0xff, 0x90, 0x34, 0x28, 0xff, 0x88, 0x34, 0x28, 0xff,
    0x88, 0x34, 0x28, 0xff, 0x90, 0x34, 0x28, 0xff, 0x88, 0x34, 0x28, 0xff,
    0x90, 0x34, 0x28, 0xff, 0x90, 0x34, 0x28, 0xff, 0x90, 0x34, 0x28, 0xff,
    0x88, 0x34, 0x28, 0xff, 0x88, 0x34, 0x20, 0xff, 0x88, 0x34, 0x28, 0xff,
    0x88, 0x34, 0x28, 0xff, 0x88, 0x34, 0x28, 0xff, 0x88, 0x34, 0x28, 0xff,
    0x88, 0x34, 0x28, 0xff, 0x90, 0x30, 0x20, 0xff, 0x40, 0xb4, 0xe0, 0xff,
    0x18, 0xcc, 0xf8, 0xff, 0x18, 0xcc, 0xf8, 0xff, 0x20, 0xcc, 0xf8, 0xff,
    0x18, 0xd0, 0xf8, 0xff, 0x18, 0xcc, 0xf8, 0xff, 0x18, 0xd0, 0xf8, 0xff,
    0x38, 0xc0, 0xe8, 0xff, 0x68, 0x90, 0xb0, 0xff, 0x78, 0x60, 0x70, 0xff,
    0x88, 0x4c, 0x50, 0xff, 0x88, 0x44, 0x48, 0xff, 0x88, 0x48, 0x48, 0xff,
    0x88, 0x54, 0x58, 0xff, 0x78, 0x7c, 0x90, 0xff, 0x50, 0xac, 0xd0, 0xff,
    0x20, 0xcc, 0xf8, 0xff, 0x20, 0xcc, 0xf8, 0xff, 0x20, 0xcc, 0xf8, 0xff,
    0x18, 0xcc, 0xf8, 0xff, 0x20, 0xd0, 0xf8, 0xff, 0x18, 0xcc, 0xf8, 0xff,
    0x18, 0xcc, 0xf8, 0xff, 0x90, 0x70, 0x70, 0xff, 0xa0, 0x50, 0x30, 0xff,
    0xa0, 0x54, 0x30, 0xff, 0xa8, 0x54, 0x30, 0xff, 0xa8, 0x54, 0x30, 0xff,
    0xa0, 0x58, 0x30, 0xff, 0x60, 0xb0, 0xd0, 0xff, 0x20, 0xcc, 0xf8, 0xff,
    0x20, 0xcc, 0xf8, 0xff, 0x18, 0xcc, 0xf8, 0xff, 0x78, 0x9c, 0xb0, 0xff,
    0x50, 0xc0, 0xe8, 0xff, 0x18, 0xcc, 0xf8, 0xff, 0x80, 0x9c, 0xa8, 0xff,
    0xb0, 0x68, 0x38, 0xff, 0xb0, 0x6c, 0x38, 0xff, 0xb0, 0x68, 0x38, 0xff,
    0xb0, 0x68, 0x30, 0xff, 0xb8, 0x7c, 0x58, 0xff, 0xf8, 0xec, 0xe8, 0xff,
    0xf0, 0xe4, 0xe0, 0xff, 0xc0, 0x80, 0x50, 0xff, 0xb8, 0x78, 0x48, 0xff,
    0xb8, 0x78, 0x48, 0xff, 0xb8, 0x78, 0x48, 0xff, 0xc0, 0x78, 0x48, 0xff,
    0xb8, 0x74, 0x40, 0xff, 0xb8, 0x70, 0x38, 0xff, 0xb8, 0x74, 0x38, 0xff,
    0xb8, 0x74, 0x38, 0xff, 0xb8, 0x74, 0x38, 0xff, 0xc0, 0x7c, 0x40, 0xff,
    0xc0, 0x7c, 0x38, 0xff, 0xc0, 0x7c, 0x38, 0xff, 0xc0, 0x7c, 0x40, 0xff,
    0x88, 0x34, 0x28, 0xff, 0x90, 0x34, 0x28, 0xff, 0x88, 0x34, 0x28, 0xff,
    0x88, 0x34, 0x20, 0xff, 0x90, 0x34, 0x28, 0xff, 0x88, 0x34, 0x28, 0xff,
    0x88, 0x34, 0x20, 0xff, 0x88, 0x34, 0x28, 0xff, 0x90, 0x34, 0x28, 0xff,
    0x88, 0x34, 0x28, 0xff, 0x90, 0x34, 0x28, 0xff, 0x88, 0x34, 0x20, 0xff,
    0x88, 0x34, 0x28, 0xff, 0x88, 0x34, 0x28, 0xff, 0x88, 0x34, 0x28, 0xff,
    0x88, 0x34, 0x28, 0xff, 0x88, 0x34, 0x28, 0xff, 0x90, 0x34, 0x28, 0xff,
    0x90, 0x34, 0x20, 0xff, 0x88, 0x34, 0x28, 0xff, 0x88, 0x34, 0x28, 0xff,
    0x88, 0x34, 0x20, 0xff, 0x68, 0x90, 0xb0, 0xff, 0x20, 0xcc, 0xf8, 0xff,
    0x20, 0xcc, 0xf8, 0xff, 0x18, 0xcc, 0xf8, 0xff, 0x20, 0xcc, 0xf8, 0xff,
    0x18, 0xd0, 0xf8, 0xff, 0x20, 0xcc, 0xf8, 0xff, 0x18, 0xcc, 0xf8, 0xff,
    0x18, 0xcc, 0xf8, 0xff, 0x20, 0xcc, 0xf8, 0xff, 0x20, 0xcc, 0xf8, 0xff,
    0x28, 0xc4, 0xf0, 0xff, 0x28, 0xc4, 0xf0, 0xff, 0x20, 0xcc, 0xf8, 0xff,
    0x20, 0xcc, 0xf8, 0xff, 0x18, 0xcc, 0xf8, 0xff, 0x18, 0xcc, 0xf8, 0xff,
    0x18, 0xd0, 0xf8, 0xff, 0x18, 0xcc, 0xf8, 0xff, 0x20, 0xcc, 0xf8, 0xff,
    0x20, 0xcc, 0xf8, 0xff, 0x20, 0xcc, 0xf8, 0xff, 0x48, 0xbc, 0xe0, 0xff,
    0x98, 0x54, 0x40, 0xff, 0xa0, 0x50, 0x30, 0xff, 0xa0, 0x54, 0x30, 0xff,
    0xa0, 0x54, 0x30, 0xff, 0xa0, 0x58, 0x30, 0xff, 0xa0, 0x58, 0x30, 0xff,
    0x90, 0x84, 0x88, 0xff, 0x28, 0xc8, 0xf8, 0xff, 0x18, 0xcc, 0xf8, 0xff,
    0x28, 0xc8, 0xf8, 0xff, 0x98, 0x78, 0x70, 0xff, 0x50, 0xc0, 0xf0, 0xff,
    0x30, 0xc8, 0xf0, 0xff, 0xa0, 0x7c, 0x68, 0xff, 0xb0, 0x68, 0x38, 0xff,
    0xb0, 0x68, 0x38, 0xff, 0xb8, 0x68, 0x30, 0xff, 0xb0, 0x68, 0x38, 0xff,
    0xd8, 0xbc, 0xb0, 0xff, 0xf8, 0xf0, 0xe8, 0xff, 0xf8, 0xfc, 0xf8, 0xff,
    0xf8, 0xf0, 0xe8, 0xff, 0xf0, 0xe8, 0xe0, 0xff, 0xf0, 0xe8, 0xe0, 0xff,
    0xf8, 0xe8, 0xe0, 0xff, 0xf0, 0xe8, 0xe0, 0xff, 0xb8, 0x7c, 0x50, 0xff,
    0xb8, 0x74, 0x38, 0xff, 0xb8, 0x70, 0x40, 0xff, 0xb8, 0x78, 0x40, 0xff,
    0xc0, 0x7c, 0x38, 0xff, 0xc0, 0x7c, 0x38, 0xff, 0xc0, 0x7c, 0x40, 0xff,
    0xc0, 0x7c, 0x38, 0xff, 0xc0, 0x7c, 0x38, 0xff, 0x88, 0x34, 0x28, 0xff,
    0x88, 0x34, 0x28, 0xff, 0x88, 0x34, 0x28, 0xff, 0x88, 0x34, 0x28, 0xff,
    0x88, 0x34, 0x28, 0xff, 0x90, 0x34, 0x28, 0xff, 0x90, 0x34, 0x28, 0xff,
    0x88, 0x34, 0x28, 0xff, 0x88, 0x34, 0x20, 0xff, 0x90, 0x34, 0x28, 0xff,
    0x88, 0x34, 0x28, 0xff, 0x88, 0x34, 0x28, 0xff, 0x90, 0x34, 0x28, 0xff,
    0x88, 0x34, 0x20, 0xff, 0x90, 0x34, 0x28, 0xff, 0x90, 0x34, 0x28, 0xff,
    0x90, 0x34, 0x28, 0xff, 0x88, 0x34, 0x28, 0xff, 0x90, 0x34, 0x28, 0xff,
    0x90, 0x34, 0x28, 0xff, 0x90, 0x34, 0x28, 0xff, 0x88, 0x34, 0x28, 0xff,
    0x80, 0x50, 0x58, 0xff, 0x28, 0xc8, 0xf8, 0xff, 0x18, 0xcc, 0xf8, 0xff,
    0x20, 0xd0, 0xf8, 0xff, 0x18, 0xcc, 0xf8, 0xff, 0x20, 0xcc, 0xf8, 0xff,
    0x20, 0xcc, 0xf8, 0xff, 0x20, 0xcc, 0xf8, 0xff, 0x18, 0xcc, 0xf8, 0xff,
    0x20, 0xd0, 0xf8, 0xff, 0x18, 0xcc, 0xf8, 0xff, 0x18, 0xcc, 0xf8, 0xff,
    0x20, 0xcc, 0xf8, 0xff, 0x18, 0xcc, 0xf8, 0xff, 0x18, 0xcc, 0xf8, 0xff,
    0x18, 0xd0, 0xf8, 0xff, 0x20, 0xcc, 0xf8, 0xff, 0x20, 0xcc, 0xf8, 0xff,
    0x20, 0xcc, 0xf8, 0xff, 0x18, 0xd0, 0xf8, 0xff, 0x18, 0xcc, 0xf8, 0xff,
    0x18, 0xcc, 0xf8, 0xff, 0x70, 0x98, 0xb0, 0xff, 0xa0, 0x4c, 0x28, 0xff,
    0xa0, 0x50, 0x30, 0xff, 0xa0, 0x54, 0x30, 0xff, 0xa0, 0x54, 0x30, 0xff,
    0xa8, 0x54, 0x30, 0xff, 0xa8, 0x58, 0x30, 0xff, 0xa8, 0x60, 0x38, 0xff,
    0x90, 0x84, 0x88, 0xff, 0x78, 0x9c, 0xb0, 0xff, 0x90, 0x84, 0x88, 0xff,
    0xb0, 0x60, 0x30, 0xff, 0x78, 0xac, 0xc8, 0xff, 0x98, 0x8c, 0x88, 0xff,
    0xb0, 0x68, 0x30, 0xff, 0xb0, 0x68, 0x38, 0xff, 0xb0, 0x68, 0x30, 0xff,
    0xb0, 0x6c, 0x30, 0xff, 0xb8, 0x6c, 0x38, 0xff, 0xe8, 0xd4, 0xd0, 0xff,
    0xf8, 0xfc, 0xf8, 0xff, 0xf8, 0xfc, 0xf8, 0xff, 0xf8, 0xfc, 0xf8, 0xff,
    0xf8, 0xfc, 0xf8, 0xff, 0xf8, 0xfc, 0xf8, 0xff, 0xf8, 0xfc, 0xf8, 0xff,
    0xf8, 0xfc, 0xf8, 0xff, 0xc0, 0x80, 0x58, 0xff, 0xb8, 0x74, 0x38, 0xff,
    0xb8, 0x78, 0x38, 0xff, 0xc0, 0x7c, 0x38, 0xff, 0xc0, 0x7c, 0x38, 0xff,
    0xc0, 0x7c, 0x40, 0xff, 0xc0, 0x7c, 0x38, 0xff, 0xc0, 0x7c, 0x38, 0xff,
    0xc0, 0x7c, 0x38, 0xff, 0x88, 0x34, 0x28, 0xff, 0x90, 0x34, 0x28, 0xff,
    0x90, 0x34, 0x28, 0xff, 0x90, 0x34, 0x28, 0xff, 0x88, 0x34, 0x28, 0xff,
    0x88, 0x34, 0x28, 0xff, 0x90, 0x34, 0x28, 0xff, 0x88, 0x34, 0x28, 0xff,
    0x90, 0x34, 0x28, 0xff, 0x88, 0x34, 0x28, 0xff, 0x88, 0x34, 0x28, 0xff,
    0x90, 0x34, 0x28, 0xff, 0x88, 0x34, 0x28, 0xff, 0x90, 0x34, 0x28, 0xff,
    0x88, 0x34, 0x28, 0xff, 0x88, 0x34, 0x28, 0xff, 0x88, 0x34, 0x20, 0xff,
    0x88, 0x34, 0x28, 0xff, 0x88, 0x34, 0x28, 0xff, 0x88, 0x34, 0x28, 0xff,
    0x88, 0x34, 0x20, 0xff, 0x90, 0x34, 0x28, 0xff, 0x90, 0x34, 0x28, 0xff,
    0x60, 0x98, 0xb8, 0xff, 0x18, 0xcc, 0xf8, 0xff, 0x18, 0xcc, 0xf8, 0xff,
    0x20, 0xd0, 0xf8, 0xff, 0x18, 0xcc, 0xf8, 0xff, 0x18, 0xcc, 0xf8, 0xff,
    0x18, 0xcc, 0xf8, 0xff, 0x20, 0xd0, 0xf8, 0xff, 0x20, 0xcc, 0xf8, 0xff,
    0x18, 0xcc, 0xf8, 0xff, 0x20, 0xcc, 0xf8, 0xff, 0x20, 0xcc, 0xf8, 0xff,
    0x18, 0xcc, 0xf8, 0xff, 0x18, 0xd0, 0xf8, 0xff, 0x20, 0xcc, 0xf8, 0xff,
    0x20, 0xcc, 0xf8, 0xff, 0x20, 0xcc, 0xf8, 0xff, 0x18, 0xd0, 0xf8, 0xff,
    0x20, 0xcc, 0xf8, 0xff, 0x20, 0xcc, 0xf8, 0xff, 0x38, 0xc0, 0xf0, 0xff,
    0x98, 0x5c, 0x50, 0xff, 0x98, 0x4c, 0x30, 0xff, 0xa0, 0x50, 0x30, 0xff,
    0xa0, 0x54, 0x30, 0xff, 0xa8, 0x54, 0x30, 0xff, 0xa8, 0x54, 0x30, 0xff,
    0xa8, 0x58, 0x30, 0xff, 0xa8, 0x60, 0x30, 0xff, 0xa8, 0x60, 0x30, 0xff,
    0xb0, 0x60, 0x30, 0xff, 0xa8, 0x60, 0x30, 0xff, 0xb0, 0x64, 0x30, 0xff,
    0xb0, 0x6c, 0x38, 0xff, 0xb0, 0x68, 0x38, 0xff, 0xb0, 0x68, 0x38, 0xff,
    0xb0, 0x68, 0x38, 0xff, 0xb0, 0x6c, 0x38, 0xff, 0xb0, 0x68, 0x38, 0xff,
    0xb8, 0x70, 0x38, 0xff, 0xe0, 0xd0, 0xc8, 0xff, 0xf8, 0xf8, 0xf8, 0xff,
    0xf8, 0xf8, 0xf8, 0xff, 0xf8, 0xf8, 0xf8, 0xff, 0xf8, 0xf8, 0xf8, 0xff,
    0xf8, 0xf8, 0xf8, 0xff, 0xf8, 0xf8, 0xf8, 0xff, 0xf8, 0xf8, 0xf8, 0xff,
    0xc0, 0x80, 0x58, 0xff, 0xb8, 0x78, 0x38, 0xff, 0xc0, 0x7c, 0x38, 0xff,
    0xc0, 0x7c, 0x38, 0xff, 0xc0, 0x7c, 0x38, 0xff, 0xc0, 0x7c, 0x38, 0xff,
    0xb8, 0x7c, 0x38, 0xff, 0xc0, 0x7c, 0x38, 0xff, 0xc0, 0x7c, 0x40, 0xff,
    0x88, 0x34, 0x28, 0xff, 0x90, 0x34, 0x28, 0xff, 0x88, 0x34, 0x28, 0xff,
    0x88, 0x34, 0x20, 0xff, 0x90, 0x34, 0x28, 0xff, 0x88, 0x34, 0x28, 0xff,
    0x88, 0x34, 0x20, 0xff, 0x90, 0x34, 0x28, 0xff, 0x88, 0x34, 0x28, 0xff,
    0x88, 0x34, 0x28, 0xff, 0x90, 0x34, 0x20, 0xff, 0x88, 0x34, 0x28, 0xff,
    0x90, 0x34, 0x28, 0xff, 0x88, 0x34, 0x28, 0xff, 0x88, 0x34, 0x28, 0xff,
    0x88, 0x34, 0x28, 0xff, 0x90, 0x34, 0x28, 0xff, 0x90, 0x34, 0x28, 0xff,
    0x88, 0x34, 0x28, 0xff, 0x88, 0x34, 0x28, 0xff, 0x88, 0x34, 0x28, 0xff,
    0x88, 0x34, 0x28, 0xff, 0x88, 0x34, 0x28, 0xff, 0x88, 0x4c, 0x50, 0xff,
    0x40, 0xb8, 0xe8, 0xff, 0x18, 0xcc, 0xf8, 0xff, 0x20, 0xcc, 0xf8, 0xff,
    0x20, 0xcc, 0xf8, 0xff, 0x18, 0xd0, 0xf8, 0xff, 0x20, 0xd0, 0xf8, 0xff,
    0x18, 0xcc, 0xf8, 0xff, 0x18, 0xcc, 0xf8, 0xff, 0x20, 0xcc, 0xf8, 0xff,
    0x18, 0xd0, 0xf8, 0xff, 0x20, 0xd0, 0xf8, 0xff, 0x20, 0xcc, 0xf8, 0xff,
    0x20, 0xcc, 0xf8, 0xff, 0x20, 0xcc, 0xf8, 0xff, 0x18, 0xcc, 0xf8, 0xff,
    0x18, 0xd0, 0xf8, 0xff, 0x18, 0xcc, 0xf8, 0xff, 0x18, 0xcc, 0xf8, 0xff,
    0x20, 0xcc, 0xf8, 0xff, 0x78, 0x80, 0x90, 0xff, 0xa0, 0x4c, 0x30, 0xff,
    0xa0, 0x4c, 0x30, 0xff, 0x98, 0x4c, 0x28, 0xff, 0xa0, 0x54, 0x30, 0xff,
    0xa0, 0x54, 0x30, 0xff, 0xa0, 0x58, 0x30, 0xff, 0xa8, 0x58, 0x30, 0xff,
    0xa8, 0x60, 0x30, 0xff, 0xa8, 0x60, 0x30, 0xff, 0xa8, 0x60, 0x30, 0xff,
    0xb0, 0x5c, 0x38, 0xff, 0xb0, 0x64, 0x38, 0xff, 0xb0, 0x68, 0x38, 0xff,
    0xb0, 0x68, 0x30, 0xff, 0xb0, 0x68, 0x30, 0xff, 0xb0, 0x68, 0x30, 0xff,
    0xb0, 0x68, 0x38, 0xff, 0xb8, 0x6c, 0x38, 0xff, 0xb8, 0x74, 0x38, 0xff,
    0xb8, 0x70, 0x38, 0xff, 0xb8, 0x70, 0x38, 0xff, 0xb8, 0x78, 0x48, 0xff,
    0xc8, 0x98, 0x78, 0xff, 0xc8, 0xa0, 0x88, 0xff, 0xc0, 0x88, 0x60, 0xff,
    0xb8, 0x70, 0x30, 0xff, 0xb8, 0x70, 0x38, 0xff, 0xc0, 0x7c, 0x38, 0xff,
    0xc0, 0x7c, 0x38, 0xff, 0xc0, 0x7c, 0x40, 0xff, 0xc0, 0x7c, 0x40, 0xff,
    0xc0, 0x7c, 0x38, 0xff, 0xc0, 0x7c, 0x40, 0xff, 0xc0, 0x7c, 0x38, 0xff,
    0xc0, 0x7c, 0x38, 0xff, 0xc0, 0x7c, 0x38, 0xff, 0x88, 0x34, 0x28, 0xff,
    0x88, 0x34, 0x28, 0xff, 0x88, 0x34, 0x28, 0xff, 0x88, 0x34, 0x28, 0xff,
    0x88, 0x34, 0x28, 0xff, 0x90, 0x34, 0x28, 0xff, 0x90, 0x34, 0x28, 0xff,
    0x88, 0x34, 0x28, 0xff, 0x88, 0x34, 0x28, 0xff, 0x90, 0x34, 0x28, 0xff,
    0x88, 0x34, 0x28, 0xff, 0x88, 0x34, 0x28, 0xff, 0x88, 0x34, 0x20, 0xff,
    0x88, 0x34, 0x28, 0xff, 0x90, 0x34, 0x28, 0xff, 0x90, 0x34, 0x28, 0xff,
    0x88, 0x34, 0x28, 0xff, 0x88, 0x34, 0x28, 0xff, 0x90, 0x34, 0x20, 0xff,
    0x90, 0x34, 0x28, 0xff, 0x90, 0x34, 0x28, 0xff, 0x90, 0x34, 0x28, 0xff,
    0x88, 0x34, 0x28, 0xff, 0x88, 0x34, 0x20, 0xff, 0x80, 0x60, 0x70, 0xff,
    0x38, 0xc0, 0xe8, 0xff, 0x18, 0xcc, 0xf8, 0xff, 0x18, 0xcc, 0xf8, 0xff,
    0x20, 0xcc, 0xf8, 0xff, 0x20, 0xcc, 0xf8, 0xff, 0x18, 0xcc, 0xf8, 0xff,
    0x20, 0xcc, 0xf8, 0xff, 0x18, 0xd0, 0xf8, 0xff, 0x20, 0xcc, 0xf8, 0xff,
    0x18, 0xcc, 0xf8, 0xff, 0x18, 0xcc, 0xf8, 0xff, 0x18, 0xd0, 0xf8, 0xff,
    0x18, 0xcc, 0xf8, 0xff, 0x20, 0xd0, 0xf8, 0xff, 0x18, 0xcc, 0xf8, 0xff,
    0x20, 0xcc, 0xf8, 0xff, 0x20, 0xcc, 0xf8, 0xff, 0x70, 0x94, 0xb0, 0xff,
    0x90, 0x44, 0x30, 0xff, 0x98, 0x4c, 0x28, 0xff, 0xa0, 0x4c, 0x30, 0xff,
    0xa0, 0x4c, 0x30, 0xff, 0xa0, 0x54, 0x30, 0xff, 0xa0, 0x54, 0x30, 0xff,
    0xa0, 0x54, 0x30, 0xff, 0xa8, 0x58, 0x30, 0xff, 0xa8, 0x60, 0x30, 0xff,
    0xa8, 0x60, 0x30, 0xff, 0xa8, 0x60, 0x38, 0xff, 0xa8, 0x60, 0x30, 0xff,
    0xb0, 0x68, 0x38, 0xff, 0xb0, 0x68, 0x30, 0xff, 0xb0, 0x68, 0x38, 0xff,
    0xb0, 0x68, 0x38, 0xff, 0xb0, 0x6c, 0x38, 0xff, 0xb0, 0x68, 0x30, 0xff,
    0xb8, 0x70, 0x38, 0xff, 0xb8, 0x74, 0x38, 0xff, 0xb8, 0x70, 0x38, 0xff,
    0xc8, 0x94, 0x78, 0xff, 0xf0, 0xe8, 0xe0, 0xff, 0xf8, 0xfc, 0xf8, 0xff,
    0xf8, 0xfc, 0xf8, 0xff, 0xf8, 0xf4, 0xf8, 0xff, 0xe0, 0xc8, 0xb8, 0xff,
    0xc0, 0x7c, 0x40, 0xff, 0xc0, 0x7c, 0x38, 0xff, 0xc0, 0x7c, 0x38, 0xff,
    0xc0, 0x7c, 0x38, 0xff, 0xc0, 0x7c, 0x38, 0xff, 0xc0, 0x7c, 0x38, 0xff,
    0xc0, 0x7c, 0x38, 0xff, 0xc0, 0x7c, 0x40, 0xff, 0xc0, 0x7c, 0x38, 0xff,
    0xc0, 0x7c, 0x40, 0xff, 0x88, 0x34, 0x28, 0xff, 0x90, 0x34, 0x28, 0xff,
    0x90, 0x34, 0x28, 0xff, 0x90, 0x34, 0x28, 0xff, 0x88, 0x34, 0x28, 0xff,
    0x88, 0x34, 0x28, 0xff, 0x88, 0x34, 0x28, 0xff, 0x88, 0x34, 0x28, 0xff,
    0x90, 0x34, 0x20, 0xff, 0x88, 0x34, 0x28, 0xff, 0x90, 0x34, 0x28, 0xff,
    0x90, 0x34, 0x28, 0xff, 0x88, 0x34, 0x28, 0xff, 0x90, 0x34, 0x28, 0xff,
    0x88, 0x34, 0x28, 0xff, 0x88, 0x34, 0x20, 0xff, 0x90, 0x34, 0x28, 0xff,
    0x88, 0x34, 0x28, 0xff, 0x88, 0x34, 0x28, 0xff, 0x88, 0x34, 0x28, 0xff,
    0x88, 0x34, 0x20, 0xff, 0x88, 0x34, 0x28, 0xff, 0x90, 0x34, 0x28, 0xff,
    0x88, 0x34, 0x28, 0xff, 0x88, 0x34, 0x28, 0xff, 0x80, 0x5c, 0x68, 0xff,
    0x48, 0xb8, 0xe0, 0xff, 0x20, 0xcc, 0xf8, 0xff, 0x18, 0xcc, 0xf8, 0xff,
    0x18, 0xcc, 0xf8, 0xff, 0x20, 0xcc, 0xf8, 0xff, 0x18, 0xd0, 0xf8, 0xff,
    0x20, 0xcc, 0xf8, 0xff, 0x20, 0xcc, 0xf8, 0xff, 0x18, 0xcc, 0xf8, 0xff,
    0x18, 0xcc, 0xf8, 0xff, 0x20, 0xcc, 0xf8, 0xff, 0x20, 0xcc, 0xf8, 0xff,
    0x18, 0xcc, 0xf8, 0xff, 0x20, 0xcc, 0xf8, 0xff, 0x30, 0xc8, 0xf8, 0xff,
    0x78, 0x88, 0xa0, 0xff, 0x90, 0x48, 0x30, 0xff, 0x98, 0x44, 0x30, 0xff,
    0x98, 0x4c, 0x30, 0xff, 0xa0, 0x4c, 0x28, 0xff, 0x98, 0x4c, 0x30, 0xff,
    0xa0, 0x54, 0x30, 0xff, 0xa8, 0x54, 0x30, 0xff, 0xa8, 0x54, 0x30, 0xff,
    0xa8, 0x5c, 0x30, 0xff, 0xa8, 0x60, 0x30, 0xff, 0xa8, 0x60, 0x30, 0xff,
    0xb0, 0x5c, 0x30, 0xff, 0xa8, 0x60, 0x30, 0xff, 0xb0, 0x68, 0x38, 0xff,
    0xb0, 0x68, 0x38, 0xff, 0xb0, 0x68, 0x30, 0xff, 0xb0, 0x6c, 0x38, 0xff,
    0xb8, 0x68, 0x38, 0xff, 0xb0, 0x6c, 0x38, 0xff, 0xb8, 0x70, 0x38, 0xff,
    0xb8, 0x70, 0x38, 0xff, 0xc0, 0x7c, 0x50, 0xff, 0xf0, 0xe8, 0xe0, 0xff,
    0xf8, 0xfc, 0xf8, 0xff, 0xf8, 0xfc, 0xf8, 0xff, 0xf8, 0xfc, 0xf8, 0xff,
    0xf8, 0xfc, 0xf8, 0xff, 0xf8, 0xfc, 0xf8, 0xff, 0xd8, 0xb0, 0x98, 0xff,
    0xc0, 0x7c, 0x38, 0xff, 0xc0, 0x7c, 0x38, 0xff, 0xc0, 0x7c, 0x38, 0xff,
    0xb8, 0x7c, 0x38, 0xff, 0xc0, 0x7c, 0x38, 0xff, 0xc0, 0x7c, 0x40, 0xff,
    0xb8, 0x7c, 0x38, 0xff, 0xc0, 0x7c, 0x38, 0xff, 0xc0, 0x7c, 0x38, 0xff,
    0x88, 0x34, 0x28, 0xff, 0x90, 0x34, 0x28, 0xff, 0x88, 0x34, 0x28, 0xff,
    0x88, 0x34, 0x20, 0xff, 0x90, 0x34, 0x28, 0xff, 0x88, 0x34, 0x28, 0xff,
    0x90, 0x34, 0x20, 0xff, 0x88, 0x34, 0x28, 0xff, 0x88, 0x34, 0x28, 0xff,
    0x90, 0x34, 0x28, 0xff, 0x88, 0x34, 0x28, 0xff, 0x88, 0x34, 0x28, 0xff,
    0x90, 0x34, 0x28, 0xff, 0x88, 0x34, 0x28, 0xff, 0x90, 0x34, 0x28, 0xff,
    0x88, 0x34, 0x28, 0xff, 0x88, 0x34, 0x28, 0xff, 0x90, 0x34, 0x28, 0xff,
    0x88, 0x34, 0x28, 0xff, 0x90, 0x34, 0x28, 0xff, 0x88, 0x34, 0x28, 0xff,
    0x88, 0x34, 0x28, 0xff, 0x88, 0x34, 0x28, 0xff, 0x90, 0x34, 0x20, 0xff,
    0x88, 0x34, 0x28, 0xff, 0x90, 0x34, 0x28, 0xff, 0x88, 0x3c, 0x38, 0xff,
    0x68, 0x8c, 0xa8, 0xff, 0x40, 0xbc, 0xe8, 0xff, 0x20, 0xcc, 0xf8, 0xff,
    0x18, 0xcc, 0xf8, 0xff, 0x20, 0xcc, 0xf8, 0xff, 0x18, 0xcc, 0xf8, 0xff,
    0x18, 0xcc, 0xf8, 0xff, 0x20, 0xcc, 0xf8, 0xff, 0x20, 0xd0, 0xf8, 0xff,
    0x20, 0xcc, 0xf8, 0xff, 0x18, 0xd0, 0xf8, 0xff, 0x28, 0xc4, 0xf0, 0xff,
    0x60, 0xa4, 0xc8, 0xff, 0x88, 0x64, 0x68, 0xff, 0x90, 0x44, 0x28, 0xff,
    0x98, 0x44, 0x30, 0xff, 0x98, 0x44, 0x30, 0xff, 0x98, 0x4c, 0x30, 0xff,
    0xa0, 0x4c, 0x28, 0xff, 0x98, 0x4c, 0x28, 0xff, 0xa0, 0x50, 0x30, 0xff,
    0xa0, 0x54, 0x30, 0xff, 0xa0, 0x58, 0x30, 0xff, 0xa8, 0x58, 0x30, 0xff,
    0xa8, 0x60, 0x30, 0xff, 0xa8, 0x60, 0x30, 0xff, 0xa8, 0x60, 0x38, 0xff,
    0xb0, 0x60, 0x30, 0xff, 0xb0, 0x68, 0x38, 0xff, 0xb0, 0x68, 0x38, 0xff,
    0xb0, 0x68, 0x30, 0xff, 0xb0, 0x68, 0x38, 0xff, 0xb0, 0x68, 0x30, 0xff,
    0xb8, 0x70, 0x38, 0xff, 0xb8, 0x74, 0x38, 0xff, 0xb8, 0x74, 0x38, 0xff,
    0xd0, 0xa0, 0x88, 0xff, 0xf8, 0xfc, 0xf8, 0xff, 0xf8, 0xfc, 0xf8, 0xff,
    0xf8, 0xec, 0xe8, 0xff, 0xf0, 0xe8, 0xe0, 0xff, 0xf8, 0xf8, 0xf8, 0xff,
    0xf8, 0xfc, 0xf8, 0xff, 0xf0, 0xe0, 0xd8, 0xff, 0xc0, 0x80, 0x40, 0xff,
    0xc0, 0x7c, 0x38, 0xff, 0xc0, 0x7c, 0x40, 0xff, 0xc0, 0x7c, 0x40, 0xff,
    0xc0, 0x7c, 0x38, 0xff, 0xc0, 0x7c, 0x38, 0xff, 0xc0, 0x7c, 0x38, 0xff,
    0xc0, 0x7c, 0x40, 0xff, 0xc0, 0x7c, 0x38, 0xff, 0x88, 0x34, 0x28, 0xff,
    0x88, 0x34, 0x28, 0xff, 0x88, 0x34, 0x28, 0xff, 0x88, 0x34, 0x28, 0xff,
    0x88, 0x34, 0x28, 0xff, 0x90, 0x34, 0x28, 0xff, 0x88, 0x34, 0x28, 0xff,
    0x90, 0x34, 0x28, 0xff, 0x90, 0x34, 0x28, 0xff, 0x88, 0x34, 0x28, 0xff,
    0x88, 0x34, 0x20, 0xff, 0x88, 0x34, 0x28, 0xff, 0x88, 0x34, 0x28, 0xff,
    0x88, 0x34, 0x28, 0xff, 0x88, 0x34, 0x28, 0xff, 0x90, 0x34, 0x28, 0xff,
    0x88, 0x34, 0x28, 0xff, 0x88, 0x34, 0x28, 0xff, 0x90, 0x34, 0x28, 0xff,
    0x88, 0x34, 0x28, 0xff, 0x90, 0x34, 0x28, 0xff, 0x90, 0x34, 0x28, 0xff,
    0x90, 0x34, 0x28, 0xff, 0x88, 0x34, 0x28, 0xff, 0x90, 0x34, 0x28, 0xff,
    0x88, 0x34, 0x28, 0xff, 0x88, 0x34, 0x28, 0xff, 0x88, 0x34, 0x20, 0xff,
    0x88, 0x40, 0x40, 0xff, 0x78, 0x68, 0x78, 0xff, 0x68, 0x90, 0xb0, 0xff,
    0x58, 0xa8, 0xd0, 0xff, 0x48, 0xb0, 0xd8, 0xff, 0x40, 0xb4, 0xe0, 0xff,
    0x40, 0xb4, 0xe0, 0xff, 0x50, 0xac, 0xd0, 0xff, 0x60, 0xa0, 0xc0, 0xff,
    0x70, 0x80, 0x98, 0xff, 0x88, 0x58, 0x60, 0xff, 0x98, 0x44, 0x30, 0xff,
    0x98, 0x44, 0x30, 0xff, 0x98, 0x44, 0x30, 0xff, 0x98, 0x44, 0x30, 0xff,
    0x98, 0x44, 0x30, 0xff, 0x98, 0x4c, 0x28, 0xff, 0xa0, 0x4c, 0x30, 0xff,
    0xa0, 0x4c, 0x30, 0xff, 0xa0, 0x50, 0x30, 0xff, 0xa0, 0x54, 0x30, 0xff,
    0xa0, 0x54, 0x30, 0xff, 0xa8, 0x58, 0x30, 0xff, 0xa8, 0x60, 0x30, 0xff,
    0xa8, 0x60, 0x30, 0xff, 0xb0, 0x64, 0x40, 0xff, 0xb8, 0x84, 0x68, 0xff,
    0xc0, 0x88, 0x68, 0xff, 0xb0, 0x70, 0x40, 0xff, 0xb0, 0x68, 0x38, 0xff,
    0xb0, 0x68, 0x38, 0xff, 0xb0, 0x68, 0x30, 0xff, 0xb8, 0x70, 0x38, 0xff,
    0xb8, 0x74, 0x38, 0xff, 0xb8, 0x70, 0x40, 0xff, 0xd8, 0xbc, 0xb0, 0xff,
    0xf8, 0xfc, 0xf8, 0xff, 0xe8, 0xd4, 0xc8, 0xff, 0xb8, 0x78, 0x48, 0xff,
    0xb8, 0x74, 0x38, 0xff, 0xd0, 0xa4, 0x80, 0xff, 0xf8, 0xf8, 0xf8, 0xff,
    0xf8, 0xf0, 0xf0, 0xff, 0xc0, 0x84, 0x48, 0xff, 0xc0, 0x7c, 0x38, 0xff,
    0xc0, 0x7c, 0x38, 0xff, 0xc0, 0x7c, 0x38, 0xff, 0xc0, 0x7c, 0x38, 0xff,
    0xc0, 0x7c, 0x40, 0xff, 0xc0, 0x7c, 0x38, 0xff, 0xc0, 0x7c, 0x38, 0xff,
    0xc0, 0x7c, 0x38, 0xff, 0x88, 0x34, 0x28, 0xff, 0x90, 0x34, 0x28, 0xff,
    0x90, 0x34, 0x28, 0xff, 0x90, 0x34, 0x28, 0xff, 0x88, 0x34, 0x28, 0xff,
    0x88, 0x34, 0x28, 0xff, 0x90, 0x34, 0x28, 0xff, 0x88, 0x34, 0x28, 0xff,
    0x88, 0x34, 0x28, 0xff, 0x88, 0x34, 0x28, 0xff, 0x90, 0x34, 0x28, 0xff,
    0x90, 0x34, 0x28, 0xff, 0x88, 0x48, 0x48, 0xff, 0x80, 0x60, 0x70, 0xff,
    0x78, 0x68, 0x78, 0xff, 0x78, 0x6c, 0x78, 0xff, 0x80, 0x60, 0x70, 0xff,
    0x88, 0x4c, 0x50, 0xff, 0x88, 0x34, 0x28, 0xff, 0x88, 0x34, 0x28, 0xff,
    0x88, 0x34, 0x28, 0xff, 0x88, 0x34, 0x28, 0xff, 0x88, 0x34, 0x28, 0xff,
    0x88, 0x34, 0x28, 0xff, 0x88, 0x34, 0x28, 0xff, 0x90, 0x34, 0x28, 0xff,
    0x88, 0x34, 0x28, 0xff, 0x90, 0x34, 0x28, 0xff, 0x88, 0x34, 0x28, 0xff,
    0x88, 0x34, 0x28, 0xff, 0x88, 0x34, 0x28, 0xff, 0x90, 0x3c, 0x28, 0xff,
    0x90, 0x40, 0x30, 0xff, 0x90, 0x40, 0x30, 0xff, 0x90, 0x40, 0x30, 0xff,
    0x90, 0x3c, 0x30, 0xff, 0x90, 0x3c, 0x28, 0xff, 0x90, 0x3c, 0x30, 0xff,
    0x90, 0x40, 0x30, 0xff, 0x98, 0x44, 0x30, 0xff, 0x98, 0x44, 0x30, 0xff,
    0x98, 0x44, 0x30, 0xff, 0x98, 0x44, 0x30, 0xff, 0x98, 0x44, 0x30, 0xff,
    0x98, 0x4c, 0x28, 0xff, 0xa0, 0x4c, 0x30, 0xff, 0x98, 0x4c, 0x30, 0xff,
    0xa0, 0x50, 0x30, 0xff, 0xa0, 0x54, 0x30, 0xff, 0xa0, 0x54, 0x30, 0xff,
    0xa8, 0x58, 0x30, 0xff, 0xa8, 0x60, 0x30, 0xff, 0xc8, 0x9c, 0x88, 0xff,
    0xf0, 0xec, 0xe8, 0xff, 0xf8, 0xfc, 0xf8, 0xff, 0xf0, 0xe4, 0xe0, 0xff,
    0xe0, 0xc8, 0xb8, 0xff, 0xd0, 0xb0, 0xa0, 0xff, 0xb0, 0x68, 0x38, 0xff,
    0xb0, 0x6c, 0x38, 0xff, 0xb8, 0x74, 0x38, 0xff, 0xb8, 0x70, 0x38, 0xff,
    0xb8, 0x70, 0x38, 0xff, 0xe0, 0xd0, 0xc8, 0xff, 0xf8, 0xfc, 0xf8, 0xff,
    0xd0, 0xa0, 0x80, 0xff, 0xb8, 0x70, 0x38, 0xff, 0xc0, 0x7c, 0x38, 0xff,
    0xc0, 0x80, 0x48, 0xff, 0xf0, 0xe4, 0xe0, 0xff, 0xf8, 0xfc, 0xf8, 0xff,
    0xc8, 0x88, 0x58, 0xff, 0xc0, 0x7c, 0x38, 0xff, 0xc0, 0x7c, 0x38, 0xff,
    0xc0, 0x7c, 0x38, 0xff, 0xb8, 0x7c, 0x38, 0xff, 0xc0, 0x7c, 0x38, 0xff,
    0xc0, 0x7c, 0x38, 0xff, 0xc0, 0x7c, 0x38, 0xff, 0xc0, 0x80, 0x40, 0xff,
    0x88, 0x34, 0x28, 0xff, 0x90, 0x34, 0x28, 0xff, 0x88, 0x34, 0x28, 0xff,
    0x88, 0x34, 0x20, 0xff, 0x90, 0x34, 0x28, 0xff, 0x88, 0x34, 0x28, 0xff,
    0x88, 0x34, 0x20, 0xff, 0x88, 0x34, 0x28, 0xff, 0x88, 0x34, 0x28, 0xff,
    0x90, 0x34, 0x20, 0xff, 0x78, 0x68, 0x78, 0xff, 0x58, 0xa4, 0xc8, 0xff,
    0x30, 0xc0, 0xe8, 0xff, 0x18, 0xcc, 0xf8, 0xff, 0x18, 0xd0, 0xf8, 0xff,
    0x18, 0xd0, 0xf8, 0xff, 0x18, 0xcc, 0xf8, 0xff, 0x30, 0xc4, 0xf0, 0xff,
    0x50, 0xa8, 0xd0, 0xff, 0x80, 0x64, 0x78, 0xff, 0x88, 0x34, 0x28, 0xff,
    0x88, 0x34, 0x20, 0xff, 0x80, 0x64, 0x70, 0xff, 0x78, 0x68, 0x78, 0xff,
    0x80, 0x68, 0x78, 0xff, 0x78, 0x68, 0x78, 0xff, 0x78, 0x68, 0x78, 0xff,
    0x78, 0x68, 0x78, 0xff, 0x80, 0x68, 0x78, 0xff, 0x80, 0x68, 0x78, 0xff,
    0x80, 0x68, 0x78, 0xff, 0x80, 0x6c, 0x78, 0xff, 0x80, 0x6c, 0x78, 0xff,
    0x80, 0x6c, 0x78, 0xff, 0x80, 0x6c, 0x78, 0xff, 0x80, 0x6c, 0x78, 0xff,
    0x80, 0x6c, 0x78, 0xff, 0x80, 0x6c, 0x78, 0xff, 0x88, 0x6c, 0x78, 0xff,
    0x88, 0x70, 0x78, 0xff, 0x88, 0x6c, 0x78, 0xff, 0x80, 0x6c, 0x78, 0xff,
    0x80, 0x70, 0x78, 0xff, 0x88, 0x70, 0x78, 0xff, 0x88, 0x74, 0x78, 0xff,
    0x98, 0x58, 0x48, 0xff, 0xa0, 0x4c, 0x30, 0xff, 0xa0, 0x50, 0x28, 0xff,
    0xa0, 0x54, 0x30, 0xff, 0xa8, 0x54, 0x30, 0xff, 0xa8, 0x58, 0x30, 0xff,
    0xb8, 0x88, 0x70, 0xff, 0xf8, 0xf8, 0xf8, 0xff, 0xf8, 0xfc, 0xf8, 0xff,
    0xf8, 0xfc, 0xf8, 0xff, 0xf0, 0xe4, 0xe0, 0xff, 0xe0, 0xd0, 0xc8, 0xff,
    0xf8, 0xf8, 0xf8, 0xff, 0xc0, 0x88, 0x68, 0xff, 0xb0, 0x6c, 0x38, 0xff,
    0xb8, 0x70, 0x38, 0xff, 0xb8, 0x74, 0x38, 0xff, 0xb8, 0x74, 0x40, 0xff,
    0xe0, 0xcc, 0xc0, 0xff, 0xf8, 0xfc, 0xf8, 0xff, 0xd0, 0xa8, 0x90, 0xff,
    0xb8, 0x78, 0x38, 0xff, 0xc0, 0x7c, 0x38, 0xff, 0xc0, 0x80, 0x48, 0xff,
    0xf0, 0xe8, 0xe0, 0xff, 0xf8, 0xf8, 0xf8, 0xff, 0xc0, 0x88, 0x58, 0xff,
    0xc0, 0x7c, 0x38, 0xff, 0xc0, 0x7c, 0x38, 0xff, 0xc0, 0x7c, 0x40, 0xff,
    0xc0, 0x7c, 0x40, 0xff, 0xc0, 0x7c, 0x38, 0xff, 0xc0, 0x7c, 0x38, 0xff,
    0xc0, 0x84, 0x40, 0xff, 0xc8, 0x88, 0x40, 0xff, 0x88, 0x34, 0x28, 0xff,
    0x88, 0x34, 0x28, 0xff, 0x88, 0x34, 0x28, 0xff, 0x88, 0x34, 0x28, 0xff,
    0x88, 0x34, 0x28, 0xff, 0x90, 0x34, 0x28, 0xff, 0x90, 0x34, 0x28, 0xff,
    0x88, 0x34, 0x28, 0xff, 0x88, 0x44, 0x48, 0xff, 0x58, 0xa0, 0xc0, 0xff,
    0x28, 0xc8, 0xf8, 0xff, 0x18, 0xcc, 0xf8, 0xff, 0x18, 0xcc, 0xf8, 0xff,
    0x20, 0xcc, 0xf8, 0xff, 0x18, 0xcc, 0xf8, 0xff, 0x18, 0xcc, 0xf8, 0xff,
    0x20, 0xcc, 0xf8, 0xff, 0x28, 0xc8, 0xf8, 0xff, 0x28, 0xc8, 0xf8, 0xff,
    0x30, 0xc4, 0xf0, 0xff, 0x70, 0x78, 0x90, 0xff, 0x90, 0x30, 0x20, 0xff,
    0x40, 0xb8, 0xe0, 0xff, 0x20, 0xc8, 0xf8, 0xff, 0x20, 0xc8, 0xf8, 0xff,
    0x20, 0xc8, 0xf8, 0xff, 0x20, 0xcc, 0xf8, 0xff, 0x20, 0xc8, 0xf8, 0xff,
    0x20, 0xc8, 0xf8, 0xff, 0x20, 0xc8, 0xf8, 0xff, 0x20, 0xc8, 0xf8, 0xff,
    0x20, 0xc8, 0xf8, 0xff, 0x20, 0xc8, 0xf8, 0xff, 0x20, 0xc8, 0xf8, 0xff,
    0x20, 0xc8, 0xf8, 0xff, 0x20, 0xc8, 0xf8, 0xff, 0x20, 0xcc, 0xf8, 0xff,
    0x20, 0xc8, 0xf8, 0xff, 0x20, 0xcc, 0xf8, 0xff, 0x20, 0xcc, 0xf8, 0xff,
    0x20, 0xcc, 0xf8, 0xff, 0x20, 0xcc, 0xf8, 0xff, 0x20, 0xcc, 0xf8, 0xff,
    0x20, 0xcc, 0xf8, 0xff, 0x20, 0xcc, 0xf8, 0xff, 0x80, 0x7c, 0x88, 0xff,
    0xa0, 0x4c, 0x30, 0xff, 0xa0, 0x4c, 0x28, 0xff, 0xa0, 0x54, 0x30, 0xff,
    0xa0, 0x54, 0x30, 0xff, 0xa8, 0x58, 0x30, 0xff, 0xe0, 0xcc, 0xc8, 0xff,
    0xf8, 0xfc, 0xf8, 0xff, 0xf8, 0xf4, 0xf0, 0xff, 0xf8, 0xf4, 0xf0, 0xff,
    0xf0, 0xe4, 0xe0, 0xff, 0xe0, 0xcc, 0xc0, 0xff, 0xf8, 0xfc, 0xf8, 0xff,
    0xd8, 0xb8, 0xa8, 0xff, 0xb8, 0x70, 0x38, 0xff, 0xb8, 0x74, 0x38, 0xff,
    0xb8, 0x74, 0x38, 0xff, 0xb8, 0x70, 0x40, 0xff, 0xd8, 0xb8, 0xa8, 0xff,
    0xf8, 0xfc, 0xf8, 0xff, 0xf0, 0xe8, 0xe0, 0xff, 0xc8, 0x94, 0x68, 0xff,
    0xc0, 0x84, 0x50, 0xff, 0xe0, 0xc0, 0xa8, 0xff, 0xf8, 0xfc, 0xf8, 0xff,
    0xf8, 0xf0, 0xe8, 0xff, 0xc0, 0x84, 0x48, 0xff, 0xc0, 0x7c, 0x38, 0xff,
    0xc0, 0x7c, 0x38, 0xff, 0xc0, 0x7c, 0x38, 0xff, 0xc0, 0x7c, 0x38, 0xff,
    0xc0, 0x80, 0x40, 0xff, 0xc0, 0x84, 0x40, 0xff, 0xc8, 0x84, 0x40, 0xff,
    0xc8, 0x88, 0x40, 0xff, 0x88, 0x34, 0x28, 0xff, 0x90, 0x34, 0x28, 0xff,
    0x90, 0x34, 0x28, 0xff, 0x90, 0x34, 0x28, 0xff, 0x88, 0x34, 0x28, 0xff,
    0x88, 0x34, 0x28, 0xff, 0x90, 0x34, 0x28, 0xff, 0x88, 0x48, 0x48, 0xff,
    0x48, 0xb4, 0xe0, 0xff, 0x18, 0xcc, 0xf8, 0xff, 0x20, 0xcc, 0xf8, 0xff,
    0x18, 0xcc, 0xf8, 0xff, 0x20, 0xcc, 0xf8, 0xff, 0x20, 0xd0, 0xf8, 0xff,
    0x20, 0xcc, 0xf8, 0xff, 0x58, 0xa4, 0xc8, 0xff, 0x78, 0x64, 0x70, 0xff,
    0x88, 0x3c, 0x38, 0xff, 0x88, 0x40, 0x38, 0xff, 0x78, 0x70, 0x80, 0xff,
    0x50, 0xa8, 0xd0, 0xff, 0x88, 0x44, 0x40, 0xff, 0x68, 0x94, 0xb8, 0xff,
    0x18, 0xcc, 0xf8, 0xff, 0x18, 0xcc, 0xf8, 0xff, 0x20, 0xcc, 0xf8, 0xff,
    0x20, 0xcc, 0xf8, 0xff, 0x20, 0xcc, 0xf8, 0xff, 0x18, 0xcc, 0xf8, 0xff,
    0x18, 0xcc, 0xf8, 0xff, 0x20, 0xd0, 0xf8, 0xff, 0x18, 0xd0, 0xf8, 0xff,
    0x20, 0xcc, 0xf8, 0xff, 0x20, 0xcc, 0xf8, 0xff, 0x20, 0xcc, 0xf8, 0xff,
    0x18, 0xcc, 0xf8, 0xff, 0x20, 0xcc, 0xf8, 0xff, 0x18, 0xcc, 0xf8, 0xff,
    0x20, 0xcc, 0xf8, 0xff, 0x20, 0xcc, 0xf8, 0xff, 0x18, 0xcc, 0xf8, 0xff,
    0x20, 0xcc, 0xf8, 0xff, 0x20, 0xcc, 0xf8, 0xff, 0x20, 0xcc, 0xf8, 0xff,
    0x18, 0xcc, 0xf8, 0xff, 0x80, 0x80, 0x88, 0xff, 0x98, 0x4c, 0x30, 0xff,
    0x98, 0x4c, 0x30, 0xff, 0xa0, 0x54, 0x30, 0xff, 0xa0, 0x54, 0x30, 0xff,
    0xa0, 0x58, 0x30, 0xff, 0xf0, 0xe8, 0xe0, 0xff, 0xf8, 0xf4, 0xf0, 0xff,
    0xb8, 0x84, 0x68, 0xff, 0xe8, 0xdc, 0xd8, 0xff, 0xf0, 0xe4, 0xe0, 0xff,
    0xc0, 0x8c, 0x70, 0xff, 0xf8, 0xfc, 0xf8, 0xff, 0xe8, 0xd4, 0xc8, 0xff,
    0xb8, 0x70, 0x38, 0xff, 0xb8, 0x70, 0x38, 0xff, 0xb8, 0x70, 0x38, 0xff,
    0xb8, 0x70, 0x38, 0xff, 0xc8, 0x98, 0x80, 0xff, 0xf8, 0xfc, 0xf8, 0xff,
    0xf8, 0xfc, 0xf8, 0xff, 0xf8, 0xfc, 0xf8, 0xff, 0xf8, 0xfc, 0xf8, 0xff,
    0xf8, 0xfc, 0xf8, 0xff, 0xf8, 0xfc, 0xf8, 0xff, 0xe8, 0xd8, 0xd0, 0xff,
    0xc0, 0x7c, 0x38, 0xff, 0xc0, 0x7c, 0x38, 0xff, 0xc0, 0x7c, 0x40, 0xff,
    0xc0, 0x7c, 0x38, 0xff, 0xc0, 0x80, 0x38, 0xff, 0xc8, 0x88, 0x40, 0xff,
    0xc8, 0x84, 0x40, 0xff, 0xc8, 0x88, 0x40, 0xff, 0xc8, 0x84, 0x40, 0xff,
    0x88, 0x34, 0x28, 0xff, 0x90, 0x34, 0x28, 0xff, 0x88, 0x34, 0x28, 0xff,
    0x88, 0x34, 0x20, 0xff, 0x90, 0x34, 0x28, 0xff, 0x88, 0x34, 0x28, 0xff,
    0x88, 0x34, 0x20, 0xff, 0x58, 0xa4, 0xc8, 0xff, 0x28, 0xc4, 0xf0, 0xff,
    0x20, 0xc4, 0xf8, 0xff, 0x18, 0xd0, 0xf8, 0xff, 0x20, 0xcc, 0xf8, 0xff,
    0x20, 0xcc, 0xf8, 0xff, 0x18, 0xcc, 0xf8, 0xff, 0x50, 0xb0, 0xd8, 0xff,
    0x78, 0x68, 0x78, 0xff, 0x88, 0x38, 0x30, 0xff, 0x88, 0x34, 0x28, 0xff,
    0x90, 0x34, 0x28, 0xff, 0x90, 0x34, 0x28, 0xff, 0x80, 0x58, 0x60, 0xff,
    0x78, 0x60, 0x70, 0xff, 0x70, 0x70, 0x88, 0xff, 0x20, 0xcc, 0xf8, 0xff,
    0x20, 0xcc, 0xf8, 0xff, 0x18, 0xd0, 0xf8, 0xff, 0x20, 0xcc, 0xf8, 0xff,
    0x18, 0xcc, 0xf8, 0xff, 0x20, 0xd0, 0xf8, 0xff, 0x20, 0xcc, 0xf8, 0xff,
    0x18, 0xcc, 0xf8, 0xff, 0x18, 0xcc, 0xf8, 0xff, 0x20, 0xcc, 0xf8, 0xff,
    0x18, 0xcc, 0xf8, 0xff, 0x18, 0xd0, 0xf8, 0xff, 0x20, 0xcc, 0xf8, 0xff,
    0x20, 0xcc, 0xf8, 0xff, 0x18, 0xcc, 0xf8, 0xff, 0x20, 0xd0, 0xf8, 0xff,
    0x18, 0xcc, 0xf8, 0xff, 0x18, 0xcc, 0xf8, 0xff, 0x20, 0xcc, 0xf8, 0xff,
    0x20, 0xcc, 0xf8, 0xff, 0x18, 0xcc, 0xf8, 0xff, 0x20, 0xcc, 0xf8, 0xff,
    0x80, 0x80, 0x88, 0xff, 0xa0, 0x50, 0x30, 0xff, 0xa0, 0x50, 0x28, 0xff,
    0xa0, 0x54, 0x30, 0xff, 0xa8, 0x54, 0x30, 0xff, 0xa8, 0x58, 0x30, 0xff,
    0xf8, 0xf8, 0xf8, 0xff, 0xe8, 0xd8, 0xd8, 0xff, 0xa8, 0x5c, 0x30, 0xff,
    0xe8, 0xdc, 0xd8, 0xff, 0xf0, 0xe4, 0xe0, 0xff, 0xb0, 0x6c, 0x38, 0xff,
    0xf8, 0xf0, 0xe8, 0xff, 0xf0, 0xe4, 0xe0, 0xff, 0xb8, 0x70, 0x38, 0xff,
    0xb8, 0x70, 0x38, 0xff, 0xb8, 0x74, 0x38, 0xff, 0xb8, 0x74, 0x40, 0xff,
    0xb8, 0x74, 0x40, 0xff, 0xe8, 0xd8, 0xd0, 0xff, 0xf8, 0xfc, 0xf8, 0xff,
    0xf8, 0xfc, 0xf8, 0xff, 0xf8, 0xfc, 0xf8, 0xff, 0xf8, 0xfc, 0xf8, 0xff,
    0xf8, 0xf8, 0xf8, 0xff, 0xd0, 0xa0, 0x80, 0xff, 0xc0, 0x7c, 0x38, 0xff,
    0xc0, 0x7c, 0x38, 0xff, 0xc0, 0x7c, 0x38, 0xff, 0xc0, 0x80, 0x40, 0xff,
    0xc8, 0x84, 0x40, 0xff, 0xc8, 0x88, 0x40, 0xff, 0xc8, 0x88, 0x40, 0xff,
    0xc8, 0x84, 0x40, 0xff, 0xc0, 0x88, 0x40, 0xff, 0x88, 0x34, 0x28, 0xff,
    0x88, 0x34, 0x28, 0xff, 0x88, 0x34, 0x28, 0xff, 0x88, 0x34, 0x28, 0xff,
    0x88, 0x34, 0x28, 0xff, 0x90, 0x34, 0x28, 0xff, 0x90, 0x34, 0x20, 0xff,
    0x88, 0x50, 0x58, 0xff, 0x88, 0x4c, 0x50, 0xff, 0x88, 0x50, 0x58, 0xff,
    0x78, 0x70, 0x80, 0xff, 0x50, 0xa8, 0xd0, 0xff, 0x20, 0xcc, 0xf8, 0xff,
    0x20, 0xcc, 0xf8, 0xff, 0x18, 0xcc, 0xf8, 0xff, 0x20, 0xcc, 0xf8, 0xff,
    0x48, 0xb4, 0xe0, 0xff, 0x80, 0x5c, 0x68, 0xff, 0x88, 0x34, 0x28, 0xff,
    0x88, 0x34, 0x28, 0xff, 0x88, 0x44, 0x40, 0xff, 0x80, 0x4c, 0x50, 0xff,
    0x70, 0x78, 0x88, 0xff, 0x20, 0xcc, 0xf8, 0xff, 0x18, 0xcc, 0xf8, 0xff,
    0x20, 0xcc, 0xf8, 0xff, 0x18, 0xd0, 0xf8, 0xff, 0x18, 0xcc, 0xf8, 0xff,
    0x18, 0xcc, 0xf8, 0xff, 0x20, 0xd0, 0xf8, 0xff, 0x20, 0xcc, 0xf8, 0xff,
    0x20, 0xcc, 0xf8, 0xff, 0x18, 0xcc, 0xf8, 0xff, 0x20, 0xd0, 0xf8, 0xff,
    0x18, 0xcc, 0xf8, 0xff, 0x18, 0xcc, 0xf8, 0xff, 0x18, 0xd0, 0xf8, 0xff,
    0x20, 0xcc, 0xf8, 0xff, 0x18, 0xcc, 0xf8, 0xff, 0x18, 0xd0, 0xf8, 0xff,
    0x20, 0xcc, 0xf8, 0xff, 0x18, 0xd0, 0xf8, 0xff, 0x18, 0xd0, 0xf8, 0xff,
    0x18, 0xcc, 0xf8, 0xff, 0x18, 0xd0, 0xf8, 0xff, 0x80, 0x80, 0x88, 0xff,
    0xa0, 0x4c, 0x30, 0xff, 0xa0, 0x50, 0x30, 0xff, 0xa0, 0x54, 0x30, 0xff,
    0xa0, 0x54, 0x30, 0xff, 0xa8, 0x54, 0x30, 0xff, 0xf8, 0xec, 0xe8, 0xff,
    0xf0, 0xe8, 0xe0, 0xff, 0xa8, 0x64, 0x38, 0xff, 0xe8, 0xdc, 0xd8, 0xff,
    0xf0, 0xe4, 0xe0, 0xff, 0xb8, 0x74, 0x48, 0xff, 0xf8, 0xf8, 0xf8, 0xff,
    0xe8, 0xdc, 0xd8, 0xff, 0xb8, 0x70, 0x38, 0xff, 0xb8, 0x74, 0x38, 0xff,
    0xb8, 0x74, 0x40, 0xff, 0xb8, 0x70, 0x38, 0xff, 0xb8, 0x74, 0x38, 0xff,
    0xc0, 0x84, 0x58, 0xff, 0xe8, 0xd0, 0xc0, 0xff, 0xf8, 0xf4, 0xf0, 0xff,
    0xf8, 0xfc, 0xf8, 0xff, 0xf0, 0xe8, 0xe0, 0xff, 0xd0, 0xa8, 0x90, 0xff,
    0xc0, 0x7c, 0x38, 0xff, 0xc0, 0x7c, 0x38, 0xff, 0xc0, 0x7c, 0x38, 0xff,
    0xc0, 0x80, 0x40, 0xff, 0xc8, 0x84, 0x40, 0xff, 0xc8, 0x88, 0x40, 0xff,
    0xc8, 0x88, 0x40, 0xff, 0xc8, 0x84, 0x40, 0xff, 0xc8, 0x84, 0x40, 0xff,
    0xc8, 0x88, 0x40, 0xff, 0x88, 0x34, 0x28, 0xff, 0x90, 0x34, 0x28, 0xff,
    0x90, 0x34, 0x28, 0xff, 0x88, 0x34, 0x28, 0xff, 0x90, 0x34, 0x28, 0xff,
    0x88, 0x34, 0x28, 0xff, 0x88, 0x34, 0x28, 0xff, 0x88, 0x34, 0x28, 0xff,
    0x88, 0x34, 0x28, 0xff, 0x90, 0x34, 0x28, 0xff, 0x88, 0x34, 0x28, 0xff,
    0x88, 0x34, 0x28, 0xff, 0x78, 0x70, 0x88, 0xff, 0x38, 0xbc, 0xe8, 0xff,
    0x20, 0xcc, 0xf8, 0xff, 0x18, 0xcc, 0xf8, 0xff, 0x20, 0xcc, 0xf8, 0xff,
    0x30, 0xc4, 0xf0, 0xff, 0x60, 0x94, 0xb8, 0xff, 0x70, 0x78, 0x90, 0xff,
    0x60, 0x94, 0xb0, 0xff, 0x88, 0x3c, 0x38, 0xff, 0x60, 0xa0, 0xc0, 0xff,
    0x20, 0xcc, 0xf8, 0xff, 0x18, 0xcc, 0xf8, 0xff, 0x18, 0xd0, 0xf8, 0xff,
    0x20, 0xcc, 0xf8, 0xff, 0x20, 0xcc, 0xf8, 0xff, 0x20, 0xd0, 0xf8, 0xff,
    0x18, 0xcc, 0xf8, 0xff, 0x18, 0xcc, 0xf8, 0xff, 0x18, 0xd0, 0xf8, 0xff,
    0x20, 0xcc, 0xf8, 0xff, 0x18, 0xcc, 0xf8, 0xff, 0x20, 0xd0, 0xf8, 0xff,
    0x20, 0xcc, 0xf8, 0xff, 0x18, 0xcc, 0xf8, 0xff, 0x18, 0xd0, 0xf8, 0xff,
    0x20, 0xcc, 0xf8, 0xff, 0x20, 0xcc, 0xf8, 0xff, 0x18, 0xcc, 0xf8, 0xff,
    0x20, 0xcc, 0xf8, 0xff, 0x20, 0xcc, 0xf8, 0xff, 0x18, 0xcc, 0xf8, 0xff,
    0x18, 0xcc, 0xf8, 0xff, 0x80, 0x80, 0x88, 0xff, 0xa0, 0x4c, 0x30, 0xff,
    0xa0, 0x50, 0x30, 0xff, 0xa0, 0x54, 0x30, 0xff, 0xa0, 0x54, 0x30, 0xff,
    0xa0, 0x58, 0x30, 0xff, 0xe8, 0xd8, 0xd0, 0xff, 0xf8, 0xfc, 0xf8, 0xff,
    0xd8, 0xc0, 0xb8, 0xff, 0xf0, 0xe4, 0xe0, 0xff, 0xf0, 0xe8, 0xe8, 0xff,
    0xe0, 0xcc, 0xc0, 0xff, 0xf8, 0xfc, 0xf8, 0xff, 0xe0, 0xc8, 0xb8, 0xff,
    0xb8, 0x70, 0x38, 0xff, 0xb8, 0x74, 0x38, 0xff, 0xb8, 0x70, 0x38, 0xff,
    0xb8, 0x70, 0x38, 0xff, 0xb8, 0x70, 0x38, 0xff, 0xc0, 0x7c, 0x38, 0xff,
    0xc0, 0x7c, 0x38, 0xff, 0xc0, 0x80, 0x40, 0xff, 0xc0, 0x80, 0x48, 0xff,
    0xc0, 0x80, 0x40, 0xff, 0xc0, 0x7c, 0x38, 0xff, 0xc0, 0x7c, 0x38, 0xff,
    0xc0, 0x7c, 0x38, 0xff, 0xc0, 0x80, 0x40, 0xff, 0xc8, 0x88, 0x40, 0xff,
    0xc8, 0x88, 0x40, 0xff, 0xc8, 0x88, 0x40, 0xff, 0xc0, 0x84, 0x38, 0xff,
    0xc8, 0x84, 0x40, 0xff, 0xc8, 0x88, 0x40, 0xff, 0xc8, 0x84, 0x38, 0xff,
    0x88, 0x34, 0x28, 0xff, 0x90, 0x34, 0x28, 0xff, 0x88, 0x34, 0x28, 0xff,
    0x90, 0x34, 0x28, 0xff, 0x88, 0x34, 0x28, 0xff, 0x88, 0x34, 0x28, 0xff,
    0x90, 0x34, 0x28, 0xff, 0x88, 0x34, 0x28, 0xff, 0x90, 0x34, 0x28, 0xff,
    0x88, 0x34, 0x28, 0xff, 0x88, 0x34, 0x28, 0xff, 0x88, 0x34, 0x28, 0xff,
    0x90, 0x34, 0x28, 0xff, 0x88, 0x4c, 0x50, 0xff, 0x60, 0x98, 0xb8, 0xff,
    0x30, 0xc0, 0xf0, 0xff, 0x18, 0xd0, 0xf8, 0xff, 0x18, 0xcc, 0xf8, 0xff,
    0x18, 0xcc, 0xf8, 0xff, 0x40, 0xb8, 0xe8, 0xff, 0x80, 0x60, 0x68, 0xff,
    0x90, 0x38, 0x28, 0xff, 0x48, 0xac, 0xd8, 0xff, 0x18, 0xcc, 0xf8, 0xff,
    0x20, 0xcc, 0xf8, 0xff, 0x20, 0xcc, 0xf8, 0xff, 0x18, 0xcc, 0xf8, 0xff,
    0x18, 0xcc, 0xf8, 0xff, 0x20, 0xcc, 0xf8, 0xff, 0x20, 0xcc, 0xf8, 0xff,
    0x18, 0xcc, 0xf8, 0xff, 0x20, 0xcc, 0xf8, 0xff, 0x20, 0xcc, 0xf8, 0xff,
    0x18, 0xcc, 0xf8, 0xff, 0x20, 0xcc, 0xf8, 0xff, 0x20, 0xcc, 0xf8, 0xff,
    0x20, 0xcc, 0xf8, 0xff, 0x20, 0xcc, 0xf8, 0xff, 0x20, 0xcc, 0xf8, 0xff,
    0x18, 0xcc, 0xf8, 0xff, 0x20, 0xcc, 0xf8, 0xff, 0x20, 0xcc, 0xf8, 0xff,
    0x18, 0xcc, 0xf8, 0xff, 0x20, 0xcc, 0xf8, 0xff, 0x20, 0xcc, 0xf8, 0xff,
    0x80, 0x80, 0x88, 0xff, 0xa0, 0x4c, 0x30, 0xff, 0xa0, 0x54, 0x30, 0xff,
    0xa0, 0x54, 0x30, 0xff, 0xa8, 0x54, 0x30, 0xff, 0xa0, 0x58, 0x30, 0xff,
    0xd0, 0xac, 0xa0, 0xff, 0xf8, 0xfc, 0xf8, 0xff, 0xf8, 0xfc, 0xf8, 0xff,
    0xf8, 0xfc, 0xf8, 0xff, 0xf8, 0xfc, 0xf8, 0xff, 0xf8, 0xfc, 0xf8, 0xff,
    0xf8, 0xfc, 0xf8, 0xff, 0xd0, 0xa4, 0x88, 0xff, 0xb8, 0x70, 0x38, 0xff,
    0xb8, 0x70, 0x38, 0xff, 0xb8, 0x74, 0x38, 0xff, 0xb8, 0x74, 0x40, 0xff,
    0xb8, 0x74, 0x38, 0xff, 0xc0, 0x8c, 0x60, 0xff, 0xe8, 0xd0, 0xc8, 0xff,
    0xd8, 0xbc, 0xa8, 0xff, 0xc8, 0x94, 0x68, 0xff, 0xf0, 0xe0, 0xd8, 0xff,
    0xd8, 0xac, 0x90, 0xff, 0xc0, 0x7c, 0x38, 0xff, 0xc0, 0x80, 0x40, 0xff,
    0xc8, 0x84, 0x40, 0xff, 0xc8, 0x88, 0x40, 0xff, 0xc8, 0x84, 0x40, 0xff,
    0xc8, 0x84, 0x40, 0xff, 0xc8, 0x84, 0x40, 0xff, 0xc8, 0x88, 0x40, 0xff,
    0xc8, 0x88, 0x40, 0xff, 0xc0, 0x84, 0x40, 0xff, 0x88, 0x34, 0x28, 0xff,
    0x88, 0x34, 0x28, 0xff, 0x88, 0x34, 0x28, 0xff, 0x88, 0x34, 0x28, 0xff,
    0x90, 0x34, 0x28, 0xff, 0x88, 0x34, 0x28, 0xff, 0x88, 0x34, 0x28, 0xff,
    0x90, 0x34, 0x28, 0xff, 0x88, 0x34, 0x28, 0xff, 0x88, 0x34, 0x28, 0xff,
    0x90, 0x34, 0x28, 0xff, 0x88, 0x34, 0x28, 0xff, 0x88, 0x34, 0x28, 0xff,
    0x88, 0x34, 0x28, 0xff, 0x88, 0x34, 0x28, 0xff, 0x88, 0x48, 0x50, 0xff,
    0x78, 0x6c, 0x80, 0xff, 0x70, 0x78, 0x88, 0xff, 0x80, 0x6c, 0x80, 0xff,
    0x90, 0x48, 0x40, 0xff, 0x90, 0x3c, 0x28, 0xff, 0x90, 0x3c, 0x28, 0xff,
    0x90, 0x48, 0x40, 0xff, 0x70, 0x80, 0x98, 0xff, 0x30, 0xc4, 0xf0, 0xff,
    0x20, 0xcc, 0xf8, 0xff, 0x20, 0xcc, 0xf8, 0xff, 0x18, 0xd0, 0xf8, 0xff,
    0x18, 0xcc, 0xf8, 0xff, 0x18, 0xcc, 0xf8, 0xff, 0x20, 0xd0, 0xf8, 0xff,
    0x20, 0xcc, 0xf8, 0xff, 0x20, 0xcc, 0xf8, 0xff, 0x20, 0xcc, 0xf8, 0xff,
    0x20, 0xcc, 0xf8, 0xff, 0x20, 0xcc, 0xf8, 0xff, 0x20, 0xcc, 0xf8, 0xff,
    0x20, 0xcc, 0xf8, 0xff, 0x20, 0xcc, 0xf8, 0xff, 0x20, 0xcc, 0xf8, 0xff,
    0x20, 0xcc, 0xf8, 0xff, 0x20, 0xcc, 0xf8, 0xff, 0x20, 0xcc, 0xf8, 0xff,
    0x20, 0xcc, 0xf8, 0xff, 0x20, 0xcc, 0xf8, 0xff, 0x80, 0x80, 0x88, 0xff,
    0xa0, 0x4c, 0x28, 0xff, 0xa0, 0x54, 0x30, 0xff, 0xa0, 0x54, 0x30, 0xff,
    0xa0, 0x54, 0x30, 0xff, 0xa8, 0x54, 0x30, 0xff, 0xa8, 0x64, 0x48, 0xff,
    0xf0, 0xe0, 0xd8, 0xff, 0xf8, 0xfc, 0xf8, 0xff, 0xf8, 0xfc, 0xf8, 0xff,
    0xf8, 0xfc, 0xf8, 0xff, 0xf8, 0xfc, 0xf8, 0xff, 0xe8, 0xd8, 0xd0, 0xff,
    0xb8, 0x74, 0x40, 0xff, 0xb8, 0x70, 0x38, 0xff, 0xb8, 0x74, 0x38, 0xff,
    0xb8, 0x74, 0x40, 0xff, 0xb8, 0x70, 0x38, 0xff, 0xc0, 0x80, 0x48, 0xff,
    0xf0, 0xe0, 0xd8, 0xff, 0xf8, 0xfc, 0xf8, 0xff, 0xe0, 0xc8, 0xb8, 0xff,
    0xc8, 0x94, 0x68, 0xff, 0xf8, 0xfc, 0xf8, 0xff, 0xf8, 0xf8, 0xf8, 0xff,
    0xd0, 0xa4, 0x80, 0xff, 0xc8, 0x84, 0x40, 0xff, 0xc8, 0x88, 0x40, 0xff,
    0xc8, 0x84, 0x40, 0xff, 0xc8, 0x84, 0x40, 0xff, 0xc8, 0x88, 0x40, 0xff,
    0xc8, 0x88, 0x40, 0xff, 0xc8, 0x84, 0x40, 0xff, 0xc8, 0x88, 0x40, 0xff,
    0xc8, 0x88, 0x40, 0xff, 0x90, 0x3c, 0x28, 0xff, 0x90, 0x3c, 0x28, 0xff,
    0x90, 0x3c, 0x30, 0xff, 0x90, 0x3c, 0x28, 0xff, 0x90, 0x3c, 0x28, 0xff,
    0x90, 0x3c, 0x28, 0xff, 0x90, 0x3c, 0x30, 0xff, 0x90, 0x3c, 0x28, 0xff,
    0x90, 0x3c, 0x28, 0xff, 0x90, 0x3c, 0x28, 0xff, 0x90, 0x3c, 0x28, 0xff,
    0x90, 0x38, 0x28, 0xff, 0x90, 0x38, 0x28, 0xff, 0x90, 0x3c, 0x28, 0xff,
    0x90, 0x3c, 0x28, 0xff, 0x90, 0x3c, 0x28, 0xff, 0x90, 0x3c, 0x28, 0xff,
    0x90, 0x3c, 0x28, 0xff, 0x90, 0x3c, 0x28, 0xff, 0x90, 0x3c, 0x28, 0xff,
    0x90, 0x3c, 0x28, 0xff, 0x90, 0x3c, 0x30, 0xff, 0x90, 0x3c, 0x28, 0xff,
    0x90, 0x3c, 0x28, 0xff, 0x80, 0x68, 0x70, 0xff, 0x30, 0xc4, 0xf8, 0xff,
    0x18, 0xcc, 0xf8, 0xff, 0x20, 0xcc, 0xf8, 0xff, 0x20, 0xd0, 0xf8, 0xff,
    0x18, 0xcc, 0xf8, 0xff, 0x18, 0xcc, 0xf8, 0xff, 0x68, 0x98, 0xb0, 0xff,
    0x80, 0x68, 0x70, 0xff, 0x80, 0x68, 0x70, 0xff, 0x80, 0x68, 0x70, 0xff,
    0x80, 0x68, 0x70, 0xff, 0x80, 0x68, 0x70, 0xff, 0x80, 0x68, 0x70, 0xff,
    0x80, 0x6c, 0x70, 0xff, 0x88, 0x6c, 0x70, 0xff, 0x88, 0x6c, 0x70, 0xff,
    0x88, 0x70, 0x70, 0xff, 0x88, 0x70, 0x70, 0xff, 0x88, 0x70, 0x70, 0xff,
    0x88, 0x70, 0x70, 0xff, 0x98, 0x58, 0x48, 0xff, 0xa0, 0x4c, 0x30, 0xff,
    0xa0, 0x54, 0x30, 0xff, 0xa0, 0x54, 0x30, 0xff, 0xa8, 0x58, 0x30, 0xff,
    0xa0, 0x54, 0x30, 0xff, 0xa0, 0x58, 0x30, 0xff, 0xb0, 0x68, 0x48, 0xff,
    0xd0, 0xb4, 0xa8, 0xff, 0xe8, 0xd4, 0xd0, 0xff, 0xe8, 0xd8, 0xd0, 0xff,
    0xd8, 0xb8, 0xa8, 0xff, 0xb0, 0x70, 0x48, 0xff, 0xb8, 0x70, 0x38, 0xff,
    0xb8, 0x74, 0x38, 0xff, 0xb8, 0x74, 0x38, 0xff, 0xb8, 0x70, 0x38, 0xff,
    0xb8, 0x70, 0x38, 0xff, 0xd0, 0xa0, 0x80, 0xff, 0xf8, 0xfc, 0xf8, 0xff,
    0xf8, 0xfc, 0xf8, 0xff, 0xe0, 0xc4, 0xb0, 0xff, 0xc8, 0x94, 0x68, 0xff,
    0xf8, 0xf8, 0xf8, 0xff, 0xf8, 0xfc, 0xf8, 0xff, 0xf0, 0xe0, 0xd0, 0xff,
    0xc8, 0x88, 0x40, 0xff, 0xc8, 0x84, 0x40, 0xff, 0xc8, 0x88, 0x40, 0xff,
    0xc8, 0x88, 0x40, 0xff, 0xc0, 0x88, 0x40, 0xff, 0xc8, 0x84, 0x40, 0xff,
    0xc8, 0x88, 0x40, 0xff, 0xc0, 0x84, 0x38, 0xff, 0xc8, 0x84, 0x40, 0xff,
    0x90, 0x3c, 0x28, 0xff, 0x90, 0x3c, 0x28, 0xff, 0x90, 0x3c, 0x28, 0xff,
    0x90, 0x3c, 0x30, 0xff, 0x90, 0x3c, 0x28, 0xff, 0x90, 0x3c, 0x28, 0xff,
    0x90, 0x3c, 0x28, 0xff, 0x90, 0x3c, 0x28, 0xff, 0x90, 0x3c, 0x28, 0xff,
    0x90, 0x3c, 0x30, 0xff, 0x90, 0x3c, 0x28, 0xff, 0x90, 0x3c, 0x30, 0xff,
    0x90, 0x3c, 0x28, 0xff, 0x90, 0x3c, 0x30, 0xff, 0x90, 0x3c, 0x28, 0xff,
    0x90, 0x3c, 0x30, 0xff, 0x90, 0x3c, 0x30, 0xff, 0x90, 0x3c, 0x30, 0xff,
    0x90, 0x3c, 0x30, 0xff, 0x90, 0x3c, 0x30, 0xff, 0x90, 0x3c, 0x30, 0xff,
    0x90, 0x3c, 0x28, 0xff, 0x90, 0x3c, 0x30, 0xff, 0x90, 0x3c, 0x30, 0xff,
    0x90, 0x3c, 0x28, 0xff, 0x68, 0x90, 0xa8, 0xff, 0x20, 0xcc, 0xf8, 0xff,
    0x18, 0xcc, 0xf8, 0xff, 0x20, 0xcc, 0xf8, 0xff, 0x20, 0xd0, 0xf8, 0xff,
    0x20, 0xcc, 0xf8, 0xff, 0x78, 0x88, 0xa0, 0xff, 0x98, 0x44, 0x30, 0xff,
    0x98, 0x44, 0x30, 0xff, 0x98, 0x44, 0x28, 0xff, 0x98, 0x44, 0x28, 0xff,
    0x98, 0x44, 0x30, 0xff, 0x98, 0x44, 0x30, 0xff, 0x98, 0x44, 0x30, 0xff,
    0x98, 0x4c, 0x28, 0xff, 0x98, 0x4c, 0x30, 0xff, 0xa0, 0x4c, 0x30, 0xff,
    0xa0, 0x4c, 0x30, 0xff, 0x98, 0x4c, 0x30, 0xff, 0xa0, 0x4c, 0x30, 0xff,
    0xa0, 0x4c, 0x28, 0xff, 0xa0, 0x54, 0x30, 0xff, 0xa0, 0x54, 0x30, 0xff,
    0xa8, 0x58, 0x38, 0xff, 0xb8, 0x7c, 0x60, 0xff, 0xb0, 0x7c, 0x60, 0xff,
    0xb8, 0x7c, 0x68, 0xff, 0xb8, 0x80, 0x68, 0xff, 0xb8, 0x80, 0x60, 0xff,
    0xb8, 0x80, 0x60, 0xff, 0xc0, 0x84, 0x68, 0xff, 0xc0, 0x88, 0x68, 0xff,
    0xc0, 0x88, 0x68, 0xff, 0xc0, 0x84, 0x60, 0xff, 0xb8, 0x70, 0x38, 0xff,
    0xb8, 0x70, 0x38, 0xff, 0xb8, 0x70, 0x38, 0xff, 0xb8, 0x74, 0x40, 0xff,
    0xe0, 0xc0, 0xa8, 0xff, 0xf8, 0xfc, 0xf8, 0xff, 0xe8, 0xdc, 0xd0, 0xff,
    0xc8, 0x8c, 0x60, 0xff, 0xc0, 0x80, 0x40, 0xff, 0xd8, 0xb0, 0x98, 0xff,
    0xf8, 0xfc, 0xf8, 0xff, 0xf8, 0xf0, 0xe8, 0xff, 0xc8, 0x8c, 0x50, 0xff,
    0xc8, 0x88, 0x40, 0xff, 0xc8, 0x84, 0x40, 0xff, 0xc8, 0x84, 0x40, 0xff,
    0xc8, 0x84, 0x40, 0xff, 0xc8, 0x84, 0x40, 0xff, 0xc8, 0x88, 0x40, 0xff,
    0xc8, 0x84, 0x40, 0xff, 0xc8, 0x84, 0x40, 0xff, 0x90, 0x3c, 0x28, 0xff,
    0x90, 0x3c, 0x30, 0xff, 0x90, 0x3c, 0x30, 0xff, 0x90, 0x3c, 0x28, 0xff,
    0x90, 0x3c, 0x28, 0xff, 0x90, 0x3c, 0x30, 0xff, 0x90, 0x3c, 0x30, 0xff,
    0x90, 0x3c, 0x28, 0xff, 0x90, 0x3c, 0x30, 0xff, 0x90, 0x3c, 0x30, 0xff,
    0x90, 0x3c, 0x28, 0xff, 0x90, 0x3c, 0x28, 0xff, 0x90, 0x3c, 0x30, 0xff,
    0x90, 0x3c, 0x28, 0xff, 0x90, 0x3c, 0x30, 0xff, 0x90, 0x3c, 0x28, 0xff,
    0x90, 0x3c, 0x28, 0xff, 0x90, 0x3c, 0x28, 0xff, 0x90, 0x3c, 0x28, 0xff,
    0x90, 0x3c, 0x28, 0xff, 0x90, 0x3c, 0x28, 0xff, 0x90, 0x3c, 0x30, 0xff,
    0x90, 0x3c, 0x28, 0xff, 0x90, 0x3c, 0x28, 0xff, 0x90, 0x3c, 0x28, 0xff,
    0x88, 0x50, 0x50, 0xff, 0x28, 0xc8, 0xf8, 0xff, 0x20, 0xcc, 0xf8, 0xff,
    0x18, 0xcc, 0xf8, 0xff, 0x18, 0xcc, 0xf8, 0xff, 0x18, 0xd0, 0xf8, 0xff,
    0x78, 0x88, 0xa0, 0xff, 0x98, 0x44, 0x30, 0xff, 0x98, 0x44, 0x30, 0xff,
    0x98, 0x44, 0x30, 0xff, 0x90, 0x44, 0x30, 0xff, 0x98, 0x44, 0x30, 0xff,
    0x98, 0x44, 0x30, 0xff, 0x98, 0x48, 0x30, 0xff, 0xa0, 0x4c, 0x28, 0xff,
    0xa0, 0x4c, 0x28, 0xff, 0xa0, 0x4c, 0x30, 0xff, 0xa0, 0x4c, 0x28, 0xff,
    0xa0, 0x4c, 0x28, 0xff, 0x98, 0x50, 0x28, 0xff, 0xa0, 0x50, 0x28, 0xff,
    0xa0, 0x54, 0x30, 0xff, 0xa0, 0x54, 0x30, 0xff, 0xa8, 0x68, 0x50, 0xff,
    0xf8, 0xf8, 0xf8, 0xff, 0xf8, 0xfc, 0xf8, 0xff, 0xf8, 0xf8, 0xf8, 0xff,
    0xf8, 0xf8, 0xf8, 0xff, 0xf8, 0xfc, 0xf8, 0xff, 0xf8, 0xf8, 0xf8, 0xff,
    0xf8, 0xf8, 0xf8, 0xff, 0xf8, 0xf8, 0xf8, 0xff, 0xf8, 0xfc, 0xf8, 0xff,
    0xe8, 0xe0, 0xd8, 0xff, 0xb8, 0x70, 0x38, 0xff, 0xb8, 0x74, 0x38, 0xff,
    0xb8, 0x74, 0x38, 0xff, 0xb8, 0x74, 0x38, 0xff, 0xe0, 0xcc, 0xc0, 0xff,
    0xf8, 0xfc, 0xf8, 0xff, 0xd0, 0xa8, 0x88, 0xff, 0xc0, 0x7c, 0x38, 0xff,
    0xc0, 0x7c, 0x40, 0xff, 0xc0, 0x80, 0x40, 0xff, 0xf0, 0xe8, 0xe0, 0xff,
    0xf8, 0xfc, 0xf8, 0xff, 0xc8, 0x90, 0x58, 0xff, 0xc8, 0x84, 0x40, 0xff,
    0xc8, 0x88, 0x40, 0xff, 0xc8, 0x88, 0x40, 0xff, 0xc8, 0x88, 0x40, 0xff,
    0xc8, 0x88, 0x38, 0xff, 0xc8, 0x84, 0x40, 0xff, 0xc8, 0x88, 0x40, 0xff,
    0xc8, 0x88, 0x40, 0xff, 0x90, 0x3c, 0x28, 0xff, 0x90, 0x3c, 0x30, 0xff,
    0x90, 0x3c, 0x28, 0xff, 0x90, 0x3c, 0x28, 0xff, 0x90, 0x3c, 0x30, 0xff,
    0x90, 0x3c, 0x30, 0xff, 0x90, 0x3c, 0x28, 0xff, 0x90, 0x3c, 0x28, 0xff,
    0x90, 0x3c, 0x28, 0xff, 0x90, 0x3c, 0x28, 0xff, 0x90, 0x3c, 0x28, 0xff,
    0x90, 0x3c, 0x28, 0xff, 0x90, 0x3c, 0x28, 0xff, 0x90, 0x3c, 0x28, 0xff,
    0x90, 0x3c, 0x28, 0xff, 0x90, 0x3c, 0x28, 0xff, 0x90, 0x3c, 0x28, 0xff,
    0x90, 0x3c, 0x28, 0xff, 0x90, 0x3c, 0x28, 0xff, 0x90, 0x3c, 0x28, 0xff,
    0x90, 0x3c, 0x28, 0xff, 0x90, 0x3c, 0x28, 0xff, 0x90, 0x3c, 0x28, 0xff,
    0x90, 0x40, 0x28, 0xff, 0x90, 0x40, 0x30, 0xff, 0x90, 0x48, 0x38, 0xff,
    0x48, 0xb4, 0xe0, 0xff, 0x18, 0xcc, 0xf8, 0xff, 0x20, 0xd0, 0xf8, 0xff,
    0x18, 0xcc, 0xf8, 0xff, 0x20, 0xcc, 0xf8, 0xff, 0x78, 0x88, 0xa0, 0xff,
    0x90, 0x44, 0x30, 0xff, 0x90, 0x44, 0x28, 0xff, 0x98, 0x44, 0x30, 0xff,
    0x98, 0x44, 0x30, 0xff, 0x98, 0x44, 0x30, 0xff, 0x98, 0x4c, 0x28, 0xff,
    0x98, 0x4c, 0x28, 0xff, 0xa0, 0x4c, 0x30, 0xff, 0xa0, 0x4c, 0x30, 0xff,
    0x98, 0x50, 0x28, 0xff, 0x98, 0x50, 0x28, 0xff, 0x98, 0x4c, 0x30, 0xff,
    0xa0, 0x4c, 0x30, 0xff, 0xa0, 0x54, 0x30, 0xff, 0xa0, 0x54, 0x30, 0xff,
    0xa8, 0x54, 0x30, 0xff, 0xa8, 0x6c, 0x50, 0xff, 0xf8, 0xfc, 0xf8, 0xff,
    0xf8, 0xfc, 0xf8, 0xff, 0xf8, 0xfc, 0xf8, 0xff, 0xf8, 0xfc, 0xf8, 0xff,
    0xf8, 0xfc, 0xf8, 0xff, 0xf8, 0xfc, 0xf8, 0xff, 0xf8, 0xfc, 0xf8, 0xff,
    0xf8, 0xfc, 0xf8, 0xff, 0xf8, 0xfc, 0xf8, 0xff, 0xf0, 0xe4, 0xe0, 0xff,
    0xb8, 0x70, 0x38, 0xff, 0xb8, 0x74, 0x38, 0xff, 0xb8, 0x74, 0x38, 0xff,
    0xb8, 0x78, 0x38, 0xff, 0xe0, 0xcc, 0xc0, 0xff, 0xf8, 0xfc, 0xf8, 0xff,
    0xd8, 0xa8, 0x88, 0xff, 0xc0, 0x7c, 0x38, 0xff, 0xc0, 0x7c, 0x38, 0xff,
    0xc0, 0x84, 0x48, 0xff, 0xf8, 0xec, 0xe0, 0xff, 0xf8, 0xfc, 0xf8, 0xff,
    0xc8, 0x90, 0x58, 0xff, 0xc8, 0x84, 0x40, 0xff, 0xc8, 0x84, 0x40, 0xff,
    0xc8, 0x88, 0x40, 0xff, 0xc8, 0x84, 0x40, 0xff, 0xc0, 0x84, 0x40, 0xff,
    0xc8, 0x88, 0x40, 0xff, 0xc8, 0x88, 0x40, 0xff, 0xc8, 0x8c, 0x40, 0xff,
    0x90, 0x3c, 0x28, 0xff, 0x90, 0x3c, 0x28, 0xff, 0x90, 0x3c, 0x28, 0xff,
    0x90, 0x3c, 0x28, 0xff, 0x90, 0x40, 0x28, 0xff, 0x90, 0x40, 0x28, 0xff,
    0x90, 0x40, 0x28, 0xff, 0x90, 0x40, 0x30, 0xff, 0x90, 0x44, 0x30, 0xff,
    0x90, 0x40, 0x28, 0xff, 0x98, 0x44, 0x30, 0xff, 0x90, 0x40, 0x30, 0xff,
    0x90, 0x44, 0x30, 0xff, 0x90, 0x40, 0x30, 0xff, 0x90, 0x40, 0x28, 0xff,
    0x90, 0x40, 0x30, 0xff, 0x90, 0x40, 0x30, 0xff, 0x90, 0x40, 0x30, 0xff,
    0x90, 0x40, 0x30, 0xff, 0x90, 0x40, 0x30, 0xff, 0x90, 0x40, 0x30, 0xff,
    0x98, 0x44, 0x28, 0xff, 0x98, 0x44, 0x30, 0xff, 0x98, 0x44, 0x30, 0xff,
    0x90, 0x44, 0x30, 0xff, 0x98, 0x44, 0x30, 0xff, 0x58, 0xac, 0xd0, 0xff,
    0x20, 0xcc, 0xf8, 0xff, 0x18, 0xcc, 0xf8, 0xff, 0x20, 0xcc, 0xf8, 0xff,
    0x20, 0xcc, 0xf8, 0xff, 0x78, 0x88, 0xa0, 0xff, 0x98, 0x44, 0x30, 0xff,
    0x98, 0x44, 0x30, 0xff, 0x98, 0x44, 0x28, 0xff, 0x98, 0x44, 0x30, 0xff,
    0x98, 0x4c, 0x28, 0xff, 0xa0, 0x50, 0x30, 0xff, 0xa0, 0x4c, 0x30, 0xff,
    0x98, 0x50, 0x30, 0xff, 0x98, 0x4c, 0x30, 0xff, 0xa0, 0x4c, 0x30, 0xff,
    0xa0, 0x4c, 0x30, 0xff, 0xa0, 0x4c, 0x30, 0xff, 0xa0, 0x50, 0x30, 0xff,
    0xa0, 0x54, 0x30, 0xff, 0xa0, 0x54, 0x30, 0xff, 0xa8, 0x54, 0x30, 0xff,
    0xa8, 0x64, 0x48, 0xff, 0xe8, 0xd8, 0xd0, 0xff, 0xe8, 0xd8, 0xd0, 0xff,
    0xe8, 0xdc, 0xd8, 0xff, 0xf8, 0xfc, 0xf8, 0xff, 0xf8, 0xf8, 0xf8, 0xff,
    0xe8, 0xdc, 0xd8, 0xff, 0xf0, 0xe4, 0xe0, 0xff, 0xf8, 0xfc, 0xf8, 0xff,
    0xf8, 0xf0, 0xe8, 0xff, 0xd8, 0xb4, 0xa8, 0xff, 0xb8, 0x70, 0x38, 0xff,
    0xb8, 0x70, 0x38, 0xff, 0xb8, 0x70, 0x38, 0xff, 0xc0, 0x78, 0x40, 0xff,
    0xd8, 0xbc, 0xa8, 0xff, 0xf8, 0xfc, 0xf8, 0xff, 0xf0, 0xe4, 0xd8, 0xff,
    0xc8, 0x90, 0x60, 0xff, 0xc0, 0x80, 0x40, 0xff, 0xd8, 0xb8, 0xa0, 0xff,
    0xf8, 0xfc, 0xf8, 0xff, 0xf8, 0xf0, 0xf0, 0xff, 0xc8, 0x8c, 0x50, 0xff,
    0xc8, 0x88, 0x40, 0xff, 0xc8, 0x88, 0x40, 0xff, 0xc8, 0x84, 0x40, 0xff,
    0xc8, 0x84, 0x40, 0xff, 0xc8, 0x88, 0x40, 0xff, 0xc8, 0x88, 0x40, 0xff,
    0xc8, 0x8c, 0x40, 0xff, 0xc8, 0x90, 0x48, 0xff, 0x90, 0x40, 0x28, 0xff,
    0x90, 0x44, 0x30, 0xff, 0x98, 0x44, 0x30, 0xff, 0x98, 0x44, 0x30, 0xff,
    0x98, 0x44, 0x30, 0xff, 0x98, 0x44, 0x30, 0xff, 0x98, 0x44, 0x30, 0xff,
    0x98, 0x44, 0x30, 0xff, 0x98, 0x44, 0x30, 0xff, 0x98, 0x44, 0x30, 0xff,
    0x98, 0x44, 0x30, 0xff, 0x98, 0x44, 0x30, 0xff, 0x98, 0x44, 0x28, 0xff,
    0x98, 0x44, 0x30, 0xff, 0x98, 0x44, 0x30, 0xff, 0x98, 0x44, 0x30, 0xff,
    0x98, 0x44, 0x30, 0xff, 0x98, 0x44, 0x30, 0xff, 0x98, 0x44, 0x28, 0xff,
    0x98, 0x44, 0x30, 0xff, 0x98, 0x44, 0x30, 0xff, 0x98, 0x44, 0x30, 0xff,
    0x98, 0x44, 0x30, 0xff, 0x98, 0x44, 0x30, 0xff, 0x98, 0x44, 0x28, 0xff,
    0x98, 0x44, 0x30, 0xff, 0x60, 0xa8, 0xd0, 0xff, 0x18, 0xcc, 0xf8, 0xff,
    0x20, 0xcc, 0xf8, 0xff, 0x18, 0xcc, 0xf8, 0xff, 0x18, 0xcc, 0xf8, 0xff,
    0x70, 0x88, 0xa0, 0xff, 0x98, 0x44, 0x30, 0xff, 0x98, 0x44, 0x30, 0xff,
    0x98, 0x48, 0x30, 0xff, 0x98, 0x4c, 0x28, 0xff, 0xa0, 0x4c, 0x30, 0xff,
    0x98, 0x4c, 0x28, 0xff, 0x98, 0x4c, 0x30, 0xff, 0xa0, 0x4c, 0x28, 0xff,
    0xa0, 0x50, 0x28, 0xff, 0xa0, 0x4c, 0x30, 0xff, 0x98, 0x4c, 0x30, 0xff,
    0xa0, 0x50, 0x28, 0xff, 0xa0, 0x54, 0x30, 0xff, 0xa0, 0x54, 0x30, 0xff,
    0xa8, 0x54, 0x30, 0xff, 0xa0, 0x58, 0x30, 0xff, 0xa0, 0x54, 0x30, 0xff,
    0xa0, 0x54, 0x30, 0xff, 0xa8, 0x58, 0x30, 0xff, 0xd8, 0xc0, 0xb8, 0xff,
    0xf8, 0xfc, 0xf8, 0xff, 0xc8, 0xa0, 0x90, 0xff, 0xa8, 0x60, 0x30, 0xff,
    0xb0, 0x68, 0x40, 0xff, 0xe0, 0xd0, 0xc8, 0xff, 0xf8, 0xfc, 0xf8, 0xff,
    0xd0, 0xa8, 0x90, 0xff, 0xb8, 0x74, 0x38, 0xff, 0xb8, 0x74, 0x38, 0xff,
    0xb8, 0x70, 0x40, 0xff, 0xb8, 0x7c, 0x38, 0xff, 0xd0, 0xa0, 0x80, 0xff,
    0xf8, 0xfc, 0xf8, 0xff, 0xf8, 0xfc, 0xf8, 0xff, 0xf8, 0xfc, 0xf8, 0xff,
    0xf8, 0xf8, 0xf8, 0xff, 0xf8, 0xfc, 0xf8, 0xff, 0xf8, 0xfc, 0xf8, 0xff,
    0xf0, 0xdc, 0xd0, 0xff, 0xc8, 0x88, 0x40, 0xff, 0xc8, 0x88, 0x40, 0xff,
    0xc8, 0x84, 0x40, 0xff, 0xc8, 0x88, 0x40, 0xff, 0xc8, 0x88, 0x40, 0xff,
    0xc8, 0x88, 0x40, 0xff, 0xd0, 0x8c, 0x40, 0xff, 0xc8, 0x90, 0x48, 0xff,
    0xd0, 0x90, 0x48, 0xff, 0x98, 0x44, 0x30, 0xff, 0x98, 0x44, 0x30, 0xff,
    0x98, 0x44, 0x30, 0xff, 0x98, 0x44, 0x30, 0xff, 0x90, 0x44, 0x30, 0xff,
    0x98, 0x44, 0x30, 0xff, 0x98, 0x44, 0x30, 0xff, 0x90, 0x44, 0x28, 0xff,
    0x98, 0x44, 0x28, 0xff, 0x98, 0x44, 0x30, 0xff, 0x98, 0x44, 0x28, 0xff,
    0x90, 0x44, 0x30, 0xff, 0x98, 0x44, 0x30, 0xff, 0x98, 0x44, 0x28, 0xff,
    0x90, 0x44, 0x30, 0xff, 0x98, 0x44, 0x28, 0xff, 0x98, 0x44, 0x28, 0xff,
    0x90, 0x44, 0x30, 0xff, 0x98, 0x44, 0x30, 0xff, 0x98, 0x44, 0x28, 0xff,
    0x90, 0x44, 0x30, 0xff, 0x98, 0x44, 0x30, 0xff, 0x90, 0x44, 0x28, 0xff,
    0x90, 0x44, 0x30, 0xff, 0x98, 0x44, 0x30, 0xff, 0x98, 0x44, 0x28, 0xff,
    0x60, 0xa8, 0xd0, 0xff, 0x18, 0xd0, 0xf8, 0xff, 0x18, 0xd0, 0xf8, 0xff,
    0x18, 0xd0, 0xf8, 0xff, 0x18, 0xd0, 0xf8, 0xff, 0x78, 0x88, 0xa0, 0xff,
    0x98, 0x48, 0x30, 0xff, 0x98, 0x4c, 0x28, 0xff, 0xa0, 0x4c, 0x30, 0xff,
    0xa0, 0x50, 0x30, 0xff, 0x98, 0x4c, 0x28, 0xff, 0xa0, 0x4c, 0x30, 0xff,
    0xa0, 0x4c, 0x28, 0xff, 0xa0, 0x4c, 0x30, 0xff, 0xa0, 0x4c, 0x30, 0xff,
    0x98, 0x4c, 0x28, 0xff, 0xa0, 0x50, 0x28, 0xff, 0xa0, 0x54, 0x30, 0xff,
    0xa0, 0x54, 0x30, 0xff, 0xa0, 0x54, 0x30, 0xff, 0xa8, 0x54, 0x30, 0xff,
    0xa8, 0x58, 0x30, 0xff, 0xa0, 0x54, 0x30, 0xff, 0xa0, 0x54, 0x30, 0xff,
    0xa8, 0x5c, 0x30, 0xff, 0xf0, 0xe8, 0xe0, 0xff, 0xf8, 0xf0, 0xf0, 0xff,
    0xb0, 0x74, 0x58, 0xff, 0xa8, 0x60, 0x30, 0xff, 0xb0, 0x64, 0x30, 0xff,
    0xd0, 0xa8, 0x98, 0xff, 0xf8, 0xfc, 0xf8, 0xff, 0xe8, 0xd0, 0xc8, 0xff,
    0xb8, 0x70, 0x38, 0xff, 0xb8, 0x74, 0x38, 0xff, 0xb8, 0x74, 0x38, 0xff,
    0xb8, 0x78, 0x38, 0xff, 0xc0, 0x80, 0x48, 0xff, 0xf0, 0xe0, 0xd8, 0xff,
    0xf8, 0xfc, 0xf8, 0xff, 0xf8, 0xfc, 0xf8, 0xff, 0xf8, 0xfc, 0xf8, 0xff,
    0xf8, 0xfc, 0xf8, 0xff, 0xf8, 0xfc, 0xf8, 0xff, 0xd8, 0xac, 0x88, 0xff,
    0xc8, 0x88, 0x40, 0xff, 0xc8, 0x84, 0x40, 0xff, 0xc8, 0x84, 0x40, 0xff,
    0xc8, 0x84, 0x40, 0xff, 0xc8, 0x88, 0x40, 0xff, 0xc8, 0x8c, 0x40, 0xff,
    0xc8, 0x90, 0x48, 0xff, 0xd0, 0x90, 0x48, 0xff, 0xd0, 0x90, 0x48, 0xff,
    0x98, 0x44, 0x30, 0xff, 0x98, 0x44, 0x30, 0xff, 0x98, 0x44, 0x30, 0xff,
    0x90, 0x44, 0x28, 0xff, 0x98, 0x44, 0x28, 0xff, 0x98, 0x44, 0x30, 0xff,
    0x90, 0x44, 0x30, 0xff, 0x98, 0x44, 0x30, 0xff, 0x98, 0x44, 0x30, 0xff,
    0x98, 0x44, 0x30, 0xff, 0x90, 0x44, 0x30, 0xff, 0x98, 0x44, 0x28, 0xff,
    0x98, 0x44, 0x30, 0xff, 0x98, 0x44, 0x30, 0xff, 0x98, 0x44, 0x30, 0xff,
    0x98, 0x44, 0x30, 0xff, 0x98, 0x44, 0x30, 0xff, 0x98, 0x44, 0x30, 0xff,
    0x98, 0x44, 0x30, 0xff, 0x98, 0x44, 0x30, 0xff, 0x98, 0x44, 0x30, 0xff,
    0x98, 0x44, 0x28, 0xff, 0x98, 0x44, 0x30, 0xff, 0x98, 0x44, 0x30, 0xff,
    0x98, 0x44, 0x30, 0xff, 0x98, 0x44, 0x30, 0xff, 0x88, 0x64, 0x68, 0xff,
    0x88, 0x74, 0x80, 0xff, 0x88, 0x74, 0x80, 0xff, 0x88, 0x74, 0x80, 0xff,
    0x88, 0x74, 0x80, 0xff, 0x98, 0x5c, 0x58, 0xff, 0xa0, 0x50, 0x30, 0xff,
    0x98, 0x4c, 0x30, 0xff, 0x98, 0x4c, 0x28, 0xff, 0xa0, 0x4c, 0x30, 0xff,
    0xa0, 0x4c, 0x30, 0xff, 0xa0, 0x50, 0x30, 0xff, 0xa0, 0x4c, 0x30, 0xff,
    0x98, 0x50, 0x30, 0xff, 0x98, 0x4c, 0x28, 0xff, 0xa0, 0x4c, 0x30, 0xff,
    0xa0, 0x54, 0x30, 0xff, 0xa0, 0x54, 0x30, 0xff, 0xa8, 0x54, 0x30, 0xff,
    0xa0, 0x58, 0x30, 0xff, 0xa0, 0x54, 0x30, 0xff, 0xa0, 0x54, 0x30, 0xff,
    0xa8, 0x54, 0x30, 0xff, 0xa8, 0x58, 0x30, 0xff, 0xa8, 0x60, 0x30, 0xff,
    0xf8, 0xf4, 0xf8, 0xff, 0xf8, 0xfc, 0xf8, 0xff, 0xc0, 0x8c, 0x78, 0xff,
    0xa8, 0x60, 0x30, 0xff, 0xb0, 0x64, 0x30, 0xff, 0xd8, 0xc0, 0xb8, 0xff,
    0xf8, 0xfc, 0xf8, 0xff, 0xf0, 0xe4, 0xd8, 0xff, 0xb8, 0x70, 0x38, 0xff,
    0xb8, 0x70, 0x38, 0xff, 0xb8, 0x70, 0x38, 0xff, 0xc0, 0x7c, 0x38, 0xff,
    0xc0, 0x7c, 0x38, 0xff, 0xc0, 0x8c, 0x60, 0xff, 0xe8, 0xd8, 0xd0, 0xff,
    0xf8, 0xf8, 0xf0, 0xff, 0xf8, 0xfc, 0xf8, 0xff, 0xf8, 0xec, 0xe8, 0xff,
    0xd8, 0xb8, 0x98, 0xff, 0xc8, 0x88, 0x40, 0xff, 0xc8, 0x84, 0x40, 0xff,
    0xc8, 0x88, 0x40, 0xff, 0xc8, 0x88, 0x40, 0xff, 0xc8, 0x88, 0x40, 0xff,
    0xc8, 0x8c, 0x40, 0xff, 0xd0, 0x90, 0x48, 0xff, 0xd0, 0x90, 0x48, 0xff,
    0xc8, 0x90, 0x40, 0xff, 0xd0, 0x8c, 0x48, 0xff, 0x98, 0x44, 0x30, 0xff,
    0x90, 0x44, 0x28, 0xff, 0x98, 0x44, 0x30, 0xff, 0x98, 0x44, 0x30, 0xff,
    0x98, 0x44, 0x30, 0xff, 0x98, 0x44, 0x30, 0xff, 0x98, 0x44, 0x28, 0xff,
    0x98, 0x44, 0x30, 0xff, 0x98, 0x44, 0x30, 0xff, 0x98, 0x44, 0x30, 0xff,
    0x98, 0x44, 0x30, 0xff, 0x98, 0x44, 0x30, 0xff, 0x98, 0x48, 0x30, 0xff,
    0x98, 0x48, 0x30, 0xff, 0x98, 0x48, 0x30, 0xff, 0x98, 0x48, 0x30, 0xff,
    0x98, 0x48, 0x30, 0xff, 0x98, 0x48, 0x30, 0xff, 0x98, 0x48, 0x28, 0xff,
    0x98, 0x48, 0x30, 0xff, 0x98, 0x48, 0x30, 0xff, 0x98, 0x48, 0x30, 0xff,
    0x98, 0x44, 0x30, 0xff, 0x98, 0x44, 0x30, 0xff, 0x98, 0x44, 0x28, 0xff,
    0x98, 0x48, 0x30, 0xff, 0x98, 0x48, 0x30, 0xff, 0x98, 0x48, 0x28, 0xff,
    0x98, 0x4c, 0x28, 0xff, 0xa0, 0x4c, 0x30, 0xff, 0xa0, 0x4c, 0x30, 0xff,
    0x98, 0x4c, 0x28, 0xff, 0x98, 0x4c, 0x28, 0xff, 0xa0, 0x4c, 0x28, 0xff,
    0xa0, 0x4c, 0x30, 0xff, 0x98, 0x4c, 0x28, 0xff, 0xa0, 0x50, 0x28, 0xff,
    0x98, 0x4c, 0x30, 0xff, 0x98, 0x4c, 0x28, 0xff, 0xa0, 0x4c, 0x28, 0xff,
    0xa0, 0x50, 0x30, 0xff, 0xa0, 0x54, 0x30, 0xff, 0xa8, 0x54, 0x30, 0xff,
    0xa0, 0x54, 0x30, 0xff, 0xa0, 0x58, 0x30, 0xff, 0xa8, 0x54, 0x30, 0xff,
    0xa8, 0x54, 0x30, 0xff, 0xa0, 0x54, 0x30, 0xff, 0xa0, 0x54, 0x30, 0xff,
    0xa8, 0x5c, 0x30, 0xff, 0xa8, 0x60, 0x30, 0xff, 0xf0, 0xe0, 0xe0, 0xff,
    0xf8, 0xfc, 0xf8, 0xff, 0xf0, 0xe8, 0xe8, 0xff, 0xd8, 0xb8, 0xb0, 0xff,
    0xd8, 0xc4, 0xb8, 0xff, 0xf8, 0xf8, 0xf8, 0xff, 0xf8, 0xfc, 0xf8, 0xff,
    0xe0, 0xc8, 0xc0, 0xff, 0xb8, 0x70, 0x38, 0xff, 0xb8, 0x74, 0x38, 0xff,
    0xb8, 0x70, 0x38, 0xff, 0xc0, 0x7c, 0x40, 0xff, 0xc0, 0x7c, 0x38, 0xff,
    0xc0, 0x7c, 0x38, 0xff, 0xc0, 0x80, 0x40, 0xff, 0xc0, 0x84, 0x50, 0xff,
    0xc8, 0x90, 0x58, 0xff, 0xc8, 0x8c, 0x48, 0xff, 0xc8, 0x84, 0x40, 0xff,
    0xc8, 0x88, 0x40, 0xff, 0xc8, 0x84, 0x40, 0xff, 0xc8, 0x84, 0x40, 0xff,
    0xc8, 0x88, 0x40, 0xff, 0xc8, 0x8c, 0x40, 0xff, 0xc8, 0x90, 0x48, 0xff,
    0xd0, 0x90, 0x48, 0xff, 0xd0, 0x90, 0x48, 0xff, 0xd0, 0x90, 0x48, 0xff,
    0xc8, 0x8c, 0x48, 0xff, 0x98, 0x44, 0x30, 0xff, 0x98, 0x44, 0x30, 0xff,
    0x98, 0x44, 0x28, 0xff, 0x90, 0x44, 0x30, 0xff, 0x98, 0x44, 0x30, 0xff,
    0x98, 0x44, 0x30, 0xff, 0x98, 0x48, 0x30, 0xff, 0x98, 0x48, 0x28, 0xff,
    0x98, 0x4c, 0x30, 0xff, 0x98, 0x4c, 0x28, 0xff, 0x98, 0x4c, 0x28, 0xff,
    0xa0, 0x4c, 0x30, 0xff, 0xa0, 0x50, 0x30, 0xff, 0x98, 0x4c, 0x28, 0xff,
    0x98, 0x4c, 0x28, 0xff, 0xa0, 0x4c, 0x28, 0xff, 0xa0, 0x4c, 0x28, 0xff,
    0x98, 0x4c, 0x28, 0xff, 0xa0, 0x4c, 0x28, 0xff, 0xa0, 0x50, 0x30, 0xff,
    0x98, 0x4c, 0x30, 0xff, 0x98, 0x50, 0x28, 0xff, 0xa0, 0x4c, 0x30, 0xff,
    0xa0, 0x4c, 0x30, 0xff, 0x98, 0x50, 0x28, 0xff, 0xa0, 0x4c, 0x28, 0xff,
    0x98, 0x4c, 0x30, 0xff, 0xa0, 0x4c, 0x30, 0xff, 0xa0, 0x50, 0x30, 0xff,
    0xa0, 0x4c, 0x30, 0xff, 0x98, 0x4c, 0x30, 0xff, 0xa0, 0x50, 0x30, 0xff,
    0xa0, 0x4c, 0x30, 0xff, 0xa0, 0x50, 0x30, 0xff, 0xa0, 0x50, 0x30, 0xff,
    0xa0, 0x4c, 0x30, 0xff, 0x98, 0x4c, 0x30, 0xff, 0xa0, 0x4c, 0x28, 0xff,
    0xa0, 0x4c, 0x30, 0xff, 0xa0, 0x50, 0x30, 0xff, 0xa0, 0x54, 0x30, 0xff,
    0xa0, 0x54, 0x30, 0xff, 0xa0, 0x54, 0x30, 0xff, 0xa0, 0x54, 0x30, 0xff,
    0xa0, 0x54, 0x30, 0xff, 0xa8, 0x54, 0x30, 0xff, 0xa0, 0x58, 0x30, 0xff,
    0xa0, 0x54, 0x30, 0xff, 0xa8, 0x58, 0x30, 0xff, 0xa8, 0x60, 0x30, 0xff,
    0xa8, 0x5c, 0x38, 0xff, 0xd0, 0xb0, 0xa8, 0xff, 0xf8, 0xfc, 0xf8, 0xff,
    0xf8, 0xfc, 0xf8, 0xff, 0xf8, 0xfc, 0xf8, 0xff, 0xf8, 0xfc, 0xf8, 0xff,
    0xf8, 0xfc, 0xf8, 0xff, 0xf8, 0xfc, 0xf8, 0xff, 0xc8, 0x9c, 0x88, 0xff,
    0xb8, 0x70, 0x38, 0xff, 0xb8, 0x74, 0x38, 0xff, 0xb8, 0x74, 0x40, 0xff,
    0xc0, 0x7c, 0x38, 0xff, 0xc0, 0x7c, 0x40, 0xff, 0xc0, 0x7c, 0x38, 0xff,
    0xc0, 0x7c, 0x38, 0xff, 0xc0, 0x80, 0x40, 0xff, 0xc8, 0x84, 0x40, 0xff,
    0xc8, 0x88, 0x40, 0xff, 0xc8, 0x84, 0x40, 0xff, 0xc8, 0x84, 0x40, 0xff,
    0xc8, 0x88, 0x40, 0xff, 0xc8, 0x88, 0x40, 0xff, 0xc8, 0x88, 0x40, 0xff,
    0xc8, 0x90, 0x48, 0xff, 0xd0, 0x90, 0x48, 0xff, 0xd0, 0x90, 0x48, 0xff,
    0xc8, 0x90, 0x40, 0xff, 0xc8, 0x8c, 0x48, 0xff, 0xd0, 0x90, 0x48, 0xff,
    0x98, 0x44, 0x30, 0xff, 0x98, 0x44, 0x30, 0xff, 0x98, 0x48, 0x30, 0xff,
    0x98, 0x48, 0x30, 0xff, 0x98, 0x4c, 0x28, 0xff, 0x98, 0x4c, 0x28, 0xff,
    0xa0, 0x4c, 0x30, 0xff, 0xa0, 0x4c, 0x30, 0xff, 0x98, 0x50, 0x30, 0xff,
    0x98, 0x4c, 0x30, 0xff, 0xa0, 0x4c, 0x30, 0xff, 0xa0, 0x4c, 0x28, 0xff,
    0xa0, 0x4c, 0x30, 0xff, 0x98, 0x4c, 0x28, 0xff, 0xa0, 0x50, 0x30, 0xff,
    0xa0, 0x4c, 0x30, 0xff, 0x98, 0x4c, 0x30, 0xff, 0xa0, 0x50, 0x30, 0xff,
    0x98, 0x4c, 0x30, 0xff, 0xa0, 0x4c, 0x30, 0xff, 0x98, 0x4c, 0x28, 0xff,
    0xa0, 0x4c, 0x28, 0xff, 0x98, 0x4c, 0x30, 0xff, 0x98, 0x4c, 0x28, 0xff,
    0x98, 0x50, 0x30, 0xff, 0xa0, 0x4c, 0x30, 0xff, 0xa0, 0x4c, 0x28, 0xff,
    0x98, 0x4c, 0x30, 0xff, 0x98, 0x4c, 0x30, 0xff, 0xa0, 0x4c, 0x30, 0xff,
    0x98, 0x50, 0x28, 0xff, 0x98, 0x4c, 0x28, 0xff, 0xa0, 0x4c, 0x30, 0xff,
    0x98, 0x4c, 0x30, 0xff, 0x98, 0x4c, 0x28, 0xff, 0x98, 0x4c, 0x30, 0xff,
    0xa0, 0x4c, 0x28, 0xff, 0xa0, 0x50, 0x30, 0xff, 0xa0, 0x54, 0x30, 0xff,
    0xa0, 0x54, 0x30, 0xff, 0xa0, 0x54, 0x30, 0xff, 0xa0, 0x54, 0x30, 0xff,
    0xa8, 0x58, 0x30, 0xff, 0xa8, 0x54, 0x30, 0xff, 0xa8, 0x58, 0x30, 0xff,
    0xa0, 0x54, 0x30, 0xff, 0xa0, 0x54, 0x30, 0xff, 0xa8, 0x58, 0x30, 0xff,
    0xa8, 0x5c, 0x30, 0xff, 0xa8, 0x60, 0x30, 0xff, 0xb0, 0x60, 0x30, 0xff,
    0xb0, 0x68, 0x40, 0xff, 0xe0, 0xcc, 0xc0, 0xff, 0xf8, 0xfc, 0xf8, 0xff,
    0xf8, 0xfc, 0xf8, 0xff, 0xf8, 0xfc, 0xf8, 0xff, 0xf8, 0xfc, 0xf8, 0xff,
    0xe0, 0xc4, 0xb8, 0xff, 0xb0, 0x6c, 0x38, 0xff, 0xb8, 0x70, 0x38, 0xff,
    0xb8, 0x74, 0x38, 0xff, 0xb8, 0x70, 0x38, 0xff, 0xc0, 0x78, 0x38, 0xff,
    0xc0, 0x7c, 0x38, 0xff, 0xb8, 0x7c, 0x38, 0xff, 0xc0, 0x7c, 0x38, 0xff,
    0xc0, 0x84, 0x40, 0xff, 0xc8, 0x84, 0x40, 0xff, 0xc8, 0x84, 0x40, 0xff,
    0xc8, 0x88, 0x40, 0xff, 0xc8, 0x88, 0x40, 0xff, 0xc8, 0x84, 0x40, 0xff,
    0xc8, 0x88, 0x40, 0xff, 0xc8, 0x8c, 0x40, 0xff, 0xd0, 0x90, 0x48, 0xff,
    0xd0, 0x90, 0x48, 0xff, 0xd0, 0x8c, 0x40, 0xff, 0xc8, 0x8c, 0x48, 0xff,
    0xd0, 0x90, 0x40, 0xff, 0xd0, 0x90, 0x48, 0xff, 0x98, 0x48, 0x28, 0xff,
    0x98, 0x4c, 0x30, 0xff, 0xa0, 0x50, 0x30, 0xff, 0xa0, 0x4c, 0x28, 0xff,
    0xa0, 0x4c, 0x28, 0xff, 0xa0, 0x4c, 0x30, 0xff, 0x98, 0x4c, 0x30, 0xff,
    0xa0, 0x50, 0x28, 0xff, 0xa0, 0x4c, 0x28, 0xff, 0xa0, 0x4c, 0x28, 0xff,
    0xa0, 0x4c, 0x30, 0xff, 0x98, 0x4c, 0x30, 0xff, 0x98, 0x50, 0x28, 0xff,
    0xa0, 0x4c, 0x30, 0xff, 0xa0, 0x4c, 0x30, 0xff, 0x98, 0x4c, 0x30, 0xff,
    0x98, 0x4c, 0x28, 0xff, 0xa0, 0x50, 0x30, 0xff, 0xa0, 0x4c, 0x30, 0xff,
    0x98, 0x4c, 0x30, 0xff, 0xa0, 0x4c, 0x28, 0xff, 0xa0, 0x4c, 0x30, 0xff,
    0xa0, 0x4c, 0x30, 0xff, 0xa0, 0x4c, 0x28, 0xff, 0xa0, 0x4c, 0x30, 0xff,
    0xa0, 0x4c, 0x30, 0xff, 0x98, 0x4c, 0x30, 0xff, 0xa0, 0x50, 0x28, 0xff,
    0xa0, 0x50, 0x28, 0xff, 0x98, 0x4c, 0x28, 0xff, 0xa0, 0x4c, 0x28, 0xff,
    0xa0, 0x4c, 0x30, 0xff, 0xa0, 0x4c, 0x28, 0xff, 0xa0, 0x4c, 0x28, 0xff,
    0xa0, 0x4c, 0x30, 0xff, 0xa0, 0x50, 0x28, 0xff, 0xa0, 0x54, 0x30, 0xff,
    0xa0, 0x54, 0x30, 0xff, 0xa0, 0x54, 0x30, 0xff, 0xa0, 0x54, 0x30, 0xff,
    0xa8, 0x54, 0x30, 0xff, 0xa8, 0x58, 0x30, 0xff, 0xa0, 0x54, 0x30, 0xff,
    0xa0, 0x54, 0x30, 0xff, 0xa0, 0x54, 0x30, 0xff, 0xa0, 0x54, 0x30, 0xff,
    0xa8, 0x54, 0x30, 0xff, 0xa8, 0x5c, 0x30, 0xff, 0xa8, 0x60, 0x30, 0xff,
    0xa8, 0x60, 0x30, 0xff, 0xa8, 0x60, 0x38, 0xff, 0xa8, 0x60, 0x30, 0xff,
    0xb0, 0x60, 0x38, 0xff, 0xc0, 0x8c, 0x78, 0xff, 0xd8, 0xb8, 0xb0, 0xff,
    0xd8, 0xbc, 0xb0, 0xff, 0xc0, 0x90, 0x70, 0xff, 0xb0, 0x6c, 0x38, 0xff,
    0xb0, 0x68, 0x30, 0xff, 0xb8, 0x70, 0x38, 0xff, 0xb8, 0x74, 0x38, 0xff,
    0xb8, 0x70, 0x38, 0xff, 0xc0, 0x7c, 0x38, 0xff, 0xc0, 0x7c, 0x38, 0xff,
    0xc0, 0x7c, 0x38, 0xff, 0xc0, 0x7c, 0x40, 0xff, 0xc0, 0x84, 0x40, 0xff,
    0xc8, 0x88, 0x40, 0xff, 0xc8, 0x88, 0x40, 0xff, 0xc8, 0x84, 0x40, 0xff,
    0xc8, 0x88, 0x38, 0xff, 0xc8, 0x84, 0x40, 0xff, 0xc8, 0x8c, 0x40, 0xff,
    0xc8, 0x90, 0x48, 0xff, 0xd0, 0x90, 0x48, 0xff, 0xc8, 0x90, 0x40, 0xff,
    0xc8, 0x90, 0x48, 0xff, 0xd0, 0x90, 0x48, 0xff, 0xd0, 0x90, 0x48, 0xff,
    0xd0, 0x90, 0x40, 0xff, 0xa0, 0x4c, 0x30, 0xff, 0xa0, 0x4c, 0x30, 0xff,
    0x98, 0x4c, 0x28, 0xff, 0x98, 0x4c, 0x30, 0xff, 0xa0, 0x50, 0x30, 0xff,
    0xa0, 0x4c, 0x30, 0xff, 0xa0, 0x4c, 0x30, 0xff, 0x98, 0x4c, 0x28, 0xff,
    0xa0, 0x4c, 0x30, 0xff, 0x98, 0x4c, 0x30, 0xff, 0x98, 0x4c, 0x28, 0xff,
    0xa0, 0x50, 0x30, 0xff, 0xa0, 0x4c, 0x30, 0xff, 0x98, 0x4c, 0x28, 0xff,
    0xa0, 0x4c, 0x30, 0xff, 0xa0, 0x50, 0x28, 0xff, 0xa0, 0x4c, 0x28, 0xff,
    0xa0, 0x4c, 0x30, 0xff, 0xa0, 0x4c, 0x28, 0xff, 0xa0, 0x4c, 0x28, 0xff,
    0xa0, 0x50, 0x30, 0xff, 0xa0, 0x50, 0x30, 0xff, 0xa0, 0x50, 0x30, 0xff,
    0xa0, 0x50, 0x30, 0xff, 0xa0, 0x50, 0x28, 0xff, 0xa0, 0x4c, 0x30, 0xff,
    0xa0, 0x4c, 0x28, 0xff, 0xa0, 0x4c, 0x30, 0xff, 0xa0, 0x4c, 0x30, 0xff,
    0xa0, 0x4c, 0x30, 0xff, 0xa0, 0x4c, 0x30, 0xff, 0xa0, 0x50, 0x30, 0xff,
    0xa0, 0x50, 0x30, 0xff, 0xa0, 0x54, 0x30, 0xff, 0xa0, 0x54, 0x30, 0xff,
    0xa8, 0x54, 0x30, 0xff, 0xa8, 0x54, 0x30, 0xff, 0xa0, 0x54, 0x30, 0xff,
    0xa0, 0x54, 0x30, 0xff, 0xa8, 0x54, 0x30, 0xff, 0xa0, 0x58, 0x30, 0xff,
    0xa0, 0x54, 0x30, 0xff, 0xa8, 0x54, 0x30, 0xff, 0xa0, 0x58, 0x30, 0xff,
    0xa0, 0x54, 0x30, 0xff, 0xa8, 0x58, 0x30, 0xff, 0xa8, 0x5c, 0x30, 0xff,
    0xa8, 0x60, 0x30, 0xff, 0xa8, 0x60, 0x30, 0xff, 0xb0, 0x60, 0x38, 0xff,
    0xa8, 0x5c, 0x30, 0xff, 0xa8, 0x5c, 0x30, 0xff, 0xa8, 0x60, 0x30, 0xff,
    0xb0, 0x60, 0x30, 0xff, 0xb0, 0x68, 0x38, 0xff, 0xb0, 0x68, 0x38, 0xff,
    0xb0, 0x68, 0x38, 0xff, 0xb0, 0x68, 0x30, 0xff, 0xb0, 0x68, 0x38, 0xff,
    0xb8, 0x70, 0x38, 0xff, 0xb8, 0x74, 0x38, 0xff, 0xb8, 0x70, 0x40, 0xff,
    0xc0, 0x78, 0x40, 0xff, 0xc0, 0x7c, 0x38, 0xff, 0xc0, 0x7c, 0x40, 0xff,
    0xc0, 0x7c, 0x38, 0xff, 0xc0, 0x84, 0x40, 0xff, 0xc8, 0x84, 0x40, 0xff,
    0xc8, 0x88, 0x40, 0xff, 0xc8, 0x84, 0x40, 0xff, 0xc8, 0x84, 0x40, 0xff,
    0xc8, 0x88, 0x40, 0xff, 0xd0, 0x8c, 0x40, 0xff, 0xc8, 0x90, 0x48, 0xff,
    0xd0, 0x90, 0x48, 0xff, 0xd0, 0x8c, 0x48, 0xff, 0xd0, 0x90, 0x48, 0xff,
    0xc8, 0x90, 0x48, 0xff, 0xd0, 0x8c, 0x48, 0xff, 0xc8, 0x8c, 0x48, 0xff,
    0xa0, 0x4c, 0x30, 0xff, 0x98, 0x4c, 0x28, 0xff, 0xa0, 0x4c, 0x28, 0xff,
    0xa0, 0x4c, 0x30, 0xff, 0x98, 0x4c, 0x30, 0xff, 0x98, 0x50, 0x28, 0xff,
    0x98, 0x4c, 0x28, 0xff, 0xa0, 0x50, 0x30, 0xff, 0x98, 0x4c, 0x30, 0xff,
    0xa0, 0x4c, 0x30, 0xff, 0xa0, 0x50, 0x28, 0xff, 0xa0, 0x4c, 0x30, 0xff,
    0xa0, 0x4c, 0x28, 0xff, 0xa0, 0x50, 0x30, 0xff, 0xa0, 0x50, 0x30, 0xff,
    0xa0, 0x50, 0x30, 0xff, 0xa0, 0x54, 0x30, 0xff, 0xa0, 0x54, 0x30, 0xff,
    0xa0, 0x54, 0x30, 0xff, 0xa0, 0x54, 0x30, 0xff, 0xa0, 0x54, 0x30, 0xff,
    0xa0, 0x54, 0x30, 0xff, 0xa0, 0x54, 0x30, 0xff, 0xa0, 0x54, 0x30, 0xff,
    0xa0, 0x54, 0x30, 0xff, 0xa0, 0x54, 0x30, 0xff, 0xa0, 0x54, 0x30, 0xff,
    0xa0, 0x54, 0x30, 0xff, 0xa0, 0x54, 0x30, 0xff, 0xa0, 0x54, 0x30, 0xff,
    0xa0, 0x54, 0x30, 0xff, 0xa0, 0x54, 0x30, 0xff, 0xa0, 0x54, 0x30, 0xff,
    0xa0, 0x54, 0x30, 0xff, 0xa0, 0x54, 0x30, 0xff, 0xa0, 0x54, 0x30, 0xff,
    0xa0, 0x54, 0x30, 0xff, 0xa0, 0x54, 0x30, 0xff, 0xa8, 0x54, 0x30, 0xff,
    0xa0, 0x58, 0x30, 0xff, 0xa8, 0x54, 0x30, 0xff, 0xa0, 0x54, 0x30, 0xff,
    0xa0, 0x54, 0x30, 0xff, 0xa8, 0x54, 0x30, 0xff, 0xa8, 0x58, 0x30, 0xff,
    0xa8, 0x5c, 0x30, 0xff, 0xa8, 0x60, 0x30, 0xff, 0xa8, 0x60, 0x30, 0xff,
    0xa8, 0x60, 0x38, 0xff, 0xa8, 0x5c, 0x30, 0xff, 0xb0, 0x60, 0x30, 0xff,
    0xa8, 0x60, 0x38, 0xff, 0xa8, 0x60, 0x30, 0xff, 0xb0, 0x64, 0x30, 0xff,
    0xb0, 0x68, 0x38, 0xff, 0xb0, 0x68, 0x38, 0xff, 0xb0, 0x6c, 0x30, 0xff,
    0xb0, 0x68, 0x38, 0xff, 0xb0, 0x68, 0x38, 0xff, 0xb8, 0x70, 0x38, 0xff,
    0xb8, 0x74, 0x38, 0xff, 0xb8, 0x70, 0x38, 0xff, 0xc0, 0x78, 0x38, 0xff,
    0xc0, 0x7c, 0x38, 0xff, 0xc0, 0x7c, 0x38, 0xff, 0xc0, 0x7c, 0x38, 0xff,
    0xc0, 0x84, 0x40, 0xff, 0xc8, 0x88, 0x40, 0xff, 0xc8, 0x84, 0x40, 0xff,
    0xc8, 0x88, 0x40, 0xff, 0xc0, 0x88, 0x40, 0xff, 0xc8, 0x88, 0x40, 0xff,
    0xd0, 0x90, 0x48, 0xff, 0xd0, 0x90, 0x48, 0xff, 0xc8, 0x90, 0x48, 0xff,
    0xd0, 0x90, 0x40, 0xff, 0xd0, 0x8c, 0x48, 0xff, 0xd0, 0x90, 0x48, 0xff,
    0xc8, 0x90, 0x40, 0xff, 0xd0, 0x90, 0x48, 0xff, 0x98, 0x4c, 0x28, 0xff,
    0xa0, 0x4c, 0x30, 0xff, 0xa0, 0x50, 0x30, 0xff, 0xa0, 0x50, 0x28, 0xff,
    0xa0, 0x4c, 0x30, 0xff, 0xa0, 0x4c, 0x30, 0xff, 0xa0, 0x4c, 0x30, 0xff,
    0xa0, 0x4c, 0x28, 0xff, 0xa0, 0x4c, 0x30, 0xff, 0xa0, 0x50, 0x28, 0xff,
    0xa0, 0x50, 0x30, 0xff, 0xa0, 0x54, 0x30, 0xff, 0xa0, 0x54, 0x30, 0xff,
    0xa0, 0x58, 0x30, 0xff, 0xa0, 0x54, 0x30, 0xff, 0xa8, 0x54, 0x30, 0xff,
    0xa0, 0x54, 0x30, 0xff, 0xa0, 0x54, 0x30, 0xff, 0xa8, 0x58, 0x30, 0xff,
    0xa0, 0x54, 0x30, 0xff, 0xa0, 0x58, 0x30, 0xff, 0xa8, 0x54, 0x30, 0xff,
    0xa0, 0x54, 0x30, 0xff, 0xa0, 0x54, 0x30, 0xff, 0xa8, 0x54, 0x30, 0xff,
    0xa0, 0x58, 0x30, 0xff, 0xa0, 0x54, 0x30, 0xff, 0xa8, 0x58, 0x30, 0xff,
    0xa0, 0x54, 0x30, 0xff, 0xa0, 0x58, 0x30, 0xff, 0xa8, 0x58, 0x30, 0xff,
    0xa0, 0x54, 0x30, 0xff, 0xa0, 0x54, 0x30, 0xff, 0xa8, 0x54, 0x30, 0xff,
    0xa0, 0x58, 0x30, 0xff, 0xa0, 0x54, 0x30, 0xff, 0xa0, 0x58, 0x30, 0xff,
    0xa8, 0x58, 0x30, 0xff, 0xa8, 0x54, 0x30, 0xff, 0xa0, 0x54, 0x30, 0xff,
    0xa0, 0x58, 0x30, 0xff, 0xa8, 0x54, 0x30, 0xff, 0xa0, 0x54, 0x30, 0xff,
    0xa8, 0x58, 0x30, 0xff, 0xa8, 0x5c, 0x38, 0xff, 0xa8, 0x60, 0x30, 0xff,
    0xa8, 0x60, 0x30, 0xff, 0xb0, 0x60, 0x38, 0xff, 0xa8, 0x5c, 0x30, 0xff,
    0xb0, 0x60, 0x30, 0xff, 0xa8, 0x60, 0x30, 0xff, 0xa8, 0x60, 0x30, 0xff,
    0xb0, 0x60, 0x38, 0xff, 0xb0, 0x68, 0x38, 0xff, 0xb0, 0x68, 0x38, 0xff,
    0xb0, 0x68, 0x30, 0xff, 0xb0, 0x68, 0x30, 0xff, 0xb0, 0x68, 0x38, 0xff,
    0xb0, 0x6c, 0x38, 0xff, 0xb8, 0x70, 0x38, 0xff, 0xb8, 0x74, 0x38, 0xff,
    0xb8, 0x74, 0x38, 0xff, 0xb8, 0x74, 0x38, 0xff, 0xc0, 0x7c, 0x40, 0xff,
    0xc0, 0x7c, 0x38, 0xff, 0xc0, 0x7c, 0x40, 0xff, 0xc8, 0x84, 0x40, 0xff,
    0xc8, 0x88, 0x40, 0xff, 0xc8, 0x88, 0x40, 0xff, 0xc8, 0x84, 0x40, 0xff,
    0xc8, 0x88, 0x40, 0xff, 0xc8, 0x8c, 0x40, 0xff, 0xc8, 0x90, 0x48, 0xff,
    0xd0, 0x90, 0x48, 0xff, 0xd0, 0x90, 0x40, 0xff, 0xc8, 0x8c, 0x48, 0xff,
    0xc8, 0x90, 0x48, 0xff, 0xc8, 0x90, 0x40, 0xff, 0xd0, 0x90, 0x48, 0xff,
    0xd0, 0x90, 0x48, 0xff, 0xa0, 0x4c, 0x30, 0xff, 0xa0, 0x4c, 0x30, 0xff,
    0x98, 0x4c, 0x28, 0xff, 0x98, 0x4c, 0x30, 0xff, 0x98, 0x4c, 0x28, 0xff,
    0xa0, 0x4c, 0x28, 0xff, 0xa0, 0x50, 0x30, 0xff, 0xa0, 0x50, 0x30, 0xff,
    0xa0, 0x54, 0x30, 0xff, 0xa0, 0x54, 0x30, 0xff, 0xa8, 0x54, 0x30, 0xff,
    0xa0, 0x54, 0x30, 0xff, 0xa0, 0x54, 0x30, 0xff, 0xa8, 0x54, 0x30, 0xff,
    0xa0, 0x54, 0x30, 0xff, 0xa0, 0x54, 0x30, 0xff, 0xa8, 0x58, 0x30, 0xff,
    0xa8, 0x54, 0x30, 0xff, 0xa0, 0x54, 0x30, 0xff, 0xa8, 0x54, 0x30, 0xff,
    0xa8, 0x54, 0x30, 0xff, 0xa0, 0x54, 0x30, 0xff, 0xa8, 0x54, 0x30, 0xff,
    0xa8, 0x58, 0x30, 0xff, 0xa0, 0x54, 0x30, 0xff, 0xa8, 0x54, 0x30, 0xff,
    0xa8, 0x54, 0x30, 0xff, 0xa0, 0x54, 0x30, 0xff, 0xa8, 0x54, 0x30, 0xff,
    0xa8, 0x54, 0x30, 0xff, 0xa0, 0x54, 0x30, 0xff, 0xa8, 0x54, 0x30, 0xff,
    0xa8, 0x54, 0x30, 0xff, 0xa0, 0x58, 0x30, 0xff, 0xa8, 0x54, 0x30, 0xff,
    0xa8, 0x54, 0x30, 0xff, 0xa8, 0x54, 0x30, 0xff, 0xa0, 0x54, 0x30, 0xff,
    0xa0, 0x54, 0x30, 0xff, 0xa0, 0x54, 0x30, 0xff, 0xa0, 0x54, 0x30, 0xff,
    0xa8, 0x58, 0x30, 0xff, 0xa8, 0x5c, 0x30, 0xff, 0xa8, 0x60, 0x30, 0xff,
    0xa8, 0x60, 0x30, 0xff, 0xa8, 0x60, 0x30, 0xff, 0xb0, 0x60, 0x38, 0xff,
    0xa8, 0x5c, 0x30, 0xff, 0xa8, 0x60, 0x30, 0xff, 0xa8, 0x60, 0x30, 0xff,
    0xa8, 0x5c, 0x38, 0xff, 0xb0, 0x60, 0x30, 0xff, 0xb0, 0x68, 0x30, 0xff,
    0xb0, 0x68, 0x38, 0xff, 0xb0, 0x68, 0x38, 0xff, 0xb0, 0x68, 0x30, 0xff,
    0xb0, 0x6c, 0x38, 0xff, 0xb0, 0x68, 0x38, 0xff, 0xb8, 0x6c, 0x38, 0xff,
    0xb8, 0x74, 0x38, 0xff, 0xb8, 0x74, 0x38, 0xff, 0xb8, 0x70, 0x38, 0xff,
    0xb8, 0x74, 0x40, 0xff, 0xc0, 0x7c, 0x38, 0xff, 0xc0, 0x7c, 0x38, 0xff,
    0xc0, 0x7c, 0x38, 0xff, 0xc8, 0x88, 0x40, 0xff, 0xc8, 0x88, 0x40, 0xff,
    0xc8, 0x84, 0x40, 0xff, 0xc8, 0x84, 0x40, 0xff, 0xc8, 0x88, 0x40, 0xff,
    0xd0, 0x90, 0x48, 0xff, 0xd0, 0x90, 0x48, 0xff, 0xc8, 0x90, 0x40, 0xff,
    0xd0, 0x8c, 0x48, 0xff, 0xd0, 0x90, 0x48, 0xff, 0xc8, 0x90, 0x40, 0xff,
    0xd0, 0x8c, 0x48, 0xff, 0xd0, 0x90, 0x48, 0xff, 0xd0, 0x98, 0x48, 0xff,
    0xa0, 0x4c, 0x30, 0xff, 0x98, 0x4c, 0x28, 0xff, 0xa0, 0x4c, 0x30, 0xff,
    0xa0, 0x4c, 0x30, 0xff, 0xa0, 0x50, 0x30, 0xff, 0xa0, 0x54, 0x30, 0xff,
    0xa0, 0x54, 0x30, 0xff, 0xa0, 0x54, 0x30, 0xff, 0xa0, 0x54, 0x30, 0xff,
    0xa0, 0x54, 0x30, 0xff, 0xa0, 0x54, 0x30, 0xff, 0xa0, 0x54, 0x30, 0xff,
    0xa0, 0x54, 0x30, 0xff, 0xa8, 0x54, 0x30, 0xff, 0xa0, 0x54, 0x30, 0xff,
    0xa0, 0x54, 0x30, 0xff, 0xa0, 0x54, 0x30, 0xff, 0xa0, 0x54, 0x30, 0xff,
    0xa0, 0x54, 0x30, 0xff, 0xa0, 0x54, 0x30, 0xff, 0xa0, 0x54, 0x30, 0xff,
    0xa0, 0x54, 0x30, 0xff, 0xa0, 0x54, 0x30, 0xff, 0xa0, 0x54, 0x30, 0xff,
    0xa0, 0x54, 0x30, 0xff, 0xa0, 0x54, 0x30, 0xff, 0xa0, 0x54, 0x30, 0xff,
    0xa0, 0x54, 0x30, 0xff, 0xa0, 0x54, 0x30, 0xff, 0xa0, 0x54, 0x30, 0xff,
    0xa0, 0x54, 0x30, 0xff, 0xa0, 0x54, 0x30, 0xff, 0xa0, 0x54, 0x30, 0xff,
    0xa0, 0x54, 0x30, 0xff, 0xa0, 0x54, 0x30, 0xff, 0xa0, 0x54, 0x30, 0xff,
    0xa0, 0x54, 0x30, 0xff, 0xa0, 0x54, 0x30, 0xff, 0xa8, 0x58, 0x30, 0xff,
    0xa8, 0x58, 0x30, 0xff, 0xa8, 0x5c, 0x30, 0xff, 0xa8, 0x60, 0x30, 0xff,
    0xa8, 0x60, 0x30, 0xff, 0xa8, 0x60, 0x30, 0xff, 0xa8, 0x60, 0x30, 0xff,
    0xa8, 0x60, 0x30, 0xff, 0xa8, 0x5c, 0x30, 0xff, 0xa8, 0x60, 0x30, 0xff,
    0xa8, 0x60, 0x30, 0xff, 0xa8, 0x60, 0x30, 0xff, 0xa8, 0x60, 0x30, 0xff,
    0xb0, 0x64, 0x38, 0xff, 0xb0, 0x68, 0x38, 0xff, 0xb0, 0x68, 0x38, 0xff,
    0xb0, 0x68, 0x30, 0xff, 0xb0, 0x68, 0x38, 0xff, 0xb0, 0x68, 0x38, 0xff,
    0xb0, 0x68, 0x30, 0xff, 0xb8, 0x70, 0x38, 0xff, 0xb8, 0x70, 0x38, 0xff,
    0xb8, 0x70, 0x38, 0xff, 0xb8, 0x70, 0x38, 0xff, 0xb8, 0x74, 0x38, 0xff,
    0xc0, 0x7c, 0x38, 0xff, 0xc0, 0x7c, 0x38, 0xff, 0xc0, 0x7c, 0x38, 0xff,
    0xc8, 0x84, 0x40, 0xff, 0xc8, 0x84, 0x40, 0xff, 0xc8, 0x84, 0x40, 0xff,
    0xc8, 0x88, 0x40, 0xff, 0xc8, 0x8c, 0x40, 0xff, 0xc8, 0x90, 0x48, 0xff,
    0xd0, 0x90, 0x48, 0xff, 0xd0, 0x8c, 0x48, 0xff, 0xc8, 0x90, 0x48, 0xff,
    0xd0, 0x90, 0x48, 0xff, 0xd0, 0x90, 0x48, 0xff, 0xd0, 0x90, 0x48, 0xff,
    0xd0, 0x98, 0x48, 0xff, 0xd0, 0x98, 0x48, 0xff
};
