// 4.24.1 0x05eebcc4 D2 R0 FRGB565 U565 N0 SExtFlashSection
// Generated by imageconverter. Please, do not edit!

#include <touchgfx/hal/Config.hpp>

LOCATION_PRAGMA("ExtFlashSection")
KEEP extern const unsigned char image_smpte_color_bars_svg[] LOCATION_ATTRIBUTE("ExtFlashSection") = { // 320x240 RGB565 pixels.
    0x18, 0xc6, 0x18, 0xc6, 0x18, 0xc6, 0x18, 0xc6, 0x18, 0xc6, 0x18, 0xc6,
    0x18, 0xc6, 0x18, 0xc6, 0x18, 0xc6, 0x18, 0xc6, 0x18, 0xc6, 0x18, 0xc6,
    0x18, 0xc6, 0x18, 0xc6, 0x18, 0xc6, 0x18, 0xc6, 0x18, 0xc6, 0x18, 0xc6,
    0x18, 0xc6, 0x18, 0xc6, 0x18, 0xc6, 0x18, 0xc6, 0x18, 0xc6, 0x18, 0xc6,
    0x18, 0xc6, 0x18, 0xc6, 0x18, 0xc6, 0x18, 0xc6, 0x18, 0xc6, 0x18, 0xc6,
    0x18, 0xc6, 0x18, 0xc6, 0x18, 0xc6, 0x18, 0xc6, 0x18, 0xc6, 0x18, 0xc6,
    0x18, 0xc6, 0x18, 0xc6, 0x18, 0xc6, 0x18, 0xc6, 0x18, 0xc6, 0x18, 0xc6,
    0x18, 0xc6, 0x18, 0xc6, 0x18, 0xc6, 0xf8, 0xbd, 0x00, 0xc6, 0x00, 0xc6,
    0x00, 0xc6, 0x00, 0xc6, 0x00, 0xc6, 0x00, 0xc6, 0x00, 0xc6, 0x00, 0xc6,
    0x00, 0xc6, 0x00, 0xc6, 0x00, 0xc6, 0x00, 0xc6, 0x00, 0xc6, 0x00, 0xc6,
    0x00, 0xc6, 0x00, 0xc6, 0x00, 0xc6, 0x00, 0xc6, 0x00, 0xc6, 0x00, 0xc6,
    0x00, 0xc6, 0x00, 0xc6, 0x00, 0xc6, 0x00, 0xc6, 0x00, 0xc6, 0x00, 0xc6,
    0x00, 0xc6, 0x00, 0xc6, 0x00, 0xc6, 0x00, 0xc6, 0x00, 0xc6, 0x00, 0xc6,
    0x00, 0xc6, 0x00, 0xc6, 0x00, 0xc6, 0x00, 0xc6, 0x00, 0xc6, 0x00, 0xc6,
    0x00, 0xc6, 0x00, 0xc6, 0x00, 0xc6, 0x00, 0xc6, 0x00, 0xc6, 0x00, 0xc6,
    0x00, 0xc6, 0xf8, 0xbd, 0x18, 0x06, 0x18, 0x06, 0x18, 0x06, 0x18, 0x06,
    0x18, 0x06, 0x18, 0x06, 0x18, 0x06, 0x18, 0x06, 0x18, 0x06, 0x18, 0x06,
    0x18, 0x06, 0x18, 0x06, 0x18, 0x06, 0x18, 0x06, 0x18, 0x06, 0x18, 0x06,
    0x18, 0x06, 0x18, 0x06, 0x18, 0x06, 0x18, 0x06, 0x18, 0x06, 0x18, 0x06,
    0x18, 0x06, 0x18, 0x06, 0x18, 0x06, 0x18, 0x06, 0x18, 0x06, 0x18, 0x06,
    0x18, 0x06, 0x18, 0x06, 0x18, 0x06, 0x18, 0x06, 0x18, 0x06, 0x18, 0x06,
    0x18, 0x06, 0x18, 0x06, 0x18, 0x06, 0x18, 0x06, 0x18, 0x06, 0x18, 0x06,
    0x18, 0x06, 0x18, 0x06, 0x18, 0x06, 0x18, 0x06, 0x18, 0x06, 0xe2, 0x04,
    0x00, 0x06, 0x00, 0x06, 0x00, 0x06, 0x00, 0x06, 0x00, 0x06, 0x00, 0x06,
    0x00, 0x06, 0x00, 0x06, 0x00, 0x06, 0x00, 0x06, 0x00, 0x06, 0x00, 0x06,
    0x00, 0x06, 0x00, 0x06, 0x00, 0x06, 0x00, 0x06, 0x00, 0x06, 0x00, 0x06,
    0x00, 0x06, 0x00, 0x06, 0x00, 0x06, 0x00, 0x06, 0x00, 0x06, 0x00, 0x06,
    0x00, 0x06, 0x00, 0x06, 0x00, 0x06, 0x00, 0x06, 0x00, 0x06, 0x00, 0x06,
    0x00, 0x06, 0x00, 0x06, 0x00, 0x06, 0x00, 0x06, 0x00, 0x06, 0x00, 0x06,
    0x00, 0x06, 0x00, 0x06, 0x00, 0x06, 0x00, 0x06, 0x00, 0x06, 0x00, 0x06,
    0x00, 0x06, 0x00, 0x06, 0x27, 0x3b, 0x18, 0xc0, 0x18, 0xc0, 0x18, 0xc0,
    0x18, 0xc0, 0x18, 0xc0, 0x18, 0xc0, 0x18, 0xc0, 0x18, 0xc0, 0x18, 0xc0,
    0x18, 0xc0, 0x18, 0xc0, 0x18, 0xc0, 0x18, 0xc0, 0x18, 0xc0, 0x18, 0xc0,
    0x18, 0xc0, 0x18, 0xc0, 0x18, 0xc0, 0x18, 0xc0, 0x18, 0xc0, 0x18, 0xc0,
    0x18, 0xc0, 0x18, 0xc0, 0x18, 0xc0, 0x18, 0xc0, 0x18, 0xc0, 0x18, 0xc0,
    0x18, 0xc0, 0x18, 0xc0, 0x18, 0xc0, 0x18, 0xc0, 0x18, 0xc0, 0x18, 0xc0,
    0x18, 0xc0, 0x18, 0xc0, 0x18, 0xc0, 0x18, 0xc0, 0x18, 0xc0, 0x18, 0xc0,
    0x18, 0xc0, 0x18, 0xc0, 0x18, 0xc0, 0x18, 0xc0, 0x18, 0xc0, 0x18, 0xc0,
    0x18, 0xc0, 0x00, 0xc0, 0x00, 0xc0, 0x00, 0xc0, 0x00, 0xc0, 0x00, 0xc0,
    0x00, 0xc0, 0x00, 0xc0, 0x00, 0xc0, 0x00, 0xc0, 0x00, 0xc0, 0x00, 0xc0,
    0x00, 0xc0, 0x00, 0xc0, 0x00, 0xc0, 0x00, 0xc0, 0x00, 0xc0, 0x00, 0xc0,
    0x00, 0xc0, 0x00, 0xc0, 0x00, 0xc0, 0x00, 0xc0, 0x00, 0xc0, 0x00, 0xc0,
    0x00, 0xc0, 0x00, 0xc0, 0x00, 0xc0, 0x00, 0xc0, 0x00, 0xc0, 0x00, 0xc0,
    0x00, 0xc0, 0x00, 0xc0, 0x00, 0xc0, 0x00, 0xc0, 0x00, 0xc0, 0x00, 0xc0,
    0x00, 0xc0, 0x00, 0xc0, 0x00, 0xc0, 0x00, 0xc0, 0x00, 0xc0, 0x00, 0xc0,
    0x00, 0xc0, 0x00, 0xc0, 0x00, 0xc0, 0x00, 0xc0, 0x0d, 0x30, 0x18, 0x00,
    0x18, 0x00, 0x18, 0x00, 0x18, 0x00, 0x18, 0x00, 0x18, 0x00, 0x18, 0x00,
    0x18, 0x00, 0x18, 0x00, 0x18, 0x00, 0x18, 0x00, 0x18, 0x00, 0x18, 0x00,
    0x18, 0x00, 0x18, 0x00, 0x18, 0x00, 0x18, 0x00, 0x18, 0x00, 0x18, 0x00,
    0x18, 0x00, 0x18, 0x00, 0x18, 0x00, 0x18, 0x00, 0x18, 0x00, 0x18, 0x00,
    0x18, 0x00, 0x18, 0x00, 0x18, 0x00, 0x18, 0x00, 0x18, 0x00, 0x18, 0x00,
    0x18, 0x00, 0x18, 0x00, 0x18, 0x00, 0x18, 0x00, 0x18, 0x00, 0x18, 0x00,
    0x18, 0x00, 0x18, 0x00, 0x18, 0x00, 0x18, 0x00, 0x18, 0x00, 0x18, 0x00,
    0x18, 0x00, 0x18, 0x00, 0x18, 0xc6, 0x18, 0xc6, 0x18, 0xc6, 0x18, 0xc6,
    0x18, 0xc6, 0x18, 0xc6, 0x18, 0xc6, 0x18, 0xc6, 0x18, 0xc6, 0x18, 0xc6,
    0x18, 0xc6, 0x18, 0xc6, 0x18, 0xc6, 0x18, 0xc6, 0x18, 0xc6, 0x18, 0xc6,
    0x18, 0xc6, 0x18, 0xc6, 0x18, 0xc6, 0x18, 0xc6, 0x18, 0xc6, 0x18, 0xc6,
    0x18, 0xc6, 0x18, 0xc6, 0x18, 0xc6, 0x18, 0xc6, 0x18, 0xc6, 0x18, 0xc6,
    0x18, 0xc6, 0x18, 0xc6, 0x18, 0xc6, 0x18, 0xc6, 0x18, 0xc6, 0x18, 0xc6,
    0x18, 0xc6, 0x18, 0xc6, 0x18, 0xc6, 0x18, 0xc6, 0x18, 0xc6, 0x18, 0xc6,
    0x18, 0xc6, 0x18, 0xc6, 0x18, 0xc6, 0x18, 0xc6, 0x18, 0xc6, 0xf8, 0xbd,
    0x00, 0xc6, 0x00, 0xc6, 0x00, 0xc6, 0x00, 0xc6, 0x00, 0xc6, 0x00, 0xc6,
    0x00, 0xc6, 0x00, 0xc6, 0x00, 0xc6, 0x00, 0xc6, 0x00, 0xc6, 0x00, 0xc6,
    0x00, 0xc6, 0x00, 0xc6, 0x00, 0xc6, 0x00, 0xc6, 0x00, 0xc6, 0x00, 0xc6,
    0x00, 0xc6, 0x00, 0xc6, 0x00, 0xc6, 0x00, 0xc6, 0x00, 0xc6, 0x00, 0xc6,
    0x00, 0xc6, 0x00, 0xc6, 0x00, 0xc6, 0x00, 0xc6, 0x00, 0xc6, 0x00, 0xc6,
    0x00, 0xc6, 0x00, 0xc6, 0x00, 0xc6, 0x00, 0xc6, 0x00, 0xc6, 0x00, 0xc6,
    0x00, 0xc6, 0x00, 0xc6, 0x00, 0xc6, 0x00, 0xc6, 0x00, 0xc6, 0x00, 0xc6,
    0x00, 0xc6, 0x00, 0xc6, 0x00, 0xc6, 0xf8, 0xbd, 0x18, 0x06, 0x18, 0x06,
    0x18, 0x06, 0x18, 0x06, 0x18, 0x06, 0x18, 0x06, 0x18, 0x06, 0x18, 0x06,
    0x18, 0x06, 0x18, 0x06, 0x18, 0x06, 0x18, 0x06, 0x18, 0x06, 0x18, 0x06,
    0x18, 0x06, 0x18, 0x06, 0x18, 0x06, 0x18, 0x06, 0x18, 0x06, 0x18, 0x06,
    0x18, 0x06, 0x18, 0x06, 0x18, 0x06, 0x18, 0x06, 0x18, 0x06, 0x18, 0x06,
    0x18, 0x06, 0x18, 0x06, 0x18, 0x06, 0x18, 0x06, 0x18, 0x06, 0x18, 0x06,
    0x18, 0x06, 0x18, 0x06, 0x18, 0x06, 0x18, 0x06, 0x18, 0x06, 0x18, 0x06,
    0x18, 0x06, 0x18, 0x06, 0x18, 0x06, 0x18, 0x06, 0x18, 0x06, 0x18, 0x06,
    0x18, 0x06, 0xe2, 0x0c, 0x00, 0x06, 0x00, 0x06, 0x00, 0x06, 0x00, 0x06,
    0x00, 0x06, 0x00, 0x06, 0x00, 0x06, 0x00, 0x06, 0x00, 0x06, 0x00, 0x06,
    0x00, 0x06, 0x00, 0x06, 0x00, 0x06, 0x00, 0x06, 0x00, 0x06, 0x00, 0x06,
    0x00, 0x06, 0x00, 0x06, 0x00, 0x06, 0x00, 0x06, 0x00, 0x06, 0x00, 0x06,
    0x00, 0x06, 0x00, 0x06, 0x00, 0x06, 0x00, 0x06, 0x00, 0x06, 0x00, 0x06,
    0x00, 0x06, 0x00, 0x06, 0x00, 0x06, 0x00, 0x06, 0x00, 0x06, 0x00, 0x06,
    0x00, 0x06, 0x00, 0x06, 0x00, 0x06, 0x00, 0x06, 0x00, 0x06, 0x00, 0x06,
    0x00, 0x06, 0x00, 0x06, 0x00, 0x06, 0x00, 0x06, 0x27, 0x3b, 0x18, 0xc0,
    0x18, 0xc0, 0x18, 0xc0, 0x18, 0xc0, 0x18, 0xc0, 0x18, 0xc0, 0x18, 0xc0,
    0x18, 0xc0, 0x18, 0xc0, 0x18, 0xc0, 0x18, 0xc0, 0x18, 0xc0, 0x18, 0xc0,
    0x18, 0xc0, 0x18, 0xc0, 0x18, 0xc0, 0x18, 0xc0, 0x18, 0xc0, 0x18, 0xc0,
    0x18, 0xc0, 0x18, 0xc0, 0x18, 0xc0, 0x18, 0xc0, 0x18, 0xc0, 0x18, 0xc0,
    0x18, 0xc0, 0x18, 0xc0, 0x18, 0xc0, 0x18, 0xc0, 0x18, 0xc0, 0x18, 0xc0,
    0x18, 0xc0, 0x18, 0xc0, 0x18, 0xc0, 0x18, 0xc0, 0x18, 0xc0, 0x18, 0xc0,
    0x18, 0xc0, 0x18, 0xc0, 0x18, 0xc0, 0x18, 0xc0, 0x18, 0xc0, 0x18, 0xc0,
    0x18, 0xc0, 0x18, 0xc0, 0x18, 0xc0, 0x00, 0xc0, 0x00, 0xc0, 0x00, 0xc0,
    0x00, 0xc0, 0x00, 0xc0, 0x00, 0xc0, 0x00, 0xc0, 0x00, 0xc0, 0x00, 0xc0,
    0x00, 0xc0, 0x00, 0xc0, 0x00, 0xc0, 0x00, 0xc0, 0x00, 0xc0, 0x00, 0xc0,
    0x00, 0xc0, 0x00, 0xc0, 0x00, 0xc0, 0x00, 0xc0, 0x00, 0xc0, 0x00, 0xc0,
    0x00, 0xc0, 0x00, 0xc0, 0x00, 0xc0, 0x00, 0xc0, 0x00, 0xc0, 0x00, 0xc0,
    0x00, 0xc0, 0x00, 0xc0, 0x00, 0xc0, 0x00, 0xc0, 0x00, 0xc0, 0x00, 0xc0,
    0x00, 0xc0, 0x00, 0xc0, 0x00, 0xc0, 0x00, 0xc0, 0x00, 0xc0, 0x00, 0xc0,
    0x00, 0xc0, 0x00, 0xc0, 0x00, 0xc0, 0x00, 0xc0, 0x00, 0xc0, 0x00, 0xc0,
    0x0d, 0x30, 0x18, 0x00, 0x18, 0x00, 0x18, 0x00, 0x18, 0x00, 0x18, 0x00,
    0x18, 0x00, 0x18, 0x00, 0x18, 0x00, 0x18, 0x00, 0x18, 0x00, 0x18, 0x00,
    0x18, 0x00, 0x18, 0x00, 0x18, 0x00, 0x18, 0x00, 0x18, 0x00, 0x18, 0x00,
    0x18, 0x00, 0x18, 0x00, 0x18, 0x00, 0x18, 0x00, 0x18, 0x00, 0x18, 0x00,
    0x18, 0x00, 0x18, 0x00, 0x18, 0x00, 0x18, 0x00, 0x18, 0x00, 0x18, 0x00,
    0x18, 0x00, 0x18, 0x00, 0x18, 0x00, 0x18, 0x00, 0x18, 0x00, 0x18, 0x00,
    0x18, 0x00, 0x18, 0x00, 0x18, 0x00, 0x18, 0x00, 0x18, 0x00, 0x18, 0x00,
    0x18, 0x00, 0x18, 0x00, 0x18, 0x00, 0x18, 0x00, 0x18, 0xc6, 0x18, 0xc6,
    0x18, 0xc6, 0x18, 0xc6, 0x18, 0xc6, 0x18, 0xc6, 0x18, 0xc6, 0x18, 0xc6,
    0x18, 0xc6, 0x18, 0xc6, 0x18, 0xc6, 0x18, 0xc6, 0x18, 0xc6, 0x18, 0xc6,
    0x18, 0xc6, 0x18, 0xc6, 0x18, 0xc6, 0x18, 0xc6, 0x18, 0xc6, 0x18, 0xc6,
    0x18, 0xc6, 0x18, 0xc6, 0x18, 0xc6, 0x18, 0xc6, 0x18, 0xc6, 0x18, 0xc6,
    0x18, 0xc6, 0x18, 0xc6, 0x18, 0xc6, 0x18, 0xc6, 0x18, 0xc6, 0x18, 0xc6,
    0x18, 0xc6, 0x18, 0xc6, 0x18, 0xc6, 0x18, 0xc6, 0x18, 0xc6, 0x18, 0xc6,
    0x18, 0xc6, 0x18, 0xc6, 0x18, 0xc6, 0x18, 0xc6, 0x18, 0xc6, 0x18, 0xc6,
    0x18, 0xc6, 0xf8, 0xbd, 0x00, 0xc6, 0x00, 0xc6, 0x00, 0xc6, 0x00, 0xc6,
    0x00, 0xc6, 0x00, 0xc6, 0x00, 0xc6, 0x00, 0xc6, 0x00, 0xc6, 0x00, 0xc6,
    0x00, 0xc6, 0x00, 0xc6, 0x00, 0xc6, 0x00, 0xc6, 0x00, 0xc6, 0x00, 0xc6,
    0x00, 0xc6, 0x00, 0xc6, 0x00, 0xc6, 0x00, 0xc6, 0x00, 0xc6, 0x00, 0xc6,
    0x00, 0xc6, 0x00, 0xc6, 0x00, 0xc6, 0x00, 0xc6, 0x00, 0xc6, 0x00, 0xc6,
    0x00, 0xc6, 0x00, 0xc6, 0x00, 0xc6, 0x00, 0xc6, 0x00, 0xc6, 0x00, 0xc6,
    0x00, 0xc6, 0x00, 0xc6, 0x00, 0xc6, 0x00, 0xc6, 0x00, 0xc6, 0x00, 0xc6,
    0x00, 0xc6, 0x00, 0xc6, 0x00, 0xc6, 0x00, 0xc6, 0x00, 0xc6, 0xf8, 0xbd,
    0x18, 0x06, 0x18, 0x06, 0x18, 0x06, 0x18, 0x06, 0x18, 0x06, 0x18, 0x06,
    0x18, 0x06, 0x18, 0x06, 0x18, 0x06, 0x18, 0x06, 0x18, 0x06, 0x18, 0x06,
    0x18, 0x06, 0x18, 0x06, 0x18, 0x06, 0x18, 0x06, 0x18, 0x06, 0x18, 0x06,
    0x18, 0x06, 0x18, 0x06, 0x18, 0x06, 0x18, 0x06, 0x18, 0x06, 0x18, 0x06,
    0x18, 0x06, 0x18, 0x06, 0x18, 0x06, 0x18, 0x06, 0x18, 0x06, 0x18, 0x06,
    0x18, 0x06, 0x18, 0x06, 0x18, 0x06, 0x18, 0x06, 0x18, 0x06, 0x18, 0x06,
    0x18, 0x06, 0x18, 0x06, 0x18, 0x06, 0x18, 0x06, 0x18, 0x06, 0x18, 0x06,
    0x18, 0x06, 0x18, 0x06, 0x18, 0x06, 0xe2, 0x04, 0x00, 0x06, 0x00, 0x06,
    0x00, 0x06, 0x00, 0x06, 0x00, 0x06, 0x00, 0x06, 0x00, 0x06, 0x00, 0x06,
    0x00, 0x06, 0x00, 0x06, 0x00, 0x06, 0x00, 0x06, 0x00, 0x06, 0x00, 0x06,
    0x00, 0x06, 0x00, 0x06, 0x00, 0x06, 0x00, 0x06, 0x00, 0x06, 0x00, 0x06,
    0x00, 0x06, 0x00, 0x06, 0x00, 0x06, 0x00, 0x06, 0x00, 0x06, 0x00, 0x06,
    0x00, 0x06, 0x00, 0x06, 0x00, 0x06, 0x00, 0x06, 0x00, 0x06, 0x00, 0x06,
    0x00, 0x06, 0x00, 0x06, 0x00, 0x06, 0x00, 0x06, 0x00, 0x06, 0x00, 0x06,
    0x00, 0x06, 0x00, 0x06, 0x00, 0x06, 0x00, 0x06, 0x00, 0x06, 0x00, 0x06,
    0x47, 0x3b, 0x18, 0xc0, 0x18, 0xc0, 0x18, 0xc0, 0x18, 0xc0, 0x18, 0xc0,
    0x18, 0xc0, 0x18, 0xc0, 0x18, 0xc0, 0x18, 0xc0, 0x18, 0xc0, 0x18, 0xc0,
    0x18, 0xc0, 0x18, 0xc0, 0x18, 0xc0, 0x18, 0xc0, 0x18, 0xc0, 0x18, 0xc0,
    0x18, 0xc0, 0x18, 0xc0, 0x18, 0xc0, 0x18, 0xc0, 0x18, 0xc0, 0x18, 0xc0,
    0x18, 0xc0, 0x18, 0xc0, 0x18, 0xc0, 0x18, 0xc0, 0x18, 0xc0, 0x18, 0xc0,
    0x18, 0xc0, 0x18, 0xc0, 0x18, 0xc0, 0x18, 0xc0, 0x18, 0xc0, 0x18, 0xc0,
    0x18, 0xc0, 0x18, 0xc0, 0x18, 0xc0, 0x18, 0xc0, 0x18, 0xc0, 0x18, 0xc0,
    0x18, 0xc0, 0x18, 0xc0, 0x18, 0xc0, 0x18, 0xc0, 0x18, 0xc0, 0x00, 0xc0,
    0x00, 0xc0, 0x00, 0xc0, 0x00, 0xc0, 0x00, 0xc0, 0x00, 0xc0, 0x00, 0xc0,
    0x00, 0xc0, 0x00, 0xc0, 0x00, 0xc0, 0x00, 0xc0, 0x00, 0xc0, 0x00, 0xc0,
    0x00, 0xc0, 0x00, 0xc0, 0x00, 0xc0, 0x00, 0xc0, 0x00, 0xc0, 0x00, 0xc0,
    0x00, 0xc0, 0x00, 0xc0, 0x00, 0xc0, 0x00, 0xc0, 0x00, 0xc0, 0x00, 0xc0,
    0x00, 0xc0, 0x00, 0xc0, 0x00, 0xc0, 0x00, 0xc0, 0x00, 0xc0, 0x00, 0xc0,
    0x00, 0xc0, 0x00, 0xc0, 0x00, 0xc0, 0x00, 0xc0, 0x00, 0xc0, 0x00, 0xc0,
    0x00, 0xc0, 0x00, 0xc0, 0x00, 0xc0, 0x00, 0xc0, 0x00, 0xc0, 0x00, 0xc0,
    0x00, 0xc0, 0x00, 0xc0, 0x0d, 0x30, 0x18, 0x00, 0x18, 0x00, 0x18, 0x00,
    0x18, 0x00, 0x18, 0x00, 0x18, 0x00, 0x18, 0x00, 0x18, 0x00, 0x18, 0x00,
    0x18, 0x00, 0x18, 0x00, 0x18, 0x00, 0x18, 0x00, 0x18, 0x00, 0x18, 0x00,
    0x18, 0x00, 0x18, 0x00, 0x18, 0x00, 0x18, 0x00, 0x18, 0x00, 0x18, 0x00,
    0x18, 0x00, 0x18, 0x00, 0x18, 0x00, 0x18, 0x00, 0x18, 0x00, 0x18, 0x00,
    0x18, 0x00, 0x18, 0x00, 0x18, 0x00, 0x18, 0x00, 0x18, 0x00, 0x18, 0x00,
    0x18, 0x00, 0x18, 0x00, 0x18, 0x00, 0x18, 0x00, 0x18, 0x00, 0x18, 0x00,
    0x18, 0x00, 0x18, 0x00, 0x18, 0x00, 0x18, 0x00, 0x18, 0x00, 0x18, 0x00,
    0x18, 0xc6, 0x18, 0xc6, 0x18, 0xc6, 0x18, 0xc6, 0x18, 0xc6, 0x18, 0xc6,
    0x18, 0xc6, 0x18, 0xc6, 0x18, 0xc6, 0x18, 0xc6, 0x18, 0xc6, 0x18, 0xc6,
    0x18, 0xc6, 0x18, 0xc6, 0x18, 0xc6, 0x18, 0xc6, 0x18, 0xc6, 0x18, 0xc6,
    0x18, 0xc6, 0x18, 0xc6, 0x18, 0xc6, 0x18, 0xc6, 0x18, 0xc6, 0x18, 0xc6,
    0x18, 0xc6, 0x18, 0xc6, 0x18, 0xc6, 0x18, 0xc6, 0x18, 0xc6, 0x18, 0xc6,
    0x18, 0xc6, 0x18, 0xc6, 0x18, 0xc6, 0x18, 0xc6, 0x18, 0xc6, 0x18, 0xc6,
    0x18, 0xc6, 0x18, 0xc6, 0x18, 0xc6, 0x18, 0xc6, 0x18, 0xc6, 0x18, 0xc6,
    0x18, 0xc6, 0x18, 0xc6, 0x18, 0xc6, 0xf8, 0xc5, 0x00, 0xc6, 0x00, 0xc6,
    0x00, 0xc6, 0x00, 0xc6, 0x00, 0xc6, 0x00, 0xc6, 0x00, 0xc6, 0x00, 0xc6,
    0x00, 0xc6, 0x00, 0xc6, 0x00, 0xc6, 0x00, 0xc6, 0x00, 0xc6, 0x00, 0xc6,
    0x00, 0xc6, 0x00, 0xc6, 0x00, 0xc6, 0x00, 0xc6, 0x00, 0xc6, 0x00, 0xc6,
    0x00, 0xc6, 0x00, 0xc6, 0x00, 0xc6, 0x00, 0xc6, 0x00, 0xc6, 0x00, 0xc6,
    0x00, 0xc6, 0x00, 0xc6, 0x00, 0xc6, 0x00, 0xc6, 0x00, 0xc6, 0x00, 0xc6,
    0x00, 0xc6, 0x00, 0xc6, 0x00, 0xc6, 0x00, 0xc6, 0x00, 0xc6, 0x00, 0xc6,
    0x00, 0xc6, 0x00, 0xc6, 0x00, 0xc6, 0x00, 0xc6, 0x00, 0xc6, 0x00, 0xc6,
    0x00, 0xc6, 0xf8, 0xc5, 0x18, 0x06, 0x18, 0x06, 0x18, 0x06, 0x18, 0x06,
    0x18, 0x06, 0x18, 0x06, 0x18, 0x06, 0x18, 0x06, 0x18, 0x06, 0x18, 0x06,
    0x18, 0x06, 0x18, 0x06, 0x18, 0x06, 0x18, 0x06, 0x18, 0x06, 0x18, 0x06,
    0x18, 0x06, 0x18, 0x06, 0x18, 0x06, 0x18, 0x06, 0x18, 0x06, 0x18, 0x06,
    0x18, 0x06, 0x18, 0x06, 0x18, 0x06, 0x18, 0x06, 0x18, 0x06, 0x18, 0x06,
    0x18, 0x06, 0x18, 0x06, 0x18, 0x06, 0x18, 0x06, 0x18, 0x06, 0x18, 0x06,
    0x18, 0x06, 0x18, 0x06, 0x18, 0x06, 0x18, 0x06, 0x18, 0x06, 0x18, 0x06,
    0x18, 0x06, 0x18, 0x06, 0x18, 0x06, 0x18, 0x06, 0x18, 0x06, 0xe3, 0x04,
    0x00, 0x06, 0x00, 0x06, 0x00, 0x06, 0x00, 0x06, 0x00, 0x06, 0x00, 0x06,
    0x00, 0x06, 0x00, 0x06, 0x00, 0x06, 0x00, 0x06, 0x00, 0x06, 0x00, 0x06,
    0x00, 0x06, 0x00, 0x06, 0x00, 0x06, 0x00, 0x06, 0x00, 0x06, 0x00, 0x06,
    0x00, 0x06, 0x00, 0x06, 0x00, 0x06, 0x00, 0x06, 0x00, 0x06, 0x00, 0x06,
    0x00, 0x06, 0x00, 0x06, 0x00, 0x06, 0x00, 0x06, 0x00, 0x06, 0x00, 0x06,
    0x00, 0x06, 0x00, 0x06, 0x00, 0x06, 0x00, 0x06, 0x00, 0x06, 0x00, 0x06,
    0x00, 0x06, 0x00, 0x06, 0x00, 0x06, 0x00, 0x06, 0x00, 0x06, 0x00, 0x06,
    0x00, 0x06, 0x00, 0x06, 0x28, 0x43, 0x18, 0xc0, 0x18, 0xc0, 0x18, 0xc0,
    0x18, 0xc0, 0x18, 0xc0, 0x18, 0xc0, 0x18, 0xc0, 0x18, 0xc0, 0x18, 0xc0,
    0x18, 0xc0, 0x18, 0xc0, 0x18, 0xc0, 0x18, 0xc0, 0x18, 0xc0, 0x18, 0xc0,
    0x18, 0xc0, 0x18, 0xc0, 0x18, 0xc0, 0x18, 0xc0, 0x18, 0xc0, 0x18, 0xc0,
    0x18, 0xc0, 0x18, 0xc0, 0x18, 0xc0, 0x18, 0xc0, 0x18, 0xc0, 0x18, 0xc0,
    0x18, 0xc0, 0x18, 0xc0, 0x18, 0xc0, 0x18, 0xc0, 0x18, 0xc0, 0x18, 0xc0,
    0x18, 0xc0, 0x18, 0xc0, 0x18, 0xc0, 0x18, 0xc0, 0x18, 0xc0, 0x18, 0xc0,
    0x18, 0xc0, 0x18, 0xc0, 0x18, 0xc0, 0x18, 0xc0, 0x18, 0xc0, 0x18, 0xc0,
    0x18, 0xc0, 0x00, 0xc0, 0x00, 0xc0, 0x00, 0xc0, 0x00, 0xc0, 0x00, 0xc0,
    0x00, 0xc0, 0x00, 0xc0, 0x00, 0xc0, 0x00, 0xc0, 0x00, 0xc0, 0x00, 0xc0,
    0x00, 0xc0, 0x00, 0xc0, 0x00, 0xc0, 0x00, 0xc0, 0x00, 0xc0, 0x00, 0xc0,
    0x00, 0xc0, 0x00, 0xc0, 0x00, 0xc0, 0x00, 0xc0, 0x00, 0xc0, 0x00, 0xc0,
    0x00, 0xc0, 0x00, 0xc0, 0x00, 0xc0, 0x00, 0xc0, 0x00, 0xc0, 0x00, 0xc0,
    0x00, 0xc0, 0x00, 0xc0, 0x00, 0xc0, 0x00, 0xc0, 0x00, 0xc0, 0x00, 0xc0,
    0x00, 0xc0, 0x00, 0xc0, 0x00, 0xc0, 0x00, 0xc0, 0x00, 0xc0, 0x00, 0xc0,
    0x00, 0xc0, 0x00, 0xc0, 0x00, 0xc0, 0x00, 0xc0, 0x0d, 0x30, 0x18, 0x00,
    0x18, 0x00, 0x18, 0x00, 0x18, 0x00, 0x18, 0x00, 0x18, 0x00, 0x18, 0x00,
    0x18, 0x00, 0x18, 0x00, 0x18, 0x00, 0x18, 0x00, 0x18, 0x00, 0x18, 0x00,
    0x18, 0x00, 0x18, 0x00, 0x18, 0x00, 0x18, 0x00, 0x18, 0x00, 0x18, 0x00,
    0x18, 0x00, 0x18, 0x00, 0x18, 0x00, 0x18, 0x00, 0x18, 0x00, 0x18, 0x00,
    0x18, 0x00, 0x18, 0x00, 0x18, 0x00, 0x18, 0x00, 0x18, 0x00, 0x18, 0x00,
    0x18, 0x00, 0x18, 0x00, 0x18, 0x00, 0x18, 0x00, 0x18, 0x00, 0x18, 0x00,
    0x18, 0x00, 0x18, 0x00, 0x18, 0x00, 0x18, 0x00, 0x18, 0x00, 0x18, 0x00,
    0x18, 0x00, 0x18, 0x00, 0x18, 0xc6, 0x18, 0xc6, 0x18, 0xc6, 0x18, 0xc6,
    0x18, 0xc6, 0x18, 0xc6, 0x18, 0xc6, 0x18, 0xc6, 0x18, 0xc6, 0x18, 0xc6,
    0x18, 0xc6, 0x18, 0xc6, 0x18, 0xc6, 0x18, 0xc6, 0x18, 0xc6, 0x18, 0xc6,
    0x18, 0xc6, 0x18, 0xc6, 0x18, 0xc6, 0x18, 0xc6, 0x18, 0xc6, 0x18, 0xc6,
    0x18, 0xc6, 0x18, 0xc6, 0x18, 0xc6, 0x18, 0xc6, 0x18, 0xc6, 0x18, 0xc6,
    0x18, 0xc6, 0x18, 0xc6, 0x18, 0xc6, 0x18, 0xc6, 0x18, 0xc6, 0x18, 0xc6,
    0x18, 0xc6, 0x18, 0xc6, 0x18, 0xc6, 0x18, 0xc6, 0x18, 0xc6, 0x18, 0xc6,
    0x18, 0xc6, 0x18, 0xc6, 0x18, 0xc6, 0x18, 0xc6, 0x18, 0xc6, 0xf8, 0xbd,
    0x00, 0xc6, 0x00, 0xc6, 0x00, 0xc6, 0x00, 0xc6, 0x00, 0xc6, 0x00, 0xc6,
    0x00, 0xc6, 0x00, 0xc6, 0x00, 0xc6, 0x00, 0xc6, 0x00, 0xc6, 0x00, 0xc6,
    0x00, 0xc6, 0x00, 0xc6, 0x00, 0xc6, 0x00, 0xc6, 0x00, 0xc6, 0x00, 0xc6,
    0x00, 0xc6, 0x00, 0xc6, 0x00, 0xc6, 0x00, 0xc6, 0x00, 0xc6, 0x00, 0xc6,
    0x00, 0xc6, 0x00, 0xc6, 0x00, 0xc6, 0x00, 0xc6, 0x00, 0xc6, 0x00, 0xc6,
    0x00, 0xc6, 0x00, 0xc6, 0x00, 0xc6, 0x00, 0xc6, 0x00, 0xc6, 0x00, 0xc6,
    0x00, 0xc6, 0x00, 0xc6, 0x00, 0xc6, 0x00, 0xc6, 0x00, 0xc6, 0x00, 0xc6,
    0x00, 0xc6, 0x00, 0xc6, 0x00, 0xc6, 0xf8, 0xbd, 0x18, 0x06, 0x18, 0x06,
    0x18, 0x06, 0x18, 0x06, 0x18, 0x06, 0x18, 0x06, 0x18, 0x06, 0x18, 0x06,
    0x18, 0x06, 0x18, 0x06, 0x18, 0x06, 0x18, 0x06, 0x18, 0x06, 0x18, 0x06,
    0x18, 0x06, 0x18, 0x06, 0x18, 0x06, 0x18, 0x06, 0x18, 0x06, 0x18, 0x06,
    0x18, 0x06, 0x18, 0x06, 0x18, 0x06, 0x18, 0x06, 0x18, 0x06, 0x18, 0x06,
    0x18, 0x06, 0x18, 0x06, 0x18, 0x06, 0x18, 0x06, 0x18, 0x06, 0x18, 0x06,
    0x18, 0x06, 0x18, 0x06, 0x18, 0x06, 0x18, 0x06, 0x18, 0x06, 0x18, 0x06,
    0x18, 0x06, 0x18, 0x06, 0x18, 0x06, 0x18, 0x06, 0x18, 0x06, 0x18, 0x06,
    0x18, 0x06, 0xe2, 0x0c, 0x00, 0x06, 0x00, 0x06, 0x00, 0x06, 0x00, 0x06,
    0x00, 0x06, 0x00, 0x06, 0x00, 0x06, 0x00, 0x06, 0x00, 0x06, 0x00, 0x06,
    0x00, 0x06, 0x00, 0x06, 0x00, 0x06, 0x00, 0x06, 0x00, 0x06, 0x00, 0x06,
    0x00, 0x06, 0x00, 0x06, 0x00, 0x06, 0x00, 0x06, 0x00, 0x06, 0x00, 0x06,
    0x00, 0x06, 0x00, 0x06, 0x00, 0x06, 0x00, 0x06, 0x00, 0x06, 0x00, 0x06,
    0x00, 0x06, 0x00, 0x06, 0x00, 0x06, 0x00, 0x06, 0x00, 0x06, 0x00, 0x06,
    0x00, 0x06, 0x00, 0x06, 0x00, 0x06, 0x00, 0x06, 0x00, 0x06, 0x00, 0x06,
    0x00, 0x06, 0x00, 0x06, 0x00, 0x06, 0x00, 0x06, 0x47, 0x3b, 0x18, 0xc0,
    0x18, 0xc0, 0x18, 0xc0, 0x18, 0xc0, 0x18, 0xc0, 0x18, 0xc0, 0x18, 0xc0,
    0x18, 0xc0, 0x18, 0xc0, 0x18, 0xc0, 0x18, 0xc0, 0x18, 0xc0, 0x18, 0xc0,
    0x18, 0xc0, 0x18, 0xc0, 0x18, 0xc0, 0x18, 0xc0, 0x18, 0xc0, 0x18, 0xc0,
    0x18, 0xc0, 0x18, 0xc0, 0x18, 0xc0, 0x18, 0xc0, 0x18, 0xc0, 0x18, 0xc0,
    0x18, 0xc0, 0x18, 0xc0, 0x18, 0xc0, 0x18, 0xc0, 0x18, 0xc0, 0x18, 0xc0,
    0x18, 0xc0, 0x18, 0xc0, 0x18, 0xc0, 0x18, 0xc0, 0x18, 0xc0, 0x18, 0xc0,
    0x18, 0xc0, 0x18, 0xc0, 0x18, 0xc0, 0x18, 0xc0, 0x18, 0xc0, 0x18, 0xc0,
    0x18, 0xc0, 0x18, 0xc0, 0x18, 0xc0, 0x00, 0xc0, 0x00, 0xc0, 0x00, 0xc0,
    0x00, 0xc0, 0x00, 0xc0, 0x00, 0xc0, 0x00, 0xc0, 0x00, 0xc0, 0x00, 0xc0,
    0x00, 0xc0, 0x00, 0xc0, 0x00, 0xc0, 0x00, 0xc0, 0x00, 0xc0, 0x00, 0xc0,
    0x00, 0xc0, 0x00, 0xc0, 0x00, 0xc0, 0x00, 0xc0, 0x00, 0xc0, 0x00, 0xc0,
    0x00, 0xc0, 0x00, 0xc0, 0x00, 0xc0, 0x00, 0xc0, 0x00, 0xc0, 0x00, 0xc0,
    0x00, 0xc0, 0x00, 0xc0, 0x00, 0xc0, 0x00, 0xc0, 0x00, 0xc0, 0x00, 0xc0,
    0x00, 0xc0, 0x00, 0xc0, 0x00, 0xc0, 0x00, 0xc0, 0x00, 0xc0, 0x00, 0xc0,
    0x00, 0xc0, 0x00, 0xc0, 0x00, 0xc0, 0x00, 0xc0, 0x00, 0xc0, 0x00, 0xc0,
    0x0d, 0x30, 0x18, 0x00, 0x18, 0x00, 0x18, 0x00, 0x18, 0x00, 0x18, 0x00,
    0x18, 0x00, 0x18, 0x00, 0x18, 0x00, 0x18, 0x00, 0x18, 0x00, 0x18, 0x00,
    0x18, 0x00, 0x18, 0x00, 0x18, 0x00, 0x18, 0x00, 0x18, 0x00, 0x18, 0x00,
    0x18, 0x00, 0x18, 0x00, 0x18, 0x00, 0x18, 0x00, 0x18, 0x00, 0x18, 0x00,
    0x18, 0x00, 0x18, 0x00, 0x18, 0x00, 0x18, 0x00, 0x18, 0x00, 0x18, 0x00,
    0x18, 0x00, 0x18, 0x00, 0x18, 0x00, 0x18, 0x00, 0x18, 0x00, 0x18, 0x00,
    0x18, 0x00, 0x18, 0x00, 0x18, 0x00, 0x18, 0x00, 0x18, 0x00, 0x18, 0x00,
    0x18, 0x00, 0x18, 0x00, 0x18, 0x00, 0x18, 0x00, 0x18, 0xc6, 0x18, 0xc6,
    0x18, 0xc6, 0x18, 0xc6, 0x18, 0xc6, 0x18, 0xc6, 0x18, 0xc6, 0x18, 0xc6,
    0x18, 0xc6, 0x18, 0xc6, 0x18, 0xc6, 0x18, 0xc6, 0x18, 0xc6, 0x18, 0xc6,
    0x18, 0xc6, 0x18, 0xc6, 0x18, 0xc6, 0x18, 0xc6, 0x18, 0xc6, 0x18, 0xc6,
    0x18, 0xc6, 0x18, 0xc6, 0x18, 0xc6, 0x18, 0xc6, 0x18, 0xc6, 0x18, 0xc6,
    0x18, 0xc6, 0x18, 0xc6, 0x18, 0xc6, 0x18, 0xc6, 0x18, 0xc6, 0x18, 0xc6,
    0x18, 0xc6, 0x18, 0xc6, 0x18, 0xc6, 0x18, 0xc6, 0x18, 0xc6, 0x18, 0xc6,
    0x18, 0xc6, 0x18, 0xc6, 0x18, 0xc6, 0x18, 0xc6, 0x18, 0xc6, 0x18, 0xc6,
    0x18, 0xc6, 0xf8, 0xbd, 0x00, 0xc6, 0x00, 0xc6, 0x00, 0xc6, 0x00, 0xc6,
    0x00, 0xc6, 0x00, 0xc6, 0x00, 0xc6, 0x00, 0xc6, 0x00, 0xc6, 0x00, 0xc6,
    0x00, 0xc6, 0x00, 0xc6, 0x00, 0xc6, 0x00, 0xc6, 0x00, 0xc6, 0x00, 0xc6,
    0x00, 0xc6, 0x00, 0xc6, 0x00, 0xc6, 0x00, 0xc6, 0x00, 0xc6, 0x00, 0xc6,
    0x00, 0xc6, 0x00, 0xc6, 0x00, 0xc6, 0x00, 0xc6, 0x00, 0xc6, 0x00, 0xc6,
    0x00, 0xc6, 0x00, 0xc6, 0x00, 0xc6, 0x00, 0xc6, 0x00, 0xc6, 0x00, 0xc6,
    0x00, 0xc6, 0x00, 0xc6, 0x00, 0xc6, 0x00, 0xc6, 0x00, 0xc6, 0x00, 0xc6,
    0x00, 0xc6, 0x00, 0xc6, 0x00, 0xc6, 0x00, 0xc6, 0x00, 0xc6, 0xf8, 0xbd,
    0x18, 0x06, 0x18, 0x06, 0x18, 0x06, 0x18, 0x06, 0x18, 0x06, 0x18, 0x06,
    0x18, 0x06, 0x18, 0x06, 0x18, 0x06, 0x18, 0x06, 0x18, 0x06, 0x18, 0x06,
    0x18, 0x06, 0x18, 0x06, 0x18, 0x06, 0x18, 0x06, 0x18, 0x06, 0x18, 0x06,
    0x18, 0x06, 0x18, 0x06, 0x18, 0x06, 0x18, 0x06, 0x18, 0x06, 0x18, 0x06,
    0x18, 0x06, 0x18, 0x06, 0x18, 0x06, 0x18, 0x06, 0x18, 0x06, 0x18, 0x06,
    0x18, 0x06, 0x18, 0x06, 0x18, 0x06, 0x18, 0x06, 0x18, 0x06, 0x18, 0x06,
    0x18, 0x06, 0x18, 0x06, 0x18, 0x06, 0x18, 0x06, 0x18, 0x06, 0x18, 0x06,
    0x18, 0x06, 0x18, 0x06, 0x18, 0x06, 0xe2, 0x0c, 0x00, 0x06, 0x00, 0x06,
    0x00, 0x06, 0x00, 0x06, 0x00, 0x06, 0x00, 0x06, 0x00, 0x06, 0x00, 0x06,
    0x00, 0x06, 0x00, 0x06, 0x00, 0x06, 0x00, 0x06, 0x00, 0x06, 0x00, 0x06,
    0x00, 0x06, 0x00, 0x06, 0x00, 0x06, 0x00, 0x06, 0x00, 0x06, 0x00, 0x06,
    0x00, 0x06, 0x00, 0x06, 0x00, 0x06, 0x00, 0x06, 0x00, 0x06, 0x00, 0x06,
    0x00, 0x06, 0x00, 0x06, 0x00, 0x06, 0x00, 0x06, 0x00, 0x06, 0x00, 0x06,
    0x00, 0x06, 0x00, 0x06, 0x00, 0x06, 0x00, 0x06, 0x00, 0x06, 0x00, 0x06,
    0x00, 0x06, 0x00, 0x06, 0x00, 0x06, 0x00, 0x06, 0x00, 0x06, 0x00, 0x06,
    0x27, 0x3b, 0x18, 0xc0, 0x18, 0xc0, 0x18, 0xc0, 0x18, 0xc0, 0x18, 0xc0,
    0x18, 0xc0, 0x18, 0xc0, 0x18, 0xc0, 0x18, 0xc0, 0x18, 0xc0, 0x18, 0xc0,
    0x18, 0xc0, 0x18, 0xc0, 0x18, 0xc0, 0x18, 0xc0, 0x18, 0xc0, 0x18, 0xc0,
    0x18, 0xc0, 0x18, 0xc0, 0x18, 0xc0, 0x18, 0xc0, 0x18, 0xc0, 0x18, 0xc0,
    0x18, 0xc0, 0x18, 0xc0, 0x18, 0xc0, 0x18, 0xc0, 0x18, 0xc0, 0x18, 0xc0,
    0x18, 0xc0, 0x18, 0xc0, 0x18, 0xc0, 0x18, 0xc0, 0x18, 0xc0, 0x18, 0xc0,
    0x18, 0xc0, 0x18, 0xc0, 0x18, 0xc0, 0x18, 0xc0, 0x18, 0xc0, 0x18, 0xc0,
    0x18, 0xc0, 0x18, 0xc0, 0x18, 0xc0, 0x18, 0xc0, 0x18, 0xc0, 0x00, 0xc0,
    0x00, 0xc0, 0x00, 0xc0, 0x00, 0xc0, 0x00, 0xc0, 0x00, 0xc0, 0x00, 0xc0,
    0x00, 0xc0, 0x00, 0xc0, 0x00, 0xc0, 0x00, 0xc0, 0x00, 0xc0, 0x00, 0xc0,
    0x00, 0xc0, 0x00, 0xc0, 0x00, 0xc0, 0x00, 0xc0, 0x00, 0xc0, 0x00, 0xc0,
    0x00, 0xc0, 0x00, 0xc0, 0x00, 0xc0, 0x00, 0xc0, 0x00, 0xc0, 0x00, 0xc0,
    0x00, 0xc0, 0x00, 0xc0, 0x00, 0xc0, 0x00, 0xc0, 0x00, 0xc0, 0x00, 0xc0,
    0x00, 0xc0, 0x00, 0xc0, 0x00, 0xc0, 0x00, 0xc0, 0x00, 0xc0, 0x00, 0xc0,
    0x00, 0xc0, 0x00, 0xc0, 0x00, 0xc0, 0x00, 0xc0, 0x00, 0xc0, 0x00, 0xc0,
    0x00, 0xc0, 0x00, 0xc0, 0x0d, 0x30, 0x18, 0x00, 0x18, 0x00, 0x18, 0x00,
    0x18, 0x00, 0x18, 0x00, 0x18, 0x00, 0x18, 0x00, 0x18, 0x00, 0x18, 0x00,
    0x18, 0x00, 0x18, 0x00, 0x18, 0x00, 0x18, 0x00, 0x18, 0x00, 0x18, 0x00,
    0x18, 0x00, 0x18, 0x00, 0x18, 0x00, 0x18, 0x00, 0x18, 0x00, 0x18, 0x00,
    0x18, 0x00, 0x18, 0x00, 0x18, 0x00, 0x18, 0x00, 0x18, 0x00, 0x18, 0x00,
    0x18, 0x00, 0x18, 0x00, 0x18, 0x00, 0x18, 0x00, 0x18, 0x00, 0x18, 0x00,
    0x18, 0x00, 0x18, 0x00, 0x18, 0x00, 0x18, 0x00, 0x18, 0x00, 0x18, 0x00,
    0x18, 0x00, 0x18, 0x00, 0x18, 0x00, 0x18, 0x00, 0x18, 0x00, 0x18, 0x00,
    0x18, 0xc6, 0x18, 0xc6, 0x18, 0xc6, 0x18, 0xc6, 0x18, 0xc6, 0x18, 0xc6,
    0x18, 0xc6, 0x18, 0xc6, 0x18, 0xc6, 0x18, 0xc6, 0x18, 0xc6, 0x18, 0xc6,
    0x18, 0xc6, 0x18, 0xc6, 0x18, 0xc6, 0x18, 0xc6, 0x18, 0xc6, 0x18, 0xc6,
    0x18, 0xc6, 0x18, 0xc6, 0x18, 0xc6, 0x18, 0xc6, 0x18, 0xc6, 0x18, 0xc6,
    0x18, 0xc6, 0x18, 0xc6, 0x18, 0xc6, 0x18, 0xc6, 0x18, 0xc6, 0x18, 0xc6,
    0x18, 0xc6, 0x18, 0xc6, 0x18, 0xc6, 0x18, 0xc6, 0x18, 0xc6, 0x18, 0xc6,
    0x18, 0xc6, 0x18, 0xc6, 0x18, 0xc6, 0x18, 0xc6, 0x18, 0xc6, 0x18, 0xc6,
    0x18, 0xc6, 0x18, 0xc6, 0x18, 0xc6, 0xf8, 0xc5, 0x00, 0xc6, 0x00, 0xc6,
    0x00, 0xc6, 0x00, 0xc6, 0x00, 0xc6, 0x00, 0xc6, 0x00, 0xc6, 0x00, 0xc6,
    0x00, 0xc6, 0x00, 0xc6, 0x00, 0xc6, 0x00, 0xc6, 0x00, 0xc6, 0x00, 0xc6,
    0x00, 0xc6, 0x00, 0xc6, 0x00, 0xc6, 0x00, 0xc6, 0x00, 0xc6, 0x00, 0xc6,
    0x00, 0xc6, 0x00, 0xc6, 0x00, 0xc6, 0x00, 0xc6, 0x00, 0xc6, 0x00, 0xc6,
    0x00, 0xc6, 0x00, 0xc6, 0x00, 0xc6, 0x00, 0xc6, 0x00, 0xc6, 0x00, 0xc6,
    0x00, 0xc6, 0x00, 0xc6, 0x00, 0xc6, 0x00, 0xc6, 0x00, 0xc6, 0x00, 0xc6,
    0x00, 0xc6, 0x00, 0xc6, 0x00, 0xc6, 0x00, 0xc6, 0x00, 0xc6, 0x00, 0xc6,
    0x00, 0xc6, 0xf8, 0xc5, 0x18, 0x06, 0x18, 0x06, 0x18, 0x06, 0x18, 0x06,
    0x18, 0x06, 0x18, 0x06, 0x18, 0x06, 0x18, 0x06, 0x18, 0x06, 0x18, 0x06,
    0x18, 0x06, 0x18, 0x06, 0x18, 0x06, 0x18, 0x06, 0x18, 0x06, 0x18, 0x06,
    0x18, 0x06, 0x18, 0x06, 0x18, 0x06, 0x18, 0x06, 0x18, 0x06, 0x18, 0x06,
    0x18, 0x06, 0x18, 0x06, 0x18, 0x06, 0x18, 0x06, 0x18, 0x06, 0x18, 0x06,
    0x18, 0x06, 0x18, 0x06, 0x18, 0x06, 0x18, 0x06, 0x18, 0x06, 0x18, 0x06,
    0x18, 0x06, 0x18, 0x06, 0x18, 0x06, 0x18, 0x06, 0x18, 0x06, 0x18, 0x06,
    0x18, 0x06, 0x18, 0x06, 0x18, 0x06, 0x18, 0x06, 0x18, 0x06, 0xe3, 0x04,
    0x00, 0x06, 0x00, 0x06, 0x00, 0x06, 0x00, 0x06, 0x00, 0x06, 0x00, 0x06,
    0x00, 0x06, 0x00, 0x06, 0x00, 0x06, 0x00, 0x06, 0x00, 0x06, 0x00, 0x06,
    0x00, 0x06, 0x00, 0x06, 0x00, 0x06, 0x00, 0x06, 0x00, 0x06, 0x00, 0x06,
    0x00, 0x06, 0x00, 0x06, 0x00, 0x06, 0x00, 0x06, 0x00, 0x06, 0x00, 0x06,
    0x00, 0x06, 0x00, 0x06, 0x00, 0x06, 0x00, 0x06, 0x00, 0x06, 0x00, 0x06,
    0x00, 0x06, 0x00, 0x06, 0x00, 0x06, 0x00, 0x06, 0x00, 0x06, 0x00, 0x06,
    0x00, 0x06, 0x00, 0x06, 0x00, 0x06, 0x00, 0x06, 0x00, 0x06, 0x00, 0x06,
    0x00, 0x06, 0x00, 0x06, 0x28, 0x43, 0x18, 0xc0, 0x18, 0xc0, 0x18, 0xc0,
    0x18, 0xc0, 0x18, 0xc0, 0x18, 0xc0, 0x18, 0xc0, 0x18, 0xc0, 0x18, 0xc0,
    0x18, 0xc0, 0x18, 0xc0, 0x18, 0xc0, 0x18, 0xc0, 0x18, 0xc0, 0x18, 0xc0,
    0x18, 0xc0, 0x18, 0xc0, 0x18, 0xc0, 0x18, 0xc0, 0x18, 0xc0, 0x18, 0xc0,
    0x18, 0xc0, 0x18, 0xc0, 0x18, 0xc0, 0x18, 0xc0, 0x18, 0xc0, 0x18, 0xc0,
    0x18, 0xc0, 0x18, 0xc0, 0x18, 0xc0, 0x18, 0xc0, 0x18, 0xc0, 0x18, 0xc0,
    0x18, 0xc0, 0x18, 0xc0, 0x18, 0xc0, 0x18, 0xc0, 0x18, 0xc0, 0x18, 0xc0,
    0x18, 0xc0, 0x18, 0xc0, 0x18, 0xc0, 0x18, 0xc0, 0x18, 0xc0, 0x18, 0xc0,
    0x18, 0xc0, 0x00, 0xc0, 0x00, 0xc0, 0x00, 0xc0, 0x00, 0xc0, 0x00, 0xc0,
    0x00, 0xc0, 0x00, 0xc0, 0x00, 0xc0, 0x00, 0xc0, 0x00, 0xc0, 0x00, 0xc0,
    0x00, 0xc0, 0x00, 0xc0, 0x00, 0xc0, 0x00, 0xc0, 0x00, 0xc0, 0x00, 0xc0,
    0x00, 0xc0, 0x00, 0xc0, 0x00, 0xc0, 0x00, 0xc0, 0x00, 0xc0, 0x00, 0xc0,
    0x00, 0xc0, 0x00, 0xc0, 0x00, 0xc0, 0x00, 0xc0, 0x00, 0xc0, 0x00, 0xc0,
    0x00, 0xc0, 0x00, 0xc0, 0x00, 0xc0, 0x00, 0xc0, 0x00, 0xc0, 0x00, 0xc0,
    0x00, 0xc0, 0x00, 0xc0, 0x00, 0xc0, 0x00, 0xc0, 0x00, 0xc0, 0x00, 0xc0,
    0x00, 0xc0, 0x00, 0xc0, 0x00, 0xc0, 0x00, 0xc0, 0x0d, 0x30, 0x18, 0x00,
    0x18, 0x00, 0x18, 0x00, 0x18, 0x00, 0x18, 0x00, 0x18, 0x00, 0x18, 0x00,
    0x18, 0x00, 0x18, 0x00, 0x18, 0x00, 0x18, 0x00, 0x18, 0x00, 0x18, 0x00,
    0x18, 0x00, 0x18, 0x00, 0x18, 0x00, 0x18, 0x00, 0x18, 0x00, 0x18, 0x00,
    0x18, 0x00, 0x18, 0x00, 0x18, 0x00, 0x18, 0x00, 0x18, 0x00, 0x18, 0x00,
    0x18, 0x00, 0x18, 0x00, 0x18, 0x00, 0x18, 0x00, 0x18, 0x00, 0x18, 0x00,
    0x18, 0x00, 0x18, 0x00, 0x18, 0x00, 0x18, 0x00, 0x18, 0x00, 0x18, 0x00,
    0x18, 0x00, 0x18, 0x00, 0x18, 0x00, 0x18, 0x00, 0x18, 0x00, 0x18, 0x00,
    0x18, 0x00, 0x18, 0x00, 0x18, 0xc6, 0x18, 0xc6, 0x18, 0xc6, 0x18, 0xc6,
    0x18, 0xc6, 0x18, 0xc6, 0x18, 0xc6, 0x18, 0xc6, 0x18, 0xc6, 0x18, 0xc6,
    0x18, 0xc6, 0x18, 0xc6, 0x18, 0xc6, 0x18, 0xc6, 0x18, 0xc6, 0x18, 0xc6,
    0x18, 0xc6, 0x18, 0xc6, 0x18, 0xc6, 0x18, 0xc6, 0x18, 0xc6, 0x18, 0xc6,
    0x18, 0xc6, 0x18, 0xc6, 0x18, 0xc6, 0x18, 0xc6, 0x18, 0xc6, 0x18, 0xc6,
    0x18, 0xc6, 0x18, 0xc6, 0x18, 0xc6, 0x18, 0xc6, 0x18, 0xc6, 0x18, 0xc6,
    0x18, 0xc6, 0x18, 0xc6, 0x18, 0xc6, 0x18, 0xc6, 0x18, 0xc6, 0x18, 0xc6,
    0x18, 0xc6, 0x18, 0xc6, 0x18, 0xc6, 0x18, 0xc6, 0x18, 0xc6, 0xf8, 0xbd,
    0x00, 0xc6, 0x00, 0xc6, 0x00, 0xc6, 0x00, 0xc6, 0x00, 0xc6, 0x00, 0xc6,
    0x00, 0xc6, 0x00, 0xc6, 0x00, 0xc6, 0x00, 0xc6, 0x00, 0xc6, 0x00, 0xc6,
    0x00, 0xc6, 0x00, 0xc6, 0x00, 0xc6, 0x00, 0xc6, 0x00, 0xc6, 0x00, 0xc6,
    0x00, 0xc6, 0x00, 0xc6, 0x00, 0xc6, 0x00, 0xc6, 0x00, 0xc6, 0x00, 0xc6,
    0x00, 0xc6, 0x00, 0xc6, 0x00, 0xc6, 0x00, 0xc6, 0x00, 0xc6, 0x00, 0xc6,
    0x00, 0xc6, 0x00, 0xc6, 0x00, 0xc6, 0x00, 0xc6, 0x00, 0xc6, 0x00, 0xc6,
    0x00, 0xc6, 0x00, 0xc6, 0x00, 0xc6, 0x00, 0xc6, 0x00, 0xc6, 0x00, 0xc6,
    0x00, 0xc6, 0x00, 0xc6, 0x00, 0xc6, 0xf8, 0xbd, 0x18, 0x06, 0x18, 0x06,
    0x18, 0x06, 0x18, 0x06, 0x18, 0x06, 0x18, 0x06, 0x18, 0x06, 0x18, 0x06,
    0x18, 0x06, 0x18, 0x06, 0x18, 0x06, 0x18, 0x06, 0x18, 0x06, 0x18, 0x06,
    0x18, 0x06, 0x18, 0x06, 0x18, 0x06, 0x18, 0x06, 0x18, 0x06, 0x18, 0x06,
    0x18, 0x06, 0x18, 0x06, 0x18, 0x06, 0x18, 0x06, 0x18, 0x06, 0x18, 0x06,
    0x18, 0x06, 0x18, 0x06, 0x18, 0x06, 0x18, 0x06, 0x18, 0x06, 0x18, 0x06,
    0x18, 0x06, 0x18, 0x06, 0x18, 0x06, 0x18, 0x06, 0x18, 0x06, 0x18, 0x06,
    0x18, 0x06, 0x18, 0x06, 0x18, 0x06, 0x18, 0x06, 0x18, 0x06, 0x18, 0x06,
    0x18, 0x06, 0xe2, 0x04, 0x00, 0x06, 0x00, 0x06, 0x00, 0x06, 0x00, 0x06,
    0x00, 0x06, 0x00, 0x06, 0x00, 0x06, 0x00, 0x06, 0x00, 0x06, 0x00, 0x06,
    0x00, 0x06, 0x00, 0x06, 0x00, 0x06, 0x00, 0x06, 0x00, 0x06, 0x00, 0x06,
    0x00, 0x06, 0x00, 0x06, 0x00, 0x06, 0x00, 0x06, 0x00, 0x06, 0x00, 0x06,
    0x00, 0x06, 0x00, 0x06, 0x00, 0x06, 0x00, 0x06, 0x00, 0x06, 0x00, 0x06,
    0x00, 0x06, 0x00, 0x06, 0x00, 0x06, 0x00, 0x06, 0x00, 0x06, 0x00, 0x06,
    0x00, 0x06, 0x00, 0x06, 0x00, 0x06, 0x00, 0x06, 0x00, 0x06, 0x00, 0x06,
    0x00, 0x06, 0x00, 0x06, 0x00, 0x06, 0x00, 0x06, 0x47, 0x3b, 0x18, 0xc0,
    0x18, 0xc0, 0x18, 0xc0, 0x18, 0xc0, 0x18, 0xc0, 0x18, 0xc0, 0x18, 0xc0,
    0x18, 0xc0, 0x18, 0xc0, 0x18, 0xc0, 0x18, 0xc0, 0x18, 0xc0, 0x18, 0xc0,
    0x18, 0xc0, 0x18, 0xc0, 0x18, 0xc0, 0x18, 0xc0, 0x18, 0xc0, 0x18, 0xc0,
    0x18, 0xc0, 0x18, 0xc0, 0x18, 0xc0, 0x18, 0xc0, 0x18, 0xc0, 0x18, 0xc0,
    0x18, 0xc0, 0x18, 0xc0, 0x18, 0xc0, 0x18, 0xc0, 0x18, 0xc0, 0x18, 0xc0,
    0x18, 0xc0, 0x18, 0xc0, 0x18, 0xc0, 0x18, 0xc0, 0x18, 0xc0, 0x18, 0xc0,
    0x18, 0xc0, 0x18, 0xc0, 0x18, 0xc0, 0x18, 0xc0, 0x18, 0xc0, 0x18, 0xc0,
    0x18, 0xc0, 0x18, 0xc0, 0x18, 0xc0, 0x00, 0xc0, 0x00, 0xc0, 0x00, 0xc0,
    0x00, 0xc0, 0x00, 0xc0, 0x00, 0xc0, 0x00, 0xc0, 0x00, 0xc0, 0x00, 0xc0,
    0x00, 0xc0, 0x00, 0xc0, 0x00, 0xc0, 0x00, 0xc0, 0x00, 0xc0, 0x00, 0xc0,
    0x00, 0xc0, 0x00, 0xc0, 0x00, 0xc0, 0x00, 0xc0, 0x00, 0xc0, 0x00, 0xc0,
    0x00, 0xc0, 0x00, 0xc0, 0x00, 0xc0, 0x00, 0xc0, 0x00, 0xc0, 0x00, 0xc0,
    0x00, 0xc0, 0x00, 0xc0, 0x00, 0xc0, 0x00, 0xc0, 0x00, 0xc0, 0x00, 0xc0,
    0x00, 0xc0, 0x00, 0xc0, 0x00, 0xc0, 0x00, 0xc0, 0x00, 0xc0, 0x00, 0xc0,
    0x00, 0xc0, 0x00, 0xc0, 0x00, 0xc0, 0x00, 0xc0, 0x00, 0xc0, 0x00, 0xc0,
    0x0d, 0x30, 0x18, 0x00, 0x18, 0x00, 0x18, 0x00, 0x18, 0x00, 0x18, 0x00,
    0x18, 0x00, 0x18, 0x00, 0x18, 0x00, 0x18, 0x00, 0x18, 0x00, 0x18, 0x00,
    0x18, 0x00, 0x18, 0x00, 0x18, 0x00, 0x18, 0x00, 0x18, 0x00, 0x18, 0x00,
    0x18, 0x00, 0x18, 0x00, 0x18, 0x00, 0x18, 0x00, 0x18, 0x00, 0x18, 0x00,
    0x18, 0x00, 0x18, 0x00, 0x18, 0x00, 0x18, 0x00, 0x18, 0x00, 0x18, 0x00,
    0x18, 0x00, 0x18, 0x00, 0x18, 0x00, 0x18, 0x00, 0x18, 0x00, 0x18, 0x00,
    0x18, 0x00, 0x18, 0x00, 0x18, 0x00, 0x18, 0x00, 0x18, 0x00, 0x18, 0x00,
    0x18, 0x00, 0x18, 0x00, 0x18, 0x00, 0x18, 0x00, 0x18, 0xc6, 0x18, 0xc6,
    0x18, 0xc6, 0x18, 0xc6, 0x18, 0xc6, 0x18, 0xc6, 0x18, 0xc6, 0x18, 0xc6,
    0x18, 0xc6, 0x18, 0xc6, 0x18, 0xc6, 0x18, 0xc6, 0x18, 0xc6, 0x18, 0xc6,
    0x18, 0xc6, 0x18, 0xc6, 0x18, 0xc6, 0x18, 0xc6, 0x18, 0xc6, 0x18, 0xc6,
    0x18, 0xc6, 0x18, 0xc6, 0x18, 0xc6, 0x18, 0xc6, 0x18, 0xc6, 0x18, 0xc6,
    0x18, 0xc6, 0x18, 0xc6, 0x18, 0xc6, 0x18, 0xc6, 0x18, 0xc6, 0x18, 0xc6,
    0x18, 0xc6, 0x18, 0xc6, 0x18, 0xc6, 0x18, 0xc6, 0x18, 0xc6, 0x18, 0xc6,
    0x18, 0xc6, 0x18, 0xc6, 0x18, 0xc6, 0x18, 0xc6, 0x18, 0xc6, 0x18, 0xc6,
    0x18, 0xc6, 0xf8, 0xbd, 0x00, 0xc6, 0x00, 0xc6, 0x00, 0xc6, 0x00, 0xc6,
    0x00, 0xc6, 0x00, 0xc6, 0x00, 0xc6, 0x00, 0xc6, 0x00, 0xc6, 0x00, 0xc6,
    0x00, 0xc6, 0x00, 0xc6, 0x00, 0xc6, 0x00, 0xc6, 0x00, 0xc6, 0x00, 0xc6,
    0x00, 0xc6, 0x00, 0xc6, 0x00, 0xc6, 0x00, 0xc6, 0x00, 0xc6, 0x00, 0xc6,
    0x00, 0xc6, 0x00, 0xc6, 0x00, 0xc6, 0x00, 0xc6, 0x00, 0xc6, 0x00, 0xc6,
    0x00, 0xc6, 0x00, 0xc6, 0x00, 0xc6, 0x00, 0xc6, 0x00, 0xc6, 0x00, 0xc6,
    0x00, 0xc6, 0x00, 0xc6, 0x00, 0xc6, 0x00, 0xc6, 0x00, 0xc6, 0x00, 0xc6,
    0x00, 0xc6, 0x00, 0xc6, 0x00, 0xc6, 0x00, 0xc6, 0x00, 0xc6, 0xf8, 0xbd,
    0x18, 0x06, 0x18, 0x06, 0x18, 0x06, 0x18, 0x06, 0x18, 0x06, 0x18, 0x06,
    0x18, 0x06, 0x18, 0x06, 0x18, 0x06, 0x18, 0x06, 0x18, 0x06, 0x18, 0x06,
    0x18, 0x06, 0x18, 0x06, 0x18, 0x06, 0x18, 0x06, 0x18, 0x06, 0x18, 0x06,
    0x18, 0x06, 0x18, 0x06, 0x18, 0x06, 0x18, 0x06, 0x18, 0x06, 0x18, 0x06,
    0x18, 0x06, 0x18, 0x06, 0x18, 0x06, 0x18, 0x06, 0x18, 0x06, 0x18, 0x06,
    0x18, 0x06, 0x18, 0x06, 0x18, 0x06, 0x18, 0x06, 0x18, 0x06, 0x18, 0x06,
    0x18, 0x06, 0x18, 0x06, 0x18, 0x06, 0x18, 0x06, 0x18, 0x06, 0x18, 0x06,
    0x18, 0x06, 0x18, 0x06, 0x18, 0x06, 0xe2, 0x0c, 0x00, 0x06, 0x00, 0x06,
    0x00, 0x06, 0x00, 0x06, 0x00, 0x06, 0x00, 0x06, 0x00, 0x06, 0x00, 0x06,
    0x00, 0x06, 0x00, 0x06, 0x00, 0x06, 0x00, 0x06, 0x00, 0x06, 0x00, 0x06,
    0x00, 0x06, 0x00, 0x06, 0x00, 0x06, 0x00, 0x06, 0x00, 0x06, 0x00, 0x06,
    0x00, 0x06, 0x00, 0x06, 0x00, 0x06, 0x00, 0x06, 0x00, 0x06, 0x00, 0x06,
    0x00, 0x06, 0x00, 0x06, 0x00, 0x06, 0x00, 0x06, 0x00, 0x06, 0x00, 0x06,
    0x00, 0x06, 0x00, 0x06, 0x00, 0x06, 0x00, 0x06, 0x00, 0x06, 0x00, 0x06,
    0x00, 0x06, 0x00, 0x06, 0x00, 0x06, 0x00, 0x06, 0x00, 0x06, 0x00, 0x06,
    0x27, 0x3b, 0x18, 0xc0, 0x18, 0xc0, 0x18, 0xc0, 0x18, 0xc0, 0x18, 0xc0,
    0x18, 0xc0, 0x18, 0xc0, 0x18, 0xc0, 0x18, 0xc0, 0x18, 0xc0, 0x18, 0xc0,
    0x18, 0xc0, 0x18, 0xc0, 0x18, 0xc0, 0x18, 0xc0, 0x18, 0xc0, 0x18, 0xc0,
    0x18, 0xc0, 0x18, 0xc0, 0x18, 0xc0, 0x18, 0xc0, 0x18, 0xc0, 0x18, 0xc0,
    0x18, 0xc0, 0x18, 0xc0, 0x18, 0xc0, 0x18, 0xc0, 0x18, 0xc0, 0x18, 0xc0,
    0x18, 0xc0, 0x18, 0xc0, 0x18, 0xc0, 0x18, 0xc0, 0x18, 0xc0, 0x18, 0xc0,
    0x18, 0xc0, 0x18, 0xc0, 0x18, 0xc0, 0x18, 0xc0, 0x18, 0xc0, 0x18, 0xc0,
    0x18, 0xc0, 0x18, 0xc0, 0x18, 0xc0, 0x18, 0xc0, 0x18, 0xc0, 0x00, 0xc0,
    0x00, 0xc0, 0x00, 0xc0, 0x00, 0xc0, 0x00, 0xc0, 0x00, 0xc0, 0x00, 0xc0,
    0x00, 0xc0, 0x00, 0xc0, 0x00, 0xc0, 0x00, 0xc0, 0x00, 0xc0, 0x00, 0xc0,
    0x00, 0xc0, 0x00, 0xc0, 0x00, 0xc0, 0x00, 0xc0, 0x00, 0xc0, 0x00, 0xc0,
    0x00, 0xc0, 0x00, 0xc0, 0x00, 0xc0, 0x00, 0xc0, 0x00, 0xc0, 0x00, 0xc0,
    0x00, 0xc0, 0x00, 0xc0, 0x00, 0xc0, 0x00, 0xc0, 0x00, 0xc0, 0x00, 0xc0,
    0x00, 0xc0, 0x00, 0xc0, 0x00, 0xc0, 0x00, 0xc0, 0x00, 0xc0, 0x00, 0xc0,
    0x00, 0xc0, 0x00, 0xc0, 0x00, 0xc0, 0x00, 0xc0, 0x00, 0xc0, 0x00, 0xc0,
    0x00, 0xc0, 0x00, 0xc0, 0x0d, 0x30, 0x18, 0x00, 0x18, 0x00, 0x18, 0x00,
    0x18, 0x00, 0x18, 0x00, 0x18, 0x00, 0x18, 0x00, 0x18, 0x00, 0x18, 0x00,
    0x18, 0x00, 0x18, 0x00, 0x18, 0x00, 0x18, 0x00, 0x18, 0x00, 0x18, 0x00,
    0x18, 0x00, 0x18, 0x00, 0x18, 0x00, 0x18, 0x00, 0x18, 0x00, 0x18, 0x00,
    0x18, 0x00, 0x18, 0x00, 0x18, 0x00, 0x18, 0x00, 0x18, 0x00, 0x18, 0x00,
    0x18, 0x00, 0x18, 0x00, 0x18, 0x00, 0x18, 0x00, 0x18, 0x00, 0x18, 0x00,
    0x18, 0x00, 0x18, 0x00, 0x18, 0x00, 0x18, 0x00, 0x18, 0x00, 0x18, 0x00,
    0x18, 0x00, 0x18, 0x00, 0x18, 0x00, 0x18, 0x00, 0x18, 0x00, 0x18, 0x00,
    0x18, 0xc6, 0x18, 0xc6, 0x18, 0xc6, 0x18, 0xc6, 0x18, 0xc6, 0x18, 0xc6,
    0x18, 0xc6, 0x18, 0xc6, 0x18, 0xc6, 0x18, 0xc6, 0x18, 0xc6, 0x18, 0xc6,
    0x18, 0xc6, 0x18, 0xc6, 0x18, 0xc6, 0x18, 0xc6, 0x18, 0xc6, 0x18, 0xc6,
    0x18, 0xc6, 0x18, 0xc6, 0x18, 0xc6, 0x18, 0xc6, 0x18, 0xc6, 0x18, 0xc6,
    0x18, 0xc6, 0x18, 0xc6, 0x18, 0xc6, 0x18, 0xc6, 0x18, 0xc6, 0x18, 0xc6,
    0x18, 0xc6, 0x18, 0xc6, 0x18, 0xc6, 0x18, 0xc6, 0x18, 0xc6, 0x18, 0xc6,
    0x18, 0xc6, 0x18, 0xc6, 0x18, 0xc6, 0x18, 0xc6, 0x18, 0xc6, 0x18, 0xc6,
    0x18, 0xc6, 0x18, 0xc6, 0x18, 0xc6, 0xf8, 0xbd, 0x00, 0xc6, 0x00, 0xc6,
    0x00, 0xc6, 0x00, 0xc6, 0x00, 0xc6, 0x00, 0xc6, 0x00, 0xc6, 0x00, 0xc6,
    0x00, 0xc6, 0x00, 0xc6, 0x00, 0xc6, 0x00, 0xc6, 0x00, 0xc6, 0x00, 0xc6,
    0x00, 0xc6, 0x00, 0xc6, 0x00, 0xc6, 0x00, 0xc6, 0x00, 0xc6, 0x00, 0xc6,
    0x00, 0xc6, 0x00, 0xc6, 0x00, 0xc6, 0x00, 0xc6, 0x00, 0xc6, 0x00, 0xc6,
    0x00, 0xc6, 0x00, 0xc6, 0x00, 0xc6, 0x00, 0xc6, 0x00, 0xc6, 0x00, 0xc6,
    0x00, 0xc6, 0x00, 0xc6, 0x00, 0xc6, 0x00, 0xc6, 0x00, 0xc6, 0x00, 0xc6,
    0x00, 0xc6, 0x00, 0xc6, 0x00, 0xc6, 0x00, 0xc6, 0x00, 0xc6, 0x00, 0xc6,
    0x00, 0xc6, 0xf8, 0xbd, 0x18, 0x06, 0x18, 0x06, 0x18, 0x06, 0x18, 0x06,
    0x18, 0x06, 0x18, 0x06, 0x18, 0x06, 0x18, 0x06, 0x18, 0x06, 0x18, 0x06,
    0x18, 0x06, 0x18, 0x06, 0x18, 0x06, 0x18, 0x06, 0x18, 0x06, 0x18, 0x06,
    0x18, 0x06, 0x18, 0x06, 0x18, 0x06, 0x18, 0x06, 0x18, 0x06, 0x18, 0x06,
    0x18, 0x06, 0x18, 0x06, 0x18, 0x06, 0x18, 0x06, 0x18, 0x06, 0x18, 0x06,
    0x18, 0x06, 0x18, 0x06, 0x18, 0x06, 0x18, 0x06, 0x18, 0x06, 0x18, 0x06,
    0x18, 0x06, 0x18, 0x06, 0x18, 0x06, 0x18, 0x06, 0x18, 0x06, 0x18, 0x06,
    0x18, 0x06, 0x18, 0x06, 0x18, 0x06, 0x18, 0x06, 0x18, 0x06, 0xe2, 0x04,
    0x00, 0x06, 0x00, 0x06, 0x00, 0x06, 0x00, 0x06, 0x00, 0x06, 0x00, 0x06,
    0x00, 0x06, 0x00, 0x06, 0x00, 0x06, 0x00, 0x06, 0x00, 0x06, 0x00, 0x06,
    0x00, 0x06, 0x00, 0x06, 0x00, 0x06, 0x00, 0x06, 0x00, 0x06, 0x00, 0x06,
    0x00, 0x06, 0x00, 0x06, 0x00, 0x06, 0x00, 0x06, 0x00, 0x06, 0x00, 0x06,
    0x00, 0x06, 0x00, 0x06, 0x00, 0x06, 0x00, 0x06, 0x00, 0x06, 0x00, 0x06,
    0x00, 0x06, 0x00, 0x06, 0x00, 0x06, 0x00, 0x06, 0x00, 0x06, 0x00, 0x06,
    0x00, 0x06, 0x00, 0x06, 0x00, 0x06, 0x00, 0x06, 0x00, 0x06, 0x00, 0x06,
    0x00, 0x06, 0x00, 0x06, 0x47, 0x3b, 0x18, 0xc0, 0x18, 0xc0, 0x18, 0xc0,
    0x18, 0xc0, 0x18, 0xc0, 0x18, 0xc0, 0x18, 0xc0, 0x18, 0xc0, 0x18, 0xc0,
    0x18, 0xc0, 0x18, 0xc0, 0x18, 0xc0, 0x18, 0xc0, 0x18, 0xc0, 0x18, 0xc0,
    0x18, 0xc0, 0x18, 0xc0, 0x18, 0xc0, 0x18, 0xc0, 0x18, 0xc0, 0x18, 0xc0,
    0x18, 0xc0, 0x18, 0xc0, 0x18, 0xc0, 0x18, 0xc0, 0x18, 0xc0, 0x18, 0xc0,
    0x18, 0xc0, 0x18, 0xc0, 0x18, 0xc0, 0x18, 0xc0, 0x18, 0xc0, 0x18, 0xc0,
    0x18, 0xc0, 0x18, 0xc0, 0x18, 0xc0, 0x18, 0xc0, 0x18, 0xc0, 0x18, 0xc0,
    0x18, 0xc0, 0x18, 0xc0, 0x18, 0xc0, 0x18, 0xc0, 0x18, 0xc0, 0x18, 0xc0,
    0x18, 0xc0, 0x00, 0xc0, 0x00, 0xc0, 0x00, 0xc0, 0x00, 0xc0, 0x00, 0xc0,
    0x00, 0xc0, 0x00, 0xc0, 0x00, 0xc0, 0x00, 0xc0, 0x00, 0xc0, 0x00, 0xc0,
    0x00, 0xc0, 0x00, 0xc0, 0x00, 0xc0, 0x00, 0xc0, 0x00, 0xc0, 0x00, 0xc0,
    0x00, 0xc0, 0x00, 0xc0, 0x00, 0xc0, 0x00, 0xc0, 0x00, 0xc0, 0x00, 0xc0,
    0x00, 0xc0, 0x00, 0xc0, 0x00, 0xc0, 0x00, 0xc0, 0x00, 0xc0, 0x00, 0xc0,
    0x00, 0xc0, 0x00, 0xc0, 0x00, 0xc0, 0x00, 0xc0, 0x00, 0xc0, 0x00, 0xc0,
    0x00, 0xc0, 0x00, 0xc0, 0x00, 0xc0, 0x00, 0xc0, 0x00, 0xc0, 0x00, 0xc0,
    0x00, 0xc0, 0x00, 0xc0, 0x00, 0xc0, 0x00, 0xc0, 0x0d, 0x30, 0x18, 0x00,
    0x18, 0x00, 0x18, 0x00, 0x18, 0x00, 0x18, 0x00, 0x18, 0x00, 0x18, 0x00,
    0x18, 0x00, 0x18, 0x00, 0x18, 0x00, 0x18, 0x00, 0x18, 0x00, 0x18, 0x00,
    0x18, 0x00, 0x18, 0x00, 0x18, 0x00, 0x18, 0x00, 0x18, 0x00, 0x18, 0x00,
    0x18, 0x00, 0x18, 0x00, 0x18, 0x00, 0x18, 0x00, 0x18, 0x00, 0x18, 0x00,
    0x18, 0x00, 0x18, 0x00, 0x18, 0x00, 0x18, 0x00, 0x18, 0x00, 0x18, 0x00,
    0x18, 0x00, 0x18, 0x00, 0x18, 0x00, 0x18, 0x00, 0x18, 0x00, 0x18, 0x00,
    0x18, 0x00, 0x18, 0x00, 0x18, 0x00, 0x18, 0x00, 0x18, 0x00, 0x18, 0x00,
    0x18, 0x00, 0x18, 0x00, 0x18, 0xc6, 0x18, 0xc6, 0x18, 0xc6, 0x18, 0xc6,
    0x18, 0xc6, 0x18, 0xc6, 0x18, 0xc6, 0x18, 0xc6, 0x18, 0xc6, 0x18, 0xc6,
    0x18, 0xc6, 0x18, 0xc6, 0x18, 0xc6, 0x18, 0xc6, 0x18, 0xc6, 0x18, 0xc6,
    0x18, 0xc6, 0x18, 0xc6, 0x18, 0xc6, 0x18, 0xc6, 0x18, 0xc6, 0x18, 0xc6,
    0x18, 0xc6, 0x18, 0xc6, 0x18, 0xc6, 0x18, 0xc6, 0x18, 0xc6, 0x18, 0xc6,
    0x18, 0xc6, 0x18, 0xc6, 0x18, 0xc6, 0x18, 0xc6, 0x18, 0xc6, 0x18, 0xc6,
    0x18, 0xc6, 0x18, 0xc6, 0x18, 0xc6, 0x18, 0xc6, 0x18, 0xc6, 0x18, 0xc6,
    0x18, 0xc6, 0x18, 0xc6, 0x18, 0xc6, 0x18, 0xc6, 0x18, 0xc6, 0xf8, 0xc5,
    0x00, 0xc6, 0x00, 0xc6, 0x00, 0xc6, 0x00, 0xc6, 0x00, 0xc6, 0x00, 0xc6,
    0x00, 0xc6, 0x00, 0xc6, 0x00, 0xc6, 0x00, 0xc6, 0x00, 0xc6, 0x00, 0xc6,
    0x00, 0xc6, 0x00, 0xc6, 0x00, 0xc6, 0x00, 0xc6, 0x00, 0xc6, 0x00, 0xc6,
    0x00, 0xc6, 0x00, 0xc6, 0x00, 0xc6, 0x00, 0xc6, 0x00, 0xc6, 0x00, 0xc6,
    0x00, 0xc6, 0x00, 0xc6, 0x00, 0xc6, 0x00, 0xc6, 0x00, 0xc6, 0x00, 0xc6,
    0x00, 0xc6, 0x00, 0xc6, 0x00, 0xc6, 0x00, 0xc6, 0x00, 0xc6, 0x00, 0xc6,
    0x00, 0xc6, 0x00, 0xc6, 0x00, 0xc6, 0x00, 0xc6, 0x00, 0xc6, 0x00, 0xc6,
    0x00, 0xc6, 0x00, 0xc6, 0x00, 0xc6, 0xf8, 0xc5, 0x18, 0x06, 0x18, 0x06,
    0x18, 0x06, 0x18, 0x06, 0x18, 0x06, 0x18, 0x06, 0x18, 0x06, 0x18, 0x06,
    0x18, 0x06, 0x18, 0x06, 0x18, 0x06, 0x18, 0x06, 0x18, 0x06, 0x18, 0x06,
    0x18, 0x06, 0x18, 0x06, 0x18, 0x06, 0x18, 0x06, 0x18, 0x06, 0x18, 0x06,
    0x18, 0x06, 0x18, 0x06, 0x18, 0x06, 0x18, 0x06, 0x18, 0x06, 0x18, 0x06,
    0x18, 0x06, 0x18, 0x06, 0x18, 0x06, 0x18, 0x06, 0x18, 0x06, 0x18, 0x06,
    0x18, 0x06, 0x18, 0x06, 0x18, 0x06, 0x18, 0x06, 0x18, 0x06, 0x18, 0x06,
    0x18, 0x06, 0x18, 0x06, 0x18, 0x06, 0x18, 0x06, 0x18, 0x06, 0x18, 0x06,
    0x18, 0x06, 0xe3, 0x0c, 0x00, 0x06, 0x00, 0x06, 0x00, 0x06, 0x00, 0x06,
    0x00, 0x06, 0x00, 0x06, 0x00, 0x06, 0x00, 0x06, 0x00, 0x06, 0x00, 0x06,
    0x00, 0x06, 0x00, 0x06, 0x00, 0x06, 0x00, 0x06, 0x00, 0x06, 0x00, 0x06,
    0x00, 0x06, 0x00, 0x06, 0x00, 0x06, 0x00, 0x06, 0x00, 0x06, 0x00, 0x06,
    0x00, 0x06, 0x00, 0x06, 0x00, 0x06, 0x00, 0x06, 0x00, 0x06, 0x00, 0x06,
    0x00, 0x06, 0x00, 0x06, 0x00, 0x06, 0x00, 0x06, 0x00, 0x06, 0x00, 0x06,
    0x00, 0x06, 0x00, 0x06, 0x00, 0x06, 0x00, 0x06, 0x00, 0x06, 0x00, 0x06,
    0x00, 0x06, 0x00, 0x06, 0x00, 0x06, 0x00, 0x06, 0x28, 0x43, 0x18, 0xc0,
    0x18, 0xc0, 0x18, 0xc0, 0x18, 0xc0, 0x18, 0xc0, 0x18, 0xc0, 0x18, 0xc0,
    0x18, 0xc0, 0x18, 0xc0, 0x18, 0xc0, 0x18, 0xc0, 0x18, 0xc0, 0x18, 0xc0,
    0x18, 0xc0, 0x18, 0xc0, 0x18, 0xc0, 0x18, 0xc0, 0x18, 0xc0, 0x18, 0xc0,
    0x18, 0xc0, 0x18, 0xc0, 0x18, 0xc0, 0x18, 0xc0, 0x18, 0xc0, 0x18, 0xc0,
    0x18, 0xc0, 0x18, 0xc0, 0x18, 0xc0, 0x18, 0xc0, 0x18, 0xc0, 0x18, 0xc0,
    0x18, 0xc0, 0x18, 0xc0, 0x18, 0xc0, 0x18, 0xc0, 0x18, 0xc0, 0x18, 0xc0,
    0x18, 0xc0, 0x18, 0xc0, 0x18, 0xc0, 0x18, 0xc0, 0x18, 0xc0, 0x18, 0xc0,
    0x18, 0xc0, 0x18, 0xc0, 0x18, 0xc0, 0x00, 0xc0, 0x00, 0xc0, 0x00, 0xc0,
    0x00, 0xc0, 0x00, 0xc0, 0x00, 0xc0, 0x00, 0xc0, 0x00, 0xc0, 0x00, 0xc0,
    0x00, 0xc0, 0x00, 0xc0, 0x00, 0xc0, 0x00, 0xc0, 0x00, 0xc0, 0x00, 0xc0,
    0x00, 0xc0, 0x00, 0xc0, 0x00, 0xc0, 0x00, 0xc0, 0x00, 0xc0, 0x00, 0xc0,
    0x00, 0xc0, 0x00, 0xc0, 0x00, 0xc0, 0x00, 0xc0, 0x00, 0xc0, 0x00, 0xc0,
    0x00, 0xc0, 0x00, 0xc0, 0x00, 0xc0, 0x00, 0xc0, 0x00, 0xc0, 0x00, 0xc0,
    0x00, 0xc0, 0x00, 0xc0, 0x00, 0xc0, 0x00, 0xc0, 0x00, 0xc0, 0x00, 0xc0,
    0x00, 0xc0, 0x00, 0xc0, 0x00, 0xc0, 0x00, 0xc0, 0x00, 0xc0, 0x00, 0xc0,
    0x0d, 0x30, 0x18, 0x00, 0x18, 0x00, 0x18, 0x00, 0x18, 0x00, 0x18, 0x00,
    0x18, 0x00, 0x18, 0x00, 0x18, 0x00, 0x18, 0x00, 0x18, 0x00, 0x18, 0x00,
    0x18, 0x00, 0x18, 0x00, 0x18, 0x00, 0x18, 0x00, 0x18, 0x00, 0x18, 0x00,
    0x18, 0x00, 0x18, 0x00, 0x18, 0x00, 0x18, 0x00, 0x18, 0x00, 0x18, 0x00,
    0x18, 0x00, 0x18, 0x00, 0x18, 0x00, 0x18, 0x00, 0x18, 0x00, 0x18, 0x00,
    0x18, 0x00, 0x18, 0x00, 0x18, 0x00, 0x18, 0x00, 0x18, 0x00, 0x18, 0x00,
    0x18, 0x00, 0x18, 0x00, 0x18, 0x00, 0x18, 0x00, 0x18, 0x00, 0x18, 0x00,
    0x18, 0x00, 0x18, 0x00, 0x18, 0x00, 0x18, 0x00, 0x18, 0xc6, 0x18, 0xc6,
    0x18, 0xc6, 0x18, 0xc6, 0x18, 0xc6, 0x18, 0xc6, 0x18, 0xc6, 0x18, 0xc6,
    0x18, 0xc6, 0x18, 0xc6, 0x18, 0xc6, 0x18, 0xc6, 0x18, 0xc6, 0x18, 0xc6,
    0x18, 0xc6, 0x18, 0xc6, 0x18, 0xc6, 0x18, 0xc6, 0x18, 0xc6, 0x18, 0xc6,
    0x18, 0xc6, 0x18, 0xc6, 0x18, 0xc6, 0x18, 0xc6, 0x18, 0xc6, 0x18, 0xc6,
    0x18, 0xc6, 0x18, 0xc6, 0x18, 0xc6, 0x18, 0xc6, 0x18, 0xc6, 0x18, 0xc6,
    0x18, 0xc6, 0x18, 0xc6, 0x18, 0xc6, 0x18, 0xc6, 0x18, 0xc6, 0x18, 0xc6,
    0x18, 0xc6, 0x18, 0xc6, 0x18, 0xc6, 0x18, 0xc6, 0x18, 0xc6, 0x18, 0xc6,
    0x18, 0xc6, 0xf8, 0xbd, 0x00, 0xc6, 0x00, 0xc6, 0x00, 0xc6, 0x00, 0xc6,
    0x00, 0xc6, 0x00, 0xc6, 0x00, 0xc6, 0x00, 0xc6, 0x00, 0xc6, 0x00, 0xc6,
    0x00, 0xc6, 0x00, 0xc6, 0x00, 0xc6, 0x00, 0xc6, 0x00, 0xc6, 0x00, 0xc6,
    0x00, 0xc6, 0x00, 0xc6, 0x00, 0xc6, 0x00, 0xc6, 0x00, 0xc6, 0x00, 0xc6,
    0x00, 0xc6, 0x00, 0xc6, 0x00, 0xc6, 0x00, 0xc6, 0x00, 0xc6, 0x00, 0xc6,
    0x00, 0xc6, 0x00, 0xc6, 0x00, 0xc6, 0x00, 0xc6, 0x00, 0xc6, 0x00, 0xc6,
    0x00, 0xc6, 0x00, 0xc6, 0x00, 0xc6, 0x00, 0xc6, 0x00, 0xc6, 0x00, 0xc6,
    0x00, 0xc6, 0x00, 0xc6, 0x00, 0xc6, 0x00, 0xc6, 0x00, 0xc6, 0xf8, 0xbd,
    0x18, 0x06, 0x18, 0x06, 0x18, 0x06, 0x18, 0x06, 0x18, 0x06, 0x18, 0x06,
    0x18, 0x06, 0x18, 0x06, 0x18, 0x06, 0x18, 0x06, 0x18, 0x06, 0x18, 0x06,
    0x18, 0x06, 0x18, 0x06, 0x18, 0x06, 0x18, 0x06, 0x18, 0x06, 0x18, 0x06,
    0x18, 0x06, 0x18, 0x06, 0x18, 0x06, 0x18, 0x06, 0x18, 0x06, 0x18, 0x06,
    0x18, 0x06, 0x18, 0x06, 0x18, 0x06, 0x18, 0x06, 0x18, 0x06, 0x18, 0x06,
    0x18, 0x06, 0x18, 0x06, 0x18, 0x06, 0x18, 0x06, 0x18, 0x06, 0x18, 0x06,
    0x18, 0x06, 0x18, 0x06, 0x18, 0x06, 0x18, 0x06, 0x18, 0x06, 0x18, 0x06,
    0x18, 0x06, 0x18, 0x06, 0x18, 0x06, 0xe2, 0x04, 0x00, 0x06, 0x00, 0x06,
    0x00, 0x06, 0x00, 0x06, 0x00, 0x06, 0x00, 0x06, 0x00, 0x06, 0x00, 0x06,
    0x00, 0x06, 0x00, 0x06, 0x00, 0x06, 0x00, 0x06, 0x00, 0x06, 0x00, 0x06,
    0x00, 0x06, 0x00, 0x06, 0x00, 0x06, 0x00, 0x06, 0x00, 0x06, 0x00, 0x06,
    0x00, 0x06, 0x00, 0x06, 0x00, 0x06, 0x00, 0x06, 0x00, 0x06, 0x00, 0x06,
    0x00, 0x06, 0x00, 0x06, 0x00, 0x06, 0x00, 0x06, 0x00, 0x06, 0x00, 0x06,
    0x00, 0x06, 0x00, 0x06, 0x00, 0x06, 0x00, 0x06, 0x00, 0x06, 0x00, 0x06,
    0x00, 0x06, 0x00, 0x06, 0x00, 0x06, 0x00, 0x06, 0x00, 0x06, 0x00, 0x06,
    0x27, 0x3b, 0x18, 0xc0, 0x18, 0xc0, 0x18, 0xc0, 0x18, 0xc0, 0x18, 0xc0,
    0x18, 0xc0, 0x18, 0xc0, 0x18, 0xc0, 0x18, 0xc0, 0x18, 0xc0, 0x18, 0xc0,
    0x18, 0xc0, 0x18, 0xc0, 0x18, 0xc0, 0x18, 0xc0, 0x18, 0xc0, 0x18, 0xc0,
    0x18, 0xc0, 0x18, 0xc0, 0x18, 0xc0, 0x18, 0xc0, 0x18, 0xc0, 0x18, 0xc0,
    0x18, 0xc0, 0x18, 0xc0, 0x18, 0xc0, 0x18, 0xc0, 0x18, 0xc0, 0x18, 0xc0,
    0x18, 0xc0, 0x18, 0xc0, 0x18, 0xc0, 0x18, 0xc0, 0x18, 0xc0, 0x18, 0xc0,
    0x18, 0xc0, 0x18, 0xc0, 0x18, 0xc0, 0x18, 0xc0, 0x18, 0xc0, 0x18, 0xc0,
    0x18, 0xc0, 0x18, 0xc0, 0x18, 0xc0, 0x18, 0xc0, 0x18, 0xc0, 0x00, 0xc0,
    0x00, 0xc0, 0x00, 0xc0, 0x00, 0xc0, 0x00, 0xc0, 0x00, 0xc0, 0x00, 0xc0,
    0x00, 0xc0, 0x00, 0xc0, 0x00, 0xc0, 0x00, 0xc0, 0x00, 0xc0, 0x00, 0xc0,
    0x00, 0xc0, 0x00, 0xc0, 0x00, 0xc0, 0x00, 0xc0, 0x00, 0xc0, 0x00, 0xc0,
    0x00, 0xc0, 0x00, 0xc0, 0x00, 0xc0, 0x00, 0xc0, 0x00, 0xc0, 0x00, 0xc0,
    0x00, 0xc0, 0x00, 0xc0, 0x00, 0xc0, 0x00, 0xc0, 0x00, 0xc0, 0x00, 0xc0,
    0x00, 0xc0, 0x00, 0xc0, 0x00, 0xc0, 0x00, 0xc0, 0x00, 0xc0, 0x00, 0xc0,
    0x00, 0xc0, 0x00, 0xc0, 0x00, 0xc0, 0x00, 0xc0, 0x00, 0xc0, 0x00, 0xc0,
    0x00, 0xc0, 0x00, 0xc0, 0x0d, 0x30, 0x18, 0x00, 0x18, 0x00, 0x18, 0x00,
    0x18, 0x00, 0x18, 0x00, 0x18, 0x00, 0x18, 0x00, 0x18, 0x00, 0x18, 0x00,
    0x18, 0x00, 0x18, 0x00, 0x18, 0x00, 0x18, 0x00, 0x18, 0x00, 0x18, 0x00,
    0x18, 0x00, 0x18, 0x00, 0x18, 0x00, 0x18, 0x00, 0x18, 0x00, 0x18, 0x00,
    0x18, 0x00, 0x18, 0x00, 0x18, 0x00, 0x18, 0x00, 0x18, 0x00, 0x18, 0x00,
    0x18, 0x00, 0x18, 0x00, 0x18, 0x00, 0x18, 0x00, 0x18, 0x00, 0x18, 0x00,
    0x18, 0x00, 0x18, 0x00, 0x18, 0x00, 0x18, 0x00, 0x18, 0x00, 0x18, 0x00,
    0x18, 0x00, 0x18, 0x00, 0x18, 0x00, 0x18, 0x00, 0x18, 0x00, 0x18, 0x00,
    0x18, 0xc6, 0x18, 0xc6, 0x18, 0xc6, 0x18, 0xc6, 0x18, 0xc6, 0x18, 0xc6,
    0x18, 0xc6, 0x18, 0xc6, 0x18, 0xc6, 0x18, 0xc6, 0x18, 0xc6, 0x18, 0xc6,
    0x18, 0xc6, 0x18, 0xc6, 0x18, 0xc6, 0x18, 0xc6, 0x18, 0xc6, 0x18, 0xc6,
    0x18, 0xc6, 0x18, 0xc6, 0x18, 0xc6, 0x18, 0xc6, 0x18, 0xc6, 0x18, 0xc6,
    0x18, 0xc6, 0x18, 0xc6, 0x18, 0xc6, 0x18, 0xc6, 0x18, 0xc6, 0x18, 0xc6,
    0x18, 0xc6, 0x18, 0xc6, 0x18, 0xc6, 0x18, 0xc6, 0x18, 0xc6, 0x18, 0xc6,
    0x18, 0xc6, 0x18, 0xc6, 0x18, 0xc6, 0x18, 0xc6, 0x18, 0xc6, 0x18, 0xc6,
    0x18, 0xc6, 0x18, 0xc6, 0x18, 0xc6, 0xf8, 0xbd, 0x00, 0xc6, 0x00, 0xc6,
    0x00, 0xc6, 0x00, 0xc6, 0x00, 0xc6, 0x00, 0xc6, 0x00, 0xc6, 0x00, 0xc6,
    0x00, 0xc6, 0x00, 0xc6, 0x00, 0xc6, 0x00, 0xc6, 0x00, 0xc6, 0x00, 0xc6,
    0x00, 0xc6, 0x00, 0xc6, 0x00, 0xc6, 0x00, 0xc6, 0x00, 0xc6, 0x00, 0xc6,
    0x00, 0xc6, 0x00, 0xc6, 0x00, 0xc6, 0x00, 0xc6, 0x00, 0xc6, 0x00, 0xc6,
    0x00, 0xc6, 0x00, 0xc6, 0x00, 0xc6, 0x00, 0xc6, 0x00, 0xc6, 0x00, 0xc6,
    0x00, 0xc6, 0x00, 0xc6, 0x00, 0xc6, 0x00, 0xc6, 0x00, 0xc6, 0x00, 0xc6,
    0x00, 0xc6, 0x00, 0xc6, 0x00, 0xc6, 0x00, 0xc6, 0x00, 0xc6, 0x00, 0xc6,
    0x00, 0xc6, 0xf8, 0xbd, 0x18, 0x06, 0x18, 0x06, 0x18, 0x06, 0x18, 0x06,
    0x18, 0x06, 0x18, 0x06, 0x18, 0x06, 0x18, 0x06, 0x18, 0x06, 0x18, 0x06,
    0x18, 0x06, 0x18, 0x06, 0x18, 0x06, 0x18, 0x06, 0x18, 0x06, 0x18, 0x06,
    0x18, 0x06, 0x18, 0x06, 0x18, 0x06, 0x18, 0x06, 0x18, 0x06, 0x18, 0x06,
    0x18, 0x06, 0x18, 0x06, 0x18, 0x06, 0x18, 0x06, 0x18, 0x06, 0x18, 0x06,
    0x18, 0x06, 0x18, 0x06, 0x18, 0x06, 0x18, 0x06, 0x18, 0x06, 0x18, 0x06,
    0x18, 0x06, 0x18, 0x06, 0x18, 0x06, 0x18, 0x06, 0x18, 0x06, 0x18, 0x06,
    0x18, 0x06, 0x18, 0x06, 0x18, 0x06, 0x18, 0x06, 0x18, 0x06, 0xe2, 0x0c,
    0x00, 0x06, 0x00, 0x06, 0x00, 0x06, 0x00, 0x06, 0x00, 0x06, 0x00, 0x06,
    0x00, 0x06, 0x00, 0x06, 0x00, 0x06, 0x00, 0x06, 0x00, 0x06, 0x00, 0x06,
    0x00, 0x06, 0x00, 0x06, 0x00, 0x06, 0x00, 0x06, 0x00, 0x06, 0x00, 0x06,
    0x00, 0x06, 0x00, 0x06, 0x00, 0x06, 0x00, 0x06, 0x00, 0x06, 0x00, 0x06,
    0x00, 0x06, 0x00, 0x06, 0x00, 0x06, 0x00, 0x06, 0x00, 0x06, 0x00, 0x06,
    0x00, 0x06, 0x00, 0x06, 0x00, 0x06, 0x00, 0x06, 0x00, 0x06, 0x00, 0x06,
    0x00, 0x06, 0x00, 0x06, 0x00, 0x06, 0x00, 0x06, 0x00, 0x06, 0x00, 0x06,
    0x00, 0x06, 0x00, 0x06, 0x47, 0x3b, 0x18, 0xc0, 0x18, 0xc0, 0x18, 0xc0,
    0x18, 0xc0, 0x18, 0xc0, 0x18, 0xc0, 0x18, 0xc0, 0x18, 0xc0, 0x18, 0xc0,
    0x18, 0xc0, 0x18, 0xc0, 0x18, 0xc0, 0x18, 0xc0, 0x18, 0xc0, 0x18, 0xc0,
    0x18, 0xc0, 0x18, 0xc0, 0x18, 0xc0, 0x18, 0xc0, 0x18, 0xc0, 0x18, 0xc0,
    0x18, 0xc0, 0x18, 0xc0, 0x18, 0xc0, 0x18, 0xc0, 0x18, 0xc0, 0x18, 0xc0,
    0x18, 0xc0, 0x18, 0xc0, 0x18, 0xc0, 0x18, 0xc0, 0x18, 0xc0, 0x18, 0xc0,
    0x18, 0xc0, 0x18, 0xc0, 0x18, 0xc0, 0x18, 0xc0, 0x18, 0xc0, 0x18, 0xc0,
    0x18, 0xc0, 0x18, 0xc0, 0x18, 0xc0, 0x18, 0xc0, 0x18, 0xc0, 0x18, 0xc0,
    0x18, 0xc0, 0x00, 0xc0, 0x00, 0xc0, 0x00, 0xc0, 0x00, 0xc0, 0x00, 0xc0,
    0x00, 0xc0, 0x00, 0xc0, 0x00, 0xc0, 0x00, 0xc0, 0x00, 0xc0, 0x00, 0xc0,
    0x00, 0xc0, 0x00, 0xc0, 0x00, 0xc0, 0x00, 0xc0, 0x00, 0xc0, 0x00, 0xc0,
    0x00, 0xc0, 0x00, 0xc0, 0x00, 0xc0, 0x00, 0xc0, 0x00, 0xc0, 0x00, 0xc0,
    0x00, 0xc0, 0x00, 0xc0, 0x00, 0xc0, 0x00, 0xc0, 0x00, 0xc0, 0x00, 0xc0,
    0x00, 0xc0, 0x00, 0xc0, 0x00, 0xc0, 0x00, 0xc0, 0x00, 0xc0, 0x00, 0xc0,
    0x00, 0xc0, 0x00, 0xc0, 0x00, 0xc0, 0x00, 0xc0, 0x00, 0xc0, 0x00, 0xc0,
    0x00, 0xc0, 0x00, 0xc0, 0x00, 0xc0, 0x00, 0xc0, 0x0e, 0x38, 0x18, 0x00,
    0x18, 0x00, 0x18, 0x00, 0x18, 0x00, 0x18, 0x00, 0x18, 0x00, 0x18, 0x00,
    0x18, 0x00, 0x18, 0x00, 0x18, 0x00, 0x18, 0x00, 0x18, 0x00, 0x18, 0x00,
    0x18, 0x00, 0x18, 0x00, 0x18, 0x00, 0x18, 0x00, 0x18, 0x00, 0x18, 0x00,
    0x18, 0x00, 0x18, 0x00, 0x18, 0x00, 0x18, 0x00, 0x18, 0x00, 0x18, 0x00,
    0x18, 0x00, 0x18, 0x00, 0x18, 0x00, 0x18, 0x00, 0x18, 0x00, 0x18, 0x00,
    0x18, 0x00, 0x18, 0x00, 0x18, 0x00, 0x18, 0x00, 0x18, 0x00, 0x18, 0x00,
    0x18, 0x00, 0x18, 0x00, 0x18, 0x00, 0x18, 0x00, 0x18, 0x00, 0x18, 0x00,
    0x18, 0x00, 0x18, 0x00, 0x18, 0xc6, 0x18, 0xc6, 0x18, 0xc6, 0x18, 0xc6,
    0x18, 0xc6, 0x18, 0xc6, 0x18, 0xc6, 0x18, 0xc6, 0x18, 0xc6, 0x18, 0xc6,
    0x18, 0xc6, 0x18, 0xc6, 0x18, 0xc6, 0x18, 0xc6, 0x18, 0xc6, 0x18, 0xc6,
    0x18, 0xc6, 0x18, 0xc6, 0x18, 0xc6, 0x18, 0xc6, 0x18, 0xc6, 0x18, 0xc6,
    0x18, 0xc6, 0x18, 0xc6, 0x18, 0xc6, 0x18, 0xc6, 0x18, 0xc6, 0x18, 0xc6,
    0x18, 0xc6, 0x18, 0xc6, 0x18, 0xc6, 0x18, 0xc6, 0x18, 0xc6, 0x18, 0xc6,
    0x18, 0xc6, 0x18, 0xc6, 0x18, 0xc6, 0x18, 0xc6, 0x18, 0xc6, 0x18, 0xc6,
    0x18, 0xc6, 0x18, 0xc6, 0x18, 0xc6, 0x18, 0xc6, 0x18, 0xc6, 0xf8, 0xc5,
    0x00, 0xc6, 0x00, 0xc6, 0x00, 0xc6, 0x00, 0xc6, 0x00, 0xc6, 0x00, 0xc6,
    0x00, 0xc6, 0x00, 0xc6, 0x00, 0xc6, 0x00, 0xc6, 0x00, 0xc6, 0x00, 0xc6,
    0x00, 0xc6, 0x00, 0xc6, 0x00, 0xc6, 0x00, 0xc6, 0x00, 0xc6, 0x00, 0xc6,
    0x00, 0xc6, 0x00, 0xc6, 0x00, 0xc6, 0x00, 0xc6, 0x00, 0xc6, 0x00, 0xc6,
    0x00, 0xc6, 0x00, 0xc6, 0x00, 0xc6, 0x00, 0xc6, 0x00, 0xc6, 0x00, 0xc6,
    0x00, 0xc6, 0x00, 0xc6, 0x00, 0xc6, 0x00, 0xc6, 0x00, 0xc6, 0x00, 0xc6,
    0x00, 0xc6, 0x00, 0xc6, 0x00, 0xc6, 0x00, 0xc6, 0x00, 0xc6, 0x00, 0xc6,
    0x00, 0xc6, 0x00, 0xc6, 0x00, 0xc6, 0xf8, 0xc5, 0x18, 0x06, 0x18, 0x06,
    0x18, 0x06, 0x18, 0x06, 0x18, 0x06, 0x18, 0x06, 0x18, 0x06, 0x18, 0x06,
    0x18, 0x06, 0x18, 0x06, 0x18, 0x06, 0x18, 0x06, 0x18, 0x06, 0x18, 0x06,
    0x18, 0x06, 0x18, 0x06, 0x18, 0x06, 0x18, 0x06, 0x18, 0x06, 0x18, 0x06,
    0x18, 0x06, 0x18, 0x06, 0x18, 0x06, 0x18, 0x06, 0x18, 0x06, 0x18, 0x06,
    0x18, 0x06, 0x18, 0x06, 0x18, 0x06, 0x18, 0x06, 0x18, 0x06, 0x18, 0x06,
    0x18, 0x06, 0x18, 0x06, 0x18, 0x06, 0x18, 0x06, 0x18, 0x06, 0x18, 0x06,
    0x18, 0x06, 0x18, 0x06, 0x18, 0x06, 0x18, 0x06, 0x18, 0x06, 0x18, 0x06,
    0x18, 0x06, 0xe3, 0x04, 0x00, 0x06, 0x00, 0x06, 0x00, 0x06, 0x00, 0x06,
    0x00, 0x06, 0x00, 0x06, 0x00, 0x06, 0x00, 0x06, 0x00, 0x06, 0x00, 0x06,
    0x00, 0x06, 0x00, 0x06, 0x00, 0x06, 0x00, 0x06, 0x00, 0x06, 0x00, 0x06,
    0x00, 0x06, 0x00, 0x06, 0x00, 0x06, 0x00, 0x06, 0x00, 0x06, 0x00, 0x06,
    0x00, 0x06, 0x00, 0x06, 0x00, 0x06, 0x00, 0x06, 0x00, 0x06, 0x00, 0x06,
    0x00, 0x06, 0x00, 0x06, 0x00, 0x06, 0x00, 0x06, 0x00, 0x06, 0x00, 0x06,
    0x00, 0x06, 0x00, 0x06, 0x00, 0x06, 0x00, 0x06, 0x00, 0x06, 0x00, 0x06,
    0x00, 0x06, 0x00, 0x06, 0x00, 0x06, 0x00, 0x06, 0x48, 0x43, 0x18, 0xc0,
    0x18, 0xc0, 0x18, 0xc0, 0x18, 0xc0, 0x18, 0xc0, 0x18, 0xc0, 0x18, 0xc0,
    0x18, 0xc0, 0x18, 0xc0, 0x18, 0xc0, 0x18, 0xc0, 0x18, 0xc0, 0x18, 0xc0,
    0x18, 0xc0, 0x18, 0xc0, 0x18, 0xc0, 0x18, 0xc0, 0x18, 0xc0, 0x18, 0xc0,
    0x18, 0xc0, 0x18, 0xc0, 0x18, 0xc0, 0x18, 0xc0, 0x18, 0xc0, 0x18, 0xc0,
    0x18, 0xc0, 0x18, 0xc0, 0x18, 0xc0, 0x18, 0xc0, 0x18, 0xc0, 0x18, 0xc0,
    0x18, 0xc0, 0x18, 0xc0, 0x18, 0xc0, 0x18, 0xc0, 0x18, 0xc0, 0x18, 0xc0,
    0x18, 0xc0, 0x18, 0xc0, 0x18, 0xc0, 0x18, 0xc0, 0x18, 0xc0, 0x18, 0xc0,
    0x18, 0xc0, 0x18, 0xc0, 0x18, 0xc0, 0x00, 0xc0, 0x00, 0xc0, 0x00, 0xc0,
    0x00, 0xc0, 0x00, 0xc0, 0x00, 0xc0, 0x00, 0xc0, 0x00, 0xc0, 0x00, 0xc0,
    0x00, 0xc0, 0x00, 0xc0, 0x00, 0xc0, 0x00, 0xc0, 0x00, 0xc0, 0x00, 0xc0,
    0x00, 0xc0, 0x00, 0xc0, 0x00, 0xc0, 0x00, 0xc0, 0x00, 0xc0, 0x00, 0xc0,
    0x00, 0xc0, 0x00, 0xc0, 0x00, 0xc0, 0x00, 0xc0, 0x00, 0xc0, 0x00, 0xc0,
    0x00, 0xc0, 0x00, 0xc0, 0x00, 0xc0, 0x00, 0xc0, 0x00, 0xc0, 0x00, 0xc0,
    0x00, 0xc0, 0x00, 0xc0, 0x00, 0xc0, 0x00, 0xc0, 0x00, 0xc0, 0x00, 0xc0,
    0x00, 0xc0, 0x00, 0xc0, 0x00, 0xc0, 0x00, 0xc0, 0x00, 0xc0, 0x00, 0xc0,
    0x0d, 0x30, 0x18, 0x00, 0x18, 0x00, 0x18, 0x00, 0x18, 0x00, 0x18, 0x00,
    0x18, 0x00, 0x18, 0x00, 0x18, 0x00, 0x18, 0x00, 0x18, 0x00, 0x18, 0x00,
    0x18, 0x00, 0x18, 0x00, 0x18, 0x00, 0x18, 0x00, 0x18, 0x00, 0x18, 0x00,
    0x18, 0x00, 0x18, 0x00, 0x18, 0x00, 0x18, 0x00, 0x18, 0x00, 0x18, 0x00,
    0x18, 0x00, 0x18, 0x00, 0x18, 0x00, 0x18, 0x00, 0x18, 0x00, 0x18, 0x00,
    0x18, 0x00, 0x18, 0x00, 0x18, 0x00, 0x18, 0x00, 0x18, 0x00, 0x18, 0x00,
    0x18, 0x00, 0x18, 0x00, 0x18, 0x00, 0x18, 0x00, 0x18, 0x00, 0x18, 0x00,
    0x18, 0x00, 0x18, 0x00, 0x18, 0x00, 0x18, 0x00, 0x18, 0xc6, 0x18, 0xc6,
    0x18, 0xc6, 0x18, 0xc6, 0x18, 0xc6, 0x18, 0xc6, 0x18, 0xc6, 0x18, 0xc6,
    0x18, 0xc6, 0x18, 0xc6, 0x18, 0xc6, 0x18, 0xc6, 0x18, 0xc6, 0x18, 0xc6,
    0x18, 0xc6, 0x18, 0xc6, 0x18, 0xc6, 0x18, 0xc6, 0x18, 0xc6, 0x18, 0xc6,
    0x18, 0xc6, 0x18, 0xc6, 0x18, 0xc6, 0x18, 0xc6, 0x18, 0xc6, 0x18, 0xc6,
    0x18, 0xc6, 0x18, 0xc6, 0x18, 0xc6, 0x18, 0xc6, 0x18, 0xc6, 0x18, 0xc6,
    0x18, 0xc6, 0x18, 0xc6, 0x18, 0xc6, 0x18, 0xc6, 0x18, 0xc6, 0x18, 0xc6,
    0x18, 0xc6, 0x18, 0xc6, 0x18, 0xc6, 0x18, 0xc6, 0x18, 0xc6, 0x18, 0xc6,
    0x18, 0xc6, 0xf8, 0xbd, 0x00, 0xc6, 0x00, 0xc6, 0x00, 0xc6, 0x00, 0xc6,
    0x00, 0xc6, 0x00, 0xc6, 0x00, 0xc6, 0x00, 0xc6, 0x00, 0xc6, 0x00, 0xc6,
    0x00, 0xc6, 0x00, 0xc6, 0x00, 0xc6, 0x00, 0xc6, 0x00, 0xc6, 0x00, 0xc6,
    0x00, 0xc6, 0x00, 0xc6, 0x00, 0xc6, 0x00, 0xc6, 0x00, 0xc6, 0x00, 0xc6,
    0x00, 0xc6, 0x00, 0xc6, 0x00, 0xc6, 0x00, 0xc6, 0x00, 0xc6, 0x00, 0xc6,
    0x00, 0xc6, 0x00, 0xc6, 0x00, 0xc6, 0x00, 0xc6, 0x00, 0xc6, 0x00, 0xc6,
    0x00, 0xc6, 0x00, 0xc6, 0x00, 0xc6, 0x00, 0xc6, 0x00, 0xc6, 0x00, 0xc6,
    0x00, 0xc6, 0x00, 0xc6, 0x00, 0xc6, 0x00, 0xc6, 0x00, 0xc6, 0xf8, 0xbd,
    0x18, 0x06, 0x18, 0x06, 0x18, 0x06, 0x18, 0x06, 0x18, 0x06, 0x18, 0x06,
    0x18, 0x06, 0x18, 0x06, 0x18, 0x06, 0x18, 0x06, 0x18, 0x06, 0x18, 0x06,
    0x18, 0x06, 0x18, 0x06, 0x18, 0x06, 0x18, 0x06, 0x18, 0x06, 0x18, 0x06,
    0x18, 0x06, 0x18, 0x06, 0x18, 0x06, 0x18, 0x06, 0x18, 0x06, 0x18, 0x06,
    0x18, 0x06, 0x18, 0x06, 0x18, 0x06, 0x18, 0x06, 0x18, 0x06, 0x18, 0x06,
    0x18, 0x06, 0x18, 0x06, 0x18, 0x06, 0x18, 0x06, 0x18, 0x06, 0x18, 0x06,
    0x18, 0x06, 0x18, 0x06, 0x18, 0x06, 0x18, 0x06, 0x18, 0x06, 0x18, 0x06,
    0x18, 0x06, 0x18, 0x06, 0x18, 0x06, 0xe2, 0x0c, 0x00, 0x06, 0x00, 0x06,
    0x00, 0x06, 0x00, 0x06, 0x00, 0x06, 0x00, 0x06, 0x00, 0x06, 0x00, 0x06,
    0x00, 0x06, 0x00, 0x06, 0x00, 0x06, 0x00, 0x06, 0x00, 0x06, 0x00, 0x06,
    0x00, 0x06, 0x00, 0x06, 0x00, 0x06, 0x00, 0x06, 0x00, 0x06, 0x00, 0x06,
    0x00, 0x06, 0x00, 0x06, 0x00, 0x06, 0x00, 0x06, 0x00, 0x06, 0x00, 0x06,
    0x00, 0x06, 0x00, 0x06, 0x00, 0x06, 0x00, 0x06, 0x00, 0x06, 0x00, 0x06,
    0x00, 0x06, 0x00, 0x06, 0x00, 0x06, 0x00, 0x06, 0x00, 0x06, 0x00, 0x06,
    0x00, 0x06, 0x00, 0x06, 0x00, 0x06, 0x00, 0x06, 0x00, 0x06, 0x00, 0x06,
    0x27, 0x3b, 0x18, 0xc0, 0x18, 0xc0, 0x18, 0xc0, 0x18, 0xc0, 0x18, 0xc0,
    0x18, 0xc0, 0x18, 0xc0, 0x18, 0xc0, 0x18, 0xc0, 0x18, 0xc0, 0x18, 0xc0,
    0x18, 0xc0, 0x18, 0xc0, 0x18, 0xc0, 0x18, 0xc0, 0x18, 0xc0, 0x18, 0xc0,
    0x18, 0xc0, 0x18, 0xc0, 0x18, 0xc0, 0x18, 0xc0, 0x18, 0xc0, 0x18, 0xc0,
    0x18, 0xc0, 0x18, 0xc0, 0x18, 0xc0, 0x18, 0xc0, 0x18, 0xc0, 0x18, 0xc0,
    0x18, 0xc0, 0x18, 0xc0, 0x18, 0xc0, 0x18, 0xc0, 0x18, 0xc0, 0x18, 0xc0,
    0x18, 0xc0, 0x18, 0xc0, 0x18, 0xc0, 0x18, 0xc0, 0x18, 0xc0, 0x18, 0xc0,
    0x18, 0xc0, 0x18, 0xc0, 0x18, 0xc0, 0x18, 0xc0, 0x18, 0xc0, 0x00, 0xc0,
    0x00, 0xc0, 0x00, 0xc0, 0x00, 0xc0, 0x00, 0xc0, 0x00, 0xc0, 0x00, 0xc0,
    0x00, 0xc0, 0x00, 0xc0, 0x00, 0xc0, 0x00, 0xc0, 0x00, 0xc0, 0x00, 0xc0,
    0x00, 0xc0, 0x00, 0xc0, 0x00, 0xc0, 0x00, 0xc0, 0x00, 0xc0, 0x00, 0xc0,
    0x00, 0xc0, 0x00, 0xc0, 0x00, 0xc0, 0x00, 0xc0, 0x00, 0xc0, 0x00, 0xc0,
    0x00, 0xc0, 0x00, 0xc0, 0x00, 0xc0, 0x00, 0xc0, 0x00, 0xc0, 0x00, 0xc0,
    0x00, 0xc0, 0x00, 0xc0, 0x00, 0xc0, 0x00, 0xc0, 0x00, 0xc0, 0x00, 0xc0,
    0x00, 0xc0, 0x00, 0xc0, 0x00, 0xc0, 0x00, 0xc0, 0x00, 0xc0, 0x00, 0xc0,
    0x00, 0xc0, 0x00, 0xc0, 0x0d, 0x30, 0x18, 0x00, 0x18, 0x00, 0x18, 0x00,
    0x18, 0x00, 0x18, 0x00, 0x18, 0x00, 0x18, 0x00, 0x18, 0x00, 0x18, 0x00,
    0x18, 0x00, 0x18, 0x00, 0x18, 0x00, 0x18, 0x00, 0x18, 0x00, 0x18, 0x00,
    0x18, 0x00, 0x18, 0x00, 0x18, 0x00, 0x18, 0x00, 0x18, 0x00, 0x18, 0x00,
    0x18, 0x00, 0x18, 0x00, 0x18, 0x00, 0x18, 0x00, 0x18, 0x00, 0x18, 0x00,
    0x18, 0x00, 0x18, 0x00, 0x18, 0x00, 0x18, 0x00, 0x18, 0x00, 0x18, 0x00,
    0x18, 0x00, 0x18, 0x00, 0x18, 0x00, 0x18, 0x00, 0x18, 0x00, 0x18, 0x00,
    0x18, 0x00, 0x18, 0x00, 0x18, 0x00, 0x18, 0x00, 0x18, 0x00, 0x18, 0x00,
    0x18, 0xc6, 0x18, 0xc6, 0x18, 0xc6, 0x18, 0xc6, 0x18, 0xc6, 0x18, 0xc6,
    0x18, 0xc6, 0x18, 0xc6, 0x18, 0xc6, 0x18, 0xc6, 0x18, 0xc6, 0x18, 0xc6,
    0x18, 0xc6, 0x18, 0xc6, 0x18, 0xc6, 0x18, 0xc6, 0x18, 0xc6, 0x18, 0xc6,
    0x18, 0xc6, 0x18, 0xc6, 0x18, 0xc6, 0x18, 0xc6, 0x18, 0xc6, 0x18, 0xc6,
    0x18, 0xc6, 0x18, 0xc6, 0x18, 0xc6, 0x18, 0xc6, 0x18, 0xc6, 0x18, 0xc6,
    0x18, 0xc6, 0x18, 0xc6, 0x18, 0xc6, 0x18, 0xc6, 0x18, 0xc6, 0x18, 0xc6,
    0x18, 0xc6, 0x18, 0xc6, 0x18, 0xc6, 0x18, 0xc6, 0x18, 0xc6, 0x18, 0xc6,
    0x18, 0xc6, 0x18, 0xc6, 0x18, 0xc6, 0xf8, 0xbd, 0x00, 0xc6, 0x00, 0xc6,
    0x00, 0xc6, 0x00, 0xc6, 0x00, 0xc6, 0x00, 0xc6, 0x00, 0xc6, 0x00, 0xc6,
    0x00, 0xc6, 0x00, 0xc6, 0x00, 0xc6, 0x00, 0xc6, 0x00, 0xc6, 0x00, 0xc6,
    0x00, 0xc6, 0x00, 0xc6, 0x00, 0xc6, 0x00, 0xc6, 0x00, 0xc6, 0x00, 0xc6,
    0x00, 0xc6, 0x00, 0xc6, 0x00, 0xc6, 0x00, 0xc6, 0x00, 0xc6, 0x00, 0xc6,
    0x00, 0xc6, 0x00, 0xc6, 0x00, 0xc6, 0x00, 0xc6, 0x00, 0xc6, 0x00, 0xc6,
    0x00, 0xc6, 0x00, 0xc6, 0x00, 0xc6, 0x00, 0xc6, 0x00, 0xc6, 0x00, 0xc6,
    0x00, 0xc6, 0x00, 0xc6, 0x00, 0xc6, 0x00, 0xc6, 0x00, 0xc6, 0x00, 0xc6,
    0x00, 0xc6, 0xf8, 0xbd, 0x18, 0x06, 0x18, 0x06, 0x18, 0x06, 0x18, 0x06,
    0x18, 0x06, 0x18, 0x06, 0x18, 0x06, 0x18, 0x06, 0x18, 0x06, 0x18, 0x06,
    0x18, 0x06, 0x18, 0x06, 0x18, 0x06, 0x18, 0x06, 0x18, 0x06, 0x18, 0x06,
    0x18, 0x06, 0x18, 0x06, 0x18, 0x06, 0x18, 0x06, 0x18, 0x06, 0x18, 0x06,
    0x18, 0x06, 0x18, 0x06, 0x18, 0x06, 0x18, 0x06, 0x18, 0x06, 0x18, 0x06,
    0x18, 0x06, 0x18, 0x06, 0x18, 0x06, 0x18, 0x06, 0x18, 0x06, 0x18, 0x06,
    0x18, 0x06, 0x18, 0x06, 0x18, 0x06, 0x18, 0x06, 0x18, 0x06, 0x18, 0x06,
    0x18, 0x06, 0x18, 0x06, 0x18, 0x06, 0x18, 0x06, 0x18, 0x06, 0xe2, 0x04,
    0x00, 0x06, 0x00, 0x06, 0x00, 0x06, 0x00, 0x06, 0x00, 0x06, 0x00, 0x06,
    0x00, 0x06, 0x00, 0x06, 0x00, 0x06, 0x00, 0x06, 0x00, 0x06, 0x00, 0x06,
    0x00, 0x06, 0x00, 0x06, 0x00, 0x06, 0x00, 0x06, 0x00, 0x06, 0x00, 0x06,
    0x00, 0x06, 0x00, 0x06, 0x00, 0x06, 0x00, 0x06, 0x00, 0x06, 0x00, 0x06,
    0x00, 0x06, 0x00, 0x06, 0x00, 0x06, 0x00, 0x06, 0x00, 0x06, 0x00, 0x06,
    0x00, 0x06, 0x00, 0x06, 0x00, 0x06, 0x00, 0x06, 0x00, 0x06, 0x00, 0x06,
    0x00, 0x06, 0x00, 0x06, 0x00, 0x06, 0x00, 0x06, 0x00, 0x06, 0x00, 0x06,
    0x00, 0x06, 0x00, 0x06, 0x27, 0x3b, 0x18, 0xc0, 0x18, 0xc0, 0x18, 0xc0,
    0x18, 0xc0, 0x18, 0xc0, 0x18, 0xc0, 0x18, 0xc0, 0x18, 0xc0, 0x18, 0xc0,
    0x18, 0xc0, 0x18, 0xc0, 0x18, 0xc0, 0x18, 0xc0, 0x18, 0xc0, 0x18, 0xc0,
    0x18, 0xc0, 0x18, 0xc0, 0x18, 0xc0, 0x18, 0xc0, 0x18, 0xc0, 0x18, 0xc0,
    0x18, 0xc0, 0x18, 0xc0, 0x18, 0xc0, 0x18, 0xc0, 0x18, 0xc0, 0x18, 0xc0,
    0x18, 0xc0, 0x18, 0xc0, 0x18, 0xc0, 0x18, 0xc0, 0x18, 0xc0, 0x18, 0xc0,
    0x18, 0xc0, 0x18, 0xc0, 0x18, 0xc0, 0x18, 0xc0, 0x18, 0xc0, 0x18, 0xc0,
    0x18, 0xc0, 0x18, 0xc0, 0x18, 0xc0, 0x18, 0xc0, 0x18, 0xc0, 0x18, 0xc0,
    0x18, 0xc0, 0x00, 0xc0, 0x00, 0xc0, 0x00, 0xc0, 0x00, 0xc0, 0x00, 0xc0,
    0x00, 0xc0, 0x00, 0xc0, 0x00, 0xc0, 0x00, 0xc0, 0x00, 0xc0, 0x00, 0xc0,
    0x00, 0xc0, 0x00, 0xc0, 0x00, 0xc0, 0x00, 0xc0, 0x00, 0xc0, 0x00, 0xc0,
    0x00, 0xc0, 0x00, 0xc0, 0x00, 0xc0, 0x00, 0xc0, 0x00, 0xc0, 0x00, 0xc0,
    0x00, 0xc0, 0x00, 0xc0, 0x00, 0xc0, 0x00, 0xc0, 0x00, 0xc0, 0x00, 0xc0,
    0x00, 0xc0, 0x00, 0xc0, 0x00, 0xc0, 0x00, 0xc0, 0x00, 0xc0, 0x00, 0xc0,
    0x00, 0xc0, 0x00, 0xc0, 0x00, 0xc0, 0x00, 0xc0, 0x00, 0xc0, 0x00, 0xc0,
    0x00, 0xc0, 0x00, 0xc0, 0x00, 0xc0, 0x00, 0xc0, 0x0d, 0x30, 0x18, 0x00,
    0x18, 0x00, 0x18, 0x00, 0x18, 0x00, 0x18, 0x00, 0x18, 0x00, 0x18, 0x00,
    0x18, 0x00, 0x18, 0x00, 0x18, 0x00, 0x18, 0x00, 0x18, 0x00, 0x18, 0x00,
    0x18, 0x00, 0x18, 0x00, 0x18, 0x00, 0x18, 0x00, 0x18, 0x00, 0x18, 0x00,
    0x18, 0x00, 0x18, 0x00, 0x18, 0x00, 0x18, 0x00, 0x18, 0x00, 0x18, 0x00,
    0x18, 0x00, 0x18, 0x00, 0x18, 0x00, 0x18, 0x00, 0x18, 0x00, 0x18, 0x00,
    0x18, 0x00, 0x18, 0x00, 0x18, 0x00, 0x18, 0x00, 0x18, 0x00, 0x18, 0x00,
    0x18, 0x00, 0x18, 0x00, 0x18, 0x00, 0x18, 0x00, 0x18, 0x00, 0x18, 0x00,
    0x18, 0x00, 0x18, 0x00, 0x18, 0xc6, 0x18, 0xc6, 0x18, 0xc6, 0x18, 0xc6,
    0x18, 0xc6, 0x18, 0xc6, 0x18, 0xc6, 0x18, 0xc6, 0x18, 0xc6, 0x18, 0xc6,
    0x18, 0xc6, 0x18, 0xc6, 0x18, 0xc6, 0x18, 0xc6, 0x18, 0xc6, 0x18, 0xc6,
    0x18, 0xc6, 0x18, 0xc6, 0x18, 0xc6, 0x18, 0xc6, 0x18, 0xc6, 0x18, 0xc6,
    0x18, 0xc6, 0x18, 0xc6, 0x18, 0xc6, 0x18, 0xc6, 0x18, 0xc6, 0x18, 0xc6,
    0x18, 0xc6, 0x18, 0xc6, 0x18, 0xc6, 0x18, 0xc6, 0x18, 0xc6, 0x18, 0xc6,
    0x18, 0xc6, 0x18, 0xc6, 0x18, 0xc6, 0x18, 0xc6, 0x18, 0xc6, 0x18, 0xc6,
    0x18, 0xc6, 0x18, 0xc6, 0x18, 0xc6, 0x18, 0xc6, 0x18, 0xc6, 0xf8, 0xc5,
    0x00, 0xc6, 0x00, 0xc6, 0x00, 0xc6, 0x00, 0xc6, 0x00, 0xc6, 0x00, 0xc6,
    0x00, 0xc6, 0x00, 0xc6, 0x00, 0xc6, 0x00, 0xc6, 0x00, 0xc6, 0x00, 0xc6,
    0x00, 0xc6, 0x00, 0xc6, 0x00, 0xc6, 0x00, 0xc6, 0x00, 0xc6, 0x00, 0xc6,
    0x00, 0xc6, 0x00, 0xc6, 0x00, 0xc6, 0x00, 0xc6, 0x00, 0xc6, 0x00, 0xc6,
    0x00, 0xc6, 0x00, 0xc6, 0x00, 0xc6, 0x00, 0xc6, 0x00, 0xc6, 0x00, 0xc6,
    0x00, 0xc6, 0x00, 0xc6, 0x00, 0xc6, 0x00, 0xc6, 0x00, 0xc6, 0x00, 0xc6,
    0x00, 0xc6, 0x00, 0xc6, 0x00, 0xc6, 0x00, 0xc6, 0x00, 0xc6, 0x00, 0xc6,
    0x00, 0xc6, 0x00, 0xc6, 0x00, 0xc6, 0xf8, 0xc5, 0x18, 0x06, 0x18, 0x06,
    0x18, 0x06, 0x18, 0x06, 0x18, 0x06, 0x18, 0x06, 0x18, 0x06, 0x18, 0x06,
    0x18, 0x06, 0x18, 0x06, 0x18, 0x06, 0x18, 0x06, 0x18, 0x06, 0x18, 0x06,
    0x18, 0x06, 0x18, 0x06, 0x18, 0x06, 0x18, 0x06, 0x18, 0x06, 0x18, 0x06,
    0x18, 0x06, 0x18, 0x06, 0x18, 0x06, 0x18, 0x06, 0x18, 0x06, 0x18, 0x06,
    0x18, 0x06, 0x18, 0x06, 0x18, 0x06, 0x18, 0x06, 0x18, 0x06, 0x18, 0x06,
    0x18, 0x06, 0x18, 0x06, 0x18, 0x06, 0x18, 0x06, 0x18, 0x06, 0x18, 0x06,
    0x18, 0x06, 0x18, 0x06, 0x18, 0x06, 0x18, 0x06, 0x18, 0x06, 0x18, 0x06,
    0x18, 0x06, 0xe3, 0x0c, 0x00, 0x06, 0x00, 0x06, 0x00, 0x06, 0x00, 0x06,
    0x00, 0x06, 0x00, 0x06, 0x00, 0x06, 0x00, 0x06, 0x00, 0x06, 0x00, 0x06,
    0x00, 0x06, 0x00, 0x06, 0x00, 0x06, 0x00, 0x06, 0x00, 0x06, 0x00, 0x06,
    0x00, 0x06, 0x00, 0x06, 0x00, 0x06, 0x00, 0x06, 0x00, 0x06, 0x00, 0x06,
    0x00, 0x06, 0x00, 0x06, 0x00, 0x06, 0x00, 0x06, 0x00, 0x06, 0x00, 0x06,
    0x00, 0x06, 0x00, 0x06, 0x00, 0x06, 0x00, 0x06, 0x00, 0x06, 0x00, 0x06,
    0x00, 0x06, 0x00, 0x06, 0x00, 0x06, 0x00, 0x06, 0x00, 0x06, 0x00, 0x06,
    0x00, 0x06, 0x00, 0x06, 0x00, 0x06, 0x00, 0x06, 0x48, 0x43, 0x18, 0xc0,
    0x18, 0xc0, 0x18, 0xc0, 0x18, 0xc0, 0x18, 0xc0, 0x18, 0xc0, 0x18, 0xc0,
    0x18, 0xc0, 0x18, 0xc0, 0x18, 0xc0, 0x18, 0xc0, 0x18, 0xc0, 0x18, 0xc0,
    0x18, 0xc0, 0x18, 0xc0, 0x18, 0xc0, 0x18, 0xc0, 0x18, 0xc0, 0x18, 0xc0,
    0x18, 0xc0, 0x18, 0xc0, 0x18, 0xc0, 0x18, 0xc0, 0x18, 0xc0, 0x18, 0xc0,
    0x18, 0xc0, 0x18, 0xc0, 0x18, 0xc0, 0x18, 0xc0, 0x18, 0xc0, 0x18, 0xc0,
    0x18, 0xc0, 0x18, 0xc0, 0x18, 0xc0, 0x18, 0xc0, 0x18, 0xc0, 0x18, 0xc0,
    0x18, 0xc0, 0x18, 0xc0, 0x18, 0xc0, 0x18, 0xc0, 0x18, 0xc0, 0x18, 0xc0,
    0x18, 0xc0, 0x18, 0xc0, 0x18, 0xc0, 0x00, 0xc0, 0x00, 0xc0, 0x00, 0xc0,
    0x00, 0xc0, 0x00, 0xc0, 0x00, 0xc0, 0x00, 0xc0, 0x00, 0xc0, 0x00, 0xc0,
    0x00, 0xc0, 0x00, 0xc0, 0x00, 0xc0, 0x00, 0xc0, 0x00, 0xc0, 0x00, 0xc0,
    0x00, 0xc0, 0x00, 0xc0, 0x00, 0xc0, 0x00, 0xc0, 0x00, 0xc0, 0x00, 0xc0,
    0x00, 0xc0, 0x00, 0xc0, 0x00, 0xc0, 0x00, 0xc0, 0x00, 0xc0, 0x00, 0xc0,
    0x00, 0xc0, 0x00, 0xc0, 0x00, 0xc0, 0x00, 0xc0, 0x00, 0xc0, 0x00, 0xc0,
    0x00, 0xc0, 0x00, 0xc0, 0x00, 0xc0, 0x00, 0xc0, 0x00, 0xc0, 0x00, 0xc0,
    0x00, 0xc0, 0x00, 0xc0, 0x00, 0xc0, 0x00, 0xc0, 0x00, 0xc0, 0x00, 0xc0,
    0x0d, 0x30, 0x18, 0x00, 0x18, 0x00, 0x18, 0x00, 0x18, 0x00, 0x18, 0x00,
    0x18, 0x00, 0x18, 0x00, 0x18, 0x00, 0x18, 0x00, 0x18, 0x00, 0x18, 0x00,
    0x18, 0x00, 0x18, 0x00, 0x18, 0x00, 0x18, 0x00, 0x18, 0x00, 0x18, 0x00,
    0x18, 0x00, 0x18, 0x00, 0x18, 0x00, 0x18, 0x00, 0x18, 0x00, 0x18, 0x00,
    0x18, 0x00, 0x18, 0x00, 0x18, 0x00, 0x18, 0x00, 0x18, 0x00, 0x18, 0x00,
    0x18, 0x00, 0x18, 0x00, 0x18, 0x00, 0x18, 0x00, 0x18, 0x00, 0x18, 0x00,
    0x18, 0x00, 0x18, 0x00, 0x18, 0x00, 0x18, 0x00, 0x18, 0x00, 0x18, 0x00,
    0x18, 0x00, 0x18, 0x00, 0x18, 0x00, 0x18, 0x00, 0x18, 0xc6, 0x18, 0xc6,
    0x18, 0xc6, 0x18, 0xc6, 0x18, 0xc6, 0x18, 0xc6, 0x18, 0xc6, 0x18, 0xc6,
    0x18, 0xc6, 0x18, 0xc6, 0x18, 0xc6, 0x18, 0xc6, 0x18, 0xc6, 0x18, 0xc6,
    0x18, 0xc6, 0x18, 0xc6, 0x18, 0xc6, 0x18, 0xc6, 0x18, 0xc6, 0x18, 0xc6,
    0x18, 0xc6, 0x18, 0xc6, 0x18, 0xc6, 0x18, 0xc6, 0x18, 0xc6, 0x18, 0xc6,
    0x18, 0xc6, 0x18, 0xc6, 0x18, 0xc6, 0x18, 0xc6, 0x18, 0xc6, 0x18, 0xc6,
    0x18, 0xc6, 0x18, 0xc6, 0x18, 0xc6, 0x18, 0xc6, 0x18, 0xc6, 0x18, 0xc6,
    0x18, 0xc6, 0x18, 0xc6, 0x18, 0xc6, 0x18, 0xc6, 0x18, 0xc6, 0x18, 0xc6,
    0x18, 0xc6, 0x18, 0xbe, 0x00, 0xc6, 0x00, 0xc6, 0x00, 0xc6, 0x00, 0xc6,
    0x00, 0xc6, 0x00, 0xc6, 0x00, 0xc6, 0x00, 0xc6, 0x00, 0xc6, 0x00, 0xc6,
    0x00, 0xc6, 0x00, 0xc6, 0x00, 0xc6, 0x00, 0xc6, 0x00, 0xc6, 0x00, 0xc6,
    0x00, 0xc6, 0x00, 0xc6, 0x00, 0xc6, 0x00, 0xc6, 0x00, 0xc6, 0x00, 0xc6,
    0x00, 0xc6, 0x00, 0xc6, 0x00, 0xc6, 0x00, 0xc6, 0x00, 0xc6, 0x00, 0xc6,
    0x00, 0xc6, 0x00, 0xc6, 0x00, 0xc6, 0x00, 0xc6, 0x00, 0xc6, 0x00, 0xc6,
    0x00, 0xc6, 0x00, 0xc6, 0x00, 0xc6, 0x00, 0xc6, 0x00, 0xc6, 0x00, 0xc6,
    0x00, 0xc6, 0x00, 0xc6, 0x00, 0xc6, 0x00, 0xc6, 0x00, 0xc6, 0x18, 0xbe,
    0x18, 0x06, 0x18, 0x06, 0x18, 0x06, 0x18, 0x06, 0x18, 0x06, 0x18, 0x06,
    0x18, 0x06, 0x18, 0x06, 0x18, 0x06, 0x18, 0x06, 0x18, 0x06, 0x18, 0x06,
    0x18, 0x06, 0x18, 0x06, 0x18, 0x06, 0x18, 0x06, 0x18, 0x06, 0x18, 0x06,
    0x18, 0x06, 0x18, 0x06, 0x18, 0x06, 0x18, 0x06, 0x18, 0x06, 0x18, 0x06,
    0x18, 0x06, 0x18, 0x06, 0x18, 0x06, 0x18, 0x06, 0x18, 0x06, 0x18, 0x06,
    0x18, 0x06, 0x18, 0x06, 0x18, 0x06, 0x18, 0x06, 0x18, 0x06, 0x18, 0x06,
    0x18, 0x06, 0x18, 0x06, 0x18, 0x06, 0x18, 0x06, 0x18, 0x06, 0x18, 0x06,
    0x18, 0x06, 0x18, 0x06, 0x18, 0x06, 0x02, 0x05, 0x00, 0x06, 0x00, 0x06,
    0x00, 0x06, 0x00, 0x06, 0x00, 0x06, 0x00, 0x06, 0x00, 0x06, 0x00, 0x06,
    0x00, 0x06, 0x00, 0x06, 0x00, 0x06, 0x00, 0x06, 0x00, 0x06, 0x00, 0x06,
    0x00, 0x06, 0x00, 0x06, 0x00, 0x06, 0x00, 0x06, 0x00, 0x06, 0x00, 0x06,
    0x00, 0x06, 0x00, 0x06, 0x00, 0x06, 0x00, 0x06, 0x00, 0x06, 0x00, 0x06,
    0x00, 0x06, 0x00, 0x06, 0x00, 0x06, 0x00, 0x06, 0x00, 0x06, 0x00, 0x06,
    0x00, 0x06, 0x00, 0x06, 0x00, 0x06, 0x00, 0x06, 0x00, 0x06, 0x00, 0x06,
    0x00, 0x06, 0x00, 0x06, 0x00, 0x06, 0x00, 0x06, 0x00, 0x06, 0x00, 0x06,
    0x27, 0x3b, 0x18, 0xc0, 0x18, 0xc0, 0x18, 0xc0, 0x18, 0xc0, 0x18, 0xc0,
    0x18, 0xc0, 0x18, 0xc0, 0x18, 0xc0, 0x18, 0xc0, 0x18, 0xc0, 0x18, 0xc0,
    0x18, 0xc0, 0x18, 0xc0, 0x18, 0xc0, 0x18, 0xc0, 0x18, 0xc0, 0x18, 0xc0,
    0x18, 0xc0, 0x18, 0xc0, 0x18, 0xc0, 0x18, 0xc0, 0x18, 0xc0, 0x18, 0xc0,
    0x18, 0xc0, 0x18, 0xc0, 0x18, 0xc0, 0x18, 0xc0, 0x18, 0xc0, 0x18, 0xc0,
    0x18, 0xc0, 0x18, 0xc0, 0x18, 0xc0, 0x18, 0xc0, 0x18, 0xc0, 0x18, 0xc0,
    0x18, 0xc0, 0x18, 0xc0, 0x18, 0xc0, 0x18, 0xc0, 0x18, 0xc0, 0x18, 0xc0,
    0x18, 0xc0, 0x18, 0xc0, 0x18, 0xc0, 0x18, 0xc0, 0x18, 0xc0, 0x00, 0xc0,
    0x00, 0xc0, 0x00, 0xc0, 0x00, 0xc0, 0x00, 0xc0, 0x00, 0xc0, 0x00, 0xc0,
    0x00, 0xc0, 0x00, 0xc0, 0x00, 0xc0, 0x00, 0xc0, 0x00, 0xc0, 0x00, 0xc0,
    0x00, 0xc0, 0x00, 0xc0, 0x00, 0xc0, 0x00, 0xc0, 0x00, 0xc0, 0x00, 0xc0,
    0x00, 0xc0, 0x00, 0xc0, 0x00, 0xc0, 0x00, 0xc0, 0x00, 0xc0, 0x00, 0xc0,
    0x00, 0xc0, 0x00, 0xc0, 0x00, 0xc0, 0x00, 0xc0, 0x00, 0xc0, 0x00, 0xc0,
    0x00, 0xc0, 0x00, 0xc0, 0x00, 0xc0, 0x00, 0xc0, 0x00, 0xc0, 0x00, 0xc0,
    0x00, 0xc0, 0x00, 0xc0, 0x00, 0xc0, 0x00, 0xc0, 0x00, 0xc0, 0x00, 0xc0,
    0x00, 0xc0, 0x00, 0xc0, 0x0d, 0x30, 0x18, 0x00, 0x18, 0x00, 0x18, 0x00,
    0x18, 0x00, 0x18, 0x00, 0x18, 0x00, 0x18, 0x00, 0x18, 0x00, 0x18, 0x00,
    0x18, 0x00, 0x18, 0x00, 0x18, 0x00, 0x18, 0x00, 0x18, 0x00, 0x18, 0x00,
    0x18, 0x00, 0x18, 0x00, 0x18, 0x00, 0x18, 0x00, 0x18, 0x00, 0x18, 0x00,
    0x18, 0x00, 0x18, 0x00, 0x18, 0x00, 0x18, 0x00, 0x18, 0x00, 0x18, 0x00,
    0x18, 0x00, 0x18, 0x00, 0x18, 0x00, 0x18, 0x00, 0x18, 0x00, 0x18, 0x00,
    0x18, 0x00, 0x18, 0x00, 0x18, 0x00, 0x18, 0x00, 0x18, 0x00, 0x18, 0x00,
    0x18, 0x00, 0x18, 0x00, 0x18, 0x00, 0x18, 0x00, 0x18, 0x00, 0x18, 0x00,
    0x18, 0xc6, 0x18, 0xc6, 0x18, 0xc6, 0x18, 0xc6, 0x18, 0xc6, 0x18, 0xc6,
    0x18, 0xc6, 0x18, 0xc6, 0x18, 0xc6, 0x18, 0xc6, 0x18, 0xc6, 0x18, 0xc6,
    0x18, 0xc6, 0x18, 0xc6, 0x18, 0xc6, 0x18, 0xc6, 0x18, 0xc6, 0x18, 0xc6,
    0x18, 0xc6, 0x18, 0xc6, 0x18, 0xc6, 0x18, 0xc6, 0x18, 0xc6, 0x18, 0xc6,
    0x18, 0xc6, 0x18, 0xc6, 0x18, 0xc6, 0x18, 0xc6, 0x18, 0xc6, 0x18, 0xc6,
    0x18, 0xc6, 0x18, 0xc6, 0x18, 0xc6, 0x18, 0xc6, 0x18, 0xc6, 0x18, 0xc6,
    0x18, 0xc6, 0x18, 0xc6, 0x18, 0xc6, 0x18, 0xc6, 0x18, 0xc6, 0x18, 0xc6,
    0x18, 0xc6, 0x18, 0xc6, 0x18, 0xc6, 0xf8, 0xbd, 0x00, 0xc6, 0x00, 0xc6,
    0x00, 0xc6, 0x00, 0xc6, 0x00, 0xc6, 0x00, 0xc6, 0x00, 0xc6, 0x00, 0xc6,
    0x00, 0xc6, 0x00, 0xc6, 0x00, 0xc6, 0x00, 0xc6, 0x00, 0xc6, 0x00, 0xc6,
    0x00, 0xc6, 0x00, 0xc6, 0x00, 0xc6, 0x00, 0xc6, 0x00, 0xc6, 0x00, 0xc6,
    0x00, 0xc6, 0x00, 0xc6, 0x00, 0xc6, 0x00, 0xc6, 0x00, 0xc6, 0x00, 0xc6,
    0x00, 0xc6, 0x00, 0xc6, 0x00, 0xc6, 0x00, 0xc6, 0x00, 0xc6, 0x00, 0xc6,
    0x00, 0xc6, 0x00, 0xc6, 0x00, 0xc6, 0x00, 0xc6, 0x00, 0xc6, 0x00, 0xc6,
    0x00, 0xc6, 0x00, 0xc6, 0x00, 0xc6, 0x00, 0xc6, 0x00, 0xc6, 0x00, 0xc6,
    0x00, 0xc6, 0xf8, 0xbd, 0x18, 0x06, 0x18, 0x06, 0x18, 0x06, 0x18, 0x06,
    0x18, 0x06, 0x18, 0x06, 0x18, 0x06, 0x18, 0x06, 0x18, 0x06, 0x18, 0x06,
    0x18, 0x06, 0x18, 0x06, 0x18, 0x06, 0x18, 0x06, 0x18, 0x06, 0x18, 0x06,
    0x18, 0x06, 0x18, 0x06, 0x18, 0x06, 0x18, 0x06, 0x18, 0x06, 0x18, 0x06,
    0x18, 0x06, 0x18, 0x06, 0x18, 0x06, 0x18, 0x06, 0x18, 0x06, 0x18, 0x06,
    0x18, 0x06, 0x18, 0x06, 0x18, 0x06, 0x18, 0x06, 0x18, 0x06, 0x18, 0x06,
    0x18, 0x06, 0x18, 0x06, 0x18, 0x06, 0x18, 0x06, 0x18, 0x06, 0x18, 0x06,
    0x18, 0x06, 0x18, 0x06, 0x18, 0x06, 0x18, 0x06, 0x18, 0x06, 0xe2, 0x04,
    0x00, 0x06, 0x00, 0x06, 0x00, 0x06, 0x00, 0x06, 0x00, 0x06, 0x00, 0x06,
    0x00, 0x06, 0x00, 0x06, 0x00, 0x06, 0x00, 0x06, 0x00, 0x06, 0x00, 0x06,
    0x00, 0x06, 0x00, 0x06, 0x00, 0x06, 0x00, 0x06, 0x00, 0x06, 0x00, 0x06,
    0x00, 0x06, 0x00, 0x06, 0x00, 0x06, 0x00, 0x06, 0x00, 0x06, 0x00, 0x06,
    0x00, 0x06, 0x00, 0x06, 0x00, 0x06, 0x00, 0x06, 0x00, 0x06, 0x00, 0x06,
    0x00, 0x06, 0x00, 0x06, 0x00, 0x06, 0x00, 0x06, 0x00, 0x06, 0x00, 0x06,
    0x00, 0x06, 0x00, 0x06, 0x00, 0x06, 0x00, 0x06, 0x00, 0x06, 0x00, 0x06,
    0x00, 0x06, 0x00, 0x06, 0x47, 0x3b, 0x18, 0xc0, 0x18, 0xc0, 0x18, 0xc0,
    0x18, 0xc0, 0x18, 0xc0, 0x18, 0xc0, 0x18, 0xc0, 0x18, 0xc0, 0x18, 0xc0,
    0x18, 0xc0, 0x18, 0xc0, 0x18, 0xc0, 0x18, 0xc0, 0x18, 0xc0, 0x18, 0xc0,
    0x18, 0xc0, 0x18, 0xc0, 0x18, 0xc0, 0x18, 0xc0, 0x18, 0xc0, 0x18, 0xc0,
    0x18, 0xc0, 0x18, 0xc0, 0x18, 0xc0, 0x18, 0xc0, 0x18, 0xc0, 0x18, 0xc0,
    0x18, 0xc0, 0x18, 0xc0, 0x18, 0xc0, 0x18, 0xc0, 0x18, 0xc0, 0x18, 0xc0,
    0x18, 0xc0, 0x18, 0xc0, 0x18, 0xc0, 0x18, 0xc0, 0x18, 0xc0, 0x18, 0xc0,
    0x18, 0xc0, 0x18, 0xc0, 0x18, 0xc0, 0x18, 0xc0, 0x18, 0xc0, 0x18, 0xc0,
    0x18, 0xc0, 0x00, 0xc0, 0x00, 0xc0, 0x00, 0xc0, 0x00, 0xc0, 0x00, 0xc0,
    0x00, 0xc0, 0x00, 0xc0, 0x00, 0xc0, 0x00, 0xc0, 0x00, 0xc0, 0x00, 0xc0,
    0x00, 0xc0, 0x00, 0xc0, 0x00, 0xc0, 0x00, 0xc0, 0x00, 0xc0, 0x00, 0xc0,
    0x00, 0xc0, 0x00, 0xc0, 0x00, 0xc0, 0x00, 0xc0, 0x00, 0xc0, 0x00, 0xc0,
    0x00, 0xc0, 0x00, 0xc0, 0x00, 0xc0, 0x00, 0xc0, 0x00, 0xc0, 0x00, 0xc0,
    0x00, 0xc0, 0x00, 0xc0, 0x00, 0xc0, 0x00, 0xc0, 0x00, 0xc0, 0x00, 0xc0,
    0x00, 0xc0, 0x00, 0xc0, 0x00, 0xc0, 0x00, 0xc0, 0x00, 0xc0, 0x00, 0xc0,
    0x00, 0xc0, 0x00, 0xc0, 0x00, 0xc0, 0x00, 0xc0, 0x0d, 0x30, 0x18, 0x00,
    0x18, 0x00, 0x18, 0x00, 0x18, 0x00, 0x18, 0x00, 0x18, 0x00, 0x18, 0x00,
    0x18, 0x00, 0x18, 0x00, 0x18, 0x00, 0x18, 0x00, 0x18, 0x00, 0x18, 0x00,
    0x18, 0x00, 0x18, 0x00, 0x18, 0x00, 0x18, 0x00, 0x18, 0x00, 0x18, 0x00,
    0x18, 0x00, 0x18, 0x00, 0x18, 0x00, 0x18, 0x00, 0x18, 0x00, 0x18, 0x00,
    0x18, 0x00, 0x18, 0x00, 0x18, 0x00, 0x18, 0x00, 0x18, 0x00, 0x18, 0x00,
    0x18, 0x00, 0x18, 0x00, 0x18, 0x00, 0x18, 0x00, 0x18, 0x00, 0x18, 0x00,
    0x18, 0x00, 0x18, 0x00, 0x18, 0x00, 0x18, 0x00, 0x18, 0x00, 0x18, 0x00,
    0x18, 0x00, 0x18, 0x00, 0x18, 0xc6, 0x18, 0xc6, 0x18, 0xc6, 0x18, 0xc6,
    0x18, 0xc6, 0x18, 0xc6, 0x18, 0xc6, 0x18, 0xc6, 0x18, 0xc6, 0x18, 0xc6,
    0x18, 0xc6, 0x18, 0xc6, 0x18, 0xc6, 0x18, 0xc6, 0x18, 0xc6, 0x18, 0xc6,
    0x18, 0xc6, 0x18, 0xc6, 0x18, 0xc6, 0x18, 0xc6, 0x18, 0xc6, 0x18, 0xc6,
    0x18, 0xc6, 0x18, 0xc6, 0x18, 0xc6, 0x18, 0xc6, 0x18, 0xc6, 0x18, 0xc6,
    0x18, 0xc6, 0x18, 0xc6, 0x18, 0xc6, 0x18, 0xc6, 0x18, 0xc6, 0x18, 0xc6,
    0x18, 0xc6, 0x18, 0xc6, 0x18, 0xc6, 0x18, 0xc6, 0x18, 0xc6, 0x18, 0xc6,
    0x18, 0xc6, 0x18, 0xc6, 0x18, 0xc6, 0x18, 0xc6, 0x18, 0xc6, 0xf8, 0xc5,
    0x00, 0xc6, 0x00, 0xc6, 0x00, 0xc6, 0x00, 0xc6, 0x00, 0xc6, 0x00, 0xc6,
    0x00, 0xc6, 0x00, 0xc6, 0x00, 0xc6, 0x00, 0xc6, 0x00, 0xc6, 0x00, 0xc6,
    0x00, 0xc6, 0x00, 0xc6, 0x00, 0xc6, 0x00, 0xc6, 0x00, 0xc6, 0x00, 0xc6,
    0x00, 0xc6, 0x00, 0xc6, 0x00, 0xc6, 0x00, 0xc6, 0x00, 0xc6, 0x00, 0xc6,
    0x00, 0xc6, 0x00, 0xc6, 0x00, 0xc6, 0x00, 0xc6, 0x00, 0xc6, 0x00, 0xc6,
    0x00, 0xc6, 0x00, 0xc6, 0x00, 0xc6, 0x00, 0xc6, 0x00, 0xc6, 0x00, 0xc6,
    0x00, 0xc6, 0x00, 0xc6, 0x00, 0xc6, 0x00, 0xc6, 0x00, 0xc6, 0x00, 0xc6,
    0x00, 0xc6, 0x00, 0xc6, 0x00, 0xc6, 0xf8, 0xc5, 0x18, 0x06, 0x18, 0x06,
    0x18, 0x06, 0x18, 0x06, 0x18, 0x06, 0x18, 0x06, 0x18, 0x06, 0x18, 0x06,
    0x18, 0x06, 0x18, 0x06, 0x18, 0x06, 0x18, 0x06, 0x18, 0x06, 0x18, 0x06,
    0x18, 0x06, 0x18, 0x06, 0x18, 0x06, 0x18, 0x06, 0x18, 0x06, 0x18, 0x06,
    0x18, 0x06, 0x18, 0x06, 0x18, 0x06, 0x18, 0x06, 0x18, 0x06, 0x18, 0x06,
    0x18, 0x06, 0x18, 0x06, 0x18, 0x06, 0x18, 0x06, 0x18, 0x06, 0x18, 0x06,
    0x18, 0x06, 0x18, 0x06, 0x18, 0x06, 0x18, 0x06, 0x18, 0x06, 0x18, 0x06,
    0x18, 0x06, 0x18, 0x06, 0x18, 0x06, 0x18, 0x06, 0x18, 0x06, 0x18, 0x06,
    0x18, 0x06, 0xe3, 0x0c, 0x00, 0x06, 0x00, 0x06, 0x00, 0x06, 0x00, 0x06,
    0x00, 0x06, 0x00, 0x06, 0x00, 0x06, 0x00, 0x06, 0x00, 0x06, 0x00, 0x06,
    0x00, 0x06, 0x00, 0x06, 0x00, 0x06, 0x00, 0x06, 0x00, 0x06, 0x00, 0x06,
    0x00, 0x06, 0x00, 0x06, 0x00, 0x06, 0x00, 0x06, 0x00, 0x06, 0x00, 0x06,
    0x00, 0x06, 0x00, 0x06, 0x00, 0x06, 0x00, 0x06, 0x00, 0x06, 0x00, 0x06,
    0x00, 0x06, 0x00, 0x06, 0x00, 0x06, 0x00, 0x06, 0x00, 0x06, 0x00, 0x06,
    0x00, 0x06, 0x00, 0x06, 0x00, 0x06, 0x00, 0x06, 0x00, 0x06, 0x00, 0x06,
    0x00, 0x06, 0x00, 0x06, 0x00, 0x06, 0x00, 0x06, 0x28, 0x43, 0x18, 0xc0,
    0x18, 0xc0, 0x18, 0xc0, 0x18, 0xc0, 0x18, 0xc0, 0x18, 0xc0, 0x18, 0xc0,
    0x18, 0xc0, 0x18, 0xc0, 0x18, 0xc0, 0x18, 0xc0, 0x18, 0xc0, 0x18, 0xc0,
    0x18, 0xc0, 0x18, 0xc0, 0x18, 0xc0, 0x18, 0xc0, 0x18, 0xc0, 0x18, 0xc0,
    0x18, 0xc0, 0x18, 0xc0, 0x18, 0xc0, 0x18, 0xc0, 0x18, 0xc0, 0x18, 0xc0,
    0x18, 0xc0, 0x18, 0xc0, 0x18, 0xc0, 0x18, 0xc0, 0x18, 0xc0, 0x18, 0xc0,
    0x18, 0xc0, 0x18, 0xc0, 0x18, 0xc0, 0x18, 0xc0, 0x18, 0xc0, 0x18, 0xc0,
    0x18, 0xc0, 0x18, 0xc0, 0x18, 0xc0, 0x18, 0xc0, 0x18, 0xc0, 0x18, 0xc0,
    0x18, 0xc0, 0x18, 0xc0, 0x18, 0xc0, 0x00, 0xc0, 0x00, 0xc0, 0x00, 0xc0,
    0x00, 0xc0, 0x00, 0xc0, 0x00, 0xc0, 0x00, 0xc0, 0x00, 0xc0, 0x00, 0xc0,
    0x00, 0xc0, 0x00, 0xc0, 0x00, 0xc0, 0x00, 0xc0, 0x00, 0xc0, 0x00, 0xc0,
    0x00, 0xc0, 0x00, 0xc0, 0x00, 0xc0, 0x00, 0xc0, 0x00, 0xc0, 0x00, 0xc0,
    0x00, 0xc0, 0x00, 0xc0, 0x00, 0xc0, 0x00, 0xc0, 0x00, 0xc0, 0x00, 0xc0,
    0x00, 0xc0, 0x00, 0xc0, 0x00, 0xc0, 0x00, 0xc0, 0x00, 0xc0, 0x00, 0xc0,
    0x00, 0xc0, 0x00, 0xc0, 0x00, 0xc0, 0x00, 0xc0, 0x00, 0xc0, 0x00, 0xc0,
    0x00, 0xc0, 0x00, 0xc0, 0x00, 0xc0, 0x00, 0xc0, 0x00, 0xc0, 0x00, 0xc0,
    0x0d, 0x30, 0x18, 0x00, 0x18, 0x00, 0x18, 0x00, 0x18, 0x00, 0x18, 0x00,
    0x18, 0x00, 0x18, 0x00, 0x18, 0x00, 0x18, 0x00, 0x18, 0x00, 0x18, 0x00,
    0x18, 0x00, 0x18, 0x00, 0x18, 0x00, 0x18, 0x00, 0x18, 0x00, 0x18, 0x00,
    0x18, 0x00, 0x18, 0x00, 0x18, 0x00, 0x18, 0x00, 0x18, 0x00, 0x18, 0x00,
    0x18, 0x00, 0x18, 0x00, 0x18, 0x00, 0x18, 0x00, 0x18, 0x00, 0x18, 0x00,
    0x18, 0x00, 0x18, 0x00, 0x18, 0x00, 0x18, 0x00, 0x18, 0x00, 0x18, 0x00,
    0x18, 0x00, 0x18, 0x00, 0x18, 0x00, 0x18, 0x00, 0x18, 0x00, 0x18, 0x00,
    0x18, 0x00, 0x18, 0x00, 0x18, 0x00, 0x18, 0x00, 0x18, 0xc6, 0x18, 0xc6,
    0x18, 0xc6, 0x18, 0xc6, 0x18, 0xc6, 0x18, 0xc6, 0x18, 0xc6, 0x18, 0xc6,
    0x18, 0xc6, 0x18, 0xc6, 0x18, 0xc6, 0x18, 0xc6, 0x18, 0xc6, 0x18, 0xc6,
    0x18, 0xc6, 0x18, 0xc6, 0x18, 0xc6, 0x18, 0xc6, 0x18, 0xc6, 0x18, 0xc6,
    0x18, 0xc6, 0x18, 0xc6, 0x18, 0xc6, 0x18, 0xc6, 0x18, 0xc6, 0x18, 0xc6,
    0x18, 0xc6, 0x18, 0xc6, 0x18, 0xc6, 0x18, 0xc6, 0x18, 0xc6, 0x18, 0xc6,
    0x18, 0xc6, 0x18, 0xc6, 0x18, 0xc6, 0x18, 0xc6, 0x18, 0xc6, 0x18, 0xc6,
    0x18, 0xc6, 0x18, 0xc6, 0x18, 0xc6, 0x18, 0xc6, 0x18, 0xc6, 0x18, 0xc6,
    0x18, 0xc6, 0xf8, 0xbd, 0x00, 0xc6, 0x00, 0xc6, 0x00, 0xc6, 0x00, 0xc6,
    0x00, 0xc6, 0x00, 0xc6, 0x00, 0xc6, 0x00, 0xc6, 0x00, 0xc6, 0x00, 0xc6,
    0x00, 0xc6, 0x00, 0xc6, 0x00, 0xc6, 0x00, 0xc6, 0x00, 0xc6, 0x00, 0xc6,
    0x00, 0xc6, 0x00, 0xc6, 0x00, 0xc6, 0x00, 0xc6, 0x00, 0xc6, 0x00, 0xc6,
    0x00, 0xc6, 0x00, 0xc6, 0x00, 0xc6, 0x00, 0xc6, 0x00, 0xc6, 0x00, 0xc6,
    0x00, 0xc6, 0x00, 0xc6, 0x00, 0xc6, 0x00, 0xc6, 0x00, 0xc6, 0x00, 0xc6,
    0x00, 0xc6, 0x00, 0xc6, 0x00, 0xc6, 0x00, 0xc6, 0x00, 0xc6, 0x00, 0xc6,
    0x00, 0xc6, 0x00, 0xc6, 0x00, 0xc6, 0x00, 0xc6, 0x00, 0xc6, 0xf8, 0xbd,
    0x18, 0x06, 0x18, 0x06, 0x18, 0x06, 0x18, 0x06, 0x18, 0x06, 0x18, 0x06,
    0x18, 0x06, 0x18, 0x06, 0x18, 0x06, 0x18, 0x06, 0x18, 0x06, 0x18, 0x06,
    0x18, 0x06, 0x18, 0x06, 0x18, 0x06, 0x18, 0x06, 0x18, 0x06, 0x18, 0x06,
    0x18, 0x06, 0x18, 0x06, 0x18, 0x06, 0x18, 0x06, 0x18, 0x06, 0x18, 0x06,
    0x18, 0x06, 0x18, 0x06, 0x18, 0x06, 0x18, 0x06, 0x18, 0x06, 0x18, 0x06,
    0x18, 0x06, 0x18, 0x06, 0x18, 0x06, 0x18, 0x06, 0x18, 0x06, 0x18, 0x06,
    0x18, 0x06, 0x18, 0x06, 0x18, 0x06, 0x18, 0x06, 0x18, 0x06, 0x18, 0x06,
    0x18, 0x06, 0x18, 0x06, 0x18, 0x06, 0xe2, 0x0c, 0x00, 0x06, 0x00, 0x06,
    0x00, 0x06, 0x00, 0x06, 0x00, 0x06, 0x00, 0x06, 0x00, 0x06, 0x00, 0x06,
    0x00, 0x06, 0x00, 0x06, 0x00, 0x06, 0x00, 0x06, 0x00, 0x06, 0x00, 0x06,
    0x00, 0x06, 0x00, 0x06, 0x00, 0x06, 0x00, 0x06, 0x00, 0x06, 0x00, 0x06,
    0x00, 0x06, 0x00, 0x06, 0x00, 0x06, 0x00, 0x06, 0x00, 0x06, 0x00, 0x06,
    0x00, 0x06, 0x00, 0x06, 0x00, 0x06, 0x00, 0x06, 0x00, 0x06, 0x00, 0x06,
    0x00, 0x06, 0x00, 0x06, 0x00, 0x06, 0x00, 0x06, 0x00, 0x06, 0x00, 0x06,
    0x00, 0x06, 0x00, 0x06, 0x00, 0x06, 0x00, 0x06, 0x00, 0x06, 0x00, 0x06,
    0x27, 0x3b, 0x18, 0xc0, 0x18, 0xc0, 0x18, 0xc0, 0x18, 0xc0, 0x18, 0xc0,
    0x18, 0xc0, 0x18, 0xc0, 0x18, 0xc0, 0x18, 0xc0, 0x18, 0xc0, 0x18, 0xc0,
    0x18, 0xc0, 0x18, 0xc0, 0x18, 0xc0, 0x18, 0xc0, 0x18, 0xc0, 0x18, 0xc0,
    0x18, 0xc0, 0x18, 0xc0, 0x18, 0xc0, 0x18, 0xc0, 0x18, 0xc0, 0x18, 0xc0,
    0x18, 0xc0, 0x18, 0xc0, 0x18, 0xc0, 0x18, 0xc0, 0x18, 0xc0, 0x18, 0xc0,
    0x18, 0xc0, 0x18, 0xc0, 0x18, 0xc0, 0x18, 0xc0, 0x18, 0xc0, 0x18, 0xc0,
    0x18, 0xc0, 0x18, 0xc0, 0x18, 0xc0, 0x18, 0xc0, 0x18, 0xc0, 0x18, 0xc0,
    0x18, 0xc0, 0x18, 0xc0, 0x18, 0xc0, 0x18, 0xc0, 0x18, 0xc0, 0x00, 0xc0,
    0x00, 0xc0, 0x00, 0xc0, 0x00, 0xc0, 0x00, 0xc0, 0x00, 0xc0, 0x00, 0xc0,
    0x00, 0xc0, 0x00, 0xc0, 0x00, 0xc0, 0x00, 0xc0, 0x00, 0xc0, 0x00, 0xc0,
    0x00, 0xc0, 0x00, 0xc0, 0x00, 0xc0, 0x00, 0xc0, 0x00, 0xc0, 0x00, 0xc0,
    0x00, 0xc0, 0x00, 0xc0, 0x00, 0xc0, 0x00, 0xc0, 0x00, 0xc0, 0x00, 0xc0,
    0x00, 0xc0, 0x00, 0xc0, 0x00, 0xc0, 0x00, 0xc0, 0x00, 0xc0, 0x00, 0xc0,
    0x00, 0xc0, 0x00, 0xc0, 0x00, 0xc0, 0x00, 0xc0, 0x00, 0xc0, 0x00, 0xc0,
    0x00, 0xc0, 0x00, 0xc0, 0x00, 0xc0, 0x00, 0xc0, 0x00, 0xc0, 0x00, 0xc0,
    0x00, 0xc0, 0x00, 0xc0, 0x0e, 0x38, 0x18, 0x00, 0x18, 0x00, 0x18, 0x00,
    0x18, 0x00, 0x18, 0x00, 0x18, 0x00, 0x18, 0x00, 0x18, 0x00, 0x18, 0x00,
    0x18, 0x00, 0x18, 0x00, 0x18, 0x00, 0x18, 0x00, 0x18, 0x00, 0x18, 0x00,
    0x18, 0x00, 0x18, 0x00, 0x18, 0x00, 0x18, 0x00, 0x18, 0x00, 0x18, 0x00,
    0x18, 0x00, 0x18, 0x00, 0x18, 0x00, 0x18, 0x00, 0x18, 0x00, 0x18, 0x00,
    0x18, 0x00, 0x18, 0x00, 0x18, 0x00, 0x18, 0x00, 0x18, 0x00, 0x18, 0x00,
    0x18, 0x00, 0x18, 0x00, 0x18, 0x00, 0x18, 0x00, 0x18, 0x00, 0x18, 0x00,
    0x18, 0x00, 0x18, 0x00, 0x18, 0x00, 0x18, 0x00, 0x18, 0x00, 0x18, 0x00,
    0x18, 0xc6, 0x18, 0xc6, 0x18, 0xc6, 0x18, 0xc6, 0x18, 0xc6, 0x18, 0xc6,
    0x18, 0xc6, 0x18, 0xc6, 0x18, 0xc6, 0x18, 0xc6, 0x18, 0xc6, 0x18, 0xc6,
    0x18, 0xc6, 0x18, 0xc6, 0x18, 0xc6, 0x18, 0xc6, 0x18, 0xc6, 0x18, 0xc6,
    0x18, 0xc6, 0x18, 0xc6, 0x18, 0xc6, 0x18, 0xc6, 0x18, 0xc6, 0x18, 0xc6,
    0x18, 0xc6, 0x18, 0xc6, 0x18, 0xc6, 0x18, 0xc6, 0x18, 0xc6, 0x18, 0xc6,
    0x18, 0xc6, 0x18, 0xc6, 0x18, 0xc6, 0x18, 0xc6, 0x18, 0xc6, 0x18, 0xc6,
    0x18, 0xc6, 0x18, 0xc6, 0x18, 0xc6, 0x18, 0xc6, 0x18, 0xc6, 0x18, 0xc6,
    0x18, 0xc6, 0x18, 0xc6, 0x18, 0xc6, 0xf8, 0xbd, 0x00, 0xc6, 0x00, 0xc6,
    0x00, 0xc6, 0x00, 0xc6, 0x00, 0xc6, 0x00, 0xc6, 0x00, 0xc6, 0x00, 0xc6,
    0x00, 0xc6, 0x00, 0xc6, 0x00, 0xc6, 0x00, 0xc6, 0x00, 0xc6, 0x00, 0xc6,
    0x00, 0xc6, 0x00, 0xc6, 0x00, 0xc6, 0x00, 0xc6, 0x00, 0xc6, 0x00, 0xc6,
    0x00, 0xc6, 0x00, 0xc6, 0x00, 0xc6, 0x00, 0xc6, 0x00, 0xc6, 0x00, 0xc6,
    0x00, 0xc6, 0x00, 0xc6, 0x00, 0xc6, 0x00, 0xc6, 0x00, 0xc6, 0x00, 0xc6,
    0x00, 0xc6, 0x00, 0xc6, 0x00, 0xc6, 0x00, 0xc6, 0x00, 0xc6, 0x00, 0xc6,
    0x00, 0xc6, 0x00, 0xc6, 0x00, 0xc6, 0x00, 0xc6, 0x00, 0xc6, 0x00, 0xc6,
    0x00, 0xc6, 0xf8, 0xbd, 0x18, 0x06, 0x18, 0x06, 0x18, 0x06, 0x18, 0x06,
    0x18, 0x06, 0x18, 0x06, 0x18, 0x06, 0x18, 0x06, 0x18, 0x06, 0x18, 0x06,
    0x18, 0x06, 0x18, 0x06, 0x18, 0x06, 0x18, 0x06, 0x18, 0x06, 0x18, 0x06,
    0x18, 0x06, 0x18, 0x06, 0x18, 0x06, 0x18, 0x06, 0x18, 0x06, 0x18, 0x06,
    0x18, 0x06, 0x18, 0x06, 0x18, 0x06, 0x18, 0x06, 0x18, 0x06, 0x18, 0x06,
    0x18, 0x06, 0x18, 0x06, 0x18, 0x06, 0x18, 0x06, 0x18, 0x06, 0x18, 0x06,
    0x18, 0x06, 0x18, 0x06, 0x18, 0x06, 0x18, 0x06, 0x18, 0x06, 0x18, 0x06,
    0x18, 0x06, 0x18, 0x06, 0x18, 0x06, 0x18, 0x06, 0x18, 0x06, 0xe2, 0x04,
    0x00, 0x06, 0x00, 0x06, 0x00, 0x06, 0x00, 0x06, 0x00, 0x06, 0x00, 0x06,
    0x00, 0x06, 0x00, 0x06, 0x00, 0x06, 0x00, 0x06, 0x00, 0x06, 0x00, 0x06,
    0x00, 0x06, 0x00, 0x06, 0x00, 0x06, 0x00, 0x06, 0x00, 0x06, 0x00, 0x06,
    0x00, 0x06, 0x00, 0x06, 0x00, 0x06, 0x00, 0x06, 0x00, 0x06, 0x00, 0x06,
    0x00, 0x06, 0x00, 0x06, 0x00, 0x06, 0x00, 0x06, 0x00, 0x06, 0x00, 0x06,
    0x00, 0x06, 0x00, 0x06, 0x00, 0x06, 0x00, 0x06, 0x00, 0x06, 0x00, 0x06,
    0x00, 0x06, 0x00, 0x06, 0x00, 0x06, 0x00, 0x06, 0x00, 0x06, 0x00, 0x06,
    0x00, 0x06, 0x00, 0x06, 0x47, 0x3b, 0x18, 0xc0, 0x18, 0xc0, 0x18, 0xc0,
    0x18, 0xc0, 0x18, 0xc0, 0x18, 0xc0, 0x18, 0xc0, 0x18, 0xc0, 0x18, 0xc0,
    0x18, 0xc0, 0x18, 0xc0, 0x18, 0xc0, 0x18, 0xc0, 0x18, 0xc0, 0x18, 0xc0,
    0x18, 0xc0, 0x18, 0xc0, 0x18, 0xc0, 0x18, 0xc0, 0x18, 0xc0, 0x18, 0xc0,
    0x18, 0xc0, 0x18, 0xc0, 0x18, 0xc0, 0x18, 0xc0, 0x18, 0xc0, 0x18, 0xc0,
    0x18, 0xc0, 0x18, 0xc0, 0x18, 0xc0, 0x18, 0xc0, 0x18, 0xc0, 0x18, 0xc0,
    0x18, 0xc0, 0x18, 0xc0, 0x18, 0xc0, 0x18, 0xc0, 0x18, 0xc0, 0x18, 0xc0,
    0x18, 0xc0, 0x18, 0xc0, 0x18, 0xc0, 0x18, 0xc0, 0x18, 0xc0, 0x18, 0xc0,
    0x18, 0xc0, 0x00, 0xc0, 0x00, 0xc0, 0x00, 0xc0, 0x00, 0xc0, 0x00, 0xc0,
    0x00, 0xc0, 0x00, 0xc0, 0x00, 0xc0, 0x00, 0xc0, 0x00, 0xc0, 0x00, 0xc0,
    0x00, 0xc0, 0x00, 0xc0, 0x00, 0xc0, 0x00, 0xc0, 0x00, 0xc0, 0x00, 0xc0,
    0x00, 0xc0, 0x00, 0xc0, 0x00, 0xc0, 0x00, 0xc0, 0x00, 0xc0, 0x00, 0xc0,
    0x00, 0xc0, 0x00, 0xc0, 0x00, 0xc0, 0x00, 0xc0, 0x00, 0xc0, 0x00, 0xc0,
    0x00, 0xc0, 0x00, 0xc0, 0x00, 0xc0, 0x00, 0xc0, 0x00, 0xc0, 0x00, 0xc0,
    0x00, 0xc0, 0x00, 0xc0, 0x00, 0xc0, 0x00, 0xc0, 0x00, 0xc0, 0x00, 0xc0,
    0x00, 0xc0, 0x00, 0xc0, 0x00, 0xc0, 0x00, 0xc0, 0x0d, 0x30, 0x18, 0x00,
    0x18, 0x00, 0x18, 0x00, 0x18, 0x00, 0x18, 0x00, 0x18, 0x00, 0x18, 0x00,
    0x18, 0x00, 0x18, 0x00, 0x18, 0x00, 0x18, 0x00, 0x18, 0x00, 0x18, 0x00,
    0x18, 0x00, 0x18, 0x00, 0x18, 0x00, 0x18, 0x00, 0x18, 0x00, 0x18, 0x00,
    0x18, 0x00, 0x18, 0x00, 0x18, 0x00, 0x18, 0x00, 0x18, 0x00, 0x18, 0x00,
    0x18, 0x00, 0x18, 0x00, 0x18, 0x00, 0x18, 0x00, 0x18, 0x00, 0x18, 0x00,
    0x18, 0x00, 0x18, 0x00, 0x18, 0x00, 0x18, 0x00, 0x18, 0x00, 0x18, 0x00,
    0x18, 0x00, 0x18, 0x00, 0x18, 0x00, 0x18, 0x00, 0x18, 0x00, 0x18, 0x00,
    0x18, 0x00, 0x18, 0x00, 0x18, 0xc6, 0x18, 0xc6, 0x18, 0xc6, 0x18, 0xc6,
    0x18, 0xc6, 0x18, 0xc6, 0x18, 0xc6, 0x18, 0xc6, 0x18, 0xc6, 0x18, 0xc6,
    0x18, 0xc6, 0x18, 0xc6, 0x18, 0xc6, 0x18, 0xc6, 0x18, 0xc6, 0x18, 0xc6,
    0x18, 0xc6, 0x18, 0xc6, 0x18, 0xc6, 0x18, 0xc6, 0x18, 0xc6, 0x18, 0xc6,
    0x18, 0xc6, 0x18, 0xc6, 0x18, 0xc6, 0x18, 0xc6, 0x18, 0xc6, 0x18, 0xc6,
    0x18, 0xc6, 0x18, 0xc6, 0x18, 0xc6, 0x18, 0xc6, 0x18, 0xc6, 0x18, 0xc6,
    0x18, 0xc6, 0x18, 0xc6, 0x18, 0xc6, 0x18, 0xc6, 0x18, 0xc6, 0x18, 0xc6,
    0x18, 0xc6, 0x18, 0xc6, 0x18, 0xc6, 0x18, 0xc6, 0x18, 0xc6, 0xf8, 0xc5,
    0x00, 0xc6, 0x00, 0xc6, 0x00, 0xc6, 0x00, 0xc6, 0x00, 0xc6, 0x00, 0xc6,
    0x00, 0xc6, 0x00, 0xc6, 0x00, 0xc6, 0x00, 0xc6, 0x00, 0xc6, 0x00, 0xc6,
    0x00, 0xc6, 0x00, 0xc6, 0x00, 0xc6, 0x00, 0xc6, 0x00, 0xc6, 0x00, 0xc6,
    0x00, 0xc6, 0x00, 0xc6, 0x00, 0xc6, 0x00, 0xc6, 0x00, 0xc6, 0x00, 0xc6,
    0x00, 0xc6, 0x00, 0xc6, 0x00, 0xc6, 0x00, 0xc6, 0x00, 0xc6, 0x00, 0xc6,
    0x00, 0xc6, 0x00, 0xc6, 0x00, 0xc6, 0x00, 0xc6, 0x00, 0xc6, 0x00, 0xc6,
    0x00, 0xc6, 0x00, 0xc6, 0x00, 0xc6, 0x00, 0xc6, 0x00, 0xc6, 0x00, 0xc6,
    0x00, 0xc6, 0x00, 0xc6, 0x00, 0xc6, 0xf8, 0xc5, 0x18, 0x06, 0x18, 0x06,
    0x18, 0x06, 0x18, 0x06, 0x18, 0x06, 0x18, 0x06, 0x18, 0x06, 0x18, 0x06,
    0x18, 0x06, 0x18, 0x06, 0x18, 0x06, 0x18, 0x06, 0x18, 0x06, 0x18, 0x06,
    0x18, 0x06, 0x18, 0x06, 0x18, 0x06, 0x18, 0x06, 0x18, 0x06, 0x18, 0x06,
    0x18, 0x06, 0x18, 0x06, 0x18, 0x06, 0x18, 0x06, 0x18, 0x06, 0x18, 0x06,
    0x18, 0x06, 0x18, 0x06, 0x18, 0x06, 0x18, 0x06, 0x18, 0x06, 0x18, 0x06,
    0x18, 0x06, 0x18, 0x06, 0x18, 0x06, 0x18, 0x06, 0x18, 0x06, 0x18, 0x06,
    0x18, 0x06, 0x18, 0x06, 0x18, 0x06, 0x18, 0x06, 0x18, 0x06, 0x18, 0x06,
    0x18, 0x06, 0xe3, 0x04, 0x00, 0x06, 0x00, 0x06, 0x00, 0x06, 0x00, 0x06,
    0x00, 0x06, 0x00, 0x06, 0x00, 0x06, 0x00, 0x06, 0x00, 0x06, 0x00, 0x06,
    0x00, 0x06, 0x00, 0x06, 0x00, 0x06, 0x00, 0x06, 0x00, 0x06, 0x00, 0x06,
    0x00, 0x06, 0x00, 0x06, 0x00, 0x06, 0x00, 0x06, 0x00, 0x06, 0x00, 0x06,
    0x00, 0x06, 0x00, 0x06, 0x00, 0x06, 0x00, 0x06, 0x00, 0x06, 0x00, 0x06,
    0x00, 0x06, 0x00, 0x06, 0x00, 0x06, 0x00, 0x06, 0x00, 0x06, 0x00, 0x06,
    0x00, 0x06, 0x00, 0x06, 0x00, 0x06, 0x00, 0x06, 0x00, 0x06, 0x00, 0x06,
    0x00, 0x06, 0x00, 0x06, 0x00, 0x06, 0x00, 0x06, 0x28, 0x43, 0x18, 0xc0,
    0x18, 0xc0, 0x18, 0xc0, 0x18, 0xc0, 0x18, 0xc0, 0x18, 0xc0, 0x18, 0xc0,
    0x18, 0xc0, 0x18, 0xc0, 0x18, 0xc0, 0x18, 0xc0, 0x18, 0xc0, 0x18, 0xc0,
    0x18, 0xc0, 0x18, 0xc0, 0x18, 0xc0, 0x18, 0xc0, 0x18, 0xc0, 0x18, 0xc0,
    0x18, 0xc0, 0x18, 0xc0, 0x18, 0xc0, 0x18, 0xc0, 0x18, 0xc0, 0x18, 0xc0,
    0x18, 0xc0, 0x18, 0xc0, 0x18, 0xc0, 0x18, 0xc0, 0x18, 0xc0, 0x18, 0xc0,
    0x18, 0xc0, 0x18, 0xc0, 0x18, 0xc0, 0x18, 0xc0, 0x18, 0xc0, 0x18, 0xc0,
    0x18, 0xc0, 0x18, 0xc0, 0x18, 0xc0, 0x18, 0xc0, 0x18, 0xc0, 0x18, 0xc0,
    0x18, 0xc0, 0x18, 0xc0, 0x18, 0xc0, 0x00, 0xc0, 0x00, 0xc0, 0x00, 0xc0,
    0x00, 0xc0, 0x00, 0xc0, 0x00, 0xc0, 0x00, 0xc0, 0x00, 0xc0, 0x00, 0xc0,
    0x00, 0xc0, 0x00, 0xc0, 0x00, 0xc0, 0x00, 0xc0, 0x00, 0xc0, 0x00, 0xc0,
    0x00, 0xc0, 0x00, 0xc0, 0x00, 0xc0, 0x00, 0xc0, 0x00, 0xc0, 0x00, 0xc0,
    0x00, 0xc0, 0x00, 0xc0, 0x00, 0xc0, 0x00, 0xc0, 0x00, 0xc0, 0x00, 0xc0,
    0x00, 0xc0, 0x00, 0xc0, 0x00, 0xc0, 0x00, 0xc0, 0x00, 0xc0, 0x00, 0xc0,
    0x00, 0xc0, 0x00, 0xc0, 0x00, 0xc0, 0x00, 0xc0, 0x00, 0xc0, 0x00, 0xc0,
    0x00, 0xc0, 0x00, 0xc0, 0x00, 0xc0, 0x00, 0xc0, 0x00, 0xc0, 0x00, 0xc0,
    0x0d, 0x30, 0x18, 0x00, 0x18, 0x00, 0x18, 0x00, 0x18, 0x00, 0x18, 0x00,
    0x18, 0x00, 0x18, 0x00, 0x18, 0x00, 0x18, 0x00, 0x18, 0x00, 0x18, 0x00,
    0x18, 0x00, 0x18, 0x00, 0x18, 0x00, 0x18, 0x00, 0x18, 0x00, 0x18, 0x00,
    0x18, 0x00, 0x18, 0x00, 0x18, 0x00, 0x18, 0x00, 0x18, 0x00, 0x18, 0x00,
    0x18, 0x00, 0x18, 0x00, 0x18, 0x00, 0x18, 0x00, 0x18, 0x00, 0x18, 0x00,
    0x18, 0x00, 0x18, 0x00, 0x18, 0x00, 0x18, 0x00, 0x18, 0x00, 0x18, 0x00,
    0x18, 0x00, 0x18, 0x00, 0x18, 0x00, 0x18, 0x00, 0x18, 0x00, 0x18, 0x00,
    0x18, 0x00, 0x18, 0x00, 0x18, 0x00, 0x18, 0x00, 0x18, 0xc6, 0x18, 0xc6,
    0x18, 0xc6, 0x18, 0xc6, 0x18, 0xc6, 0x18, 0xc6, 0x18, 0xc6, 0x18, 0xc6,
    0x18, 0xc6, 0x18, 0xc6, 0x18, 0xc6, 0x18, 0xc6, 0x18, 0xc6, 0x18, 0xc6,
    0x18, 0xc6, 0x18, 0xc6, 0x18, 0xc6, 0x18, 0xc6, 0x18, 0xc6, 0x18, 0xc6,
    0x18, 0xc6, 0x18, 0xc6, 0x18, 0xc6, 0x18, 0xc6, 0x18, 0xc6, 0x18, 0xc6,
    0x18, 0xc6, 0x18, 0xc6, 0x18, 0xc6, 0x18, 0xc6, 0x18, 0xc6, 0x18, 0xc6,
    0x18, 0xc6, 0x18, 0xc6, 0x18, 0xc6, 0x18, 0xc6, 0x18, 0xc6, 0x18, 0xc6,
    0x18, 0xc6, 0x18, 0xc6, 0x18, 0xc6, 0x18, 0xc6, 0x18, 0xc6, 0x18, 0xc6,
    0x18, 0xc6, 0xf8, 0xbd, 0x00, 0xc6, 0x00, 0xc6, 0x00, 0xc6, 0x00, 0xc6,
    0x00, 0xc6, 0x00, 0xc6, 0x00, 0xc6, 0x00, 0xc6, 0x00, 0xc6, 0x00, 0xc6,
    0x00, 0xc6, 0x00, 0xc6, 0x00, 0xc6, 0x00, 0xc6, 0x00, 0xc6, 0x00, 0xc6,
    0x00, 0xc6, 0x00, 0xc6, 0x00, 0xc6, 0x00, 0xc6, 0x00, 0xc6, 0x00, 0xc6,
    0x00, 0xc6, 0x00, 0xc6, 0x00, 0xc6, 0x00, 0xc6, 0x00, 0xc6, 0x00, 0xc6,
    0x00, 0xc6, 0x00, 0xc6, 0x00, 0xc6, 0x00, 0xc6, 0x00, 0xc6, 0x00, 0xc6,
    0x00, 0xc6, 0x00, 0xc6, 0x00, 0xc6, 0x00, 0xc6, 0x00, 0xc6, 0x00, 0xc6,
    0x00, 0xc6, 0x00, 0xc6, 0x00, 0xc6, 0x00, 0xc6, 0x00, 0xc6, 0xf8, 0xbd,
    0x18, 0x06, 0x18, 0x06, 0x18, 0x06, 0x18, 0x06, 0x18, 0x06, 0x18, 0x06,
    0x18, 0x06, 0x18, 0x06, 0x18, 0x06, 0x18, 0x06, 0x18, 0x06, 0x18, 0x06,
    0x18, 0x06, 0x18, 0x06, 0x18, 0x06, 0x18, 0x06, 0x18, 0x06, 0x18, 0x06,
    0x18, 0x06, 0x18, 0x06, 0x18, 0x06, 0x18, 0x06, 0x18, 0x06, 0x18, 0x06,
    0x18, 0x06, 0x18, 0x06, 0x18, 0x06, 0x18, 0x06, 0x18, 0x06, 0x18, 0x06,
    0x18, 0x06, 0x18, 0x06, 0x18, 0x06, 0x18, 0x06, 0x18, 0x06, 0x18, 0x06,
    0x18, 0x06, 0x18, 0x06, 0x18, 0x06, 0x18, 0x06, 0x18, 0x06, 0x18, 0x06,
    0x18, 0x06, 0x18, 0x06, 0x18, 0x06, 0xe2, 0x0c, 0x00, 0x06, 0x00, 0x06,
    0x00, 0x06, 0x00, 0x06, 0x00, 0x06, 0x00, 0x06, 0x00, 0x06, 0x00, 0x06,
    0x00, 0x06, 0x00, 0x06, 0x00, 0x06, 0x00, 0x06, 0x00, 0x06, 0x00, 0x06,
    0x00, 0x06, 0x00, 0x06, 0x00, 0x06, 0x00, 0x06, 0x00, 0x06, 0x00, 0x06,
    0x00, 0x06, 0x00, 0x06, 0x00, 0x06, 0x00, 0x06, 0x00, 0x06, 0x00, 0x06,
    0x00, 0x06, 0x00, 0x06, 0x00, 0x06, 0x00, 0x06, 0x00, 0x06, 0x00, 0x06,
    0x00, 0x06, 0x00, 0x06, 0x00, 0x06, 0x00, 0x06, 0x00, 0x06, 0x00, 0x06,
    0x00, 0x06, 0x00, 0x06, 0x00, 0x06, 0x00, 0x06, 0x00, 0x06, 0x00, 0x06,
    0x47, 0x3b, 0x18, 0xc0, 0x18, 0xc0, 0x18, 0xc0, 0x18, 0xc0, 0x18, 0xc0,
    0x18, 0xc0, 0x18, 0xc0, 0x18, 0xc0, 0x18, 0xc0, 0x18, 0xc0, 0x18, 0xc0,
    0x18, 0xc0, 0x18, 0xc0, 0x18, 0xc0, 0x18, 0xc0, 0x18, 0xc0, 0x18, 0xc0,
    0x18, 0xc0, 0x18, 0xc0, 0x18, 0xc0, 0x18, 0xc0, 0x18, 0xc0, 0x18, 0xc0,
    0x18, 0xc0, 0x18, 0xc0, 0x18, 0xc0, 0x18, 0xc0, 0x18, 0xc0, 0x18, 0xc0,
    0x18, 0xc0, 0x18, 0xc0, 0x18, 0xc0, 0x18, 0xc0, 0x18, 0xc0, 0x18, 0xc0,
    0x18, 0xc0, 0x18, 0xc0, 0x18, 0xc0, 0x18, 0xc0, 0x18, 0xc0, 0x18, 0xc0,
    0x18, 0xc0, 0x18, 0xc0, 0x18, 0xc0, 0x18, 0xc0, 0x18, 0xc0, 0x00, 0xc0,
    0x00, 0xc0, 0x00, 0xc0, 0x00, 0xc0, 0x00, 0xc0, 0x00, 0xc0, 0x00, 0xc0,
    0x00, 0xc0, 0x00, 0xc0, 0x00, 0xc0, 0x00, 0xc0, 0x00, 0xc0, 0x00, 0xc0,
    0x00, 0xc0, 0x00, 0xc0, 0x00, 0xc0, 0x00, 0xc0, 0x00, 0xc0, 0x00, 0xc0,
    0x00, 0xc0, 0x00, 0xc0, 0x00, 0xc0, 0x00, 0xc0, 0x00, 0xc0, 0x00, 0xc0,
    0x00, 0xc0, 0x00, 0xc0, 0x00, 0xc0, 0x00, 0xc0, 0x00, 0xc0, 0x00, 0xc0,
    0x00, 0xc0, 0x00, 0xc0, 0x00, 0xc0, 0x00, 0xc0, 0x00, 0xc0, 0x00, 0xc0,
    0x00, 0xc0, 0x00, 0xc0, 0x00, 0xc0, 0x00, 0xc0, 0x00, 0xc0, 0x00, 0xc0,
    0x00, 0xc0, 0x00, 0xc0, 0x0d, 0x30, 0x18, 0x00, 0x18, 0x00, 0x18, 0x00,
    0x18, 0x00, 0x18, 0x00, 0x18, 0x00, 0x18, 0x00, 0x18, 0x00, 0x18, 0x00,
    0x18, 0x00, 0x18, 0x00, 0x18, 0x00, 0x18, 0x00, 0x18, 0x00, 0x18, 0x00,
    0x18, 0x00, 0x18, 0x00, 0x18, 0x00, 0x18, 0x00, 0x18, 0x00, 0x18, 0x00,
    0x18, 0x00, 0x18, 0x00, 0x18, 0x00, 0x18, 0x00, 0x18, 0x00, 0x18, 0x00,
    0x18, 0x00, 0x18, 0x00, 0x18, 0x00, 0x18, 0x00, 0x18, 0x00, 0x18, 0x00,
    0x18, 0x00, 0x18, 0x00, 0x18, 0x00, 0x18, 0x00, 0x18, 0x00, 0x18, 0x00,
    0x18, 0x00, 0x18, 0x00, 0x18, 0x00, 0x18, 0x00, 0x18, 0x00, 0x18, 0x00,
    0x18, 0xc6, 0x18, 0xc6, 0x18, 0xc6, 0x18, 0xc6, 0x18, 0xc6, 0x18, 0xc6,
    0x18, 0xc6, 0x18, 0xc6, 0x18, 0xc6, 0x18, 0xc6, 0x18, 0xc6, 0x18, 0xc6,
    0x18, 0xc6, 0x18, 0xc6, 0x18, 0xc6, 0x18, 0xc6, 0x18, 0xc6, 0x18, 0xc6,
    0x18, 0xc6, 0x18, 0xc6, 0x18, 0xc6, 0x18, 0xc6, 0x18, 0xc6, 0x18, 0xc6,
    0x18, 0xc6, 0x18, 0xc6, 0x18, 0xc6, 0x18, 0xc6, 0x18, 0xc6, 0x18, 0xc6,
    0x18, 0xc6, 0x18, 0xc6, 0x18, 0xc6, 0x18, 0xc6, 0x18, 0xc6, 0x18, 0xc6,
    0x18, 0xc6, 0x18, 0xc6, 0x18, 0xc6, 0x18, 0xc6, 0x18, 0xc6, 0x18, 0xc6,
    0x18, 0xc6, 0x18, 0xc6, 0x18, 0xc6, 0xf8, 0xbd, 0x00, 0xc6, 0x00, 0xc6,
    0x00, 0xc6, 0x00, 0xc6, 0x00, 0xc6, 0x00, 0xc6, 0x00, 0xc6, 0x00, 0xc6,
    0x00, 0xc6, 0x00, 0xc6, 0x00, 0xc6, 0x00, 0xc6, 0x00, 0xc6, 0x00, 0xc6,
    0x00, 0xc6, 0x00, 0xc6, 0x00, 0xc6, 0x00, 0xc6, 0x00, 0xc6, 0x00, 0xc6,
    0x00, 0xc6, 0x00, 0xc6, 0x00, 0xc6, 0x00, 0xc6, 0x00, 0xc6, 0x00, 0xc6,
    0x00, 0xc6, 0x00, 0xc6, 0x00, 0xc6, 0x00, 0xc6, 0x00, 0xc6, 0x00, 0xc6,
    0x00, 0xc6, 0x00, 0xc6, 0x00, 0xc6, 0x00, 0xc6, 0x00, 0xc6, 0x00, 0xc6,
    0x00, 0xc6, 0x00, 0xc6, 0x00, 0xc6, 0x00, 0xc6, 0x00, 0xc6, 0x00, 0xc6,
    0x00, 0xc6, 0xf8, 0xbd, 0x18, 0x06, 0x18, 0x06, 0x18, 0x06, 0x18, 0x06,
    0x18, 0x06, 0x18, 0x06, 0x18, 0x06, 0x18, 0x06, 0x18, 0x06, 0x18, 0x06,
    0x18, 0x06, 0x18, 0x06, 0x18, 0x06, 0x18, 0x06, 0x18, 0x06, 0x18, 0x06,
    0x18, 0x06, 0x18, 0x06, 0x18, 0x06, 0x18, 0x06, 0x18, 0x06, 0x18, 0x06,
    0x18, 0x06, 0x18, 0x06, 0x18, 0x06, 0x18, 0x06, 0x18, 0x06, 0x18, 0x06,
    0x18, 0x06, 0x18, 0x06, 0x18, 0x06, 0x18, 0x06, 0x18, 0x06, 0x18, 0x06,
    0x18, 0x06, 0x18, 0x06, 0x18, 0x06, 0x18, 0x06, 0x18, 0x06, 0x18, 0x06,
    0x18, 0x06, 0x18, 0x06, 0x18, 0x06, 0x18, 0x06, 0x18, 0x06, 0xe2, 0x04,
    0x00, 0x06, 0x00, 0x06, 0x00, 0x06, 0x00, 0x06, 0x00, 0x06, 0x00, 0x06,
    0x00, 0x06, 0x00, 0x06, 0x00, 0x06, 0x00, 0x06, 0x00, 0x06, 0x00, 0x06,
    0x00, 0x06, 0x00, 0x06, 0x00, 0x06, 0x00, 0x06, 0x00, 0x06, 0x00, 0x06,
    0x00, 0x06, 0x00, 0x06, 0x00, 0x06, 0x00, 0x06, 0x00, 0x06, 0x00, 0x06,
    0x00, 0x06, 0x00, 0x06, 0x00, 0x06, 0x00, 0x06, 0x00, 0x06, 0x00, 0x06,
    0x00, 0x06, 0x00, 0x06, 0x00, 0x06, 0x00, 0x06, 0x00, 0x06, 0x00, 0x06,
    0x00, 0x06, 0x00, 0x06, 0x00, 0x06, 0x00, 0x06, 0x00, 0x06, 0x00, 0x06,
    0x00, 0x06, 0x00, 0x06, 0x27, 0x3b, 0x18, 0xc0, 0x18, 0xc0, 0x18, 0xc0,
    0x18, 0xc0, 0x18, 0xc0, 0x18, 0xc0, 0x18, 0xc0, 0x18, 0xc0, 0x18, 0xc0,
    0x18, 0xc0, 0x18, 0xc0, 0x18, 0xc0, 0x18, 0xc0, 0x18, 0xc0, 0x18, 0xc0,
    0x18, 0xc0, 0x18, 0xc0, 0x18, 0xc0, 0x18, 0xc0, 0x18, 0xc0, 0x18, 0xc0,
    0x18, 0xc0, 0x18, 0xc0, 0x18, 0xc0, 0x18, 0xc0, 0x18, 0xc0, 0x18, 0xc0,
    0x18, 0xc0, 0x18, 0xc0, 0x18, 0xc0, 0x18, 0xc0, 0x18, 0xc0, 0x18, 0xc0,
    0x18, 0xc0, 0x18, 0xc0, 0x18, 0xc0, 0x18, 0xc0, 0x18, 0xc0, 0x18, 0xc0,
    0x18, 0xc0, 0x18, 0xc0, 0x18, 0xc0, 0x18, 0xc0, 0x18, 0xc0, 0x18, 0xc0,
    0x18, 0xc0, 0x00, 0xc0, 0x00, 0xc0, 0x00, 0xc0, 0x00, 0xc0, 0x00, 0xc0,
    0x00, 0xc0, 0x00, 0xc0, 0x00, 0xc0, 0x00, 0xc0, 0x00, 0xc0, 0x00, 0xc0,
    0x00, 0xc0, 0x00, 0xc0, 0x00, 0xc0, 0x00, 0xc0, 0x00, 0xc0, 0x00, 0xc0,
    0x00, 0xc0, 0x00, 0xc0, 0x00, 0xc0, 0x00, 0xc0, 0x00, 0xc0, 0x00, 0xc0,
    0x00, 0xc0, 0x00, 0xc0, 0x00, 0xc0, 0x00, 0xc0, 0x00, 0xc0, 0x00, 0xc0,
    0x00, 0xc0, 0x00, 0xc0, 0x00, 0xc0, 0x00, 0xc0, 0x00, 0xc0, 0x00, 0xc0,
    0x00, 0xc0, 0x00, 0xc0, 0x00, 0xc0, 0x00, 0xc0, 0x00, 0xc0, 0x00, 0xc0,
    0x00, 0xc0, 0x00, 0xc0, 0x00, 0xc0, 0x00, 0xc0, 0x0d, 0x30, 0x18, 0x00,
    0x18, 0x00, 0x18, 0x00, 0x18, 0x00, 0x18, 0x00, 0x18, 0x00, 0x18, 0x00,
    0x18, 0x00, 0x18, 0x00, 0x18, 0x00, 0x18, 0x00, 0x18, 0x00, 0x18, 0x00,
    0x18, 0x00, 0x18, 0x00, 0x18, 0x00, 0x18, 0x00, 0x18, 0x00, 0x18, 0x00,
    0x18, 0x00, 0x18, 0x00, 0x18, 0x00, 0x18, 0x00, 0x18, 0x00, 0x18, 0x00,
    0x18, 0x00, 0x18, 0x00, 0x18, 0x00, 0x18, 0x00, 0x18, 0x00, 0x18, 0x00,
    0x18, 0x00, 0x18, 0x00, 0x18, 0x00, 0x18, 0x00, 0x18, 0x00, 0x18, 0x00,
    0x18, 0x00, 0x18, 0x00, 0x18, 0x00, 0x18, 0x00, 0x18, 0x00, 0x18, 0x00,
    0x18, 0x00, 0x18, 0x00, 0x18, 0xc6, 0x18, 0xc6, 0x18, 0xc6, 0x18, 0xc6,
    0x18, 0xc6, 0x18, 0xc6, 0x18, 0xc6, 0x18, 0xc6, 0x18, 0xc6, 0x18, 0xc6,
    0x18, 0xc6, 0x18, 0xc6, 0x18, 0xc6, 0x18, 0xc6, 0x18, 0xc6, 0x18, 0xc6,
    0x18, 0xc6, 0x18, 0xc6, 0x18, 0xc6, 0x18, 0xc6, 0x18, 0xc6, 0x18, 0xc6,
    0x18, 0xc6, 0x18, 0xc6, 0x18, 0xc6, 0x18, 0xc6, 0x18, 0xc6, 0x18, 0xc6,
    0x18, 0xc6, 0x18, 0xc6, 0x18, 0xc6, 0x18, 0xc6, 0x18, 0xc6, 0x18, 0xc6,
    0x18, 0xc6, 0x18, 0xc6, 0x18, 0xc6, 0x18, 0xc6, 0x18, 0xc6, 0x18, 0xc6,
    0x18, 0xc6, 0x18, 0xc6, 0x18, 0xc6, 0x18, 0xc6, 0x18, 0xc6, 0xf8, 0xbd,
    0x00, 0xc6, 0x00, 0xc6, 0x00, 0xc6, 0x00, 0xc6, 0x00, 0xc6, 0x00, 0xc6,
    0x00, 0xc6, 0x00, 0xc6, 0x00, 0xc6, 0x00, 0xc6, 0x00, 0xc6, 0x00, 0xc6,
    0x00, 0xc6, 0x00, 0xc6, 0x00, 0xc6, 0x00, 0xc6, 0x00, 0xc6, 0x00, 0xc6,
    0x00, 0xc6, 0x00, 0xc6, 0x00, 0xc6, 0x00, 0xc6, 0x00, 0xc6, 0x00, 0xc6,
    0x00, 0xc6, 0x00, 0xc6, 0x00, 0xc6, 0x00, 0xc6, 0x00, 0xc6, 0x00, 0xc6,
    0x00, 0xc6, 0x00, 0xc6, 0x00, 0xc6, 0x00, 0xc6, 0x00, 0xc6, 0x00, 0xc6,
    0x00, 0xc6, 0x00, 0xc6, 0x00, 0xc6, 0x00, 0xc6, 0x00, 0xc6, 0x00, 0xc6,
    0x00, 0xc6, 0x00, 0xc6, 0x00, 0xc6, 0xf8, 0xbd, 0x18, 0x06, 0x18, 0x06,
    0x18, 0x06, 0x18, 0x06, 0x18, 0x06, 0x18, 0x06, 0x18, 0x06, 0x18, 0x06,
    0x18, 0x06, 0x18, 0x06, 0x18, 0x06, 0x18, 0x06, 0x18, 0x06, 0x18, 0x06,
    0x18, 0x06, 0x18, 0x06, 0x18, 0x06, 0x18, 0x06, 0x18, 0x06, 0x18, 0x06,
    0x18, 0x06, 0x18, 0x06, 0x18, 0x06, 0x18, 0x06, 0x18, 0x06, 0x18, 0x06,
    0x18, 0x06, 0x18, 0x06, 0x18, 0x06, 0x18, 0x06, 0x18, 0x06, 0x18, 0x06,
    0x18, 0x06, 0x18, 0x06, 0x18, 0x06, 0x18, 0x06, 0x18, 0x06, 0x18, 0x06,
    0x18, 0x06, 0x18, 0x06, 0x18, 0x06, 0x18, 0x06, 0x18, 0x06, 0x18, 0x06,
    0x18, 0x06, 0xe2, 0x0c, 0x00, 0x06, 0x00, 0x06, 0x00, 0x06, 0x00, 0x06,
    0x00, 0x06, 0x00, 0x06, 0x00, 0x06, 0x00, 0x06, 0x00, 0x06, 0x00, 0x06,
    0x00, 0x06, 0x00, 0x06, 0x00, 0x06, 0x00, 0x06, 0x00, 0x06, 0x00, 0x06,
    0x00, 0x06, 0x00, 0x06, 0x00, 0x06, 0x00, 0x06, 0x00, 0x06, 0x00, 0x06,
    0x00, 0x06, 0x00, 0x06, 0x00, 0x06, 0x00, 0x06, 0x00, 0x06, 0x00, 0x06,
    0x00, 0x06, 0x00, 0x06, 0x00, 0x06, 0x00, 0x06, 0x00, 0x06, 0x00, 0x06,
    0x00, 0x06, 0x00, 0x06, 0x00, 0x06, 0x00, 0x06, 0x00, 0x06, 0x00, 0x06,
    0x00, 0x06, 0x00, 0x06, 0x00, 0x06, 0x00, 0x06, 0x47, 0x3b, 0x18, 0xc0,
    0x18, 0xc0, 0x18, 0xc0, 0x18, 0xc0, 0x18, 0xc0, 0x18, 0xc0, 0x18, 0xc0,
    0x18, 0xc0, 0x18, 0xc0, 0x18, 0xc0, 0x18, 0xc0, 0x18, 0xc0, 0x18, 0xc0,
    0x18, 0xc0, 0x18, 0xc0, 0x18, 0xc0, 0x18, 0xc0, 0x18, 0xc0, 0x18, 0xc0,
    0x18, 0xc0, 0x18, 0xc0, 0x18, 0xc0, 0x18, 0xc0, 0x18, 0xc0, 0x18, 0xc0,
    0x18, 0xc0, 0x18, 0xc0, 0x18, 0xc0, 0x18, 0xc0, 0x18, 0xc0, 0x18, 0xc0,
    0x18, 0xc0, 0x18, 0xc0, 0x18, 0xc0, 0x18, 0xc0, 0x18, 0xc0, 0x18, 0xc0,
    0x18, 0xc0, 0x18, 0xc0, 0x18, 0xc0, 0x18, 0xc0, 0x18, 0xc0, 0x18, 0xc0,
    0x18, 0xc0, 0x18, 0xc0, 0x18, 0xc0, 0x00, 0xc0, 0x00, 0xc0, 0x00, 0xc0,
    0x00, 0xc0, 0x00, 0xc0, 0x00, 0xc0, 0x00, 0xc0, 0x00, 0xc0, 0x00, 0xc0,
    0x00, 0xc0, 0x00, 0xc0, 0x00, 0xc0, 0x00, 0xc0, 0x00, 0xc0, 0x00, 0xc0,
    0x00, 0xc0, 0x00, 0xc0, 0x00, 0xc0, 0x00, 0xc0, 0x00, 0xc0, 0x00, 0xc0,
    0x00, 0xc0, 0x00, 0xc0, 0x00, 0xc0, 0x00, 0xc0, 0x00, 0xc0, 0x00, 0xc0,
    0x00, 0xc0, 0x00, 0xc0, 0x00, 0xc0, 0x00, 0xc0, 0x00, 0xc0, 0x00, 0xc0,
    0x00, 0xc0, 0x00, 0xc0, 0x00, 0xc0, 0x00, 0xc0, 0x00, 0xc0, 0x00, 0xc0,
    0x00, 0xc0, 0x00, 0xc0, 0x00, 0xc0, 0x00, 0xc0, 0x00, 0xc0, 0x00, 0xc0,
    0x0d, 0x30, 0x18, 0x00, 0x18, 0x00, 0x18, 0x00, 0x18, 0x00, 0x18, 0x00,
    0x18, 0x00, 0x18, 0x00, 0x18, 0x00, 0x18, 0x00, 0x18, 0x00, 0x18, 0x00,
    0x18, 0x00, 0x18, 0x00, 0x18, 0x00, 0x18, 0x00, 0x18, 0x00, 0x18, 0x00,
    0x18, 0x00, 0x18, 0x00, 0x18, 0x00, 0x18, 0x00, 0x18, 0x00, 0x18, 0x00,
    0x18, 0x00, 0x18, 0x00, 0x18, 0x00, 0x18, 0x00, 0x18, 0x00, 0x18, 0x00,
    0x18, 0x00, 0x18, 0x00, 0x18, 0x00, 0x18, 0x00, 0x18, 0x00, 0x18, 0x00,
    0x18, 0x00, 0x18, 0x00, 0x18, 0x00, 0x18, 0x00, 0x18, 0x00, 0x18, 0x00,
    0x18, 0x00, 0x18, 0x00, 0x18, 0x00, 0x18, 0x00, 0x18, 0xc6, 0x18, 0xc6,
    0x18, 0xc6, 0x18, 0xc6, 0x18, 0xc6, 0x18, 0xc6, 0x18, 0xc6, 0x18, 0xc6,
    0x18, 0xc6, 0x18, 0xc6, 0x18, 0xc6, 0x18, 0xc6, 0x18, 0xc6, 0x18, 0xc6,
    0x18, 0xc6, 0x18, 0xc6, 0x18, 0xc6, 0x18, 0xc6, 0x18, 0xc6, 0x18, 0xc6,
    0x18, 0xc6, 0x18, 0xc6, 0x18, 0xc6, 0x18, 0xc6, 0x18, 0xc6, 0x18, 0xc6,
    0x18, 0xc6, 0x18, 0xc6, 0x18, 0xc6, 0x18, 0xc6, 0x18, 0xc6, 0x18, 0xc6,
    0x18, 0xc6, 0x18, 0xc6, 0x18, 0xc6, 0x18, 0xc6, 0x18, 0xc6, 0x18, 0xc6,
    0x18, 0xc6, 0x18, 0xc6, 0x18, 0xc6, 0x18, 0xc6, 0x18, 0xc6, 0x18, 0xc6,
    0x18, 0xc6, 0xf8, 0xc5, 0x00, 0xc6, 0x00, 0xc6, 0x00, 0xc6, 0x00, 0xc6,
    0x00, 0xc6, 0x00, 0xc6, 0x00, 0xc6, 0x00, 0xc6, 0x00, 0xc6, 0x00, 0xc6,
    0x00, 0xc6, 0x00, 0xc6, 0x00, 0xc6, 0x00, 0xc6, 0x00, 0xc6, 0x00, 0xc6,
    0x00, 0xc6, 0x00, 0xc6, 0x00, 0xc6, 0x00, 0xc6, 0x00, 0xc6, 0x00, 0xc6,
    0x00, 0xc6, 0x00, 0xc6, 0x00, 0xc6, 0x00, 0xc6, 0x00, 0xc6, 0x00, 0xc6,
    0x00, 0xc6, 0x00, 0xc6, 0x00, 0xc6, 0x00, 0xc6, 0x00, 0xc6, 0x00, 0xc6,
    0x00, 0xc6, 0x00, 0xc6, 0x00, 0xc6, 0x00, 0xc6, 0x00, 0xc6, 0x00, 0xc6,
    0x00, 0xc6, 0x00, 0xc6, 0x00, 0xc6, 0x00, 0xc6, 0x00, 0xc6, 0xf8, 0xc5,
    0x18, 0x06, 0x18, 0x06, 0x18, 0x06, 0x18, 0x06, 0x18, 0x06, 0x18, 0x06,
    0x18, 0x06, 0x18, 0x06, 0x18, 0x06, 0x18, 0x06, 0x18, 0x06, 0x18, 0x06,
    0x18, 0x06, 0x18, 0x06, 0x18, 0x06, 0x18, 0x06, 0x18, 0x06, 0x18, 0x06,
    0x18, 0x06, 0x18, 0x06, 0x18, 0x06, 0x18, 0x06, 0x18, 0x06, 0x18, 0x06,
    0x18, 0x06, 0x18, 0x06, 0x18, 0x06, 0x18, 0x06, 0x18, 0x06, 0x18, 0x06,
    0x18, 0x06, 0x18, 0x06, 0x18, 0x06, 0x18, 0x06, 0x18, 0x06, 0x18, 0x06,
    0x18, 0x06, 0x18, 0x06, 0x18, 0x06, 0x18, 0x06, 0x18, 0x06, 0x18, 0x06,
    0x18, 0x06, 0x18, 0x06, 0x18, 0x06, 0xe3, 0x04, 0x00, 0x06, 0x00, 0x06,
    0x00, 0x06, 0x00, 0x06, 0x00, 0x06, 0x00, 0x06, 0x00, 0x06, 0x00, 0x06,
    0x00, 0x06, 0x00, 0x06, 0x00, 0x06, 0x00, 0x06, 0x00, 0x06, 0x00, 0x06,
    0x00, 0x06, 0x00, 0x06, 0x00, 0x06, 0x00, 0x06, 0x00, 0x06, 0x00, 0x06,
    0x00, 0x06, 0x00, 0x06, 0x00, 0x06, 0x00, 0x06, 0x00, 0x06, 0x00, 0x06,
    0x00, 0x06, 0x00, 0x06, 0x00, 0x06, 0x00, 0x06, 0x00, 0x06, 0x00, 0x06,
    0x00, 0x06, 0x00, 0x06, 0x00, 0x06, 0x00, 0x06, 0x00, 0x06, 0x00, 0x06,
    0x00, 0x06, 0x00, 0x06, 0x00, 0x06, 0x00, 0x06, 0x00, 0x06, 0x00, 0x06,
    0x28, 0x43, 0x18, 0xc0, 0x18, 0xc0, 0x18, 0xc0, 0x18, 0xc0, 0x18, 0xc0,
    0x18, 0xc0, 0x18, 0xc0, 0x18, 0xc0, 0x18, 0xc0, 0x18, 0xc0, 0x18, 0xc0,
    0x18, 0xc0, 0x18, 0xc0, 0x18, 0xc0, 0x18, 0xc0, 0x18, 0xc0, 0x18, 0xc0,
    0x18, 0xc0, 0x18, 0xc0, 0x18, 0xc0, 0x18, 0xc0, 0x18, 0xc0, 0x18, 0xc0,
    0x18, 0xc0, 0x18, 0xc0, 0x18, 0xc0, 0x18, 0xc0, 0x18, 0xc0, 0x18, 0xc0,
    0x18, 0xc0, 0x18, 0xc0, 0x18, 0xc0, 0x18, 0xc0, 0x18, 0xc0, 0x18, 0xc0,
    0x18, 0xc0, 0x18, 0xc0, 0x18, 0xc0, 0x18, 0xc0, 0x18, 0xc0, 0x18, 0xc0,
    0x18, 0xc0, 0x18, 0xc0, 0x18, 0xc0, 0x18, 0xc0, 0x18, 0xc0, 0x00, 0xc0,
    0x00, 0xc0, 0x00, 0xc0, 0x00, 0xc0, 0x00, 0xc0, 0x00, 0xc0, 0x00, 0xc0,
    0x00, 0xc0, 0x00, 0xc0, 0x00, 0xc0, 0x00, 0xc0, 0x00, 0xc0, 0x00, 0xc0,
    0x00, 0xc0, 0x00, 0xc0, 0x00, 0xc0, 0x00, 0xc0, 0x00, 0xc0, 0x00, 0xc0,
    0x00, 0xc0, 0x00, 0xc0, 0x00, 0xc0, 0x00, 0xc0, 0x00, 0xc0, 0x00, 0xc0,
    0x00, 0xc0, 0x00, 0xc0, 0x00, 0xc0, 0x00, 0xc0, 0x00, 0xc0, 0x00, 0xc0,
    0x00, 0xc0, 0x00, 0xc0, 0x00, 0xc0, 0x00, 0xc0, 0x00, 0xc0, 0x00, 0xc0,
    0x00, 0xc0, 0x00, 0xc0, 0x00, 0xc0, 0x00, 0xc0, 0x00, 0xc0, 0x00, 0xc0,
    0x00, 0xc0, 0x00, 0xc0, 0x0d, 0x30, 0x18, 0x00, 0x18, 0x00, 0x18, 0x00,
    0x18, 0x00, 0x18, 0x00, 0x18, 0x00, 0x18, 0x00, 0x18, 0x00, 0x18, 0x00,
    0x18, 0x00, 0x18, 0x00, 0x18, 0x00, 0x18, 0x00, 0x18, 0x00, 0x18, 0x00,
    0x18, 0x00, 0x18, 0x00, 0x18, 0x00, 0x18, 0x00, 0x18, 0x00, 0x18, 0x00,
    0x18, 0x00, 0x18, 0x00, 0x18, 0x00, 0x18, 0x00, 0x18, 0x00, 0x18, 0x00,
    0x18, 0x00, 0x18, 0x00, 0x18, 0x00, 0x18, 0x00, 0x18, 0x00, 0x18, 0x00,
    0x18, 0x00, 0x18, 0x00, 0x18, 0x00, 0x18, 0x00, 0x18, 0x00, 0x18, 0x00,
    0x18, 0x00, 0x18, 0x00, 0x18, 0x00, 0x18, 0x00, 0x18, 0x00, 0x18, 0x00,
    0x18, 0xc6, 0x18, 0xc6, 0x18, 0xc6, 0x18, 0xc6, 0x18, 0xc6, 0x18, 0xc6,
    0x18, 0xc6, 0x18, 0xc6, 0x18, 0xc6, 0x18, 0xc6, 0x18, 0xc6, 0x18, 0xc6,
    0x18, 0xc6, 0x18, 0xc6, 0x18, 0xc6, 0x18, 0xc6, 0x18, 0xc6, 0x18, 0xc6,
    0x18, 0xc6, 0x18, 0xc6, 0x18, 0xc6, 0x18, 0xc6, 0x18, 0xc6, 0x18, 0xc6,
    0x18, 0xc6, 0x18, 0xc6, 0x18, 0xc6, 0x18, 0xc6, 0x18, 0xc6, 0x18, 0xc6,
    0x18, 0xc6, 0x18, 0xc6, 0x18, 0xc6, 0x18, 0xc6, 0x18, 0xc6, 0x18, 0xc6,
    0x18, 0xc6, 0x18, 0xc6, 0x18, 0xc6, 0x18, 0xc6, 0x18, 0xc6, 0x18, 0xc6,
    0x18, 0xc6, 0x18, 0xc6, 0x18, 0xc6, 0x18, 0xbe, 0x00, 0xc6, 0x00, 0xc6,
    0x00, 0xc6, 0x00, 0xc6, 0x00, 0xc6, 0x00, 0xc6, 0x00, 0xc6, 0x00, 0xc6,
    0x00, 0xc6, 0x00, 0xc6, 0x00, 0xc6, 0x00, 0xc6, 0x00, 0xc6, 0x00, 0xc6,
    0x00, 0xc6, 0x00, 0xc6, 0x00, 0xc6, 0x00, 0xc6, 0x00, 0xc6, 0x00, 0xc6,
    0x00, 0xc6, 0x00, 0xc6, 0x00, 0xc6, 0x00, 0xc6, 0x00, 0xc6, 0x00, 0xc6,
    0x00, 0xc6, 0x00, 0xc6, 0x00, 0xc6, 0x00, 0xc6, 0x00, 0xc6, 0x00, 0xc6,
    0x00, 0xc6, 0x00, 0xc6, 0x00, 0xc6, 0x00, 0xc6, 0x00, 0xc6, 0x00, 0xc6,
    0x00, 0xc6, 0x00, 0xc6, 0x00, 0xc6, 0x00, 0xc6, 0x00, 0xc6, 0x00, 0xc6,
    0x00, 0xc6, 0x18, 0xbe, 0x18, 0x06, 0x18, 0x06, 0x18, 0x06, 0x18, 0x06,
    0x18, 0x06, 0x18, 0x06, 0x18, 0x06, 0x18, 0x06, 0x18, 0x06, 0x18, 0x06,
    0x18, 0x06, 0x18, 0x06, 0x18, 0x06, 0x18, 0x06, 0x18, 0x06, 0x18, 0x06,
    0x18, 0x06, 0x18, 0x06, 0x18, 0x06, 0x18, 0x06, 0x18, 0x06, 0x18, 0x06,
    0x18, 0x06, 0x18, 0x06, 0x18, 0x06, 0x18, 0x06, 0x18, 0x06, 0x18, 0x06,
    0x18, 0x06, 0x18, 0x06, 0x18, 0x06, 0x18, 0x06, 0x18, 0x06, 0x18, 0x06,
    0x18, 0x06, 0x18, 0x06, 0x18, 0x06, 0x18, 0x06, 0x18, 0x06, 0x18, 0x06,
    0x18, 0x06, 0x18, 0x06, 0x18, 0x06, 0x18, 0x06, 0x18, 0x06, 0x02, 0x0d,
    0x00, 0x06, 0x00, 0x06, 0x00, 0x06, 0x00, 0x06, 0x00, 0x06, 0x00, 0x06,
    0x00, 0x06, 0x00, 0x06, 0x00, 0x06, 0x00, 0x06, 0x00, 0x06, 0x00, 0x06,
    0x00, 0x06, 0x00, 0x06, 0x00, 0x06, 0x00, 0x06, 0x00, 0x06, 0x00, 0x06,
    0x00, 0x06, 0x00, 0x06, 0x00, 0x06, 0x00, 0x06, 0x00, 0x06, 0x00, 0x06,
    0x00, 0x06, 0x00, 0x06, 0x00, 0x06, 0x00, 0x06, 0x00, 0x06, 0x00, 0x06,
    0x00, 0x06, 0x00, 0x06, 0x00, 0x06, 0x00, 0x06, 0x00, 0x06, 0x00, 0x06,
    0x00, 0x06, 0x00, 0x06, 0x00, 0x06, 0x00, 0x06, 0x00, 0x06, 0x00, 0x06,
    0x00, 0x06, 0x00, 0x06, 0x27, 0x3b, 0x18, 0xc0, 0x18, 0xc0, 0x18, 0xc0,
    0x18, 0xc0, 0x18, 0xc0, 0x18, 0xc0, 0x18, 0xc0, 0x18, 0xc0, 0x18, 0xc0,
    0x18, 0xc0, 0x18, 0xc0, 0x18, 0xc0, 0x18, 0xc0, 0x18, 0xc0, 0x18, 0xc0,
    0x18, 0xc0, 0x18, 0xc0, 0x18, 0xc0, 0x18, 0xc0, 0x18, 0xc0, 0x18, 0xc0,
    0x18, 0xc0, 0x18, 0xc0, 0x18, 0xc0, 0x18, 0xc0, 0x18, 0xc0, 0x18, 0xc0,
    0x18, 0xc0, 0x18, 0xc0, 0x18, 0xc0, 0x18, 0xc0, 0x18, 0xc0, 0x18, 0xc0,
    0x18, 0xc0, 0x18, 0xc0, 0x18, 0xc0, 0x18, 0xc0, 0x18, 0xc0, 0x18, 0xc0,
    0x18, 0xc0, 0x18, 0xc0, 0x18, 0xc0, 0x18, 0xc0, 0x18, 0xc0, 0x18, 0xc0,
    0x18, 0xc0, 0x00, 0xc0, 0x00, 0xc0, 0x00, 0xc0, 0x00, 0xc0, 0x00, 0xc0,
    0x00, 0xc0, 0x00, 0xc0, 0x00, 0xc0, 0x00, 0xc0, 0x00, 0xc0, 0x00, 0xc0,
    0x00, 0xc0, 0x00, 0xc0, 0x00, 0xc0, 0x00, 0xc0, 0x00, 0xc0, 0x00, 0xc0,
    0x00, 0xc0, 0x00, 0xc0, 0x00, 0xc0, 0x00, 0xc0, 0x00, 0xc0, 0x00, 0xc0,
    0x00, 0xc0, 0x00, 0xc0, 0x00, 0xc0, 0x00, 0xc0, 0x00, 0xc0, 0x00, 0xc0,
    0x00, 0xc0, 0x00, 0xc0, 0x00, 0xc0, 0x00, 0xc0, 0x00, 0xc0, 0x00, 0xc0,
    0x00, 0xc0, 0x00, 0xc0, 0x00, 0xc0, 0x00, 0xc0, 0x00, 0xc0, 0x00, 0xc0,
    0x00, 0xc0, 0x00, 0xc0, 0x00, 0xc0, 0x00, 0xc0, 0x0e, 0x38, 0x18, 0x00,
    0x18, 0x00, 0x18, 0x00, 0x18, 0x00, 0x18, 0x00, 0x18, 0x00, 0x18, 0x00,
    0x18, 0x00, 0x18, 0x00, 0x18, 0x00, 0x18, 0x00, 0x18, 0x00, 0x18, 0x00,
    0x18, 0x00, 0x18, 0x00, 0x18, 0x00, 0x18, 0x00, 0x18, 0x00, 0x18, 0x00,
    0x18, 0x00, 0x18, 0x00, 0x18, 0x00, 0x18, 0x00, 0x18, 0x00, 0x18, 0x00,
    0x18, 0x00, 0x18, 0x00, 0x18, 0x00, 0x18, 0x00, 0x18, 0x00, 0x18, 0x00,
    0x18, 0x00, 0x18, 0x00, 0x18, 0x00, 0x18, 0x00, 0x18, 0x00, 0x18, 0x00,
    0x18, 0x00, 0x18, 0x00, 0x18, 0x00, 0x18, 0x00, 0x18, 0x00, 0x18, 0x00,
    0x18, 0x00, 0x18, 0x00, 0x18, 0xc6, 0x18, 0xc6, 0x18, 0xc6, 0x18, 0xc6,
    0x18, 0xc6, 0x18, 0xc6, 0x18, 0xc6, 0x18, 0xc6, 0x18, 0xc6, 0x18, 0xc6,
    0x18, 0xc6, 0x18, 0xc6, 0x18, 0xc6, 0x18, 0xc6, 0x18, 0xc6, 0x18, 0xc6,
    0x18, 0xc6, 0x18, 0xc6, 0x18, 0xc6, 0x18, 0xc6, 0x18, 0xc6, 0x18, 0xc6,
    0x18, 0xc6, 0x18, 0xc6, 0x18, 0xc6, 0x18, 0xc6, 0x18, 0xc6, 0x18, 0xc6,
    0x18, 0xc6, 0x18, 0xc6, 0x18, 0xc6, 0x18, 0xc6, 0x18, 0xc6, 0x18, 0xc6,
    0x18, 0xc6, 0x18, 0xc6, 0x18, 0xc6, 0x18, 0xc6, 0x18, 0xc6, 0x18, 0xc6,
    0x18, 0xc6, 0x18, 0xc6, 0x18, 0xc6, 0x18, 0xc6, 0x18, 0xc6, 0xf8, 0xbd,
    0x00, 0xc6, 0x00, 0xc6, 0x00, 0xc6, 0x00, 0xc6, 0x00, 0xc6, 0x00, 0xc6,
    0x00, 0xc6, 0x00, 0xc6, 0x00, 0xc6, 0x00, 0xc6, 0x00, 0xc6, 0x00, 0xc6,
    0x00, 0xc6, 0x00, 0xc6, 0x00, 0xc6, 0x00, 0xc6, 0x00, 0xc6, 0x00, 0xc6,
    0x00, 0xc6, 0x00, 0xc6, 0x00, 0xc6, 0x00, 0xc6, 0x00, 0xc6, 0x00, 0xc6,
    0x00, 0xc6, 0x00, 0xc6, 0x00, 0xc6, 0x00, 0xc6, 0x00, 0xc6, 0x00, 0xc6,
    0x00, 0xc6, 0x00, 0xc6, 0x00, 0xc6, 0x00, 0xc6, 0x00, 0xc6, 0x00, 0xc6,
    0x00, 0xc6, 0x00, 0xc6, 0x00, 0xc6, 0x00, 0xc6, 0x00, 0xc6, 0x00, 0xc6,
    0x00, 0xc6, 0x00, 0xc6, 0x00, 0xc6, 0xf8, 0xbd, 0x18, 0x06, 0x18, 0x06,
    0x18, 0x06, 0x18, 0x06, 0x18, 0x06, 0x18, 0x06, 0x18, 0x06, 0x18, 0x06,
    0x18, 0x06, 0x18, 0x06, 0x18, 0x06, 0x18, 0x06, 0x18, 0x06, 0x18, 0x06,
    0x18, 0x06, 0x18, 0x06, 0x18, 0x06, 0x18, 0x06, 0x18, 0x06, 0x18, 0x06,
    0x18, 0x06, 0x18, 0x06, 0x18, 0x06, 0x18, 0x06, 0x18, 0x06, 0x18, 0x06,
    0x18, 0x06, 0x18, 0x06, 0x18, 0x06, 0x18, 0x06, 0x18, 0x06, 0x18, 0x06,
    0x18, 0x06, 0x18, 0x06, 0x18, 0x06, 0x18, 0x06, 0x18, 0x06, 0x18, 0x06,
    0x18, 0x06, 0x18, 0x06, 0x18, 0x06, 0x18, 0x06, 0x18, 0x06, 0x18, 0x06,
    0x18, 0x06, 0xe2, 0x04, 0x00, 0x06, 0x00, 0x06, 0x00, 0x06, 0x00, 0x06,
    0x00, 0x06, 0x00, 0x06, 0x00, 0x06, 0x00, 0x06, 0x00, 0x06, 0x00, 0x06,
    0x00, 0x06, 0x00, 0x06, 0x00, 0x06, 0x00, 0x06, 0x00, 0x06, 0x00, 0x06,
    0x00, 0x06, 0x00, 0x06, 0x00, 0x06, 0x00, 0x06, 0x00, 0x06, 0x00, 0x06,
    0x00, 0x06, 0x00, 0x06, 0x00, 0x06, 0x00, 0x06, 0x00, 0x06, 0x00, 0x06,
    0x00, 0x06, 0x00, 0x06, 0x00, 0x06, 0x00, 0x06, 0x00, 0x06, 0x00, 0x06,
    0x00, 0x06, 0x00, 0x06, 0x00, 0x06, 0x00, 0x06, 0x00, 0x06, 0x00, 0x06,
    0x00, 0x06, 0x00, 0x06, 0x00, 0x06, 0x00, 0x06, 0x47, 0x3b, 0x18, 0xc0,
    0x18, 0xc0, 0x18, 0xc0, 0x18, 0xc0, 0x18, 0xc0, 0x18, 0xc0, 0x18, 0xc0,
    0x18, 0xc0, 0x18, 0xc0, 0x18, 0xc0, 0x18, 0xc0, 0x18, 0xc0, 0x18, 0xc0,
    0x18, 0xc0, 0x18, 0xc0, 0x18, 0xc0, 0x18, 0xc0, 0x18, 0xc0, 0x18, 0xc0,
    0x18, 0xc0, 0x18, 0xc0, 0x18, 0xc0, 0x18, 0xc0, 0x18, 0xc0, 0x18, 0xc0,
    0x18, 0xc0, 0x18, 0xc0, 0x18, 0xc0, 0x18, 0xc0, 0x18, 0xc0, 0x18, 0xc0,
    0x18, 0xc0, 0x18, 0xc0, 0x18, 0xc0, 0x18, 0xc0, 0x18, 0xc0, 0x18, 0xc0,
    0x18, 0xc0, 0x18, 0xc0, 0x18, 0xc0, 0x18, 0xc0, 0x18, 0xc0, 0x18, 0xc0,
    0x18, 0xc0, 0x18, 0xc0, 0x18, 0xc0, 0x00, 0xc0, 0x00, 0xc0, 0x00, 0xc0,
    0x00, 0xc0, 0x00, 0xc0, 0x00, 0xc0, 0x00, 0xc0, 0x00, 0xc0, 0x00, 0xc0,
    0x00, 0xc0, 0x00, 0xc0, 0x00, 0xc0, 0x00, 0xc0, 0x00, 0xc0, 0x00, 0xc0,
    0x00, 0xc0, 0x00, 0xc0, 0x00, 0xc0, 0x00, 0xc0, 0x00, 0xc0, 0x00, 0xc0,
    0x00, 0xc0, 0x00, 0xc0, 0x00, 0xc0, 0x00, 0xc0, 0x00, 0xc0, 0x00, 0xc0,
    0x00, 0xc0, 0x00, 0xc0, 0x00, 0xc0, 0x00, 0xc0, 0x00, 0xc0, 0x00, 0xc0,
    0x00, 0xc0, 0x00, 0xc0, 0x00, 0xc0, 0x00, 0xc0, 0x00, 0xc0, 0x00, 0xc0,
    0x00, 0xc0, 0x00, 0xc0, 0x00, 0xc0, 0x00, 0xc0, 0x00, 0xc0, 0x00, 0xc0,
    0x0d, 0x30, 0x18, 0x00, 0x18, 0x00, 0x18, 0x00, 0x18, 0x00, 0x18, 0x00,
    0x18, 0x00, 0x18, 0x00, 0x18, 0x00, 0x18, 0x00, 0x18, 0x00, 0x18, 0x00,
    0x18, 0x00, 0x18, 0x00, 0x18, 0x00, 0x18, 0x00, 0x18, 0x00, 0x18, 0x00,
    0x18, 0x00, 0x18, 0x00, 0x18, 0x00, 0x18, 0x00, 0x18, 0x00, 0x18, 0x00,
    0x18, 0x00, 0x18, 0x00, 0x18, 0x00, 0x18, 0x00, 0x18, 0x00, 0x18, 0x00,
    0x18, 0x00, 0x18, 0x00, 0x18, 0x00, 0x18, 0x00, 0x18, 0x00, 0x18, 0x00,
    0x18, 0x00, 0x18, 0x00, 0x18, 0x00, 0x18, 0x00, 0x18, 0x00, 0x18, 0x00,
    0x18, 0x00, 0x18, 0x00, 0x18, 0x00, 0x18, 0x00, 0x18, 0xc6, 0x18, 0xc6,
    0x18, 0xc6, 0x18, 0xc6, 0x18, 0xc6, 0x18, 0xc6, 0x18, 0xc6, 0x18, 0xc6,
    0x18, 0xc6, 0x18, 0xc6, 0x18, 0xc6, 0x18, 0xc6, 0x18, 0xc6, 0x18, 0xc6,
    0x18, 0xc6, 0x18, 0xc6, 0x18, 0xc6, 0x18, 0xc6, 0x18, 0xc6, 0x18, 0xc6,
    0x18, 0xc6, 0x18, 0xc6, 0x18, 0xc6, 0x18, 0xc6, 0x18, 0xc6, 0x18, 0xc6,
    0x18, 0xc6, 0x18, 0xc6, 0x18, 0xc6, 0x18, 0xc6, 0x18, 0xc6, 0x18, 0xc6,
    0x18, 0xc6, 0x18, 0xc6, 0x18, 0xc6, 0x18, 0xc6, 0x18, 0xc6, 0x18, 0xc6,
    0x18, 0xc6, 0x18, 0xc6, 0x18, 0xc6, 0x18, 0xc6, 0x18, 0xc6, 0x18, 0xc6,
    0x18, 0xc6, 0xf8, 0xc5, 0x00, 0xc6, 0x00, 0xc6, 0x00, 0xc6, 0x00, 0xc6,
    0x00, 0xc6, 0x00, 0xc6, 0x00, 0xc6, 0x00, 0xc6, 0x00, 0xc6, 0x00, 0xc6,
    0x00, 0xc6, 0x00, 0xc6, 0x00, 0xc6, 0x00, 0xc6, 0x00, 0xc6, 0x00, 0xc6,
    0x00, 0xc6, 0x00, 0xc6, 0x00, 0xc6, 0x00, 0xc6, 0x00, 0xc6, 0x00, 0xc6,
    0x00, 0xc6, 0x00, 0xc6, 0x00, 0xc6, 0x00, 0xc6, 0x00, 0xc6, 0x00, 0xc6,
    0x00, 0xc6, 0x00, 0xc6, 0x00, 0xc6, 0x00, 0xc6, 0x00, 0xc6, 0x00, 0xc6,
    0x00, 0xc6, 0x00, 0xc6, 0x00, 0xc6, 0x00, 0xc6, 0x00, 0xc6, 0x00, 0xc6,
    0x00, 0xc6, 0x00, 0xc6, 0x00, 0xc6, 0x00, 0xc6, 0x00, 0xc6, 0xf8, 0xc5,
    0x18, 0x06, 0x18, 0x06, 0x18, 0x06, 0x18, 0x06, 0x18, 0x06, 0x18, 0x06,
    0x18, 0x06, 0x18, 0x06, 0x18, 0x06, 0x18, 0x06, 0x18, 0x06, 0x18, 0x06,
    0x18, 0x06, 0x18, 0x06, 0x18, 0x06, 0x18, 0x06, 0x18, 0x06, 0x18, 0x06,
    0x18, 0x06, 0x18, 0x06, 0x18, 0x06, 0x18, 0x06, 0x18, 0x06, 0x18, 0x06,
    0x18, 0x06, 0x18, 0x06, 0x18, 0x06, 0x18, 0x06, 0x18, 0x06, 0x18, 0x06,
    0x18, 0x06, 0x18, 0x06, 0x18, 0x06, 0x18, 0x06, 0x18, 0x06, 0x18, 0x06,
    0x18, 0x06, 0x18, 0x06, 0x18, 0x06, 0x18, 0x06, 0x18, 0x06, 0x18, 0x06,
    0x18, 0x06, 0x18, 0x06, 0x18, 0x06, 0xe3, 0x0c, 0x00, 0x06, 0x00, 0x06,
    0x00, 0x06, 0x00, 0x06, 0x00, 0x06, 0x00, 0x06, 0x00, 0x06, 0x00, 0x06,
    0x00, 0x06, 0x00, 0x06, 0x00, 0x06, 0x00, 0x06, 0x00, 0x06, 0x00, 0x06,
    0x00, 0x06, 0x00, 0x06, 0x00, 0x06, 0x00, 0x06, 0x00, 0x06, 0x00, 0x06,
    0x00, 0x06, 0x00, 0x06, 0x00, 0x06, 0x00, 0x06, 0x00, 0x06, 0x00, 0x06,
    0x00, 0x06, 0x00, 0x06, 0x00, 0x06, 0x00, 0x06, 0x00, 0x06, 0x00, 0x06,
    0x00, 0x06, 0x00, 0x06, 0x00, 0x06, 0x00, 0x06, 0x00, 0x06, 0x00, 0x06,
    0x00, 0x06, 0x00, 0x06, 0x00, 0x06, 0x00, 0x06, 0x00, 0x06, 0x00, 0x06,
    0x48, 0x43, 0x18, 0xc0, 0x18, 0xc0, 0x18, 0xc0, 0x18, 0xc0, 0x18, 0xc0,
    0x18, 0xc0, 0x18, 0xc0, 0x18, 0xc0, 0x18, 0xc0, 0x18, 0xc0, 0x18, 0xc0,
    0x18, 0xc0, 0x18, 0xc0, 0x18, 0xc0, 0x18, 0xc0, 0x18, 0xc0, 0x18, 0xc0,
    0x18, 0xc0, 0x18, 0xc0, 0x18, 0xc0, 0x18, 0xc0, 0x18, 0xc0, 0x18, 0xc0,
    0x18, 0xc0, 0x18, 0xc0, 0x18, 0xc0, 0x18, 0xc0, 0x18, 0xc0, 0x18, 0xc0,
    0x18, 0xc0, 0x18, 0xc0, 0x18, 0xc0, 0x18, 0xc0, 0x18, 0xc0, 0x18, 0xc0,
    0x18, 0xc0, 0x18, 0xc0, 0x18, 0xc0, 0x18, 0xc0, 0x18, 0xc0, 0x18, 0xc0,
    0x18, 0xc0, 0x18, 0xc0, 0x18, 0xc0, 0x18, 0xc0, 0x18, 0xc0, 0x00, 0xc0,
    0x00, 0xc0, 0x00, 0xc0, 0x00, 0xc0, 0x00, 0xc0, 0x00, 0xc0, 0x00, 0xc0,
    0x00, 0xc0, 0x00, 0xc0, 0x00, 0xc0, 0x00, 0xc0, 0x00, 0xc0, 0x00, 0xc0,
    0x00, 0xc0, 0x00, 0xc0, 0x00, 0xc0, 0x00, 0xc0, 0x00, 0xc0, 0x00, 0xc0,
    0x00, 0xc0, 0x00, 0xc0, 0x00, 0xc0, 0x00, 0xc0, 0x00, 0xc0, 0x00, 0xc0,
    0x00, 0xc0, 0x00, 0xc0, 0x00, 0xc0, 0x00, 0xc0, 0x00, 0xc0, 0x00, 0xc0,
    0x00, 0xc0, 0x00, 0xc0, 0x00, 0xc0, 0x00, 0xc0, 0x00, 0xc0, 0x00, 0xc0,
    0x00, 0xc0, 0x00, 0xc0, 0x00, 0xc0, 0x00, 0xc0, 0x00, 0xc0, 0x00, 0xc0,
    0x00, 0xc0, 0x00, 0xc0, 0x0d, 0x30, 0x18, 0x00, 0x18, 0x00, 0x18, 0x00,
    0x18, 0x00, 0x18, 0x00, 0x18, 0x00, 0x18, 0x00, 0x18, 0x00, 0x18, 0x00,
    0x18, 0x00, 0x18, 0x00, 0x18, 0x00, 0x18, 0x00, 0x18, 0x00, 0x18, 0x00,
    0x18, 0x00, 0x18, 0x00, 0x18, 0x00, 0x18, 0x00, 0x18, 0x00, 0x18, 0x00,
    0x18, 0x00, 0x18, 0x00, 0x18, 0x00, 0x18, 0x00, 0x18, 0x00, 0x18, 0x00,
    0x18, 0x00, 0x18, 0x00, 0x18, 0x00, 0x18, 0x00, 0x18, 0x00, 0x18, 0x00,
    0x18, 0x00, 0x18, 0x00, 0x18, 0x00, 0x18, 0x00, 0x18, 0x00, 0x18, 0x00,
    0x18, 0x00, 0x18, 0x00, 0x18, 0x00, 0x18, 0x00, 0x18, 0x00, 0x18, 0x00,
    0x18, 0xc6, 0x18, 0xc6, 0x18, 0xc6, 0x18, 0xc6, 0x18, 0xc6, 0x18, 0xc6,
    0x18, 0xc6, 0x18, 0xc6, 0x18, 0xc6, 0x18, 0xc6, 0x18, 0xc6, 0x18, 0xc6,
    0x18, 0xc6, 0x18, 0xc6, 0x18, 0xc6, 0x18, 0xc6, 0x18, 0xc6, 0x18, 0xc6,
    0x18, 0xc6, 0x18, 0xc6, 0x18, 0xc6, 0x18, 0xc6, 0x18, 0xc6, 0x18, 0xc6,
    0x18, 0xc6, 0x18, 0xc6, 0x18, 0xc6, 0x18, 0xc6, 0x18, 0xc6, 0x18, 0xc6,
    0x18, 0xc6, 0x18, 0xc6, 0x18, 0xc6, 0x18, 0xc6, 0x18, 0xc6, 0x18, 0xc6,
    0x18, 0xc6, 0x18, 0xc6, 0x18, 0xc6, 0x18, 0xc6, 0x18, 0xc6, 0x18, 0xc6,
    0x18, 0xc6, 0x18, 0xc6, 0x18, 0xc6, 0xf8, 0xbd, 0x00, 0xc6, 0x00, 0xc6,
    0x00, 0xc6, 0x00, 0xc6, 0x00, 0xc6, 0x00, 0xc6, 0x00, 0xc6, 0x00, 0xc6,
    0x00, 0xc6, 0x00, 0xc6, 0x00, 0xc6, 0x00, 0xc6, 0x00, 0xc6, 0x00, 0xc6,
    0x00, 0xc6, 0x00, 0xc6, 0x00, 0xc6, 0x00, 0xc6, 0x00, 0xc6, 0x00, 0xc6,
    0x00, 0xc6, 0x00, 0xc6, 0x00, 0xc6, 0x00, 0xc6, 0x00, 0xc6, 0x00, 0xc6,
    0x00, 0xc6, 0x00, 0xc6, 0x00, 0xc6, 0x00, 0xc6, 0x00, 0xc6, 0x00, 0xc6,
    0x00, 0xc6, 0x00, 0xc6, 0x00, 0xc6, 0x00, 0xc6, 0x00, 0xc6, 0x00, 0xc6,
    0x00, 0xc6, 0x00, 0xc6, 0x00, 0xc6, 0x00, 0xc6, 0x00, 0xc6, 0x00, 0xc6,
    0x00, 0xc6, 0xf8, 0xbd, 0x18, 0x06, 0x18, 0x06, 0x18, 0x06, 0x18, 0x06,
    0x18, 0x06, 0x18, 0x06, 0x18, 0x06, 0x18, 0x06, 0x18, 0x06, 0x18, 0x06,
    0x18, 0x06, 0x18, 0x06, 0x18, 0x06, 0x18, 0x06, 0x18, 0x06, 0x18, 0x06,
    0x18, 0x06, 0x18, 0x06, 0x18, 0x06, 0x18, 0x06, 0x18, 0x06, 0x18, 0x06,
    0x18, 0x06, 0x18, 0x06, 0x18, 0x06, 0x18, 0x06, 0x18, 0x06, 0x18, 0x06,
    0x18, 0x06, 0x18, 0x06, 0x18, 0x06, 0x18, 0x06, 0x18, 0x06, 0x18, 0x06,
    0x18, 0x06, 0x18, 0x06, 0x18, 0x06, 0x18, 0x06, 0x18, 0x06, 0x18, 0x06,
    0x18, 0x06, 0x18, 0x06, 0x18, 0x06, 0x18, 0x06, 0x18, 0x06, 0xe2, 0x04,
    0x00, 0x06, 0x00, 0x06, 0x00, 0x06, 0x00, 0x06, 0x00, 0x06, 0x00, 0x06,
    0x00, 0x06, 0x00, 0x06, 0x00, 0x06, 0x00, 0x06, 0x00, 0x06, 0x00, 0x06,
    0x00, 0x06, 0x00, 0x06, 0x00, 0x06, 0x00, 0x06, 0x00, 0x06, 0x00, 0x06,
    0x00, 0x06, 0x00, 0x06, 0x00, 0x06, 0x00, 0x06, 0x00, 0x06, 0x00, 0x06,
    0x00, 0x06, 0x00, 0x06, 0x00, 0x06, 0x00, 0x06, 0x00, 0x06, 0x00, 0x06,
    0x00, 0x06, 0x00, 0x06, 0x00, 0x06, 0x00, 0x06, 0x00, 0x06, 0x00, 0x06,
    0x00, 0x06, 0x00, 0x06, 0x00, 0x06, 0x00, 0x06, 0x00, 0x06, 0x00, 0x06,
    0x00, 0x06, 0x00, 0x06, 0x27, 0x3b, 0x18, 0xc0, 0x18, 0xc0, 0x18, 0xc0,
    0x18, 0xc0, 0x18, 0xc0, 0x18, 0xc0, 0x18, 0xc0, 0x18, 0xc0, 0x18, 0xc0,
    0x18, 0xc0, 0x18, 0xc0, 0x18, 0xc0, 0x18, 0xc0, 0x18, 0xc0, 0x18, 0xc0,
    0x18, 0xc0, 0x18, 0xc0, 0x18, 0xc0, 0x18, 0xc0, 0x18, 0xc0, 0x18, 0xc0,
    0x18, 0xc0, 0x18, 0xc0, 0x18, 0xc0, 0x18, 0xc0, 0x18, 0xc0, 0x18, 0xc0,
    0x18, 0xc0, 0x18, 0xc0, 0x18, 0xc0, 0x18, 0xc0, 0x18, 0xc0, 0x18, 0xc0,
    0x18, 0xc0, 0x18, 0xc0, 0x18, 0xc0, 0x18, 0xc0, 0x18, 0xc0, 0x18, 0xc0,
    0x18, 0xc0, 0x18, 0xc0, 0x18, 0xc0, 0x18, 0xc0, 0x18, 0xc0, 0x18, 0xc0,
    0x18, 0xc0, 0x00, 0xc0, 0x00, 0xc0, 0x00, 0xc0, 0x00, 0xc0, 0x00, 0xc0,
    0x00, 0xc0, 0x00, 0xc0, 0x00, 0xc0, 0x00, 0xc0, 0x00, 0xc0, 0x00, 0xc0,
    0x00, 0xc0, 0x00, 0xc0, 0x00, 0xc0, 0x00, 0xc0, 0x00, 0xc0, 0x00, 0xc0,
    0x00, 0xc0, 0x00, 0xc0, 0x00, 0xc0, 0x00, 0xc0, 0x00, 0xc0, 0x00, 0xc0,
    0x00, 0xc0, 0x00, 0xc0, 0x00, 0xc0, 0x00, 0xc0, 0x00, 0xc0, 0x00, 0xc0,
    0x00, 0xc0, 0x00, 0xc0, 0x00, 0xc0, 0x00, 0xc0, 0x00, 0xc0, 0x00, 0xc0,
    0x00, 0xc0, 0x00, 0xc0, 0x00, 0xc0, 0x00, 0xc0, 0x00, 0xc0, 0x00, 0xc0,
    0x00, 0xc0, 0x00, 0xc0, 0x00, 0xc0, 0x00, 0xc0, 0x0d, 0x30, 0x18, 0x00,
    0x18, 0x00, 0x18, 0x00, 0x18, 0x00, 0x18, 0x00, 0x18, 0x00, 0x18, 0x00,
    0x18, 0x00, 0x18, 0x00, 0x18, 0x00, 0x18, 0x00, 0x18, 0x00, 0x18, 0x00,
    0x18, 0x00, 0x18, 0x00, 0x18, 0x00, 0x18, 0x00, 0x18, 0x00, 0x18, 0x00,
    0x18, 0x00, 0x18, 0x00, 0x18, 0x00, 0x18, 0x00, 0x18, 0x00, 0x18, 0x00,
    0x18, 0x00, 0x18, 0x00, 0x18, 0x00, 0x18, 0x00, 0x18, 0x00, 0x18, 0x00,
    0x18, 0x00, 0x18, 0x00, 0x18, 0x00, 0x18, 0x00, 0x18, 0x00, 0x18, 0x00,
    0x18, 0x00, 0x18, 0x00, 0x18, 0x00, 0x18, 0x00, 0x18, 0x00, 0x18, 0x00,
    0x18, 0x00, 0x18, 0x00, 0x18, 0xc6, 0x18, 0xc6, 0x18, 0xc6, 0x18, 0xc6,
    0x18, 0xc6, 0x18, 0xc6, 0x18, 0xc6, 0x18, 0xc6, 0x18, 0xc6, 0x18, 0xc6,
    0x18, 0xc6, 0x18, 0xc6, 0x18, 0xc6, 0x18, 0xc6, 0x18, 0xc6, 0x18, 0xc6,
    0x18, 0xc6, 0x18, 0xc6, 0x18, 0xc6, 0x18, 0xc6, 0x18, 0xc6, 0x18, 0xc6,
    0x18, 0xc6, 0x18, 0xc6, 0x18, 0xc6, 0x18, 0xc6, 0x18, 0xc6, 0x18, 0xc6,
    0x18, 0xc6, 0x18, 0xc6, 0x18, 0xc6, 0x18, 0xc6, 0x18, 0xc6, 0x18, 0xc6,
    0x18, 0xc6, 0x18, 0xc6, 0x18, 0xc6, 0x18, 0xc6, 0x18, 0xc6, 0x18, 0xc6,
    0x18, 0xc6, 0x18, 0xc6, 0x18, 0xc6, 0x18, 0xc6, 0x18, 0xc6, 0xf8, 0xbd,
    0x00, 0xc6, 0x00, 0xc6, 0x00, 0xc6, 0x00, 0xc6, 0x00, 0xc6, 0x00, 0xc6,
    0x00, 0xc6, 0x00, 0xc6, 0x00, 0xc6, 0x00, 0xc6, 0x00, 0xc6, 0x00, 0xc6,
    0x00, 0xc6, 0x00, 0xc6, 0x00, 0xc6, 0x00, 0xc6, 0x00, 0xc6, 0x00, 0xc6,
    0x00, 0xc6, 0x00, 0xc6, 0x00, 0xc6, 0x00, 0xc6, 0x00, 0xc6, 0x00, 0xc6,
    0x00, 0xc6, 0x00, 0xc6, 0x00, 0xc6, 0x00, 0xc6, 0x00, 0xc6, 0x00, 0xc6,
    0x00, 0xc6, 0x00, 0xc6, 0x00, 0xc6, 0x00, 0xc6, 0x00, 0xc6, 0x00, 0xc6,
    0x00, 0xc6, 0x00, 0xc6, 0x00, 0xc6, 0x00, 0xc6, 0x00, 0xc6, 0x00, 0xc6,
    0x00, 0xc6, 0x00, 0xc6, 0x00, 0xc6, 0xf8, 0xbd, 0x18, 0x06, 0x18, 0x06,
    0x18, 0x06, 0x18, 0x06, 0x18, 0x06, 0x18, 0x06, 0x18, 0x06, 0x18, 0x06,
    0x18, 0x06, 0x18, 0x06, 0x18, 0x06, 0x18, 0x06, 0x18, 0x06, 0x18, 0x06,
    0x18, 0x06, 0x18, 0x06, 0x18, 0x06, 0x18, 0x06, 0x18, 0x06, 0x18, 0x06,
    0x18, 0x06, 0x18, 0x06, 0x18, 0x06, 0x18, 0x06, 0x18, 0x06, 0x18, 0x06,
    0x18, 0x06, 0x18, 0x06, 0x18, 0x06, 0x18, 0x06, 0x18, 0x06, 0x18, 0x06,
    0x18, 0x06, 0x18, 0x06, 0x18, 0x06, 0x18, 0x06, 0x18, 0x06, 0x18, 0x06,
    0x18, 0x06, 0x18, 0x06, 0x18, 0x06, 0x18, 0x06, 0x18, 0x06, 0x18, 0x06,
    0x18, 0x06, 0xe2, 0x0c, 0x00, 0x06, 0x00, 0x06, 0x00, 0x06, 0x00, 0x06,
    0x00, 0x06, 0x00, 0x06, 0x00, 0x06, 0x00, 0x06, 0x00, 0x06, 0x00, 0x06,
    0x00, 0x06, 0x00, 0x06, 0x00, 0x06, 0x00, 0x06, 0x00, 0x06, 0x00, 0x06,
    0x00, 0x06, 0x00, 0x06, 0x00, 0x06, 0x00, 0x06, 0x00, 0x06, 0x00, 0x06,
    0x00, 0x06, 0x00, 0x06, 0x00, 0x06, 0x00, 0x06, 0x00, 0x06, 0x00, 0x06,
    0x00, 0x06, 0x00, 0x06, 0x00, 0x06, 0x00, 0x06, 0x00, 0x06, 0x00, 0x06,
    0x00, 0x06, 0x00, 0x06, 0x00, 0x06, 0x00, 0x06, 0x00, 0x06, 0x00, 0x06,
    0x00, 0x06, 0x00, 0x06, 0x00, 0x06, 0x00, 0x06, 0x27, 0x3b, 0x18, 0xc0,
    0x18, 0xc0, 0x18, 0xc0, 0x18, 0xc0, 0x18, 0xc0, 0x18, 0xc0, 0x18, 0xc0,
    0x18, 0xc0, 0x18, 0xc0, 0x18, 0xc0, 0x18, 0xc0, 0x18, 0xc0, 0x18, 0xc0,
    0x18, 0xc0, 0x18, 0xc0, 0x18, 0xc0, 0x18, 0xc0, 0x18, 0xc0, 0x18, 0xc0,
    0x18, 0xc0, 0x18, 0xc0, 0x18, 0xc0, 0x18, 0xc0, 0x18, 0xc0, 0x18, 0xc0,
    0x18, 0xc0, 0x18, 0xc0, 0x18, 0xc0, 0x18, 0xc0, 0x18, 0xc0, 0x18, 0xc0,
    0x18, 0xc0, 0x18, 0xc0, 0x18, 0xc0, 0x18, 0xc0, 0x18, 0xc0, 0x18, 0xc0,
    0x18, 0xc0, 0x18, 0xc0, 0x18, 0xc0, 0x18, 0xc0, 0x18, 0xc0, 0x18, 0xc0,
    0x18, 0xc0, 0x18, 0xc0, 0x18, 0xc0, 0x00, 0xc0, 0x00, 0xc0, 0x00, 0xc0,
    0x00, 0xc0, 0x00, 0xc0, 0x00, 0xc0, 0x00, 0xc0, 0x00, 0xc0, 0x00, 0xc0,
    0x00, 0xc0, 0x00, 0xc0, 0x00, 0xc0, 0x00, 0xc0, 0x00, 0xc0, 0x00, 0xc0,
    0x00, 0xc0, 0x00, 0xc0, 0x00, 0xc0, 0x00, 0xc0, 0x00, 0xc0, 0x00, 0xc0,
    0x00, 0xc0, 0x00, 0xc0, 0x00, 0xc0, 0x00, 0xc0, 0x00, 0xc0, 0x00, 0xc0,
    0x00, 0xc0, 0x00, 0xc0, 0x00, 0xc0, 0x00, 0xc0, 0x00, 0xc0, 0x00, 0xc0,
    0x00, 0xc0, 0x00, 0xc0, 0x00, 0xc0, 0x00, 0xc0, 0x00, 0xc0, 0x00, 0xc0,
    0x00, 0xc0, 0x00, 0xc0, 0x00, 0xc0, 0x00, 0xc0, 0x00, 0xc0, 0x00, 0xc0,
    0x0d, 0x30, 0x18, 0x00, 0x18, 0x00, 0x18, 0x00, 0x18, 0x00, 0x18, 0x00,
    0x18, 0x00, 0x18, 0x00, 0x18, 0x00, 0x18, 0x00, 0x18, 0x00, 0x18, 0x00,
    0x18, 0x00, 0x18, 0x00, 0x18, 0x00, 0x18, 0x00, 0x18, 0x00, 0x18, 0x00,
    0x18, 0x00, 0x18, 0x00, 0x18, 0x00, 0x18, 0x00, 0x18, 0x00, 0x18, 0x00,
    0x18, 0x00, 0x18, 0x00, 0x18, 0x00, 0x18, 0x00, 0x18, 0x00, 0x18, 0x00,
    0x18, 0x00, 0x18, 0x00, 0x18, 0x00, 0x18, 0x00, 0x18, 0x00, 0x18, 0x00,
    0x18, 0x00, 0x18, 0x00, 0x18, 0x00, 0x18, 0x00, 0x18, 0x00, 0x18, 0x00,
    0x18, 0x00, 0x18, 0x00, 0x18, 0x00, 0x18, 0x00, 0x18, 0xc6, 0x18, 0xc6,
    0x18, 0xc6, 0x18, 0xc6, 0x18, 0xc6, 0x18, 0xc6, 0x18, 0xc6, 0x18, 0xc6,
    0x18, 0xc6, 0x18, 0xc6, 0x18, 0xc6, 0x18, 0xc6, 0x18, 0xc6, 0x18, 0xc6,
    0x18, 0xc6, 0x18, 0xc6, 0x18, 0xc6, 0x18, 0xc6, 0x18, 0xc6, 0x18, 0xc6,
    0x18, 0xc6, 0x18, 0xc6, 0x18, 0xc6, 0x18, 0xc6, 0x18, 0xc6, 0x18, 0xc6,
    0x18, 0xc6, 0x18, 0xc6, 0x18, 0xc6, 0x18, 0xc6, 0x18, 0xc6, 0x18, 0xc6,
    0x18, 0xc6, 0x18, 0xc6, 0x18, 0xc6, 0x18, 0xc6, 0x18, 0xc6, 0x18, 0xc6,
    0x18, 0xc6, 0x18, 0xc6, 0x18, 0xc6, 0x18, 0xc6, 0x18, 0xc6, 0x18, 0xc6,
    0x18, 0xc6, 0xf8, 0xc5, 0x00, 0xc6, 0x00, 0xc6, 0x00, 0xc6, 0x00, 0xc6,
    0x00, 0xc6, 0x00, 0xc6, 0x00, 0xc6, 0x00, 0xc6, 0x00, 0xc6, 0x00, 0xc6,
    0x00, 0xc6, 0x00, 0xc6, 0x00, 0xc6, 0x00, 0xc6, 0x00, 0xc6, 0x00, 0xc6,
    0x00, 0xc6, 0x00, 0xc6, 0x00, 0xc6, 0x00, 0xc6, 0x00, 0xc6, 0x00, 0xc6,
    0x00, 0xc6, 0x00, 0xc6, 0x00, 0xc6, 0x00, 0xc6, 0x00, 0xc6, 0x00, 0xc6,
    0x00, 0xc6, 0x00, 0xc6, 0x00, 0xc6, 0x00, 0xc6, 0x00, 0xc6, 0x00, 0xc6,
    0x00, 0xc6, 0x00, 0xc6, 0x00, 0xc6, 0x00, 0xc6, 0x00, 0xc6, 0x00, 0xc6,
    0x00, 0xc6, 0x00, 0xc6, 0x00, 0xc6, 0x00, 0xc6, 0x00, 0xc6, 0xf8, 0xc5,
    0x18, 0x06, 0x18, 0x06, 0x18, 0x06, 0x18, 0x06, 0x18, 0x06, 0x18, 0x06,
    0x18, 0x06, 0x18, 0x06, 0x18, 0x06, 0x18, 0x06, 0x18, 0x06, 0x18, 0x06,
    0x18, 0x06, 0x18, 0x06, 0x18, 0x06, 0x18, 0x06, 0x18, 0x06, 0x18, 0x06,
    0x18, 0x06, 0x18, 0x06, 0x18, 0x06, 0x18, 0x06, 0x18, 0x06, 0x18, 0x06,
    0x18, 0x06, 0x18, 0x06, 0x18, 0x06, 0x18, 0x06, 0x18, 0x06, 0x18, 0x06,
    0x18, 0x06, 0x18, 0x06, 0x18, 0x06, 0x18, 0x06, 0x18, 0x06, 0x18, 0x06,
    0x18, 0x06, 0x18, 0x06, 0x18, 0x06, 0x18, 0x06, 0x18, 0x06, 0x18, 0x06,
    0x18, 0x06, 0x18, 0x06, 0x18, 0x06, 0xe3, 0x04, 0x00, 0x06, 0x00, 0x06,
    0x00, 0x06, 0x00, 0x06, 0x00, 0x06, 0x00, 0x06, 0x00, 0x06, 0x00, 0x06,
    0x00, 0x06, 0x00, 0x06, 0x00, 0x06, 0x00, 0x06, 0x00, 0x06, 0x00, 0x06,
    0x00, 0x06, 0x00, 0x06, 0x00, 0x06, 0x00, 0x06, 0x00, 0x06, 0x00, 0x06,
    0x00, 0x06, 0x00, 0x06, 0x00, 0x06, 0x00, 0x06, 0x00, 0x06, 0x00, 0x06,
    0x00, 0x06, 0x00, 0x06, 0x00, 0x06, 0x00, 0x06, 0x00, 0x06, 0x00, 0x06,
    0x00, 0x06, 0x00, 0x06, 0x00, 0x06, 0x00, 0x06, 0x00, 0x06, 0x00, 0x06,
    0x00, 0x06, 0x00, 0x06, 0x00, 0x06, 0x00, 0x06, 0x00, 0x06, 0x00, 0x06,
    0x48, 0x43, 0x18, 0xc0, 0x18, 0xc0, 0x18, 0xc0, 0x18, 0xc0, 0x18, 0xc0,
    0x18, 0xc0, 0x18, 0xc0, 0x18, 0xc0, 0x18, 0xc0, 0x18, 0xc0, 0x18, 0xc0,
    0x18, 0xc0, 0x18, 0xc0, 0x18, 0xc0, 0x18, 0xc0, 0x18, 0xc0, 0x18, 0xc0,
    0x18, 0xc0, 0x18, 0xc0, 0x18, 0xc0, 0x18, 0xc0, 0x18, 0xc0, 0x18, 0xc0,
    0x18, 0xc0, 0x18, 0xc0, 0x18, 0xc0, 0x18, 0xc0, 0x18, 0xc0, 0x18, 0xc0,
    0x18, 0xc0, 0x18, 0xc0, 0x18, 0xc0, 0x18, 0xc0, 0x18, 0xc0, 0x18, 0xc0,
    0x18, 0xc0, 0x18, 0xc0, 0x18, 0xc0, 0x18, 0xc0, 0x18, 0xc0, 0x18, 0xc0,
    0x18, 0xc0, 0x18, 0xc0, 0x18, 0xc0, 0x18, 0xc0, 0x18, 0xc0, 0x00, 0xc0,
    0x00, 0xc0, 0x00, 0xc0, 0x00, 0xc0, 0x00, 0xc0, 0x00, 0xc0, 0x00, 0xc0,
    0x00, 0xc0, 0x00, 0xc0, 0x00, 0xc0, 0x00, 0xc0, 0x00, 0xc0, 0x00, 0xc0,
    0x00, 0xc0, 0x00, 0xc0, 0x00, 0xc0, 0x00, 0xc0, 0x00, 0xc0, 0x00, 0xc0,
    0x00, 0xc0, 0x00, 0xc0, 0x00, 0xc0, 0x00, 0xc0, 0x00, 0xc0, 0x00, 0xc0,
    0x00, 0xc0, 0x00, 0xc0, 0x00, 0xc0, 0x00, 0xc0, 0x00, 0xc0, 0x00, 0xc0,
    0x00, 0xc0, 0x00, 0xc0, 0x00, 0xc0, 0x00, 0xc0, 0x00, 0xc0, 0x00, 0xc0,
    0x00, 0xc0, 0x00, 0xc0, 0x00, 0xc0, 0x00, 0xc0, 0x00, 0xc0, 0x00, 0xc0,
    0x00, 0xc0, 0x00, 0xc0, 0x0d, 0x30, 0x18, 0x00, 0x18, 0x00, 0x18, 0x00,
    0x18, 0x00, 0x18, 0x00, 0x18, 0x00, 0x18, 0x00, 0x18, 0x00, 0x18, 0x00,
    0x18, 0x00, 0x18, 0x00, 0x18, 0x00, 0x18, 0x00, 0x18, 0x00, 0x18, 0x00,
    0x18, 0x00, 0x18, 0x00, 0x18, 0x00, 0x18, 0x00, 0x18, 0x00, 0x18, 0x00,
    0x18, 0x00, 0x18, 0x00, 0x18, 0x00, 0x18, 0x00, 0x18, 0x00, 0x18, 0x00,
    0x18, 0x00, 0x18, 0x00, 0x18, 0x00, 0x18, 0x00, 0x18, 0x00, 0x18, 0x00,
    0x18, 0x00, 0x18, 0x00, 0x18, 0x00, 0x18, 0x00, 0x18, 0x00, 0x18, 0x00,
    0x18, 0x00, 0x18, 0x00, 0x18, 0x00, 0x18, 0x00, 0x18, 0x00, 0x18, 0x00,
    0x18, 0xc6, 0x18, 0xc6, 0x18, 0xc6, 0x18, 0xc6, 0x18, 0xc6, 0x18, 0xc6,
    0x18, 0xc6, 0x18, 0xc6, 0x18, 0xc6, 0x18, 0xc6, 0x18, 0xc6, 0x18, 0xc6,
    0x18, 0xc6, 0x18, 0xc6, 0x18, 0xc6, 0x18, 0xc6, 0x18, 0xc6, 0x18, 0xc6,
    0x18, 0xc6, 0x18, 0xc6, 0x18, 0xc6, 0x18, 0xc6, 0x18, 0xc6, 0x18, 0xc6,
    0x18, 0xc6, 0x18, 0xc6, 0x18, 0xc6, 0x18, 0xc6, 0x18, 0xc6, 0x18, 0xc6,
    0x18, 0xc6, 0x18, 0xc6, 0x18, 0xc6, 0x18, 0xc6, 0x18, 0xc6, 0x18, 0xc6,
    0x18, 0xc6, 0x18, 0xc6, 0x18, 0xc6, 0x18, 0xc6, 0x18, 0xc6, 0x18, 0xc6,
    0x18, 0xc6, 0x18, 0xc6, 0x18, 0xc6, 0xf8, 0xbd, 0x00, 0xc6, 0x00, 0xc6,
    0x00, 0xc6, 0x00, 0xc6, 0x00, 0xc6, 0x00, 0xc6, 0x00, 0xc6, 0x00, 0xc6,
    0x00, 0xc6, 0x00, 0xc6, 0x00, 0xc6, 0x00, 0xc6, 0x00, 0xc6, 0x00, 0xc6,
    0x00, 0xc6, 0x00, 0xc6, 0x00, 0xc6, 0x00, 0xc6, 0x00, 0xc6, 0x00, 0xc6,
    0x00, 0xc6, 0x00, 0xc6, 0x00, 0xc6, 0x00, 0xc6, 0x00, 0xc6, 0x00, 0xc6,
    0x00, 0xc6, 0x00, 0xc6, 0x00, 0xc6, 0x00, 0xc6, 0x00, 0xc6, 0x00, 0xc6,
    0x00, 0xc6, 0x00, 0xc6, 0x00, 0xc6, 0x00, 0xc6, 0x00, 0xc6, 0x00, 0xc6,
    0x00, 0xc6, 0x00, 0xc6, 0x00, 0xc6, 0x00, 0xc6, 0x00, 0xc6, 0x00, 0xc6,
    0x00, 0xc6, 0xf8, 0xbd, 0x18, 0x06, 0x18, 0x06, 0x18, 0x06, 0x18, 0x06,
    0x18, 0x06, 0x18, 0x06, 0x18, 0x06, 0x18, 0x06, 0x18, 0x06, 0x18, 0x06,
    0x18, 0x06, 0x18, 0x06, 0x18, 0x06, 0x18, 0x06, 0x18, 0x06, 0x18, 0x06,
    0x18, 0x06, 0x18, 0x06, 0x18, 0x06, 0x18, 0x06, 0x18, 0x06, 0x18, 0x06,
    0x18, 0x06, 0x18, 0x06, 0x18, 0x06, 0x18, 0x06, 0x18, 0x06, 0x18, 0x06,
    0x18, 0x06, 0x18, 0x06, 0x18, 0x06, 0x18, 0x06, 0x18, 0x06, 0x18, 0x06,
    0x18, 0x06, 0x18, 0x06, 0x18, 0x06, 0x18, 0x06, 0x18, 0x06, 0x18, 0x06,
    0x18, 0x06, 0x18, 0x06, 0x18, 0x06, 0x18, 0x06, 0x18, 0x06, 0xe2, 0x0c,
    0x00, 0x06, 0x00, 0x06, 0x00, 0x06, 0x00, 0x06, 0x00, 0x06, 0x00, 0x06,
    0x00, 0x06, 0x00, 0x06, 0x00, 0x06, 0x00, 0x06, 0x00, 0x06, 0x00, 0x06,
    0x00, 0x06, 0x00, 0x06, 0x00, 0x06, 0x00, 0x06, 0x00, 0x06, 0x00, 0x06,
    0x00, 0x06, 0x00, 0x06, 0x00, 0x06, 0x00, 0x06, 0x00, 0x06, 0x00, 0x06,
    0x00, 0x06, 0x00, 0x06, 0x00, 0x06, 0x00, 0x06, 0x00, 0x06, 0x00, 0x06,
    0x00, 0x06, 0x00, 0x06, 0x00, 0x06, 0x00, 0x06, 0x00, 0x06, 0x00, 0x06,
    0x00, 0x06, 0x00, 0x06, 0x00, 0x06, 0x00, 0x06, 0x00, 0x06, 0x00, 0x06,
    0x00, 0x06, 0x00, 0x06, 0x27, 0x3b, 0x18, 0xc0, 0x18, 0xc0, 0x18, 0xc0,
    0x18, 0xc0, 0x18, 0xc0, 0x18, 0xc0, 0x18, 0xc0, 0x18, 0xc0, 0x18, 0xc0,
    0x18, 0xc0, 0x18, 0xc0, 0x18, 0xc0, 0x18, 0xc0, 0x18, 0xc0, 0x18, 0xc0,
    0x18, 0xc0, 0x18, 0xc0, 0x18, 0xc0, 0x18, 0xc0, 0x18, 0xc0, 0x18, 0xc0,
    0x18, 0xc0, 0x18, 0xc0, 0x18, 0xc0, 0x18, 0xc0, 0x18, 0xc0, 0x18, 0xc0,
    0x18, 0xc0, 0x18, 0xc0, 0x18, 0xc0, 0x18, 0xc0, 0x18, 0xc0, 0x18, 0xc0,
    0x18, 0xc0, 0x18, 0xc0, 0x18, 0xc0, 0x18, 0xc0, 0x18, 0xc0, 0x18, 0xc0,
    0x18, 0xc0, 0x18, 0xc0, 0x18, 0xc0, 0x18, 0xc0, 0x18, 0xc0, 0x18, 0xc0,
    0x18, 0xc0, 0x00, 0xc0, 0x00, 0xc0, 0x00, 0xc0, 0x00, 0xc0, 0x00, 0xc0,
    0x00, 0xc0, 0x00, 0xc0, 0x00, 0xc0, 0x00, 0xc0, 0x00, 0xc0, 0x00, 0xc0,
    0x00, 0xc0, 0x00, 0xc0, 0x00, 0xc0, 0x00, 0xc0, 0x00, 0xc0, 0x00, 0xc0,
    0x00, 0xc0, 0x00, 0xc0, 0x00, 0xc0, 0x00, 0xc0, 0x00, 0xc0, 0x00, 0xc0,
    0x00, 0xc0, 0x00, 0xc0, 0x00, 0xc0, 0x00, 0xc0, 0x00, 0xc0, 0x00, 0xc0,
    0x00, 0xc0, 0x00, 0xc0, 0x00, 0xc0, 0x00, 0xc0, 0x00, 0xc0, 0x00, 0xc0,
    0x00, 0xc0, 0x00, 0xc0, 0x00, 0xc0, 0x00, 0xc0, 0x00, 0xc0, 0x00, 0xc0,
    0x00, 0xc0, 0x00, 0xc0, 0x00, 0xc0, 0x00, 0xc0, 0x0d, 0x30, 0x18, 0x00,
    0x18, 0x00, 0x18, 0x00, 0x18, 0x00, 0x18, 0x00, 0x18, 0x00, 0x18, 0x00,
    0x18, 0x00, 0x18, 0x00, 0x18, 0x00, 0x18, 0x00, 0x18, 0x00, 0x18, 0x00,
    0x18, 0x00, 0x18, 0x00, 0x18, 0x00, 0x18, 0x00, 0x18, 0x00, 0x18, 0x00,
    0x18, 0x00, 0x18, 0x00, 0x18, 0x00, 0x18, 0x00, 0x18, 0x00, 0x18, 0x00,
    0x18, 0x00, 0x18, 0x00, 0x18, 0x00, 0x18, 0x00, 0x18, 0x00, 0x18, 0x00,
    0x18, 0x00, 0x18, 0x00, 0x18, 0x00, 0x18, 0x00, 0x18, 0x00, 0x18, 0x00,
    0x18, 0x00, 0x18, 0x00, 0x18, 0x00, 0x18, 0x00, 0x18, 0x00, 0x18, 0x00,
    0x18, 0x00, 0x18, 0x00, 0x18, 0xc6, 0x18, 0xc6, 0x18, 0xc6, 0x18, 0xc6,
    0x18, 0xc6, 0x18, 0xc6, 0x18, 0xc6, 0x18, 0xc6, 0x18, 0xc6, 0x18, 0xc6,
    0x18, 0xc6, 0x18, 0xc6, 0x18, 0xc6, 0x18, 0xc6, 0x18, 0xc6, 0x18, 0xc6,
    0x18, 0xc6, 0x18, 0xc6, 0x18, 0xc6, 0x18, 0xc6, 0x18, 0xc6, 0x18, 0xc6,
    0x18, 0xc6, 0x18, 0xc6, 0x18, 0xc6, 0x18, 0xc6, 0x18, 0xc6, 0x18, 0xc6,
    0x18, 0xc6, 0x18, 0xc6, 0x18, 0xc6, 0x18, 0xc6, 0x18, 0xc6, 0x18, 0xc6,
    0x18, 0xc6, 0x18, 0xc6, 0x18, 0xc6, 0x18, 0xc6, 0x18, 0xc6, 0x18, 0xc6,
    0x18, 0xc6, 0x18, 0xc6, 0x18, 0xc6, 0x18, 0xc6, 0x18, 0xc6, 0xf8, 0xbd,
    0x00, 0xc6, 0x00, 0xc6, 0x00, 0xc6, 0x00, 0xc6, 0x00, 0xc6, 0x00, 0xc6,
    0x00, 0xc6, 0x00, 0xc6, 0x00, 0xc6, 0x00, 0xc6, 0x00, 0xc6, 0x00, 0xc6,
    0x00, 0xc6, 0x00, 0xc6, 0x00, 0xc6, 0x00, 0xc6, 0x00, 0xc6, 0x00, 0xc6,
    0x00, 0xc6, 0x00, 0xc6, 0x00, 0xc6, 0x00, 0xc6, 0x00, 0xc6, 0x00, 0xc6,
    0x00, 0xc6, 0x00, 0xc6, 0x00, 0xc6, 0x00, 0xc6, 0x00, 0xc6, 0x00, 0xc6,
    0x00, 0xc6, 0x00, 0xc6, 0x00, 0xc6, 0x00, 0xc6, 0x00, 0xc6, 0x00, 0xc6,
    0x00, 0xc6, 0x00, 0xc6, 0x00, 0xc6, 0x00, 0xc6, 0x00, 0xc6, 0x00, 0xc6,
    0x00, 0xc6, 0x00, 0xc6, 0x00, 0xc6, 0xf8, 0xbd, 0x18, 0x06, 0x18, 0x06,
    0x18, 0x06, 0x18, 0x06, 0x18, 0x06, 0x18, 0x06, 0x18, 0x06, 0x18, 0x06,
    0x18, 0x06, 0x18, 0x06, 0x18, 0x06, 0x18, 0x06, 0x18, 0x06, 0x18, 0x06,
    0x18, 0x06, 0x18, 0x06, 0x18, 0x06, 0x18, 0x06, 0x18, 0x06, 0x18, 0x06,
    0x18, 0x06, 0x18, 0x06, 0x18, 0x06, 0x18, 0x06, 0x18, 0x06, 0x18, 0x06,
    0x18, 0x06, 0x18, 0x06, 0x18, 0x06, 0x18, 0x06, 0x18, 0x06, 0x18, 0x06,
    0x18, 0x06, 0x18, 0x06, 0x18, 0x06, 0x18, 0x06, 0x18, 0x06, 0x18, 0x06,
    0x18, 0x06, 0x18, 0x06, 0x18, 0x06, 0x18, 0x06, 0x18, 0x06, 0x18, 0x06,
    0x18, 0x06, 0xe2, 0x04, 0x00, 0x06, 0x00, 0x06, 0x00, 0x06, 0x00, 0x06,
    0x00, 0x06, 0x00, 0x06, 0x00, 0x06, 0x00, 0x06, 0x00, 0x06, 0x00, 0x06,
    0x00, 0x06, 0x00, 0x06, 0x00, 0x06, 0x00, 0x06, 0x00, 0x06, 0x00, 0x06,
    0x00, 0x06, 0x00, 0x06, 0x00, 0x06, 0x00, 0x06, 0x00, 0x06, 0x00, 0x06,
    0x00, 0x06, 0x00, 0x06, 0x00, 0x06, 0x00, 0x06, 0x00, 0x06, 0x00, 0x06,
    0x00, 0x06, 0x00, 0x06, 0x00, 0x06, 0x00, 0x06, 0x00, 0x06, 0x00, 0x06,
    0x00, 0x06, 0x00, 0x06, 0x00, 0x06, 0x00, 0x06, 0x00, 0x06, 0x00, 0x06,
    0x00, 0x06, 0x00, 0x06, 0x00, 0x06, 0x00, 0x06, 0x47, 0x3b, 0x18, 0xc0,
    0x18, 0xc0, 0x18, 0xc0, 0x18, 0xc0, 0x18, 0xc0, 0x18, 0xc0, 0x18, 0xc0,
    0x18, 0xc0, 0x18, 0xc0, 0x18, 0xc0, 0x18, 0xc0, 0x18, 0xc0, 0x18, 0xc0,
    0x18, 0xc0, 0x18, 0xc0, 0x18, 0xc0, 0x18, 0xc0, 0x18, 0xc0, 0x18, 0xc0,
    0x18, 0xc0, 0x18, 0xc0, 0x18, 0xc0, 0x18, 0xc0, 0x18, 0xc0, 0x18, 0xc0,
    0x18, 0xc0, 0x18, 0xc0, 0x18, 0xc0, 0x18, 0xc0, 0x18, 0xc0, 0x18, 0xc0,
    0x18, 0xc0, 0x18, 0xc0, 0x18, 0xc0, 0x18, 0xc0, 0x18, 0xc0, 0x18, 0xc0,
    0x18, 0xc0, 0x18, 0xc0, 0x18, 0xc0, 0x18, 0xc0, 0x18, 0xc0, 0x18, 0xc0,
    0x18, 0xc0, 0x18, 0xc0, 0x18, 0xc0, 0x00, 0xc0, 0x00, 0xc0, 0x00, 0xc0,
    0x00, 0xc0, 0x00, 0xc0, 0x00, 0xc0, 0x00, 0xc0, 0x00, 0xc0, 0x00, 0xc0,
    0x00, 0xc0, 0x00, 0xc0, 0x00, 0xc0, 0x00, 0xc0, 0x00, 0xc0, 0x00, 0xc0,
    0x00, 0xc0, 0x00, 0xc0, 0x00, 0xc0, 0x00, 0xc0, 0x00, 0xc0, 0x00, 0xc0,
    0x00, 0xc0, 0x00, 0xc0, 0x00, 0xc0, 0x00, 0xc0, 0x00, 0xc0, 0x00, 0xc0,
    0x00, 0xc0, 0x00, 0xc0, 0x00, 0xc0, 0x00, 0xc0, 0x00, 0xc0, 0x00, 0xc0,
    0x00, 0xc0, 0x00, 0xc0, 0x00, 0xc0, 0x00, 0xc0, 0x00, 0xc0, 0x00, 0xc0,
    0x00, 0xc0, 0x00, 0xc0, 0x00, 0xc0, 0x00, 0xc0, 0x00, 0xc0, 0x00, 0xc0,
    0x0e, 0x38, 0x18, 0x00, 0x18, 0x00, 0x18, 0x00, 0x18, 0x00, 0x18, 0x00,
    0x18, 0x00, 0x18, 0x00, 0x18, 0x00, 0x18, 0x00, 0x18, 0x00, 0x18, 0x00,
    0x18, 0x00, 0x18, 0x00, 0x18, 0x00, 0x18, 0x00, 0x18, 0x00, 0x18, 0x00,
    0x18, 0x00, 0x18, 0x00, 0x18, 0x00, 0x18, 0x00, 0x18, 0x00, 0x18, 0x00,
    0x18, 0x00, 0x18, 0x00, 0x18, 0x00, 0x18, 0x00, 0x18, 0x00, 0x18, 0x00,
    0x18, 0x00, 0x18, 0x00, 0x18, 0x00, 0x18, 0x00, 0x18, 0x00, 0x18, 0x00,
    0x18, 0x00, 0x18, 0x00, 0x18, 0x00, 0x18, 0x00, 0x18, 0x00, 0x18, 0x00,
    0x18, 0x00, 0x18, 0x00, 0x18, 0x00, 0x18, 0x00, 0x18, 0xc6, 0x18, 0xc6,
    0x18, 0xc6, 0x18, 0xc6, 0x18, 0xc6, 0x18, 0xc6, 0x18, 0xc6, 0x18, 0xc6,
    0x18, 0xc6, 0x18, 0xc6, 0x18, 0xc6, 0x18, 0xc6, 0x18, 0xc6, 0x18, 0xc6,
    0x18, 0xc6, 0x18, 0xc6, 0x18, 0xc6, 0x18, 0xc6, 0x18, 0xc6, 0x18, 0xc6,
    0x18, 0xc6, 0x18, 0xc6, 0x18, 0xc6, 0x18, 0xc6, 0x18, 0xc6, 0x18, 0xc6,
    0x18, 0xc6, 0x18, 0xc6, 0x18, 0xc6, 0x18, 0xc6, 0x18, 0xc6, 0x18, 0xc6,
    0x18, 0xc6, 0x18, 0xc6, 0x18, 0xc6, 0x18, 0xc6, 0x18, 0xc6, 0x18, 0xc6,
    0x18, 0xc6, 0x18, 0xc6, 0x18, 0xc6, 0x18, 0xc6, 0x18, 0xc6, 0x18, 0xc6,
    0x18, 0xc6, 0xf8, 0xc5, 0x00, 0xc6, 0x00, 0xc6, 0x00, 0xc6, 0x00, 0xc6,
    0x00, 0xc6, 0x00, 0xc6, 0x00, 0xc6, 0x00, 0xc6, 0x00, 0xc6, 0x00, 0xc6,
    0x00, 0xc6, 0x00, 0xc6, 0x00, 0xc6, 0x00, 0xc6, 0x00, 0xc6, 0x00, 0xc6,
    0x00, 0xc6, 0x00, 0xc6, 0x00, 0xc6, 0x00, 0xc6, 0x00, 0xc6, 0x00, 0xc6,
    0x00, 0xc6, 0x00, 0xc6, 0x00, 0xc6, 0x00, 0xc6, 0x00, 0xc6, 0x00, 0xc6,
    0x00, 0xc6, 0x00, 0xc6, 0x00, 0xc6, 0x00, 0xc6, 0x00, 0xc6, 0x00, 0xc6,
    0x00, 0xc6, 0x00, 0xc6, 0x00, 0xc6, 0x00, 0xc6, 0x00, 0xc6, 0x00, 0xc6,
    0x00, 0xc6, 0x00, 0xc6, 0x00, 0xc6, 0x00, 0xc6, 0x00, 0xc6, 0xf8, 0xc5,
    0x18, 0x06, 0x18, 0x06, 0x18, 0x06, 0x18, 0x06, 0x18, 0x06, 0x18, 0x06,
    0x18, 0x06, 0x18, 0x06, 0x18, 0x06, 0x18, 0x06, 0x18, 0x06, 0x18, 0x06,
    0x18, 0x06, 0x18, 0x06, 0x18, 0x06, 0x18, 0x06, 0x18, 0x06, 0x18, 0x06,
    0x18, 0x06, 0x18, 0x06, 0x18, 0x06, 0x18, 0x06, 0x18, 0x06, 0x18, 0x06,
    0x18, 0x06, 0x18, 0x06, 0x18, 0x06, 0x18, 0x06, 0x18, 0x06, 0x18, 0x06,
    0x18, 0x06, 0x18, 0x06, 0x18, 0x06, 0x18, 0x06, 0x18, 0x06, 0x18, 0x06,
    0x18, 0x06, 0x18, 0x06, 0x18, 0x06, 0x18, 0x06, 0x18, 0x06, 0x18, 0x06,
    0x18, 0x06, 0x18, 0x06, 0x18, 0x06, 0xe3, 0x04, 0x00, 0x06, 0x00, 0x06,
    0x00, 0x06, 0x00, 0x06, 0x00, 0x06, 0x00, 0x06, 0x00, 0x06, 0x00, 0x06,
    0x00, 0x06, 0x00, 0x06, 0x00, 0x06, 0x00, 0x06, 0x00, 0x06, 0x00, 0x06,
    0x00, 0x06, 0x00, 0x06, 0x00, 0x06, 0x00, 0x06, 0x00, 0x06, 0x00, 0x06,
    0x00, 0x06, 0x00, 0x06, 0x00, 0x06, 0x00, 0x06, 0x00, 0x06, 0x00, 0x06,
    0x00, 0x06, 0x00, 0x06, 0x00, 0x06, 0x00, 0x06, 0x00, 0x06, 0x00, 0x06,
    0x00, 0x06, 0x00, 0x06, 0x00, 0x06, 0x00, 0x06, 0x00, 0x06, 0x00, 0x06,
    0x00, 0x06, 0x00, 0x06, 0x00, 0x06, 0x00, 0x06, 0x00, 0x06, 0x00, 0x06,
    0x28, 0x43, 0x18, 0xc0, 0x18, 0xc0, 0x18, 0xc0, 0x18, 0xc0, 0x18, 0xc0,
    0x18, 0xc0, 0x18, 0xc0, 0x18, 0xc0, 0x18, 0xc0, 0x18, 0xc0, 0x18, 0xc0,
    0x18, 0xc0, 0x18, 0xc0, 0x18, 0xc0, 0x18, 0xc0, 0x18, 0xc0, 0x18, 0xc0,
    0x18, 0xc0, 0x18, 0xc0, 0x18, 0xc0, 0x18, 0xc0, 0x18, 0xc0, 0x18, 0xc0,
    0x18, 0xc0, 0x18, 0xc0, 0x18, 0xc0, 0x18, 0xc0, 0x18, 0xc0, 0x18, 0xc0,
    0x18, 0xc0, 0x18, 0xc0, 0x18, 0xc0, 0x18, 0xc0, 0x18, 0xc0, 0x18, 0xc0,
    0x18, 0xc0, 0x18, 0xc0, 0x18, 0xc0, 0x18, 0xc0, 0x18, 0xc0, 0x18, 0xc0,
    0x18, 0xc0, 0x18, 0xc0, 0x18, 0xc0, 0x18, 0xc0, 0x18, 0xc0, 0x00, 0xc0,
    0x00, 0xc0, 0x00, 0xc0, 0x00, 0xc0, 0x00, 0xc0, 0x00, 0xc0, 0x00, 0xc0,
    0x00, 0xc0, 0x00, 0xc0, 0x00, 0xc0, 0x00, 0xc0, 0x00, 0xc0, 0x00, 0xc0,
    0x00, 0xc0, 0x00, 0xc0, 0x00, 0xc0, 0x00, 0xc0, 0x00, 0xc0, 0x00, 0xc0,
    0x00, 0xc0, 0x00, 0xc0, 0x00, 0xc0, 0x00, 0xc0, 0x00, 0xc0, 0x00, 0xc0,
    0x00, 0xc0, 0x00, 0xc0, 0x00, 0xc0, 0x00, 0xc0, 0x00, 0xc0, 0x00, 0xc0,
    0x00, 0xc0, 0x00, 0xc0, 0x00, 0xc0, 0x00, 0xc0, 0x00, 0xc0, 0x00, 0xc0,
    0x00, 0xc0, 0x00, 0xc0, 0x00, 0xc0, 0x00, 0xc0, 0x00, 0xc0, 0x00, 0xc0,
    0x00, 0xc0, 0x00, 0xc0, 0x0d, 0x30, 0x18, 0x00, 0x18, 0x00, 0x18, 0x00,
    0x18, 0x00, 0x18, 0x00, 0x18, 0x00, 0x18, 0x00, 0x18, 0x00, 0x18, 0x00,
    0x18, 0x00, 0x18, 0x00, 0x18, 0x00, 0x18, 0x00, 0x18, 0x00, 0x18, 0x00,
    0x18, 0x00, 0x18, 0x00, 0x18, 0x00, 0x18, 0x00, 0x18, 0x00, 0x18, 0x00,
    0x18, 0x00, 0x18, 0x00, 0x18, 0x00, 0x18, 0x00, 0x18, 0x00, 0x18, 0x00,
    0x18, 0x00, 0x18, 0x00, 0x18, 0x00, 0x18, 0x00, 0x18, 0x00, 0x18, 0x00,
    0x18, 0x00, 0x18, 0x00, 0x18, 0x00, 0x18, 0x00, 0x18, 0x00, 0x18, 0x00,
    0x18, 0x00, 0x18, 0x00, 0x18, 0x00, 0x18, 0x00, 0x18, 0x00, 0x18, 0x00,
    0x18, 0xc6, 0x18, 0xc6, 0x18, 0xc6, 0x18, 0xc6, 0x18, 0xc6, 0x18, 0xc6,
    0x18, 0xc6, 0x18, 0xc6, 0x18, 0xc6, 0x18, 0xc6, 0x18, 0xc6, 0x18, 0xc6,
    0x18, 0xc6, 0x18, 0xc6, 0x18, 0xc6, 0x18, 0xc6, 0x18, 0xc6, 0x18, 0xc6,
    0x18, 0xc6, 0x18, 0xc6, 0x18, 0xc6, 0x18, 0xc6, 0x18, 0xc6, 0x18, 0xc6,
    0x18, 0xc6, 0x18, 0xc6, 0x18, 0xc6, 0x18, 0xc6, 0x18, 0xc6, 0x18, 0xc6,
    0x18, 0xc6, 0x18, 0xc6, 0x18, 0xc6, 0x18, 0xc6, 0x18, 0xc6, 0x18, 0xc6,
    0x18, 0xc6, 0x18, 0xc6, 0x18, 0xc6, 0x18, 0xc6, 0x18, 0xc6, 0x18, 0xc6,
    0x18, 0xc6, 0x18, 0xc6, 0x18, 0xc6, 0x18, 0xbe, 0x00, 0xc6, 0x00, 0xc6,
    0x00, 0xc6, 0x00, 0xc6, 0x00, 0xc6, 0x00, 0xc6, 0x00, 0xc6, 0x00, 0xc6,
    0x00, 0xc6, 0x00, 0xc6, 0x00, 0xc6, 0x00, 0xc6, 0x00, 0xc6, 0x00, 0xc6,
    0x00, 0xc6, 0x00, 0xc6, 0x00, 0xc6, 0x00, 0xc6, 0x00, 0xc6, 0x00, 0xc6,
    0x00, 0xc6, 0x00, 0xc6, 0x00, 0xc6, 0x00, 0xc6, 0x00, 0xc6, 0x00, 0xc6,
    0x00, 0xc6, 0x00, 0xc6, 0x00, 0xc6, 0x00, 0xc6, 0x00, 0xc6, 0x00, 0xc6,
    0x00, 0xc6, 0x00, 0xc6, 0x00, 0xc6, 0x00, 0xc6, 0x00, 0xc6, 0x00, 0xc6,
    0x00, 0xc6, 0x00, 0xc6, 0x00, 0xc6, 0x00, 0xc6, 0x00, 0xc6, 0x00, 0xc6,
    0x00, 0xc6, 0x18, 0xbe, 0x18, 0x06, 0x18, 0x06, 0x18, 0x06, 0x18, 0x06,
    0x18, 0x06, 0x18, 0x06, 0x18, 0x06, 0x18, 0x06, 0x18, 0x06, 0x18, 0x06,
    0x18, 0x06, 0x18, 0x06, 0x18, 0x06, 0x18, 0x06, 0x18, 0x06, 0x18, 0x06,
    0x18, 0x06, 0x18, 0x06, 0x18, 0x06, 0x18, 0x06, 0x18, 0x06, 0x18, 0x06,
    0x18, 0x06, 0x18, 0x06, 0x18, 0x06, 0x18, 0x06, 0x18, 0x06, 0x18, 0x06,
    0x18, 0x06, 0x18, 0x06, 0x18, 0x06, 0x18, 0x06, 0x18, 0x06, 0x18, 0x06,
    0x18, 0x06, 0x18, 0x06, 0x18, 0x06, 0x18, 0x06, 0x18, 0x06, 0x18, 0x06,
    0x18, 0x06, 0x18, 0x06, 0x18, 0x06, 0x18, 0x06, 0x18, 0x06, 0x02, 0x0d,
    0x00, 0x06, 0x00, 0x06, 0x00, 0x06, 0x00, 0x06, 0x00, 0x06, 0x00, 0x06,
    0x00, 0x06, 0x00, 0x06, 0x00, 0x06, 0x00, 0x06, 0x00, 0x06, 0x00, 0x06,
    0x00, 0x06, 0x00, 0x06, 0x00, 0x06, 0x00, 0x06, 0x00, 0x06, 0x00, 0x06,
    0x00, 0x06, 0x00, 0x06, 0x00, 0x06, 0x00, 0x06, 0x00, 0x06, 0x00, 0x06,
    0x00, 0x06, 0x00, 0x06, 0x00, 0x06, 0x00, 0x06, 0x00, 0x06, 0x00, 0x06,
    0x00, 0x06, 0x00, 0x06, 0x00, 0x06, 0x00, 0x06, 0x00, 0x06, 0x00, 0x06,
    0x00, 0x06, 0x00, 0x06, 0x00, 0x06, 0x00, 0x06, 0x00, 0x06, 0x00, 0x06,
    0x00, 0x06, 0x00, 0x06, 0x27, 0x3b, 0x18, 0xc0, 0x18, 0xc0, 0x18, 0xc0,
    0x18, 0xc0, 0x18, 0xc0, 0x18, 0xc0, 0x18, 0xc0, 0x18, 0xc0, 0x18, 0xc0,
    0x18, 0xc0, 0x18, 0xc0, 0x18, 0xc0, 0x18, 0xc0, 0x18, 0xc0, 0x18, 0xc0,
    0x18, 0xc0, 0x18, 0xc0, 0x18, 0xc0, 0x18, 0xc0, 0x18, 0xc0, 0x18, 0xc0,
    0x18, 0xc0, 0x18, 0xc0, 0x18, 0xc0, 0x18, 0xc0, 0x18, 0xc0, 0x18, 0xc0,
    0x18, 0xc0, 0x18, 0xc0, 0x18, 0xc0, 0x18, 0xc0, 0x18, 0xc0, 0x18, 0xc0,
    0x18, 0xc0, 0x18, 0xc0, 0x18, 0xc0, 0x18, 0xc0, 0x18, 0xc0, 0x18, 0xc0,
    0x18, 0xc0, 0x18, 0xc0, 0x18, 0xc0, 0x18, 0xc0, 0x18, 0xc0, 0x18, 0xc0,
    0x18, 0xc0, 0x00, 0xc0, 0x00, 0xc0, 0x00, 0xc0, 0x00, 0xc0, 0x00, 0xc0,
    0x00, 0xc0, 0x00, 0xc0, 0x00, 0xc0, 0x00, 0xc0, 0x00, 0xc0, 0x00, 0xc0,
    0x00, 0xc0, 0x00, 0xc0, 0x00, 0xc0, 0x00, 0xc0, 0x00, 0xc0, 0x00, 0xc0,
    0x00, 0xc0, 0x00, 0xc0, 0x00, 0xc0, 0x00, 0xc0, 0x00, 0xc0, 0x00, 0xc0,
    0x00, 0xc0, 0x00, 0xc0, 0x00, 0xc0, 0x00, 0xc0, 0x00, 0xc0, 0x00, 0xc0,
    0x00, 0xc0, 0x00, 0xc0, 0x00, 0xc0, 0x00, 0xc0, 0x00, 0xc0, 0x00, 0xc0,
    0x00, 0xc0, 0x00, 0xc0, 0x00, 0xc0, 0x00, 0xc0, 0x00, 0xc0, 0x00, 0xc0,
    0x00, 0xc0, 0x00, 0xc0, 0x00, 0xc0, 0x00, 0xc0, 0x0d, 0x30, 0x18, 0x00,
    0x18, 0x00, 0x18, 0x00, 0x18, 0x00, 0x18, 0x00, 0x18, 0x00, 0x18, 0x00,
    0x18, 0x00, 0x18, 0x00, 0x18, 0x00, 0x18, 0x00, 0x18, 0x00, 0x18, 0x00,
    0x18, 0x00, 0x18, 0x00, 0x18, 0x00, 0x18, 0x00, 0x18, 0x00, 0x18, 0x00,
    0x18, 0x00, 0x18, 0x00, 0x18, 0x00, 0x18, 0x00, 0x18, 0x00, 0x18, 0x00,
    0x18, 0x00, 0x18, 0x00, 0x18, 0x00, 0x18, 0x00, 0x18, 0x00, 0x18, 0x00,
    0x18, 0x00, 0x18, 0x00, 0x18, 0x00, 0x18, 0x00, 0x18, 0x00, 0x18, 0x00,
    0x18, 0x00, 0x18, 0x00, 0x18, 0x00, 0x18, 0x00, 0x18, 0x00, 0x18, 0x00,
    0x18, 0x00, 0x18, 0x00, 0x18, 0xc6, 0x18, 0xc6, 0x18, 0xc6, 0x18, 0xc6,
    0x18, 0xc6, 0x18, 0xc6, 0x18, 0xc6, 0x18, 0xc6, 0x18, 0xc6, 0x18, 0xc6,
    0x18, 0xc6, 0x18, 0xc6, 0x18, 0xc6, 0x18, 0xc6, 0x18, 0xc6, 0x18, 0xc6,
    0x18, 0xc6, 0x18, 0xc6, 0x18, 0xc6, 0x18, 0xc6, 0x18, 0xc6, 0x18, 0xc6,
    0x18, 0xc6, 0x18, 0xc6, 0x18, 0xc6, 0x18, 0xc6, 0x18, 0xc6, 0x18, 0xc6,
    0x18, 0xc6, 0x18, 0xc6, 0x18, 0xc6, 0x18, 0xc6, 0x18, 0xc6, 0x18, 0xc6,
    0x18, 0xc6, 0x18, 0xc6, 0x18, 0xc6, 0x18, 0xc6, 0x18, 0xc6, 0x18, 0xc6,
    0x18, 0xc6, 0x18, 0xc6, 0x18, 0xc6, 0x18, 0xc6, 0x18, 0xc6, 0xf8, 0xbd,
    0x00, 0xc6, 0x00, 0xc6, 0x00, 0xc6, 0x00, 0xc6, 0x00, 0xc6, 0x00, 0xc6,
    0x00, 0xc6, 0x00, 0xc6, 0x00, 0xc6, 0x00, 0xc6, 0x00, 0xc6, 0x00, 0xc6,
    0x00, 0xc6, 0x00, 0xc6, 0x00, 0xc6, 0x00, 0xc6, 0x00, 0xc6, 0x00, 0xc6,
    0x00, 0xc6, 0x00, 0xc6, 0x00, 0xc6, 0x00, 0xc6, 0x00, 0xc6, 0x00, 0xc6,
    0x00, 0xc6, 0x00, 0xc6, 0x00, 0xc6, 0x00, 0xc6, 0x00, 0xc6, 0x00, 0xc6,
    0x00, 0xc6, 0x00, 0xc6, 0x00, 0xc6, 0x00, 0xc6, 0x00, 0xc6, 0x00, 0xc6,
    0x00, 0xc6, 0x00, 0xc6, 0x00, 0xc6, 0x00, 0xc6, 0x00, 0xc6, 0x00, 0xc6,
    0x00, 0xc6, 0x00, 0xc6, 0x00, 0xc6, 0xf8, 0xbd, 0x18, 0x06, 0x18, 0x06,
    0x18, 0x06, 0x18, 0x06, 0x18, 0x06, 0x18, 0x06, 0x18, 0x06, 0x18, 0x06,
    0x18, 0x06, 0x18, 0x06, 0x18, 0x06, 0x18, 0x06, 0x18, 0x06, 0x18, 0x06,
    0x18, 0x06, 0x18, 0x06, 0x18, 0x06, 0x18, 0x06, 0x18, 0x06, 0x18, 0x06,
    0x18, 0x06, 0x18, 0x06, 0x18, 0x06, 0x18, 0x06, 0x18, 0x06, 0x18, 0x06,
    0x18, 0x06, 0x18, 0x06, 0x18, 0x06, 0x18, 0x06, 0x18, 0x06, 0x18, 0x06,
    0x18, 0x06, 0x18, 0x06, 0x18, 0x06, 0x18, 0x06, 0x18, 0x06, 0x18, 0x06,
    0x18, 0x06, 0x18, 0x06, 0x18, 0x06, 0x18, 0x06, 0x18, 0x06, 0x18, 0x06,
    0x18, 0x06, 0xe2, 0x0c, 0x00, 0x06, 0x00, 0x06, 0x00, 0x06, 0x00, 0x06,
    0x00, 0x06, 0x00, 0x06, 0x00, 0x06, 0x00, 0x06, 0x00, 0x06, 0x00, 0x06,
    0x00, 0x06, 0x00, 0x06, 0x00, 0x06, 0x00, 0x06, 0x00, 0x06, 0x00, 0x06,
    0x00, 0x06, 0x00, 0x06, 0x00, 0x06, 0x00, 0x06, 0x00, 0x06, 0x00, 0x06,
    0x00, 0x06, 0x00, 0x06, 0x00, 0x06, 0x00, 0x06, 0x00, 0x06, 0x00, 0x06,
    0x00, 0x06, 0x00, 0x06, 0x00, 0x06, 0x00, 0x06, 0x00, 0x06, 0x00, 0x06,
    0x00, 0x06, 0x00, 0x06, 0x00, 0x06, 0x00, 0x06, 0x00, 0x06, 0x00, 0x06,
    0x00, 0x06, 0x00, 0x06, 0x00, 0x06, 0x00, 0x06, 0x47, 0x3b, 0x18, 0xc0,
    0x18, 0xc0, 0x18, 0xc0, 0x18, 0xc0, 0x18, 0xc0, 0x18, 0xc0, 0x18, 0xc0,
    0x18, 0xc0, 0x18, 0xc0, 0x18, 0xc0, 0x18, 0xc0, 0x18, 0xc0, 0x18, 0xc0,
    0x18, 0xc0, 0x18, 0xc0, 0x18, 0xc0, 0x18, 0xc0, 0x18, 0xc0, 0x18, 0xc0,
    0x18, 0xc0, 0x18, 0xc0, 0x18, 0xc0, 0x18, 0xc0, 0x18, 0xc0, 0x18, 0xc0,
    0x18, 0xc0, 0x18, 0xc0, 0x18, 0xc0, 0x18, 0xc0, 0x18, 0xc0, 0x18, 0xc0,
    0x18, 0xc0, 0x18, 0xc0, 0x18, 0xc0, 0x18, 0xc0, 0x18, 0xc0, 0x18, 0xc0,
    0x18, 0xc0, 0x18, 0xc0, 0x18, 0xc0, 0x18, 0xc0, 0x18, 0xc0, 0x18, 0xc0,
    0x18, 0xc0, 0x18, 0xc0, 0x18, 0xc0, 0x00, 0xc0, 0x00, 0xc0, 0x00, 0xc0,
    0x00, 0xc0, 0x00, 0xc0, 0x00, 0xc0, 0x00, 0xc0, 0x00, 0xc0, 0x00, 0xc0,
    0x00, 0xc0, 0x00, 0xc0, 0x00, 0xc0, 0x00, 0xc0, 0x00, 0xc0, 0x00, 0xc0,
    0x00, 0xc0, 0x00, 0xc0, 0x00, 0xc0, 0x00, 0xc0, 0x00, 0xc0, 0x00, 0xc0,
    0x00, 0xc0, 0x00, 0xc0, 0x00, 0xc0, 0x00, 0xc0, 0x00, 0xc0, 0x00, 0xc0,
    0x00, 0xc0, 0x00, 0xc0, 0x00, 0xc0, 0x00, 0xc0, 0x00, 0xc0, 0x00, 0xc0,
    0x00, 0xc0, 0x00, 0xc0, 0x00, 0xc0, 0x00, 0xc0, 0x00, 0xc0, 0x00, 0xc0,
    0x00, 0xc0, 0x00, 0xc0, 0x00, 0xc0, 0x00, 0xc0, 0x00, 0xc0, 0x00, 0xc0,
    0x0d, 0x30, 0x18, 0x00, 0x18, 0x00, 0x18, 0x00, 0x18, 0x00, 0x18, 0x00,
    0x18, 0x00, 0x18, 0x00, 0x18, 0x00, 0x18, 0x00, 0x18, 0x00, 0x18, 0x00,
    0x18, 0x00, 0x18, 0x00, 0x18, 0x00, 0x18, 0x00, 0x18, 0x00, 0x18, 0x00,
    0x18, 0x00, 0x18, 0x00, 0x18, 0x00, 0x18, 0x00, 0x18, 0x00, 0x18, 0x00,
    0x18, 0x00, 0x18, 0x00, 0x18, 0x00, 0x18, 0x00, 0x18, 0x00, 0x18, 0x00,
    0x18, 0x00, 0x18, 0x00, 0x18, 0x00, 0x18, 0x00, 0x18, 0x00, 0x18, 0x00,
    0x18, 0x00, 0x18, 0x00, 0x18, 0x00, 0x18, 0x00, 0x18, 0x00, 0x18, 0x00,
    0x18, 0x00, 0x18, 0x00, 0x18, 0x00, 0x18, 0x00, 0x18, 0xc6, 0x18, 0xc6,
    0x18, 0xc6, 0x18, 0xc6, 0x18, 0xc6, 0x18, 0xc6, 0x18, 0xc6, 0x18, 0xc6,
    0x18, 0xc6, 0x18, 0xc6, 0x18, 0xc6, 0x18, 0xc6, 0x18, 0xc6, 0x18, 0xc6,
    0x18, 0xc6, 0x18, 0xc6, 0x18, 0xc6, 0x18, 0xc6, 0x18, 0xc6, 0x18, 0xc6,
    0x18, 0xc6, 0x18, 0xc6, 0x18, 0xc6, 0x18, 0xc6, 0x18, 0xc6, 0x18, 0xc6,
    0x18, 0xc6, 0x18, 0xc6, 0x18, 0xc6, 0x18, 0xc6, 0x18, 0xc6, 0x18, 0xc6,
    0x18, 0xc6, 0x18, 0xc6, 0x18, 0xc6, 0x18, 0xc6, 0x18, 0xc6, 0x18, 0xc6,
    0x18, 0xc6, 0x18, 0xc6, 0x18, 0xc6, 0x18, 0xc6, 0x18, 0xc6, 0x18, 0xc6,
    0x18, 0xc6, 0xf8, 0xc5, 0x00, 0xc6, 0x00, 0xc6, 0x00, 0xc6, 0x00, 0xc6,
    0x00, 0xc6, 0x00, 0xc6, 0x00, 0xc6, 0x00, 0xc6, 0x00, 0xc6, 0x00, 0xc6,
    0x00, 0xc6, 0x00, 0xc6, 0x00, 0xc6, 0x00, 0xc6, 0x00, 0xc6, 0x00, 0xc6,
    0x00, 0xc6, 0x00, 0xc6, 0x00, 0xc6, 0x00, 0xc6, 0x00, 0xc6, 0x00, 0xc6,
    0x00, 0xc6, 0x00, 0xc6, 0x00, 0xc6, 0x00, 0xc6, 0x00, 0xc6, 0x00, 0xc6,
    0x00, 0xc6, 0x00, 0xc6, 0x00, 0xc6, 0x00, 0xc6, 0x00, 0xc6, 0x00, 0xc6,
    0x00, 0xc6, 0x00, 0xc6, 0x00, 0xc6, 0x00, 0xc6, 0x00, 0xc6, 0x00, 0xc6,
    0x00, 0xc6, 0x00, 0xc6, 0x00, 0xc6, 0x00, 0xc6, 0x00, 0xc6, 0xf8, 0xc5,
    0x18, 0x06, 0x18, 0x06, 0x18, 0x06, 0x18, 0x06, 0x18, 0x06, 0x18, 0x06,
    0x18, 0x06, 0x18, 0x06, 0x18, 0x06, 0x18, 0x06, 0x18, 0x06, 0x18, 0x06,
    0x18, 0x06, 0x18, 0x06, 0x18, 0x06, 0x18, 0x06, 0x18, 0x06, 0x18, 0x06,
    0x18, 0x06, 0x18, 0x06, 0x18, 0x06, 0x18, 0x06, 0x18, 0x06, 0x18, 0x06,
    0x18, 0x06, 0x18, 0x06, 0x18, 0x06, 0x18, 0x06, 0x18, 0x06, 0x18, 0x06,
    0x18, 0x06, 0x18, 0x06, 0x18, 0x06, 0x18, 0x06, 0x18, 0x06, 0x18, 0x06,
    0x18, 0x06, 0x18, 0x06, 0x18, 0x06, 0x18, 0x06, 0x18, 0x06, 0x18, 0x06,
    0x18, 0x06, 0x18, 0x06, 0x18, 0x06, 0xe3, 0x04, 0x00, 0x06, 0x00, 0x06,
    0x00, 0x06, 0x00, 0x06, 0x00, 0x06, 0x00, 0x06, 0x00, 0x06, 0x00, 0x06,
    0x00, 0x06, 0x00, 0x06, 0x00, 0x06, 0x00, 0x06, 0x00, 0x06, 0x00, 0x06,
    0x00, 0x06, 0x00, 0x06, 0x00, 0x06, 0x00, 0x06, 0x00, 0x06, 0x00, 0x06,
    0x00, 0x06, 0x00, 0x06, 0x00, 0x06, 0x00, 0x06, 0x00, 0x06, 0x00, 0x06,
    0x00, 0x06, 0x00, 0x06, 0x00, 0x06, 0x00, 0x06, 0x00, 0x06, 0x00, 0x06,
    0x00, 0x06, 0x00, 0x06, 0x00, 0x06, 0x00, 0x06, 0x00, 0x06, 0x00, 0x06,
    0x00, 0x06, 0x00, 0x06, 0x00, 0x06, 0x00, 0x06, 0x00, 0x06, 0x00, 0x06,
    0x48, 0x43, 0x18, 0xc0, 0x18, 0xc0, 0x18, 0xc0, 0x18, 0xc0, 0x18, 0xc0,
    0x18, 0xc0, 0x18, 0xc0, 0x18, 0xc0, 0x18, 0xc0, 0x18, 0xc0, 0x18, 0xc0,
    0x18, 0xc0, 0x18, 0xc0, 0x18, 0xc0, 0x18, 0xc0, 0x18, 0xc0, 0x18, 0xc0,
    0x18, 0xc0, 0x18, 0xc0, 0x18, 0xc0, 0x18, 0xc0, 0x18, 0xc0, 0x18, 0xc0,
    0x18, 0xc0, 0x18, 0xc0, 0x18, 0xc0, 0x18, 0xc0, 0x18, 0xc0, 0x18, 0xc0,
    0x18, 0xc0, 0x18, 0xc0, 0x18, 0xc0, 0x18, 0xc0, 0x18, 0xc0, 0x18, 0xc0,
    0x18, 0xc0, 0x18, 0xc0, 0x18, 0xc0, 0x18, 0xc0, 0x18, 0xc0, 0x18, 0xc0,
    0x18, 0xc0, 0x18, 0xc0, 0x18, 0xc0, 0x18, 0xc0, 0x18, 0xc0, 0x00, 0xc0,
    0x00, 0xc0, 0x00, 0xc0, 0x00, 0xc0, 0x00, 0xc0, 0x00, 0xc0, 0x00, 0xc0,
    0x00, 0xc0, 0x00, 0xc0, 0x00, 0xc0, 0x00, 0xc0, 0x00, 0xc0, 0x00, 0xc0,
    0x00, 0xc0, 0x00, 0xc0, 0x00, 0xc0, 0x00, 0xc0, 0x00, 0xc0, 0x00, 0xc0,
    0x00, 0xc0, 0x00, 0xc0, 0x00, 0xc0, 0x00, 0xc0, 0x00, 0xc0, 0x00, 0xc0,
    0x00, 0xc0, 0x00, 0xc0, 0x00, 0xc0, 0x00, 0xc0, 0x00, 0xc0, 0x00, 0xc0,
    0x00, 0xc0, 0x00, 0xc0, 0x00, 0xc0, 0x00, 0xc0, 0x00, 0xc0, 0x00, 0xc0,
    0x00, 0xc0, 0x00, 0xc0, 0x00, 0xc0, 0x00, 0xc0, 0x00, 0xc0, 0x00, 0xc0,
    0x00, 0xc0, 0x00, 0xc0, 0x0d, 0x30, 0x18, 0x00, 0x18, 0x00, 0x18, 0x00,
    0x18, 0x00, 0x18, 0x00, 0x18, 0x00, 0x18, 0x00, 0x18, 0x00, 0x18, 0x00,
    0x18, 0x00, 0x18, 0x00, 0x18, 0x00, 0x18, 0x00, 0x18, 0x00, 0x18, 0x00,
    0x18, 0x00, 0x18, 0x00, 0x18, 0x00, 0x18, 0x00, 0x18, 0x00, 0x18, 0x00,
    0x18, 0x00, 0x18, 0x00, 0x18, 0x00, 0x18, 0x00, 0x18, 0x00, 0x18, 0x00,
    0x18, 0x00, 0x18, 0x00, 0x18, 0x00, 0x18, 0x00, 0x18, 0x00, 0x18, 0x00,
    0x18, 0x00, 0x18, 0x00, 0x18, 0x00, 0x18, 0x00, 0x18, 0x00, 0x18, 0x00,
    0x18, 0x00, 0x18, 0x00, 0x18, 0x00, 0x18, 0x00, 0x18, 0x00, 0x18, 0x00,
    0x18, 0xc6, 0x18, 0xc6, 0x18, 0xc6, 0x18, 0xc6, 0x18, 0xc6, 0x18, 0xc6,
    0x18, 0xc6, 0x18, 0xc6, 0x18, 0xc6, 0x18, 0xc6, 0x18, 0xc6, 0x18, 0xc6,
    0x18, 0xc6, 0x18, 0xc6, 0x18, 0xc6, 0x18, 0xc6, 0x18, 0xc6, 0x18, 0xc6,
    0x18, 0xc6, 0x18, 0xc6, 0x18, 0xc6, 0x18, 0xc6, 0x18, 0xc6, 0x18, 0xc6,
    0x18, 0xc6, 0x18, 0xc6, 0x18, 0xc6, 0x18, 0xc6, 0x18, 0xc6, 0x18, 0xc6,
    0x18, 0xc6, 0x18, 0xc6, 0x18, 0xc6, 0x18, 0xc6, 0x18, 0xc6, 0x18, 0xc6,
    0x18, 0xc6, 0x18, 0xc6, 0x18, 0xc6, 0x18, 0xc6, 0x18, 0xc6, 0x18, 0xc6,
    0x18, 0xc6, 0x18, 0xc6, 0x18, 0xc6, 0xf8, 0xbd, 0x00, 0xc6, 0x00, 0xc6,
    0x00, 0xc6, 0x00, 0xc6, 0x00, 0xc6, 0x00, 0xc6, 0x00, 0xc6, 0x00, 0xc6,
    0x00, 0xc6, 0x00, 0xc6, 0x00, 0xc6, 0x00, 0xc6, 0x00, 0xc6, 0x00, 0xc6,
    0x00, 0xc6, 0x00, 0xc6, 0x00, 0xc6, 0x00, 0xc6, 0x00, 0xc6, 0x00, 0xc6,
    0x00, 0xc6, 0x00, 0xc6, 0x00, 0xc6, 0x00, 0xc6, 0x00, 0xc6, 0x00, 0xc6,
    0x00, 0xc6, 0x00, 0xc6, 0x00, 0xc6, 0x00, 0xc6, 0x00, 0xc6, 0x00, 0xc6,
    0x00, 0xc6, 0x00, 0xc6, 0x00, 0xc6, 0x00, 0xc6, 0x00, 0xc6, 0x00, 0xc6,
    0x00, 0xc6, 0x00, 0xc6, 0x00, 0xc6, 0x00, 0xc6, 0x00, 0xc6, 0x00, 0xc6,
    0x00, 0xc6, 0xf8, 0xbd, 0x18, 0x06, 0x18, 0x06, 0x18, 0x06, 0x18, 0x06,
    0x18, 0x06, 0x18, 0x06, 0x18, 0x06, 0x18, 0x06, 0x18, 0x06, 0x18, 0x06,
    0x18, 0x06, 0x18, 0x06, 0x18, 0x06, 0x18, 0x06, 0x18, 0x06, 0x18, 0x06,
    0x18, 0x06, 0x18, 0x06, 0x18, 0x06, 0x18, 0x06, 0x18, 0x06, 0x18, 0x06,
    0x18, 0x06, 0x18, 0x06, 0x18, 0x06, 0x18, 0x06, 0x18, 0x06, 0x18, 0x06,
    0x18, 0x06, 0x18, 0x06, 0x18, 0x06, 0x18, 0x06, 0x18, 0x06, 0x18, 0x06,
    0x18, 0x06, 0x18, 0x06, 0x18, 0x06, 0x18, 0x06, 0x18, 0x06, 0x18, 0x06,
    0x18, 0x06, 0x18, 0x06, 0x18, 0x06, 0x18, 0x06, 0x18, 0x06, 0xe2, 0x04,
    0x00, 0x06, 0x00, 0x06, 0x00, 0x06, 0x00, 0x06, 0x00, 0x06, 0x00, 0x06,
    0x00, 0x06, 0x00, 0x06, 0x00, 0x06, 0x00, 0x06, 0x00, 0x06, 0x00, 0x06,
    0x00, 0x06, 0x00, 0x06, 0x00, 0x06, 0x00, 0x06, 0x00, 0x06, 0x00, 0x06,
    0x00, 0x06, 0x00, 0x06, 0x00, 0x06, 0x00, 0x06, 0x00, 0x06, 0x00, 0x06,
    0x00, 0x06, 0x00, 0x06, 0x00, 0x06, 0x00, 0x06, 0x00, 0x06, 0x00, 0x06,
    0x00, 0x06, 0x00, 0x06, 0x00, 0x06, 0x00, 0x06, 0x00, 0x06, 0x00, 0x06,
    0x00, 0x06, 0x00, 0x06, 0x00, 0x06, 0x00, 0x06, 0x00, 0x06, 0x00, 0x06,
    0x00, 0x06, 0x00, 0x06, 0x27, 0x3b, 0x18, 0xc0, 0x18, 0xc0, 0x18, 0xc0,
    0x18, 0xc0, 0x18, 0xc0, 0x18, 0xc0, 0x18, 0xc0, 0x18, 0xc0, 0x18, 0xc0,
    0x18, 0xc0, 0x18, 0xc0, 0x18, 0xc0, 0x18, 0xc0, 0x18, 0xc0, 0x18, 0xc0,
    0x18, 0xc0, 0x18, 0xc0, 0x18, 0xc0, 0x18, 0xc0, 0x18, 0xc0, 0x18, 0xc0,
    0x18, 0xc0, 0x18, 0xc0, 0x18, 0xc0, 0x18, 0xc0, 0x18, 0xc0, 0x18, 0xc0,
    0x18, 0xc0, 0x18, 0xc0, 0x18, 0xc0, 0x18, 0xc0, 0x18, 0xc0, 0x18, 0xc0,
    0x18, 0xc0, 0x18, 0xc0, 0x18, 0xc0, 0x18, 0xc0, 0x18, 0xc0, 0x18, 0xc0,
    0x18, 0xc0, 0x18, 0xc0, 0x18, 0xc0, 0x18, 0xc0, 0x18, 0xc0, 0x18, 0xc0,
    0x18, 0xc0, 0x00, 0xc0, 0x00, 0xc0, 0x00, 0xc0, 0x00, 0xc0, 0x00, 0xc0,
    0x00, 0xc0, 0x00, 0xc0, 0x00, 0xc0, 0x00, 0xc0, 0x00, 0xc0, 0x00, 0xc0,
    0x00, 0xc0, 0x00, 0xc0, 0x00, 0xc0, 0x00, 0xc0, 0x00, 0xc0, 0x00, 0xc0,
    0x00, 0xc0, 0x00, 0xc0, 0x00, 0xc0, 0x00, 0xc0, 0x00, 0xc0, 0x00, 0xc0,
    0x00, 0xc0, 0x00, 0xc0, 0x00, 0xc0, 0x00, 0xc0, 0x00, 0xc0, 0x00, 0xc0,
    0x00, 0xc0, 0x00, 0xc0, 0x00, 0xc0, 0x00, 0xc0, 0x00, 0xc0, 0x00, 0xc0,
    0x00, 0xc0, 0x00, 0xc0, 0x00, 0xc0, 0x00, 0xc0, 0x00, 0xc0, 0x00, 0xc0,
    0x00, 0xc0, 0x00, 0xc0, 0x00, 0xc0, 0x00, 0xc0, 0x0d, 0x30, 0x18, 0x00,
    0x18, 0x00, 0x18, 0x00, 0x18, 0x00, 0x18, 0x00, 0x18, 0x00, 0x18, 0x00,
    0x18, 0x00, 0x18, 0x00, 0x18, 0x00, 0x18, 0x00, 0x18, 0x00, 0x18, 0x00,
    0x18, 0x00, 0x18, 0x00, 0x18, 0x00, 0x18, 0x00, 0x18, 0x00, 0x18, 0x00,
    0x18, 0x00, 0x18, 0x00, 0x18, 0x00, 0x18, 0x00, 0x18, 0x00, 0x18, 0x00,
    0x18, 0x00, 0x18, 0x00, 0x18, 0x00, 0x18, 0x00, 0x18, 0x00, 0x18, 0x00,
    0x18, 0x00, 0x18, 0x00, 0x18, 0x00, 0x18, 0x00, 0x18, 0x00, 0x18, 0x00,
    0x18, 0x00, 0x18, 0x00, 0x18, 0x00, 0x18, 0x00, 0x18, 0x00, 0x18, 0x00,
    0x18, 0x00, 0x18, 0x00, 0x18, 0xc6, 0x18, 0xc6, 0x18, 0xc6, 0x18, 0xc6,
    0x18, 0xc6, 0x18, 0xc6, 0x18, 0xc6, 0x18, 0xc6, 0x18, 0xc6, 0x18, 0xc6,
    0x18, 0xc6, 0x18, 0xc6, 0x18, 0xc6, 0x18, 0xc6, 0x18, 0xc6, 0x18, 0xc6,
    0x18, 0xc6, 0x18, 0xc6, 0x18, 0xc6, 0x18, 0xc6, 0x18, 0xc6, 0x18, 0xc6,
    0x18, 0xc6, 0x18, 0xc6, 0x18, 0xc6, 0x18, 0xc6, 0x18, 0xc6, 0x18, 0xc6,
    0x18, 0xc6, 0x18, 0xc6, 0x18, 0xc6, 0x18, 0xc6, 0x18, 0xc6, 0x18, 0xc6,
    0x18, 0xc6, 0x18, 0xc6, 0x18, 0xc6, 0x18, 0xc6, 0x18, 0xc6, 0x18, 0xc6,
    0x18, 0xc6, 0x18, 0xc6, 0x18, 0xc6, 0x18, 0xc6, 0x18, 0xc6, 0xf8, 0xbd,
    0x00, 0xc6, 0x00, 0xc6, 0x00, 0xc6, 0x00, 0xc6, 0x00, 0xc6, 0x00, 0xc6,
    0x00, 0xc6, 0x00, 0xc6, 0x00, 0xc6, 0x00, 0xc6, 0x00, 0xc6, 0x00, 0xc6,
    0x00, 0xc6, 0x00, 0xc6, 0x00, 0xc6, 0x00, 0xc6, 0x00, 0xc6, 0x00, 0xc6,
    0x00, 0xc6, 0x00, 0xc6, 0x00, 0xc6, 0x00, 0xc6, 0x00, 0xc6, 0x00, 0xc6,
    0x00, 0xc6, 0x00, 0xc6, 0x00, 0xc6, 0x00, 0xc6, 0x00, 0xc6, 0x00, 0xc6,
    0x00, 0xc6, 0x00, 0xc6, 0x00, 0xc6, 0x00, 0xc6, 0x00, 0xc6, 0x00, 0xc6,
    0x00, 0xc6, 0x00, 0xc6, 0x00, 0xc6, 0x00, 0xc6, 0x00, 0xc6, 0x00, 0xc6,
    0x00, 0xc6, 0x00, 0xc6, 0x00, 0xc6, 0xf8, 0xbd, 0x18, 0x06, 0x18, 0x06,
    0x18, 0x06, 0x18, 0x06, 0x18, 0x06, 0x18, 0x06, 0x18, 0x06, 0x18, 0x06,
    0x18, 0x06, 0x18, 0x06, 0x18, 0x06, 0x18, 0x06, 0x18, 0x06, 0x18, 0x06,
    0x18, 0x06, 0x18, 0x06, 0x18, 0x06, 0x18, 0x06, 0x18, 0x06, 0x18, 0x06,
    0x18, 0x06, 0x18, 0x06, 0x18, 0x06, 0x18, 0x06, 0x18, 0x06, 0x18, 0x06,
    0x18, 0x06, 0x18, 0x06, 0x18, 0x06, 0x18, 0x06, 0x18, 0x06, 0x18, 0x06,
    0x18, 0x06, 0x18, 0x06, 0x18, 0x06, 0x18, 0x06, 0x18, 0x06, 0x18, 0x06,
    0x18, 0x06, 0x18, 0x06, 0x18, 0x06, 0x18, 0x06, 0x18, 0x06, 0x18, 0x06,
    0x18, 0x06, 0xe2, 0x0c, 0x00, 0x06, 0x00, 0x06, 0x00, 0x06, 0x00, 0x06,
    0x00, 0x06, 0x00, 0x06, 0x00, 0x06, 0x00, 0x06, 0x00, 0x06, 0x00, 0x06,
    0x00, 0x06, 0x00, 0x06, 0x00, 0x06, 0x00, 0x06, 0x00, 0x06, 0x00, 0x06,
    0x00, 0x06, 0x00, 0x06, 0x00, 0x06, 0x00, 0x06, 0x00, 0x06, 0x00, 0x06,
    0x00, 0x06, 0x00, 0x06, 0x00, 0x06, 0x00, 0x06, 0x00, 0x06, 0x00, 0x06,
    0x00, 0x06, 0x00, 0x06, 0x00, 0x06, 0x00, 0x06, 0x00, 0x06, 0x00, 0x06,
    0x00, 0x06, 0x00, 0x06, 0x00, 0x06, 0x00, 0x06, 0x00, 0x06, 0x00, 0x06,
    0x00, 0x06, 0x00, 0x06, 0x00, 0x06, 0x00, 0x06, 0x27, 0x3b, 0x18, 0xc0,
    0x18, 0xc0, 0x18, 0xc0, 0x18, 0xc0, 0x18, 0xc0, 0x18, 0xc0, 0x18, 0xc0,
    0x18, 0xc0, 0x18, 0xc0, 0x18, 0xc0, 0x18, 0xc0, 0x18, 0xc0, 0x18, 0xc0,
    0x18, 0xc0, 0x18, 0xc0, 0x18, 0xc0, 0x18, 0xc0, 0x18, 0xc0, 0x18, 0xc0,
    0x18, 0xc0, 0x18, 0xc0, 0x18, 0xc0, 0x18, 0xc0, 0x18, 0xc0, 0x18, 0xc0,
    0x18, 0xc0, 0x18, 0xc0, 0x18, 0xc0, 0x18, 0xc0, 0x18, 0xc0, 0x18, 0xc0,
    0x18, 0xc0, 0x18, 0xc0, 0x18, 0xc0, 0x18, 0xc0, 0x18, 0xc0, 0x18, 0xc0,
    0x18, 0xc0, 0x18, 0xc0, 0x18, 0xc0, 0x18, 0xc0, 0x18, 0xc0, 0x18, 0xc0,
    0x18, 0xc0, 0x18, 0xc0, 0x18, 0xc0, 0x00, 0xc0, 0x00, 0xc0, 0x00, 0xc0,
    0x00, 0xc0, 0x00, 0xc0, 0x00, 0xc0, 0x00, 0xc0, 0x00, 0xc0, 0x00, 0xc0,
    0x00, 0xc0, 0x00, 0xc0, 0x00, 0xc0, 0x00, 0xc0, 0x00, 0xc0, 0x00, 0xc0,
    0x00, 0xc0, 0x00, 0xc0, 0x00, 0xc0, 0x00, 0xc0, 0x00, 0xc0, 0x00, 0xc0,
    0x00, 0xc0, 0x00, 0xc0, 0x00, 0xc0, 0x00, 0xc0, 0x00, 0xc0, 0x00, 0xc0,
    0x00, 0xc0, 0x00, 0xc0, 0x00, 0xc0, 0x00, 0xc0, 0x00, 0xc0, 0x00, 0xc0,
    0x00, 0xc0, 0x00, 0xc0, 0x00, 0xc0, 0x00, 0xc0, 0x00, 0xc0, 0x00, 0xc0,
    0x00, 0xc0, 0x00, 0xc0, 0x00, 0xc0, 0x00, 0xc0, 0x00, 0xc0, 0x00, 0xc0,
    0x0d, 0x30, 0x18, 0x00, 0x18, 0x00, 0x18, 0x00, 0x18, 0x00, 0x18, 0x00,
    0x18, 0x00, 0x18, 0x00, 0x18, 0x00, 0x18, 0x00, 0x18, 0x00, 0x18, 0x00,
    0x18, 0x00, 0x18, 0x00, 0x18, 0x00, 0x18, 0x00, 0x18, 0x00, 0x18, 0x00,
    0x18, 0x00, 0x18, 0x00, 0x18, 0x00, 0x18, 0x00, 0x18, 0x00, 0x18, 0x00,
    0x18, 0x00, 0x18, 0x00, 0x18, 0x00, 0x18, 0x00, 0x18, 0x00, 0x18, 0x00,
    0x18, 0x00, 0x18, 0x00, 0x18, 0x00, 0x18, 0x00, 0x18, 0x00, 0x18, 0x00,
    0x18, 0x00, 0x18, 0x00, 0x18, 0x00, 0x18, 0x00, 0x18, 0x00, 0x18, 0x00,
    0x18, 0x00, 0x18, 0x00, 0x18, 0x00, 0x18, 0x00, 0x18, 0xc6, 0x18, 0xc6,
    0x18, 0xc6, 0x18, 0xc6, 0x18, 0xc6, 0x18, 0xc6, 0x18, 0xc6, 0x18, 0xc6,
    0x18, 0xc6, 0x18, 0xc6, 0x18, 0xc6, 0x18, 0xc6, 0x18, 0xc6, 0x18, 0xc6,
    0x18, 0xc6, 0x18, 0xc6, 0x18, 0xc6, 0x18, 0xc6, 0x18, 0xc6, 0x18, 0xc6,
    0x18, 0xc6, 0x18, 0xc6, 0x18, 0xc6, 0x18, 0xc6, 0x18, 0xc6, 0x18, 0xc6,
    0x18, 0xc6, 0x18, 0xc6, 0x18, 0xc6, 0x18, 0xc6, 0x18, 0xc6, 0x18, 0xc6,
    0x18, 0xc6, 0x18, 0xc6, 0x18, 0xc6, 0x18, 0xc6, 0x18, 0xc6, 0x18, 0xc6,
    0x18, 0xc6, 0x18, 0xc6, 0x18, 0xc6, 0x18, 0xc6, 0x18, 0xc6, 0x18, 0xc6,
    0x18, 0xc6, 0xf8, 0xc5, 0x00, 0xc6, 0x00, 0xc6, 0x00, 0xc6, 0x00, 0xc6,
    0x00, 0xc6, 0x00, 0xc6, 0x00, 0xc6, 0x00, 0xc6, 0x00, 0xc6, 0x00, 0xc6,
    0x00, 0xc6, 0x00, 0xc6, 0x00, 0xc6, 0x00, 0xc6, 0x00, 0xc6, 0x00, 0xc6,
    0x00, 0xc6, 0x00, 0xc6, 0x00, 0xc6, 0x00, 0xc6, 0x00, 0xc6, 0x00, 0xc6,
    0x00, 0xc6, 0x00, 0xc6, 0x00, 0xc6, 0x00, 0xc6, 0x00, 0xc6, 0x00, 0xc6,
    0x00, 0xc6, 0x00, 0xc6, 0x00, 0xc6, 0x00, 0xc6, 0x00, 0xc6, 0x00, 0xc6,
    0x00, 0xc6, 0x00, 0xc6, 0x00, 0xc6, 0x00, 0xc6, 0x00, 0xc6, 0x00, 0xc6,
    0x00, 0xc6, 0x00, 0xc6, 0x00, 0xc6, 0x00, 0xc6, 0x00, 0xc6, 0xf8, 0xc5,
    0x18, 0x06, 0x18, 0x06, 0x18, 0x06, 0x18, 0x06, 0x18, 0x06, 0x18, 0x06,
    0x18, 0x06, 0x18, 0x06, 0x18, 0x06, 0x18, 0x06, 0x18, 0x06, 0x18, 0x06,
    0x18, 0x06, 0x18, 0x06, 0x18, 0x06, 0x18, 0x06, 0x18, 0x06, 0x18, 0x06,
    0x18, 0x06, 0x18, 0x06, 0x18, 0x06, 0x18, 0x06, 0x18, 0x06, 0x18, 0x06,
    0x18, 0x06, 0x18, 0x06, 0x18, 0x06, 0x18, 0x06, 0x18, 0x06, 0x18, 0x06,
    0x18, 0x06, 0x18, 0x06, 0x18, 0x06, 0x18, 0x06, 0x18, 0x06, 0x18, 0x06,
    0x18, 0x06, 0x18, 0x06, 0x18, 0x06, 0x18, 0x06, 0x18, 0x06, 0x18, 0x06,
    0x18, 0x06, 0x18, 0x06, 0x18, 0x06, 0xe3, 0x04, 0x00, 0x06, 0x00, 0x06,
    0x00, 0x06, 0x00, 0x06, 0x00, 0x06, 0x00, 0x06, 0x00, 0x06, 0x00, 0x06,
    0x00, 0x06, 0x00, 0x06, 0x00, 0x06, 0x00, 0x06, 0x00, 0x06, 0x00, 0x06,
    0x00, 0x06, 0x00, 0x06, 0x00, 0x06, 0x00, 0x06, 0x00, 0x06, 0x00, 0x06,
    0x00, 0x06, 0x00, 0x06, 0x00, 0x06, 0x00, 0x06, 0x00, 0x06, 0x00, 0x06,
    0x00, 0x06, 0x00, 0x06, 0x00, 0x06, 0x00, 0x06, 0x00, 0x06, 0x00, 0x06,
    0x00, 0x06, 0x00, 0x06, 0x00, 0x06, 0x00, 0x06, 0x00, 0x06, 0x00, 0x06,
    0x00, 0x06, 0x00, 0x06, 0x00, 0x06, 0x00, 0x06, 0x00, 0x06, 0x00, 0x06,
    0x48, 0x43, 0x18, 0xc0, 0x18, 0xc0, 0x18, 0xc0, 0x18, 0xc0, 0x18, 0xc0,
    0x18, 0xc0, 0x18, 0xc0, 0x18, 0xc0, 0x18, 0xc0, 0x18, 0xc0, 0x18, 0xc0,
    0x18, 0xc0, 0x18, 0xc0, 0x18, 0xc0, 0x18, 0xc0, 0x18, 0xc0, 0x18, 0xc0,
    0x18, 0xc0, 0x18, 0xc0, 0x18, 0xc0, 0x18, 0xc0, 0x18, 0xc0, 0x18, 0xc0,
    0x18, 0xc0, 0x18, 0xc0, 0x18, 0xc0, 0x18, 0xc0, 0x18, 0xc0, 0x18, 0xc0,
    0x18, 0xc0, 0x18, 0xc0, 0x18, 0xc0, 0x18, 0xc0, 0x18, 0xc0, 0x18, 0xc0,
    0x18, 0xc0, 0x18, 0xc0, 0x18, 0xc0, 0x18, 0xc0, 0x18, 0xc0, 0x18, 0xc0,
    0x18, 0xc0, 0x18, 0xc0, 0x18, 0xc0, 0x18, 0xc0, 0x18, 0xc0, 0x00, 0xc0,
    0x00, 0xc0, 0x00, 0xc0, 0x00, 0xc0, 0x00, 0xc0, 0x00, 0xc0, 0x00, 0xc0,
    0x00, 0xc0, 0x00, 0xc0, 0x00, 0xc0, 0x00, 0xc0, 0x00, 0xc0, 0x00, 0xc0,
    0x00, 0xc0, 0x00, 0xc0, 0x00, 0xc0, 0x00, 0xc0, 0x00, 0xc0, 0x00, 0xc0,
    0x00, 0xc0, 0x00, 0xc0, 0x00, 0xc0, 0x00, 0xc0, 0x00, 0xc0, 0x00, 0xc0,
    0x00, 0xc0, 0x00, 0xc0, 0x00, 0xc0, 0x00, 0xc0, 0x00, 0xc0, 0x00, 0xc0,
    0x00, 0xc0, 0x00, 0xc0, 0x00, 0xc0, 0x00, 0xc0, 0x00, 0xc0, 0x00, 0xc0,
    0x00, 0xc0, 0x00, 0xc0, 0x00, 0xc0, 0x00, 0xc0, 0x00, 0xc0, 0x00, 0xc0,
    0x00, 0xc0, 0x00, 0xc0, 0x0e, 0x38, 0x18, 0x00, 0x18, 0x00, 0x18, 0x00,
    0x18, 0x00, 0x18, 0x00, 0x18, 0x00, 0x18, 0x00, 0x18, 0x00, 0x18, 0x00,
    0x18, 0x00, 0x18, 0x00, 0x18, 0x00, 0x18, 0x00, 0x18, 0x00, 0x18, 0x00,
    0x18, 0x00, 0x18, 0x00, 0x18, 0x00, 0x18, 0x00, 0x18, 0x00, 0x18, 0x00,
    0x18, 0x00, 0x18, 0x00, 0x18, 0x00, 0x18, 0x00, 0x18, 0x00, 0x18, 0x00,
    0x18, 0x00, 0x18, 0x00, 0x18, 0x00, 0x18, 0x00, 0x18, 0x00, 0x18, 0x00,
    0x18, 0x00, 0x18, 0x00, 0x18, 0x00, 0x18, 0x00, 0x18, 0x00, 0x18, 0x00,
    0x18, 0x00, 0x18, 0x00, 0x18, 0x00, 0x18, 0x00, 0x18, 0x00, 0x18, 0x00,
    0x18, 0xc6, 0x18, 0xc6, 0x18, 0xc6, 0x18, 0xc6, 0x18, 0xc6, 0x18, 0xc6,
    0x18, 0xc6, 0x18, 0xc6, 0x18, 0xc6, 0x18, 0xc6, 0x18, 0xc6, 0x18, 0xc6,
    0x18, 0xc6, 0x18, 0xc6, 0x18, 0xc6, 0x18, 0xc6, 0x18, 0xc6, 0x18, 0xc6,
    0x18, 0xc6, 0x18, 0xc6, 0x18, 0xc6, 0x18, 0xc6, 0x18, 0xc6, 0x18, 0xc6,
    0x18, 0xc6, 0x18, 0xc6, 0x18, 0xc6, 0x18, 0xc6, 0x18, 0xc6, 0x18, 0xc6,
    0x18, 0xc6, 0x18, 0xc6, 0x18, 0xc6, 0x18, 0xc6, 0x18, 0xc6, 0x18, 0xc6,
    0x18, 0xc6, 0x18, 0xc6, 0x18, 0xc6, 0x18, 0xc6, 0x18, 0xc6, 0x18, 0xc6,
    0x18, 0xc6, 0x18, 0xc6, 0x18, 0xc6, 0xf8, 0xbd, 0x00, 0xc6, 0x00, 0xc6,
    0x00, 0xc6, 0x00, 0xc6, 0x00, 0xc6, 0x00, 0xc6, 0x00, 0xc6, 0x00, 0xc6,
    0x00, 0xc6, 0x00, 0xc6, 0x00, 0xc6, 0x00, 0xc6, 0x00, 0xc6, 0x00, 0xc6,
    0x00, 0xc6, 0x00, 0xc6, 0x00, 0xc6, 0x00, 0xc6, 0x00, 0xc6, 0x00, 0xc6,
    0x00, 0xc6, 0x00, 0xc6, 0x00, 0xc6, 0x00, 0xc6, 0x00, 0xc6, 0x00, 0xc6,
    0x00, 0xc6, 0x00, 0xc6, 0x00, 0xc6, 0x00, 0xc6, 0x00, 0xc6, 0x00, 0xc6,
    0x00, 0xc6, 0x00, 0xc6, 0x00, 0xc6, 0x00, 0xc6, 0x00, 0xc6, 0x00, 0xc6,
    0x00, 0xc6, 0x00, 0xc6, 0x00, 0xc6, 0x00, 0xc6, 0x00, 0xc6, 0x00, 0xc6,
    0x00, 0xc6, 0xf8, 0xbd, 0x18, 0x06, 0x18, 0x06, 0x18, 0x06, 0x18, 0x06,
    0x18, 0x06, 0x18, 0x06, 0x18, 0x06, 0x18, 0x06, 0x18, 0x06, 0x18, 0x06,
    0x18, 0x06, 0x18, 0x06, 0x18, 0x06, 0x18, 0x06, 0x18, 0x06, 0x18, 0x06,
    0x18, 0x06, 0x18, 0x06, 0x18, 0x06, 0x18, 0x06, 0x18, 0x06, 0x18, 0x06,
    0x18, 0x06, 0x18, 0x06, 0x18, 0x06, 0x18, 0x06, 0x18, 0x06, 0x18, 0x06,
    0x18, 0x06, 0x18, 0x06, 0x18, 0x06, 0x18, 0x06, 0x18, 0x06, 0x18, 0x06,
    0x18, 0x06, 0x18, 0x06, 0x18, 0x06, 0x18, 0x06, 0x18, 0x06, 0x18, 0x06,
    0x18, 0x06, 0x18, 0x06, 0x18, 0x06, 0x18, 0x06, 0x18, 0x06, 0xe2, 0x0c,
    0x00, 0x06, 0x00, 0x06, 0x00, 0x06, 0x00, 0x06, 0x00, 0x06, 0x00, 0x06,
    0x00, 0x06, 0x00, 0x06, 0x00, 0x06, 0x00, 0x06, 0x00, 0x06, 0x00, 0x06,
    0x00, 0x06, 0x00, 0x06, 0x00, 0x06, 0x00, 0x06, 0x00, 0x06, 0x00, 0x06,
    0x00, 0x06, 0x00, 0x06, 0x00, 0x06, 0x00, 0x06, 0x00, 0x06, 0x00, 0x06,
    0x00, 0x06, 0x00, 0x06, 0x00, 0x06, 0x00, 0x06, 0x00, 0x06, 0x00, 0x06,
    0x00, 0x06, 0x00, 0x06, 0x00, 0x06, 0x00, 0x06, 0x00, 0x06, 0x00, 0x06,
    0x00, 0x06, 0x00, 0x06, 0x00, 0x06, 0x00, 0x06, 0x00, 0x06, 0x00, 0x06,
    0x00, 0x06, 0x00, 0x06, 0x27, 0x3b, 0x18, 0xc0, 0x18, 0xc0, 0x18, 0xc0,
    0x18, 0xc0, 0x18, 0xc0, 0x18, 0xc0, 0x18, 0xc0, 0x18, 0xc0, 0x18, 0xc0,
    0x18, 0xc0, 0x18, 0xc0, 0x18, 0xc0, 0x18, 0xc0, 0x18, 0xc0, 0x18, 0xc0,
    0x18, 0xc0, 0x18, 0xc0, 0x18, 0xc0, 0x18, 0xc0, 0x18, 0xc0, 0x18, 0xc0,
    0x18, 0xc0, 0x18, 0xc0, 0x18, 0xc0, 0x18, 0xc0, 0x18, 0xc0, 0x18, 0xc0,
    0x18, 0xc0, 0x18, 0xc0, 0x18, 0xc0, 0x18, 0xc0, 0x18, 0xc0, 0x18, 0xc0,
    0x18, 0xc0, 0x18, 0xc0, 0x18, 0xc0, 0x18, 0xc0, 0x18, 0xc0, 0x18, 0xc0,
    0x18, 0xc0, 0x18, 0xc0, 0x18, 0xc0, 0x18, 0xc0, 0x18, 0xc0, 0x18, 0xc0,
    0x18, 0xc0, 0x00, 0xc0, 0x00, 0xc0, 0x00, 0xc0, 0x00, 0xc0, 0x00, 0xc0,
    0x00, 0xc0, 0x00, 0xc0, 0x00, 0xc0, 0x00, 0xc0, 0x00, 0xc0, 0x00, 0xc0,
    0x00, 0xc0, 0x00, 0xc0, 0x00, 0xc0, 0x00, 0xc0, 0x00, 0xc0, 0x00, 0xc0,
    0x00, 0xc0, 0x00, 0xc0, 0x00, 0xc0, 0x00, 0xc0, 0x00, 0xc0, 0x00, 0xc0,
    0x00, 0xc0, 0x00, 0xc0, 0x00, 0xc0, 0x00, 0xc0, 0x00, 0xc0, 0x00, 0xc0,
    0x00, 0xc0, 0x00, 0xc0, 0x00, 0xc0, 0x00, 0xc0, 0x00, 0xc0, 0x00, 0xc0,
    0x00, 0xc0, 0x00, 0xc0, 0x00, 0xc0, 0x00, 0xc0, 0x00, 0xc0, 0x00, 0xc0,
    0x00, 0xc0, 0x00, 0xc0, 0x00, 0xc0, 0x00, 0xc0, 0x0d, 0x30, 0x18, 0x00,
    0x18, 0x00, 0x18, 0x00, 0x18, 0x00, 0x18, 0x00, 0x18, 0x00, 0x18, 0x00,
    0x18, 0x00, 0x18, 0x00, 0x18, 0x00, 0x18, 0x00, 0x18, 0x00, 0x18, 0x00,
    0x18, 0x00, 0x18, 0x00, 0x18, 0x00, 0x18, 0x00, 0x18, 0x00, 0x18, 0x00,
    0x18, 0x00, 0x18, 0x00, 0x18, 0x00, 0x18, 0x00, 0x18, 0x00, 0x18, 0x00,
    0x18, 0x00, 0x18, 0x00, 0x18, 0x00, 0x18, 0x00, 0x18, 0x00, 0x18, 0x00,
    0x18, 0x00, 0x18, 0x00, 0x18, 0x00, 0x18, 0x00, 0x18, 0x00, 0x18, 0x00,
    0x18, 0x00, 0x18, 0x00, 0x18, 0x00, 0x18, 0x00, 0x18, 0x00, 0x18, 0x00,
    0x18, 0x00, 0x18, 0x00, 0x18, 0xc6, 0x18, 0xc6, 0x18, 0xc6, 0x18, 0xc6,
    0x18, 0xc6, 0x18, 0xc6, 0x18, 0xc6, 0x18, 0xc6, 0x18, 0xc6, 0x18, 0xc6,
    0x18, 0xc6, 0x18, 0xc6, 0x18, 0xc6, 0x18, 0xc6, 0x18, 0xc6, 0x18, 0xc6,
    0x18, 0xc6, 0x18, 0xc6, 0x18, 0xc6, 0x18, 0xc6, 0x18, 0xc6, 0x18, 0xc6,
    0x18, 0xc6, 0x18, 0xc6, 0x18, 0xc6, 0x18, 0xc6, 0x18, 0xc6, 0x18, 0xc6,
    0x18, 0xc6, 0x18, 0xc6, 0x18, 0xc6, 0x18, 0xc6, 0x18, 0xc6, 0x18, 0xc6,
    0x18, 0xc6, 0x18, 0xc6, 0x18, 0xc6, 0x18, 0xc6, 0x18, 0xc6, 0x18, 0xc6,
    0x18, 0xc6, 0x18, 0xc6, 0x18, 0xc6, 0x18, 0xc6, 0x18, 0xc6, 0xf8, 0xbd,
    0x00, 0xc6, 0x00, 0xc6, 0x00, 0xc6, 0x00, 0xc6, 0x00, 0xc6, 0x00, 0xc6,
    0x00, 0xc6, 0x00, 0xc6, 0x00, 0xc6, 0x00, 0xc6, 0x00, 0xc6, 0x00, 0xc6,
    0x00, 0xc6, 0x00, 0xc6, 0x00, 0xc6, 0x00, 0xc6, 0x00, 0xc6, 0x00, 0xc6,
    0x00, 0xc6, 0x00, 0xc6, 0x00, 0xc6, 0x00, 0xc6, 0x00, 0xc6, 0x00, 0xc6,
    0x00, 0xc6, 0x00, 0xc6, 0x00, 0xc6, 0x00, 0xc6, 0x00, 0xc6, 0x00, 0xc6,
    0x00, 0xc6, 0x00, 0xc6, 0x00, 0xc6, 0x00, 0xc6, 0x00, 0xc6, 0x00, 0xc6,
    0x00, 0xc6, 0x00, 0xc6, 0x00, 0xc6, 0x00, 0xc6, 0x00, 0xc6, 0x00, 0xc6,
    0x00, 0xc6, 0x00, 0xc6, 0x00, 0xc6, 0xf8, 0xbd, 0x18, 0x06, 0x18, 0x06,
    0x18, 0x06, 0x18, 0x06, 0x18, 0x06, 0x18, 0x06, 0x18, 0x06, 0x18, 0x06,
    0x18, 0x06, 0x18, 0x06, 0x18, 0x06, 0x18, 0x06, 0x18, 0x06, 0x18, 0x06,
    0x18, 0x06, 0x18, 0x06, 0x18, 0x06, 0x18, 0x06, 0x18, 0x06, 0x18, 0x06,
    0x18, 0x06, 0x18, 0x06, 0x18, 0x06, 0x18, 0x06, 0x18, 0x06, 0x18, 0x06,
    0x18, 0x06, 0x18, 0x06, 0x18, 0x06, 0x18, 0x06, 0x18, 0x06, 0x18, 0x06,
    0x18, 0x06, 0x18, 0x06, 0x18, 0x06, 0x18, 0x06, 0x18, 0x06, 0x18, 0x06,
    0x18, 0x06, 0x18, 0x06, 0x18, 0x06, 0x18, 0x06, 0x18, 0x06, 0x18, 0x06,
    0x18, 0x06, 0xe2, 0x04, 0x00, 0x06, 0x00, 0x06, 0x00, 0x06, 0x00, 0x06,
    0x00, 0x06, 0x00, 0x06, 0x00, 0x06, 0x00, 0x06, 0x00, 0x06, 0x00, 0x06,
    0x00, 0x06, 0x00, 0x06, 0x00, 0x06, 0x00, 0x06, 0x00, 0x06, 0x00, 0x06,
    0x00, 0x06, 0x00, 0x06, 0x00, 0x06, 0x00, 0x06, 0x00, 0x06, 0x00, 0x06,
    0x00, 0x06, 0x00, 0x06, 0x00, 0x06, 0x00, 0x06, 0x00, 0x06, 0x00, 0x06,
    0x00, 0x06, 0x00, 0x06, 0x00, 0x06, 0x00, 0x06, 0x00, 0x06, 0x00, 0x06,
    0x00, 0x06, 0x00, 0x06, 0x00, 0x06, 0x00, 0x06, 0x00, 0x06, 0x00, 0x06,
    0x00, 0x06, 0x00, 0x06, 0x00, 0x06, 0x00, 0x06, 0x47, 0x3b, 0x18, 0xc0,
    0x18, 0xc0, 0x18, 0xc0, 0x18, 0xc0, 0x18, 0xc0, 0x18, 0xc0, 0x18, 0xc0,
    0x18, 0xc0, 0x18, 0xc0, 0x18, 0xc0, 0x18, 0xc0, 0x18, 0xc0, 0x18, 0xc0,
    0x18, 0xc0, 0x18, 0xc0, 0x18, 0xc0, 0x18, 0xc0, 0x18, 0xc0, 0x18, 0xc0,
    0x18, 0xc0, 0x18, 0xc0, 0x18, 0xc0, 0x18, 0xc0, 0x18, 0xc0, 0x18, 0xc0,
    0x18, 0xc0, 0x18, 0xc0, 0x18, 0xc0, 0x18, 0xc0, 0x18, 0xc0, 0x18, 0xc0,
    0x18, 0xc0, 0x18, 0xc0, 0x18, 0xc0, 0x18, 0xc0, 0x18, 0xc0, 0x18, 0xc0,
    0x18, 0xc0, 0x18, 0xc0, 0x18, 0xc0, 0x18, 0xc0, 0x18, 0xc0, 0x18, 0xc0,
    0x18, 0xc0, 0x18, 0xc0, 0x18, 0xc0, 0x00, 0xc0, 0x00, 0xc0, 0x00, 0xc0,
    0x00, 0xc0, 0x00, 0xc0, 0x00, 0xc0, 0x00, 0xc0, 0x00, 0xc0, 0x00, 0xc0,
    0x00, 0xc0, 0x00, 0xc0, 0x00, 0xc0, 0x00, 0xc0, 0x00, 0xc0, 0x00, 0xc0,
    0x00, 0xc0, 0x00, 0xc0, 0x00, 0xc0, 0x00, 0xc0, 0x00, 0xc0, 0x00, 0xc0,
    0x00, 0xc0, 0x00, 0xc0, 0x00, 0xc0, 0x00, 0xc0, 0x00, 0xc0, 0x00, 0xc0,
    0x00, 0xc0, 0x00, 0xc0, 0x00, 0xc0, 0x00, 0xc0, 0x00, 0xc0, 0x00, 0xc0,
    0x00, 0xc0, 0x00, 0xc0, 0x00, 0xc0, 0x00, 0xc0, 0x00, 0xc0, 0x00, 0xc0,
    0x00, 0xc0, 0x00, 0xc0, 0x00, 0xc0, 0x00, 0xc0, 0x00, 0xc0, 0x00, 0xc0,
    0x0d, 0x30, 0x18, 0x00, 0x18, 0x00, 0x18, 0x00, 0x18, 0x00, 0x18, 0x00,
    0x18, 0x00, 0x18, 0x00, 0x18, 0x00, 0x18, 0x00, 0x18, 0x00, 0x18, 0x00,
    0x18, 0x00, 0x18, 0x00, 0x18, 0x00, 0x18, 0x00, 0x18, 0x00, 0x18, 0x00,
    0x18, 0x00, 0x18, 0x00, 0x18, 0x00, 0x18, 0x00, 0x18, 0x00, 0x18, 0x00,
    0x18, 0x00, 0x18, 0x00, 0x18, 0x00, 0x18, 0x00, 0x18, 0x00, 0x18, 0x00,
    0x18, 0x00, 0x18, 0x00, 0x18, 0x00, 0x18, 0x00, 0x18, 0x00, 0x18, 0x00,
    0x18, 0x00, 0x18, 0x00, 0x18, 0x00, 0x18, 0x00, 0x18, 0x00, 0x18, 0x00,
    0x18, 0x00, 0x18, 0x00, 0x18, 0x00, 0x18, 0x00, 0x18, 0xc6, 0x18, 0xc6,
    0x18, 0xc6, 0x18, 0xc6, 0x18, 0xc6, 0x18, 0xc6, 0x18, 0xc6, 0x18, 0xc6,
    0x18, 0xc6, 0x18, 0xc6, 0x18, 0xc6, 0x18, 0xc6, 0x18, 0xc6, 0x18, 0xc6,
    0x18, 0xc6, 0x18, 0xc6, 0x18, 0xc6, 0x18, 0xc6, 0x18, 0xc6, 0x18, 0xc6,
    0x18, 0xc6, 0x18, 0xc6, 0x18, 0xc6, 0x18, 0xc6, 0x18, 0xc6, 0x18, 0xc6,
    0x18, 0xc6, 0x18, 0xc6, 0x18, 0xc6, 0x18, 0xc6, 0x18, 0xc6, 0x18, 0xc6,
    0x18, 0xc6, 0x18, 0xc6, 0x18, 0xc6, 0x18, 0xc6, 0x18, 0xc6, 0x18, 0xc6,
    0x18, 0xc6, 0x18, 0xc6, 0x18, 0xc6, 0x18, 0xc6, 0x18, 0xc6, 0x18, 0xc6,
    0x18, 0xc6, 0xf8, 0xc5, 0x00, 0xc6, 0x00, 0xc6, 0x00, 0xc6, 0x00, 0xc6,
    0x00, 0xc6, 0x00, 0xc6, 0x00, 0xc6, 0x00, 0xc6, 0x00, 0xc6, 0x00, 0xc6,
    0x00, 0xc6, 0x00, 0xc6, 0x00, 0xc6, 0x00, 0xc6, 0x00, 0xc6, 0x00, 0xc6,
    0x00, 0xc6, 0x00, 0xc6, 0x00, 0xc6, 0x00, 0xc6, 0x00, 0xc6, 0x00, 0xc6,
    0x00, 0xc6, 0x00, 0xc6, 0x00, 0xc6, 0x00, 0xc6, 0x00, 0xc6, 0x00, 0xc6,
    0x00, 0xc6, 0x00, 0xc6, 0x00, 0xc6, 0x00, 0xc6, 0x00, 0xc6, 0x00, 0xc6,
    0x00, 0xc6, 0x00, 0xc6, 0x00, 0xc6, 0x00, 0xc6, 0x00, 0xc6, 0x00, 0xc6,
    0x00, 0xc6, 0x00, 0xc6, 0x00, 0xc6, 0x00, 0xc6, 0x00, 0xc6, 0xf8, 0xc5,
    0x18, 0x06, 0x18, 0x06, 0x18, 0x06, 0x18, 0x06, 0x18, 0x06, 0x18, 0x06,
    0x18, 0x06, 0x18, 0x06, 0x18, 0x06, 0x18, 0x06, 0x18, 0x06, 0x18, 0x06,
    0x18, 0x06, 0x18, 0x06, 0x18, 0x06, 0x18, 0x06, 0x18, 0x06, 0x18, 0x06,
    0x18, 0x06, 0x18, 0x06, 0x18, 0x06, 0x18, 0x06, 0x18, 0x06, 0x18, 0x06,
    0x18, 0x06, 0x18, 0x06, 0x18, 0x06, 0x18, 0x06, 0x18, 0x06, 0x18, 0x06,
    0x18, 0x06, 0x18, 0x06, 0x18, 0x06, 0x18, 0x06, 0x18, 0x06, 0x18, 0x06,
    0x18, 0x06, 0x18, 0x06, 0x18, 0x06, 0x18, 0x06, 0x18, 0x06, 0x18, 0x06,
    0x18, 0x06, 0x18, 0x06, 0x18, 0x06, 0xe3, 0x0c, 0x00, 0x06, 0x00, 0x06,
    0x00, 0x06, 0x00, 0x06, 0x00, 0x06, 0x00, 0x06, 0x00, 0x06, 0x00, 0x06,
    0x00, 0x06, 0x00, 0x06, 0x00, 0x06, 0x00, 0x06, 0x00, 0x06, 0x00, 0x06,
    0x00, 0x06, 0x00, 0x06, 0x00, 0x06, 0x00, 0x06, 0x00, 0x06, 0x00, 0x06,
    0x00, 0x06, 0x00, 0x06, 0x00, 0x06, 0x00, 0x06, 0x00, 0x06, 0x00, 0x06,
    0x00, 0x06, 0x00, 0x06, 0x00, 0x06, 0x00, 0x06, 0x00, 0x06, 0x00, 0x06,
    0x00, 0x06, 0x00, 0x06, 0x00, 0x06, 0x00, 0x06, 0x00, 0x06, 0x00, 0x06,
    0x00, 0x06, 0x00, 0x06, 0x00, 0x06, 0x00, 0x06, 0x00, 0x06, 0x00, 0x06,
    0x28, 0x43, 0x18, 0xc0, 0x18, 0xc0, 0x18, 0xc0, 0x18, 0xc0, 0x18, 0xc0,
    0x18, 0xc0, 0x18, 0xc0, 0x18, 0xc0, 0x18, 0xc0, 0x18, 0xc0, 0x18, 0xc0,
    0x18, 0xc0, 0x18, 0xc0, 0x18, 0xc0, 0x18, 0xc0, 0x18, 0xc0, 0x18, 0xc0,
    0x18, 0xc0, 0x18, 0xc0, 0x18, 0xc0, 0x18, 0xc0, 0x18, 0xc0, 0x18, 0xc0,
    0x18, 0xc0, 0x18, 0xc0, 0x18, 0xc0, 0x18, 0xc0, 0x18, 0xc0, 0x18, 0xc0,
    0x18, 0xc0, 0x18, 0xc0, 0x18, 0xc0, 0x18, 0xc0, 0x18, 0xc0, 0x18, 0xc0,
    0x18, 0xc0, 0x18, 0xc0, 0x18, 0xc0, 0x18, 0xc0, 0x18, 0xc0, 0x18, 0xc0,
    0x18, 0xc0, 0x18, 0xc0, 0x18, 0xc0, 0x18, 0xc0, 0x18, 0xc0, 0x00, 0xc0,
    0x00, 0xc0, 0x00, 0xc0, 0x00, 0xc0, 0x00, 0xc0, 0x00, 0xc0, 0x00, 0xc0,
    0x00, 0xc0, 0x00, 0xc0, 0x00, 0xc0, 0x00, 0xc0, 0x00, 0xc0, 0x00, 0xc0,
    0x00, 0xc0, 0x00, 0xc0, 0x00, 0xc0, 0x00, 0xc0, 0x00, 0xc0, 0x00, 0xc0,
    0x00, 0xc0, 0x00, 0xc0, 0x00, 0xc0, 0x00, 0xc0, 0x00, 0xc0, 0x00, 0xc0,
    0x00, 0xc0, 0x00, 0xc0, 0x00, 0xc0, 0x00, 0xc0, 0x00, 0xc0, 0x00, 0xc0,
    0x00, 0xc0, 0x00, 0xc0, 0x00, 0xc0, 0x00, 0xc0, 0x00, 0xc0, 0x00, 0xc0,
    0x00, 0xc0, 0x00, 0xc0, 0x00, 0xc0, 0x00, 0xc0, 0x00, 0xc0, 0x00, 0xc0,
    0x00, 0xc0, 0x00, 0xc0, 0x0d, 0x30, 0x18, 0x00, 0x18, 0x00, 0x18, 0x00,
    0x18, 0x00, 0x18, 0x00, 0x18, 0x00, 0x18, 0x00, 0x18, 0x00, 0x18, 0x00,
    0x18, 0x00, 0x18, 0x00, 0x18, 0x00, 0x18, 0x00, 0x18, 0x00, 0x18, 0x00,
    0x18, 0x00, 0x18, 0x00, 0x18, 0x00, 0x18, 0x00, 0x18, 0x00, 0x18, 0x00,
    0x18, 0x00, 0x18, 0x00, 0x18, 0x00, 0x18, 0x00, 0x18, 0x00, 0x18, 0x00,
    0x18, 0x00, 0x18, 0x00, 0x18, 0x00, 0x18, 0x00, 0x18, 0x00, 0x18, 0x00,
    0x18, 0x00, 0x18, 0x00, 0x18, 0x00, 0x18, 0x00, 0x18, 0x00, 0x18, 0x00,
    0x18, 0x00, 0x18, 0x00, 0x18, 0x00, 0x18, 0x00, 0x18, 0x00, 0x18, 0x00,
    0x18, 0xc6, 0x18, 0xc6, 0x18, 0xc6, 0x18, 0xc6, 0x18, 0xc6, 0x18, 0xc6,
    0x18, 0xc6, 0x18, 0xc6, 0x18, 0xc6, 0x18, 0xc6, 0x18, 0xc6, 0x18, 0xc6,
    0x18, 0xc6, 0x18, 0xc6, 0x18, 0xc6, 0x18, 0xc6, 0x18, 0xc6, 0x18, 0xc6,
    0x18, 0xc6, 0x18, 0xc6, 0x18, 0xc6, 0x18, 0xc6, 0x18, 0xc6, 0x18, 0xc6,
    0x18, 0xc6, 0x18, 0xc6, 0x18, 0xc6, 0x18, 0xc6, 0x18, 0xc6, 0x18, 0xc6,
    0x18, 0xc6, 0x18, 0xc6, 0x18, 0xc6, 0x18, 0xc6, 0x18, 0xc6, 0x18, 0xc6,
    0x18, 0xc6, 0x18, 0xc6, 0x18, 0xc6, 0x18, 0xc6, 0x18, 0xc6, 0x18, 0xc6,
    0x18, 0xc6, 0x18, 0xc6, 0x18, 0xc6, 0x18, 0xbe, 0x00, 0xc6, 0x00, 0xc6,
    0x00, 0xc6, 0x00, 0xc6, 0x00, 0xc6, 0x00, 0xc6, 0x00, 0xc6, 0x00, 0xc6,
    0x00, 0xc6, 0x00, 0xc6, 0x00, 0xc6, 0x00, 0xc6, 0x00, 0xc6, 0x00, 0xc6,
    0x00, 0xc6, 0x00, 0xc6, 0x00, 0xc6, 0x00, 0xc6, 0x00, 0xc6, 0x00, 0xc6,
    0x00, 0xc6, 0x00, 0xc6, 0x00, 0xc6, 0x00, 0xc6, 0x00, 0xc6, 0x00, 0xc6,
    0x00, 0xc6, 0x00, 0xc6, 0x00, 0xc6, 0x00, 0xc6, 0x00, 0xc6, 0x00, 0xc6,
    0x00, 0xc6, 0x00, 0xc6, 0x00, 0xc6, 0x00, 0xc6, 0x00, 0xc6, 0x00, 0xc6,
    0x00, 0xc6, 0x00, 0xc6, 0x00, 0xc6, 0x00, 0xc6, 0x00, 0xc6, 0x00, 0xc6,
    0x00, 0xc6, 0x18, 0xbe, 0x18, 0x06, 0x18, 0x06, 0x18, 0x06, 0x18, 0x06,
    0x18, 0x06, 0x18, 0x06, 0x18, 0x06, 0x18, 0x06, 0x18, 0x06, 0x18, 0x06,
    0x18, 0x06, 0x18, 0x06, 0x18, 0x06, 0x18, 0x06, 0x18, 0x06, 0x18, 0x06,
    0x18, 0x06, 0x18, 0x06, 0x18, 0x06, 0x18, 0x06, 0x18, 0x06, 0x18, 0x06,
    0x18, 0x06, 0x18, 0x06, 0x18, 0x06, 0x18, 0x06, 0x18, 0x06, 0x18, 0x06,
    0x18, 0x06, 0x18, 0x06, 0x18, 0x06, 0x18, 0x06, 0x18, 0x06, 0x18, 0x06,
    0x18, 0x06, 0x18, 0x06, 0x18, 0x06, 0x18, 0x06, 0x18, 0x06, 0x18, 0x06,
    0x18, 0x06, 0x18, 0x06, 0x18, 0x06, 0x18, 0x06, 0x18, 0x06, 0x02, 0x05,
    0x00, 0x06, 0x00, 0x06, 0x00, 0x06, 0x00, 0x06, 0x00, 0x06, 0x00, 0x06,
    0x00, 0x06, 0x00, 0x06, 0x00, 0x06, 0x00, 0x06, 0x00, 0x06, 0x00, 0x06,
    0x00, 0x06, 0x00, 0x06, 0x00, 0x06, 0x00, 0x06, 0x00, 0x06, 0x00, 0x06,
    0x00, 0x06, 0x00, 0x06, 0x00, 0x06, 0x00, 0x06, 0x00, 0x06, 0x00, 0x06,
    0x00, 0x06, 0x00, 0x06, 0x00, 0x06, 0x00, 0x06, 0x00, 0x06, 0x00, 0x06,
    0x00, 0x06, 0x00, 0x06, 0x00, 0x06, 0x00, 0x06, 0x00, 0x06, 0x00, 0x06,
    0x00, 0x06, 0x00, 0x06, 0x00, 0x06, 0x00, 0x06, 0x00, 0x06, 0x00, 0x06,
    0x00, 0x06, 0x00, 0x06, 0x27, 0x3b, 0x18, 0xc0, 0x18, 0xc0, 0x18, 0xc0,
    0x18, 0xc0, 0x18, 0xc0, 0x18, 0xc0, 0x18, 0xc0, 0x18, 0xc0, 0x18, 0xc0,
    0x18, 0xc0, 0x18, 0xc0, 0x18, 0xc0, 0x18, 0xc0, 0x18, 0xc0, 0x18, 0xc0,
    0x18, 0xc0, 0x18, 0xc0, 0x18, 0xc0, 0x18, 0xc0, 0x18, 0xc0, 0x18, 0xc0,
    0x18, 0xc0, 0x18, 0xc0, 0x18, 0xc0, 0x18, 0xc0, 0x18, 0xc0, 0x18, 0xc0,
    0x18, 0xc0, 0x18, 0xc0, 0x18, 0xc0, 0x18, 0xc0, 0x18, 0xc0, 0x18, 0xc0,
    0x18, 0xc0, 0x18, 0xc0, 0x18, 0xc0, 0x18, 0xc0, 0x18, 0xc0, 0x18, 0xc0,
    0x18, 0xc0, 0x18, 0xc0, 0x18, 0xc0, 0x18, 0xc0, 0x18, 0xc0, 0x18, 0xc0,
    0x18, 0xc0, 0x00, 0xc0, 0x00, 0xc0, 0x00, 0xc0, 0x00, 0xc0, 0x00, 0xc0,
    0x00, 0xc0, 0x00, 0xc0, 0x00, 0xc0, 0x00, 0xc0, 0x00, 0xc0, 0x00, 0xc0,
    0x00, 0xc0, 0x00, 0xc0, 0x00, 0xc0, 0x00, 0xc0, 0x00, 0xc0, 0x00, 0xc0,
    0x00, 0xc0, 0x00, 0xc0, 0x00, 0xc0, 0x00, 0xc0, 0x00, 0xc0, 0x00, 0xc0,
    0x00, 0xc0, 0x00, 0xc0, 0x00, 0xc0, 0x00, 0xc0, 0x00, 0xc0, 0x00, 0xc0,
    0x00, 0xc0, 0x00, 0xc0, 0x00, 0xc0, 0x00, 0xc0, 0x00, 0xc0, 0x00, 0xc0,
    0x00, 0xc0, 0x00, 0xc0, 0x00, 0xc0, 0x00, 0xc0, 0x00, 0xc0, 0x00, 0xc0,
    0x00, 0xc0, 0x00, 0xc0, 0x00, 0xc0, 0x00, 0xc0, 0x0d, 0x30, 0x18, 0x00,
    0x18, 0x00, 0x18, 0x00, 0x18, 0x00, 0x18, 0x00, 0x18, 0x00, 0x18, 0x00,
    0x18, 0x00, 0x18, 0x00, 0x18, 0x00, 0x18, 0x00, 0x18, 0x00, 0x18, 0x00,
    0x18, 0x00, 0x18, 0x00, 0x18, 0x00, 0x18, 0x00, 0x18, 0x00, 0x18, 0x00,
    0x18, 0x00, 0x18, 0x00, 0x18, 0x00, 0x18, 0x00, 0x18, 0x00, 0x18, 0x00,
    0x18, 0x00, 0x18, 0x00, 0x18, 0x00, 0x18, 0x00, 0x18, 0x00, 0x18, 0x00,
    0x18, 0x00, 0x18, 0x00, 0x18, 0x00, 0x18, 0x00, 0x18, 0x00, 0x18, 0x00,
    0x18, 0x00, 0x18, 0x00, 0x18, 0x00, 0x18, 0x00, 0x18, 0x00, 0x18, 0x00,
    0x18, 0x00, 0x18, 0x00, 0x18, 0xc6, 0x18, 0xc6, 0x18, 0xc6, 0x18, 0xc6,
    0x18, 0xc6, 0x18, 0xc6, 0x18, 0xc6, 0x18, 0xc6, 0x18, 0xc6, 0x18, 0xc6,
    0x18, 0xc6, 0x18, 0xc6, 0x18, 0xc6, 0x18, 0xc6, 0x18, 0xc6, 0x18, 0xc6,
    0x18, 0xc6, 0x18, 0xc6, 0x18, 0xc6, 0x18, 0xc6, 0x18, 0xc6, 0x18, 0xc6,
    0x18, 0xc6, 0x18, 0xc6, 0x18, 0xc6, 0x18, 0xc6, 0x18, 0xc6, 0x18, 0xc6,
    0x18, 0xc6, 0x18, 0xc6, 0x18, 0xc6, 0x18, 0xc6, 0x18, 0xc6, 0x18, 0xc6,
    0x18, 0xc6, 0x18, 0xc6, 0x18, 0xc6, 0x18, 0xc6, 0x18, 0xc6, 0x18, 0xc6,
    0x18, 0xc6, 0x18, 0xc6, 0x18, 0xc6, 0x18, 0xc6, 0x18, 0xc6, 0xf8, 0xbd,
    0x00, 0xc6, 0x00, 0xc6, 0x00, 0xc6, 0x00, 0xc6, 0x00, 0xc6, 0x00, 0xc6,
    0x00, 0xc6, 0x00, 0xc6, 0x00, 0xc6, 0x00, 0xc6, 0x00, 0xc6, 0x00, 0xc6,
    0x00, 0xc6, 0x00, 0xc6, 0x00, 0xc6, 0x00, 0xc6, 0x00, 0xc6, 0x00, 0xc6,
    0x00, 0xc6, 0x00, 0xc6, 0x00, 0xc6, 0x00, 0xc6, 0x00, 0xc6, 0x00, 0xc6,
    0x00, 0xc6, 0x00, 0xc6, 0x00, 0xc6, 0x00, 0xc6, 0x00, 0xc6, 0x00, 0xc6,
    0x00, 0xc6, 0x00, 0xc6, 0x00, 0xc6, 0x00, 0xc6, 0x00, 0xc6, 0x00, 0xc6,
    0x00, 0xc6, 0x00, 0xc6, 0x00, 0xc6, 0x00, 0xc6, 0x00, 0xc6, 0x00, 0xc6,
    0x00, 0xc6, 0x00, 0xc6, 0x00, 0xc6, 0xf8, 0xbd, 0x18, 0x06, 0x18, 0x06,
    0x18, 0x06, 0x18, 0x06, 0x18, 0x06, 0x18, 0x06, 0x18, 0x06, 0x18, 0x06,
    0x18, 0x06, 0x18, 0x06, 0x18, 0x06, 0x18, 0x06, 0x18, 0x06, 0x18, 0x06,
    0x18, 0x06, 0x18, 0x06, 0x18, 0x06, 0x18, 0x06, 0x18, 0x06, 0x18, 0x06,
    0x18, 0x06, 0x18, 0x06, 0x18, 0x06, 0x18, 0x06, 0x18, 0x06, 0x18, 0x06,
    0x18, 0x06, 0x18, 0x06, 0x18, 0x06, 0x18, 0x06, 0x18, 0x06, 0x18, 0x06,
    0x18, 0x06, 0x18, 0x06, 0x18, 0x06, 0x18, 0x06, 0x18, 0x06, 0x18, 0x06,
    0x18, 0x06, 0x18, 0x06, 0x18, 0x06, 0x18, 0x06, 0x18, 0x06, 0x18, 0x06,
    0x18, 0x06, 0xe2, 0x0c, 0x00, 0x06, 0x00, 0x06, 0x00, 0x06, 0x00, 0x06,
    0x00, 0x06, 0x00, 0x06, 0x00, 0x06, 0x00, 0x06, 0x00, 0x06, 0x00, 0x06,
    0x00, 0x06, 0x00, 0x06, 0x00, 0x06, 0x00, 0x06, 0x00, 0x06, 0x00, 0x06,
    0x00, 0x06, 0x00, 0x06, 0x00, 0x06, 0x00, 0x06, 0x00, 0x06, 0x00, 0x06,
    0x00, 0x06, 0x00, 0x06, 0x00, 0x06, 0x00, 0x06, 0x00, 0x06, 0x00, 0x06,
    0x00, 0x06, 0x00, 0x06, 0x00, 0x06, 0x00, 0x06, 0x00, 0x06, 0x00, 0x06,
    0x00, 0x06, 0x00, 0x06, 0x00, 0x06, 0x00, 0x06, 0x00, 0x06, 0x00, 0x06,
    0x00, 0x06, 0x00, 0x06, 0x00, 0x06, 0x00, 0x06, 0x47, 0x3b, 0x18, 0xc0,
    0x18, 0xc0, 0x18, 0xc0, 0x18, 0xc0, 0x18, 0xc0, 0x18, 0xc0, 0x18, 0xc0,
    0x18, 0xc0, 0x18, 0xc0, 0x18, 0xc0, 0x18, 0xc0, 0x18, 0xc0, 0x18, 0xc0,
    0x18, 0xc0, 0x18, 0xc0, 0x18, 0xc0, 0x18, 0xc0, 0x18, 0xc0, 0x18, 0xc0,
    0x18, 0xc0, 0x18, 0xc0, 0x18, 0xc0, 0x18, 0xc0, 0x18, 0xc0, 0x18, 0xc0,
    0x18, 0xc0, 0x18, 0xc0, 0x18, 0xc0, 0x18, 0xc0, 0x18, 0xc0, 0x18, 0xc0,
    0x18, 0xc0, 0x18, 0xc0, 0x18, 0xc0, 0x18, 0xc0, 0x18, 0xc0, 0x18, 0xc0,
    0x18, 0xc0, 0x18, 0xc0, 0x18, 0xc0, 0x18, 0xc0, 0x18, 0xc0, 0x18, 0xc0,
    0x18, 0xc0, 0x18, 0xc0, 0x18, 0xc0, 0x00, 0xc0, 0x00, 0xc0, 0x00, 0xc0,
    0x00, 0xc0, 0x00, 0xc0, 0x00, 0xc0, 0x00, 0xc0, 0x00, 0xc0, 0x00, 0xc0,
    0x00, 0xc0, 0x00, 0xc0, 0x00, 0xc0, 0x00, 0xc0, 0x00, 0xc0, 0x00, 0xc0,
    0x00, 0xc0, 0x00, 0xc0, 0x00, 0xc0, 0x00, 0xc0, 0x00, 0xc0, 0x00, 0xc0,
    0x00, 0xc0, 0x00, 0xc0, 0x00, 0xc0, 0x00, 0xc0, 0x00, 0xc0, 0x00, 0xc0,
    0x00, 0xc0, 0x00, 0xc0, 0x00, 0xc0, 0x00, 0xc0, 0x00, 0xc0, 0x00, 0xc0,
    0x00, 0xc0, 0x00, 0xc0, 0x00, 0xc0, 0x00, 0xc0, 0x00, 0xc0, 0x00, 0xc0,
    0x00, 0xc0, 0x00, 0xc0, 0x00, 0xc0, 0x00, 0xc0, 0x00, 0xc0, 0x00, 0xc0,
    0x0d, 0x30, 0x18, 0x00, 0x18, 0x00, 0x18, 0x00, 0x18, 0x00, 0x18, 0x00,
    0x18, 0x00, 0x18, 0x00, 0x18, 0x00, 0x18, 0x00, 0x18, 0x00, 0x18, 0x00,
    0x18, 0x00, 0x18, 0x00, 0x18, 0x00, 0x18, 0x00, 0x18, 0x00, 0x18, 0x00,
    0x18, 0x00, 0x18, 0x00, 0x18, 0x00, 0x18, 0x00, 0x18, 0x00, 0x18, 0x00,
    0x18, 0x00, 0x18, 0x00, 0x18, 0x00, 0x18, 0x00, 0x18, 0x00, 0x18, 0x00,
    0x18, 0x00, 0x18, 0x00, 0x18, 0x00, 0x18, 0x00, 0x18, 0x00, 0x18, 0x00,
    0x18, 0x00, 0x18, 0x00, 0x18, 0x00, 0x18, 0x00, 0x18, 0x00, 0x18, 0x00,
    0x18, 0x00, 0x18, 0x00, 0x18, 0x00, 0x18, 0x00, 0x18, 0xc6, 0x18, 0xc6,
    0x18, 0xc6, 0x18, 0xc6, 0x18, 0xc6, 0x18, 0xc6, 0x18, 0xc6, 0x18, 0xc6,
    0x18, 0xc6, 0x18, 0xc6, 0x18, 0xc6, 0x18, 0xc6, 0x18, 0xc6, 0x18, 0xc6,
    0x18, 0xc6, 0x18, 0xc6, 0x18, 0xc6, 0x18, 0xc6, 0x18, 0xc6, 0x18, 0xc6,
    0x18, 0xc6, 0x18, 0xc6, 0x18, 0xc6, 0x18, 0xc6, 0x18, 0xc6, 0x18, 0xc6,
    0x18, 0xc6, 0x18, 0xc6, 0x18, 0xc6, 0x18, 0xc6, 0x18, 0xc6, 0x18, 0xc6,
    0x18, 0xc6, 0x18, 0xc6, 0x18, 0xc6, 0x18, 0xc6, 0x18, 0xc6, 0x18, 0xc6,
    0x18, 0xc6, 0x18, 0xc6, 0x18, 0xc6, 0x18, 0xc6, 0x18, 0xc6, 0x18, 0xc6,
    0x18, 0xc6, 0xf8, 0xbd, 0x00, 0xc6, 0x00, 0xc6, 0x00, 0xc6, 0x00, 0xc6,
    0x00, 0xc6, 0x00, 0xc6, 0x00, 0xc6, 0x00, 0xc6, 0x00, 0xc6, 0x00, 0xc6,
    0x00, 0xc6, 0x00, 0xc6, 0x00, 0xc6, 0x00, 0xc6, 0x00, 0xc6, 0x00, 0xc6,
    0x00, 0xc6, 0x00, 0xc6, 0x00, 0xc6, 0x00, 0xc6, 0x00, 0xc6, 0x00, 0xc6,
    0x00, 0xc6, 0x00, 0xc6, 0x00, 0xc6, 0x00, 0xc6, 0x00, 0xc6, 0x00, 0xc6,
    0x00, 0xc6, 0x00, 0xc6, 0x00, 0xc6, 0x00, 0xc6, 0x00, 0xc6, 0x00, 0xc6,
    0x00, 0xc6, 0x00, 0xc6, 0x00, 0xc6, 0x00, 0xc6, 0x00, 0xc6, 0x00, 0xc6,
    0x00, 0xc6, 0x00, 0xc6, 0x00, 0xc6, 0x00, 0xc6, 0x00, 0xc6, 0xf8, 0xbd,
    0x18, 0x06, 0x18, 0x06, 0x18, 0x06, 0x18, 0x06, 0x18, 0x06, 0x18, 0x06,
    0x18, 0x06, 0x18, 0x06, 0x18, 0x06, 0x18, 0x06, 0x18, 0x06, 0x18, 0x06,
    0x18, 0x06, 0x18, 0x06, 0x18, 0x06, 0x18, 0x06, 0x18, 0x06, 0x18, 0x06,
    0x18, 0x06, 0x18, 0x06, 0x18, 0x06, 0x18, 0x06, 0x18, 0x06, 0x18, 0x06,
    0x18, 0x06, 0x18, 0x06, 0x18, 0x06, 0x18, 0x06, 0x18, 0x06, 0x18, 0x06,
    0x18, 0x06, 0x18, 0x06, 0x18, 0x06, 0x18, 0x06, 0x18, 0x06, 0x18, 0x06,
    0x18, 0x06, 0x18, 0x06, 0x18, 0x06, 0x18, 0x06, 0x18, 0x06, 0x18, 0x06,
    0x18, 0x06, 0x18, 0x06, 0x18, 0x06, 0xe2, 0x04, 0x00, 0x06, 0x00, 0x06,
    0x00, 0x06, 0x00, 0x06, 0x00, 0x06, 0x00, 0x06, 0x00, 0x06, 0x00, 0x06,
    0x00, 0x06, 0x00, 0x06, 0x00, 0x06, 0x00, 0x06, 0x00, 0x06, 0x00, 0x06,
    0x00, 0x06, 0x00, 0x06, 0x00, 0x06, 0x00, 0x06, 0x00, 0x06, 0x00, 0x06,
    0x00, 0x06, 0x00, 0x06, 0x00, 0x06, 0x00, 0x06, 0x00, 0x06, 0x00, 0x06,
    0x00, 0x06, 0x00, 0x06, 0x00, 0x06, 0x00, 0x06, 0x00, 0x06, 0x00, 0x06,
    0x00, 0x06, 0x00, 0x06, 0x00, 0x06, 0x00, 0x06, 0x00, 0x06, 0x00, 0x06,
    0x00, 0x06, 0x00, 0x06, 0x00, 0x06, 0x00, 0x06, 0x00, 0x06, 0x00, 0x06,
    0x47, 0x3b, 0x18, 0xc0, 0x18, 0xc0, 0x18, 0xc0, 0x18, 0xc0, 0x18, 0xc0,
    0x18, 0xc0, 0x18, 0xc0, 0x18, 0xc0, 0x18, 0xc0, 0x18, 0xc0, 0x18, 0xc0,
    0x18, 0xc0, 0x18, 0xc0, 0x18, 0xc0, 0x18, 0xc0, 0x18, 0xc0, 0x18, 0xc0,
    0x18, 0xc0, 0x18, 0xc0, 0x18, 0xc0, 0x18, 0xc0, 0x18, 0xc0, 0x18, 0xc0,
    0x18, 0xc0, 0x18, 0xc0, 0x18, 0xc0, 0x18, 0xc0, 0x18, 0xc0, 0x18, 0xc0,
    0x18, 0xc0, 0x18, 0xc0, 0x18, 0xc0, 0x18, 0xc0, 0x18, 0xc0, 0x18, 0xc0,
    0x18, 0xc0, 0x18, 0xc0, 0x18, 0xc0, 0x18, 0xc0, 0x18, 0xc0, 0x18, 0xc0,
    0x18, 0xc0, 0x18, 0xc0, 0x18, 0xc0, 0x18, 0xc0, 0x18, 0xc0, 0x00, 0xc0,
    0x00, 0xc0, 0x00, 0xc0, 0x00, 0xc0, 0x00, 0xc0, 0x00, 0xc0, 0x00, 0xc0,
    0x00, 0xc0, 0x00, 0xc0, 0x00, 0xc0, 0x00, 0xc0, 0x00, 0xc0, 0x00, 0xc0,
    0x00, 0xc0, 0x00, 0xc0, 0x00, 0xc0, 0x00, 0xc0, 0x00, 0xc0, 0x00, 0xc0,
    0x00, 0xc0, 0x00, 0xc0, 0x00, 0xc0, 0x00, 0xc0, 0x00, 0xc0, 0x00, 0xc0,
    0x00, 0xc0, 0x00, 0xc0, 0x00, 0xc0, 0x00, 0xc0, 0x00, 0xc0, 0x00, 0xc0,
    0x00, 0xc0, 0x00, 0xc0, 0x00, 0xc0, 0x00, 0xc0, 0x00, 0xc0, 0x00, 0xc0,
    0x00, 0xc0, 0x00, 0xc0, 0x00, 0xc0, 0x00, 0xc0, 0x00, 0xc0, 0x00, 0xc0,
    0x00, 0xc0, 0x00, 0xc0, 0x0d, 0x30, 0x18, 0x00, 0x18, 0x00, 0x18, 0x00,
    0x18, 0x00, 0x18, 0x00, 0x18, 0x00, 0x18, 0x00, 0x18, 0x00, 0x18, 0x00,
    0x18, 0x00, 0x18, 0x00, 0x18, 0x00, 0x18, 0x00, 0x18, 0x00, 0x18, 0x00,
    0x18, 0x00, 0x18, 0x00, 0x18, 0x00, 0x18, 0x00, 0x18, 0x00, 0x18, 0x00,
    0x18, 0x00, 0x18, 0x00, 0x18, 0x00, 0x18, 0x00, 0x18, 0x00, 0x18, 0x00,
    0x18, 0x00, 0x18, 0x00, 0x18, 0x00, 0x18, 0x00, 0x18, 0x00, 0x18, 0x00,
    0x18, 0x00, 0x18, 0x00, 0x18, 0x00, 0x18, 0x00, 0x18, 0x00, 0x18, 0x00,
    0x18, 0x00, 0x18, 0x00, 0x18, 0x00, 0x18, 0x00, 0x18, 0x00, 0x18, 0x00,
    0x18, 0xc6, 0x18, 0xc6, 0x18, 0xc6, 0x18, 0xc6, 0x18, 0xc6, 0x18, 0xc6,
    0x18, 0xc6, 0x18, 0xc6, 0x18, 0xc6, 0x18, 0xc6, 0x18, 0xc6, 0x18, 0xc6,
    0x18, 0xc6, 0x18, 0xc6, 0x18, 0xc6, 0x18, 0xc6, 0x18, 0xc6, 0x18, 0xc6,
    0x18, 0xc6, 0x18, 0xc6, 0x18, 0xc6, 0x18, 0xc6, 0x18, 0xc6, 0x18, 0xc6,
    0x18, 0xc6, 0x18, 0xc6, 0x18, 0xc6, 0x18, 0xc6, 0x18, 0xc6, 0x18, 0xc6,
    0x18, 0xc6, 0x18, 0xc6, 0x18, 0xc6, 0x18, 0xc6, 0x18, 0xc6, 0x18, 0xc6,
    0x18, 0xc6, 0x18, 0xc6, 0x18, 0xc6, 0x18, 0xc6, 0x18, 0xc6, 0x18, 0xc6,
    0x18, 0xc6, 0x18, 0xc6, 0x18, 0xc6, 0xf8, 0xc5, 0x00, 0xc6, 0x00, 0xc6,
    0x00, 0xc6, 0x00, 0xc6, 0x00, 0xc6, 0x00, 0xc6, 0x00, 0xc6, 0x00, 0xc6,
    0x00, 0xc6, 0x00, 0xc6, 0x00, 0xc6, 0x00, 0xc6, 0x00, 0xc6, 0x00, 0xc6,
    0x00, 0xc6, 0x00, 0xc6, 0x00, 0xc6, 0x00, 0xc6, 0x00, 0xc6, 0x00, 0xc6,
    0x00, 0xc6, 0x00, 0xc6, 0x00, 0xc6, 0x00, 0xc6, 0x00, 0xc6, 0x00, 0xc6,
    0x00, 0xc6, 0x00, 0xc6, 0x00, 0xc6, 0x00, 0xc6, 0x00, 0xc6, 0x00, 0xc6,
    0x00, 0xc6, 0x00, 0xc6, 0x00, 0xc6, 0x00, 0xc6, 0x00, 0xc6, 0x00, 0xc6,
    0x00, 0xc6, 0x00, 0xc6, 0x00, 0xc6, 0x00, 0xc6, 0x00, 0xc6, 0x00, 0xc6,
    0x00, 0xc6, 0xf8, 0xc5, 0x18, 0x06, 0x18, 0x06, 0x18, 0x06, 0x18, 0x06,
    0x18, 0x06, 0x18, 0x06, 0x18, 0x06, 0x18, 0x06, 0x18, 0x06, 0x18, 0x06,
    0x18, 0x06, 0x18, 0x06, 0x18, 0x06, 0x18, 0x06, 0x18, 0x06, 0x18, 0x06,
    0x18, 0x06, 0x18, 0x06, 0x18, 0x06, 0x18, 0x06, 0x18, 0x06, 0x18, 0x06,
    0x18, 0x06, 0x18, 0x06, 0x18, 0x06, 0x18, 0x06, 0x18, 0x06, 0x18, 0x06,
    0x18, 0x06, 0x18, 0x06, 0x18, 0x06, 0x18, 0x06, 0x18, 0x06, 0x18, 0x06,
    0x18, 0x06, 0x18, 0x06, 0x18, 0x06, 0x18, 0x06, 0x18, 0x06, 0x18, 0x06,
    0x18, 0x06, 0x18, 0x06, 0x18, 0x06, 0x18, 0x06, 0x18, 0x06, 0xe3, 0x0c,
    0x00, 0x06, 0x00, 0x06, 0x00, 0x06, 0x00, 0x06, 0x00, 0x06, 0x00, 0x06,
    0x00, 0x06, 0x00, 0x06, 0x00, 0x06, 0x00, 0x06, 0x00, 0x06, 0x00, 0x06,
    0x00, 0x06, 0x00, 0x06, 0x00, 0x06, 0x00, 0x06, 0x00, 0x06, 0x00, 0x06,
    0x00, 0x06, 0x00, 0x06, 0x00, 0x06, 0x00, 0x06, 0x00, 0x06, 0x00, 0x06,
    0x00, 0x06, 0x00, 0x06, 0x00, 0x06, 0x00, 0x06, 0x00, 0x06, 0x00, 0x06,
    0x00, 0x06, 0x00, 0x06, 0x00, 0x06, 0x00, 0x06, 0x00, 0x06, 0x00, 0x06,
    0x00, 0x06, 0x00, 0x06, 0x00, 0x06, 0x00, 0x06, 0x00, 0x06, 0x00, 0x06,
    0x00, 0x06, 0x00, 0x06, 0x28, 0x43, 0x18, 0xc0, 0x18, 0xc0, 0x18, 0xc0,
    0x18, 0xc0, 0x18, 0xc0, 0x18, 0xc0, 0x18, 0xc0, 0x18, 0xc0, 0x18, 0xc0,
    0x18, 0xc0, 0x18, 0xc0, 0x18, 0xc0, 0x18, 0xc0, 0x18, 0xc0, 0x18, 0xc0,
    0x18, 0xc0, 0x18, 0xc0, 0x18, 0xc0, 0x18, 0xc0, 0x18, 0xc0, 0x18, 0xc0,
    0x18, 0xc0, 0x18, 0xc0, 0x18, 0xc0, 0x18, 0xc0, 0x18, 0xc0, 0x18, 0xc0,
    0x18, 0xc0, 0x18, 0xc0, 0x18, 0xc0, 0x18, 0xc0, 0x18, 0xc0, 0x18, 0xc0,
    0x18, 0xc0, 0x18, 0xc0, 0x18, 0xc0, 0x18, 0xc0, 0x18, 0xc0, 0x18, 0xc0,
    0x18, 0xc0, 0x18, 0xc0, 0x18, 0xc0, 0x18, 0xc0, 0x18, 0xc0, 0x18, 0xc0,
    0x18, 0xc0, 0x00, 0xc0, 0x00, 0xc0, 0x00, 0xc0, 0x00, 0xc0, 0x00, 0xc0,
    0x00, 0xc0, 0x00, 0xc0, 0x00, 0xc0, 0x00, 0xc0, 0x00, 0xc0, 0x00, 0xc0,
    0x00, 0xc0, 0x00, 0xc0, 0x00, 0xc0, 0x00, 0xc0, 0x00, 0xc0, 0x00, 0xc0,
    0x00, 0xc0, 0x00, 0xc0, 0x00, 0xc0, 0x00, 0xc0, 0x00, 0xc0, 0x00, 0xc0,
    0x00, 0xc0, 0x00, 0xc0, 0x00, 0xc0, 0x00, 0xc0, 0x00, 0xc0, 0x00, 0xc0,
    0x00, 0xc0, 0x00, 0xc0, 0x00, 0xc0, 0x00, 0xc0, 0x00, 0xc0, 0x00, 0xc0,
    0x00, 0xc0, 0x00, 0xc0, 0x00, 0xc0, 0x00, 0xc0, 0x00, 0xc0, 0x00, 0xc0,
    0x00, 0xc0, 0x00, 0xc0, 0x00, 0xc0, 0x00, 0xc0, 0x0e, 0x38, 0x18, 0x00,
    0x18, 0x00, 0x18, 0x00, 0x18, 0x00, 0x18, 0x00, 0x18, 0x00, 0x18, 0x00,
    0x18, 0x00, 0x18, 0x00, 0x18, 0x00, 0x18, 0x00, 0x18, 0x00, 0x18, 0x00,
    0x18, 0x00, 0x18, 0x00, 0x18, 0x00, 0x18, 0x00, 0x18, 0x00, 0x18, 0x00,
    0x18, 0x00, 0x18, 0x00, 0x18, 0x00, 0x18, 0x00, 0x18, 0x00, 0x18, 0x00,
    0x18, 0x00, 0x18, 0x00, 0x18, 0x00, 0x18, 0x00, 0x18, 0x00, 0x18, 0x00,
    0x18, 0x00, 0x18, 0x00, 0x18, 0x00, 0x18, 0x00, 0x18, 0x00, 0x18, 0x00,
    0x18, 0x00, 0x18, 0x00, 0x18, 0x00, 0x18, 0x00, 0x18, 0x00, 0x18, 0x00,
    0x18, 0x00, 0x18, 0x00, 0x18, 0xc6, 0x18, 0xc6, 0x18, 0xc6, 0x18, 0xc6,
    0x18, 0xc6, 0x18, 0xc6, 0x18, 0xc6, 0x18, 0xc6, 0x18, 0xc6, 0x18, 0xc6,
    0x18, 0xc6, 0x18, 0xc6, 0x18, 0xc6, 0x18, 0xc6, 0x18, 0xc6, 0x18, 0xc6,
    0x18, 0xc6, 0x18, 0xc6, 0x18, 0xc6, 0x18, 0xc6, 0x18, 0xc6, 0x18, 0xc6,
    0x18, 0xc6, 0x18, 0xc6, 0x18, 0xc6, 0x18, 0xc6, 0x18, 0xc6, 0x18, 0xc6,
    0x18, 0xc6, 0x18, 0xc6, 0x18, 0xc6, 0x18, 0xc6, 0x18, 0xc6, 0x18, 0xc6,
    0x18, 0xc6, 0x18, 0xc6, 0x18, 0xc6, 0x18, 0xc6, 0x18, 0xc6, 0x18, 0xc6,
    0x18, 0xc6, 0x18, 0xc6, 0x18, 0xc6, 0x18, 0xc6, 0x18, 0xc6, 0xf8, 0xbd,
    0x00, 0xc6, 0x00, 0xc6, 0x00, 0xc6, 0x00, 0xc6, 0x00, 0xc6, 0x00, 0xc6,
    0x00, 0xc6, 0x00, 0xc6, 0x00, 0xc6, 0x00, 0xc6, 0x00, 0xc6, 0x00, 0xc6,
    0x00, 0xc6, 0x00, 0xc6, 0x00, 0xc6, 0x00, 0xc6, 0x00, 0xc6, 0x00, 0xc6,
    0x00, 0xc6, 0x00, 0xc6, 0x00, 0xc6, 0x00, 0xc6, 0x00, 0xc6, 0x00, 0xc6,
    0x00, 0xc6, 0x00, 0xc6, 0x00, 0xc6, 0x00, 0xc6, 0x00, 0xc6, 0x00, 0xc6,
    0x00, 0xc6, 0x00, 0xc6, 0x00, 0xc6, 0x00, 0xc6, 0x00, 0xc6, 0x00, 0xc6,
    0x00, 0xc6, 0x00, 0xc6, 0x00, 0xc6, 0x00, 0xc6, 0x00, 0xc6, 0x00, 0xc6,
    0x00, 0xc6, 0x00, 0xc6, 0x00, 0xc6, 0xf8, 0xbd, 0x18, 0x06, 0x18, 0x06,
    0x18, 0x06, 0x18, 0x06, 0x18, 0x06, 0x18, 0x06, 0x18, 0x06, 0x18, 0x06,
    0x18, 0x06, 0x18, 0x06, 0x18, 0x06, 0x18, 0x06, 0x18, 0x06, 0x18, 0x06,
    0x18, 0x06, 0x18, 0x06, 0x18, 0x06, 0x18, 0x06, 0x18, 0x06, 0x18, 0x06,
    0x18, 0x06, 0x18, 0x06, 0x18, 0x06, 0x18, 0x06, 0x18, 0x06, 0x18, 0x06,
    0x18, 0x06, 0x18, 0x06, 0x18, 0x06, 0x18, 0x06, 0x18, 0x06, 0x18, 0x06,
    0x18, 0x06, 0x18, 0x06, 0x18, 0x06, 0x18, 0x06, 0x18, 0x06, 0x18, 0x06,
    0x18, 0x06, 0x18, 0x06, 0x18, 0x06, 0x18, 0x06, 0x18, 0x06, 0x18, 0x06,
    0x18, 0x06, 0xe2, 0x04, 0x00, 0x06, 0x00, 0x06, 0x00, 0x06, 0x00, 0x06,
    0x00, 0x06, 0x00, 0x06, 0x00, 0x06, 0x00, 0x06, 0x00, 0x06, 0x00, 0x06,
    0x00, 0x06, 0x00, 0x06, 0x00, 0x06, 0x00, 0x06, 0x00, 0x06, 0x00, 0x06,
    0x00, 0x06, 0x00, 0x06, 0x00, 0x06, 0x00, 0x06, 0x00, 0x06, 0x00, 0x06,
    0x00, 0x06, 0x00, 0x06, 0x00, 0x06, 0x00, 0x06, 0x00, 0x06, 0x00, 0x06,
    0x00, 0x06, 0x00, 0x06, 0x00, 0x06, 0x00, 0x06, 0x00, 0x06, 0x00, 0x06,
    0x00, 0x06, 0x00, 0x06, 0x00, 0x06, 0x00, 0x06, 0x00, 0x06, 0x00, 0x06,
    0x00, 0x06, 0x00, 0x06, 0x00, 0x06, 0x00, 0x06, 0x27, 0x3b, 0x18, 0xc0,
    0x18, 0xc0, 0x18, 0xc0, 0x18, 0xc0, 0x18, 0xc0, 0x18, 0xc0, 0x18, 0xc0,
    0x18, 0xc0, 0x18, 0xc0, 0x18, 0xc0, 0x18, 0xc0, 0x18, 0xc0, 0x18, 0xc0,
    0x18, 0xc0, 0x18, 0xc0, 0x18, 0xc0, 0x18, 0xc0, 0x18, 0xc0, 0x18, 0xc0,
    0x18, 0xc0, 0x18, 0xc0, 0x18, 0xc0, 0x18, 0xc0, 0x18, 0xc0, 0x18, 0xc0,
    0x18, 0xc0, 0x18, 0xc0, 0x18, 0xc0, 0x18, 0xc0, 0x18, 0xc0, 0x18, 0xc0,
    0x18, 0xc0, 0x18, 0xc0, 0x18, 0xc0, 0x18, 0xc0, 0x18, 0xc0, 0x18, 0xc0,
    0x18, 0xc0, 0x18, 0xc0, 0x18, 0xc0, 0x18, 0xc0, 0x18, 0xc0, 0x18, 0xc0,
    0x18, 0xc0, 0x18, 0xc0, 0x18, 0xc0, 0x00, 0xc0, 0x00, 0xc0, 0x00, 0xc0,
    0x00, 0xc0, 0x00, 0xc0, 0x00, 0xc0, 0x00, 0xc0, 0x00, 0xc0, 0x00, 0xc0,
    0x00, 0xc0, 0x00, 0xc0, 0x00, 0xc0, 0x00, 0xc0, 0x00, 0xc0, 0x00, 0xc0,
    0x00, 0xc0, 0x00, 0xc0, 0x00, 0xc0, 0x00, 0xc0, 0x00, 0xc0, 0x00, 0xc0,
    0x00, 0xc0, 0x00, 0xc0, 0x00, 0xc0, 0x00, 0xc0, 0x00, 0xc0, 0x00, 0xc0,
    0x00, 0xc0, 0x00, 0xc0, 0x00, 0xc0, 0x00, 0xc0, 0x00, 0xc0, 0x00, 0xc0,
    0x00, 0xc0, 0x00, 0xc0, 0x00, 0xc0, 0x00, 0xc0, 0x00, 0xc0, 0x00, 0xc0,
    0x00, 0xc0, 0x00, 0xc0, 0x00, 0xc0, 0x00, 0xc0, 0x00, 0xc0, 0x00, 0xc0,
    0x0d, 0x30, 0x18, 0x00, 0x18, 0x00, 0x18, 0x00, 0x18, 0x00, 0x18, 0x00,
    0x18, 0x00, 0x18, 0x00, 0x18, 0x00, 0x18, 0x00, 0x18, 0x00, 0x18, 0x00,
    0x18, 0x00, 0x18, 0x00, 0x18, 0x00, 0x18, 0x00, 0x18, 0x00, 0x18, 0x00,
    0x18, 0x00, 0x18, 0x00, 0x18, 0x00, 0x18, 0x00, 0x18, 0x00, 0x18, 0x00,
    0x18, 0x00, 0x18, 0x00, 0x18, 0x00, 0x18, 0x00, 0x18, 0x00, 0x18, 0x00,
    0x18, 0x00, 0x18, 0x00, 0x18, 0x00, 0x18, 0x00, 0x18, 0x00, 0x18, 0x00,
    0x18, 0x00, 0x18, 0x00, 0x18, 0x00, 0x18, 0x00, 0x18, 0x00, 0x18, 0x00,
    0x18, 0x00, 0x18, 0x00, 0x18, 0x00, 0x18, 0x00, 0x18, 0xc6, 0x18, 0xc6,
    0x18, 0xc6, 0x18, 0xc6, 0x18, 0xc6, 0x18, 0xc6, 0x18, 0xc6, 0x18, 0xc6,
    0x18, 0xc6, 0x18, 0xc6, 0x18, 0xc6, 0x18, 0xc6, 0x18, 0xc6, 0x18, 0xc6,
    0x18, 0xc6, 0x18, 0xc6, 0x18, 0xc6, 0x18, 0xc6, 0x18, 0xc6, 0x18, 0xc6,
    0x18, 0xc6, 0x18, 0xc6, 0x18, 0xc6, 0x18, 0xc6, 0x18, 0xc6, 0x18, 0xc6,
    0x18, 0xc6, 0x18, 0xc6, 0x18, 0xc6, 0x18, 0xc6, 0x18, 0xc6, 0x18, 0xc6,
    0x18, 0xc6, 0x18, 0xc6, 0x18, 0xc6, 0x18, 0xc6, 0x18, 0xc6, 0x18, 0xc6,
    0x18, 0xc6, 0x18, 0xc6, 0x18, 0xc6, 0x18, 0xc6, 0x18, 0xc6, 0x18, 0xc6,
    0x18, 0xc6, 0xf8, 0xbd, 0x00, 0xc6, 0x00, 0xc6, 0x00, 0xc6, 0x00, 0xc6,
    0x00, 0xc6, 0x00, 0xc6, 0x00, 0xc6, 0x00, 0xc6, 0x00, 0xc6, 0x00, 0xc6,
    0x00, 0xc6, 0x00, 0xc6, 0x00, 0xc6, 0x00, 0xc6, 0x00, 0xc6, 0x00, 0xc6,
    0x00, 0xc6, 0x00, 0xc6, 0x00, 0xc6, 0x00, 0xc6, 0x00, 0xc6, 0x00, 0xc6,
    0x00, 0xc6, 0x00, 0xc6, 0x00, 0xc6, 0x00, 0xc6, 0x00, 0xc6, 0x00, 0xc6,
    0x00, 0xc6, 0x00, 0xc6, 0x00, 0xc6, 0x00, 0xc6, 0x00, 0xc6, 0x00, 0xc6,
    0x00, 0xc6, 0x00, 0xc6, 0x00, 0xc6, 0x00, 0xc6, 0x00, 0xc6, 0x00, 0xc6,
    0x00, 0xc6, 0x00, 0xc6, 0x00, 0xc6, 0x00, 0xc6, 0x00, 0xc6, 0xf8, 0xbd,
    0x18, 0x06, 0x18, 0x06, 0x18, 0x06, 0x18, 0x06, 0x18, 0x06, 0x18, 0x06,
    0x18, 0x06, 0x18, 0x06, 0x18, 0x06, 0x18, 0x06, 0x18, 0x06, 0x18, 0x06,
    0x18, 0x06, 0x18, 0x06, 0x18, 0x06, 0x18, 0x06, 0x18, 0x06, 0x18, 0x06,
    0x18, 0x06, 0x18, 0x06, 0x18, 0x06, 0x18, 0x06, 0x18, 0x06, 0x18, 0x06,
    0x18, 0x06, 0x18, 0x06, 0x18, 0x06, 0x18, 0x06, 0x18, 0x06, 0x18, 0x06,
    0x18, 0x06, 0x18, 0x06, 0x18, 0x06, 0x18, 0x06, 0x18, 0x06, 0x18, 0x06,
    0x18, 0x06, 0x18, 0x06, 0x18, 0x06, 0x18, 0x06, 0x18, 0x06, 0x18, 0x06,
    0x18, 0x06, 0x18, 0x06, 0x18, 0x06, 0xe2, 0x0c, 0x00, 0x06, 0x00, 0x06,
    0x00, 0x06, 0x00, 0x06, 0x00, 0x06, 0x00, 0x06, 0x00, 0x06, 0x00, 0x06,
    0x00, 0x06, 0x00, 0x06, 0x00, 0x06, 0x00, 0x06, 0x00, 0x06, 0x00, 0x06,
    0x00, 0x06, 0x00, 0x06, 0x00, 0x06, 0x00, 0x06, 0x00, 0x06, 0x00, 0x06,
    0x00, 0x06, 0x00, 0x06, 0x00, 0x06, 0x00, 0x06, 0x00, 0x06, 0x00, 0x06,
    0x00, 0x06, 0x00, 0x06, 0x00, 0x06, 0x00, 0x06, 0x00, 0x06, 0x00, 0x06,
    0x00, 0x06, 0x00, 0x06, 0x00, 0x06, 0x00, 0x06, 0x00, 0x06, 0x00, 0x06,
    0x00, 0x06, 0x00, 0x06, 0x00, 0x06, 0x00, 0x06, 0x00, 0x06, 0x00, 0x06,
    0x47, 0x3b, 0x18, 0xc0, 0x18, 0xc0, 0x18, 0xc0, 0x18, 0xc0, 0x18, 0xc0,
    0x18, 0xc0, 0x18, 0xc0, 0x18, 0xc0, 0x18, 0xc0, 0x18, 0xc0, 0x18, 0xc0,
    0x18, 0xc0, 0x18, 0xc0, 0x18, 0xc0, 0x18, 0xc0, 0x18, 0xc0, 0x18, 0xc0,
    0x18, 0xc0, 0x18, 0xc0, 0x18, 0xc0, 0x18, 0xc0, 0x18, 0xc0, 0x18, 0xc0,
    0x18, 0xc0, 0x18, 0xc0, 0x18, 0xc0, 0x18, 0xc0, 0x18, 0xc0, 0x18, 0xc0,
    0x18, 0xc0, 0x18, 0xc0, 0x18, 0xc0, 0x18, 0xc0, 0x18, 0xc0, 0x18, 0xc0,
    0x18, 0xc0, 0x18, 0xc0, 0x18, 0xc0, 0x18, 0xc0, 0x18, 0xc0, 0x18, 0xc0,
    0x18, 0xc0, 0x18, 0xc0, 0x18, 0xc0, 0x18, 0xc0, 0x18, 0xc0, 0x00, 0xc0,
    0x00, 0xc0, 0x00, 0xc0, 0x00, 0xc0, 0x00, 0xc0, 0x00, 0xc0, 0x00, 0xc0,
    0x00, 0xc0, 0x00, 0xc0, 0x00, 0xc0, 0x00, 0xc0, 0x00, 0xc0, 0x00, 0xc0,
    0x00, 0xc0, 0x00, 0xc0, 0x00, 0xc0, 0x00, 0xc0, 0x00, 0xc0, 0x00, 0xc0,
    0x00, 0xc0, 0x00, 0xc0, 0x00, 0xc0, 0x00, 0xc0, 0x00, 0xc0, 0x00, 0xc0,
    0x00, 0xc0, 0x00, 0xc0, 0x00, 0xc0, 0x00, 0xc0, 0x00, 0xc0, 0x00, 0xc0,
    0x00, 0xc0, 0x00, 0xc0, 0x00, 0xc0, 0x00, 0xc0, 0x00, 0xc0, 0x00, 0xc0,
    0x00, 0xc0, 0x00, 0xc0, 0x00, 0xc0, 0x00, 0xc0, 0x00, 0xc0, 0x00, 0xc0,
    0x00, 0xc0, 0x00, 0xc0, 0x0d, 0x30, 0x18, 0x00, 0x18, 0x00, 0x18, 0x00,
    0x18, 0x00, 0x18, 0x00, 0x18, 0x00, 0x18, 0x00, 0x18, 0x00, 0x18, 0x00,
    0x18, 0x00, 0x18, 0x00, 0x18, 0x00, 0x18, 0x00, 0x18, 0x00, 0x18, 0x00,
    0x18, 0x00, 0x18, 0x00, 0x18, 0x00, 0x18, 0x00, 0x18, 0x00, 0x18, 0x00,
    0x18, 0x00, 0x18, 0x00, 0x18, 0x00, 0x18, 0x00, 0x18, 0x00, 0x18, 0x00,
    0x18, 0x00, 0x18, 0x00, 0x18, 0x00, 0x18, 0x00, 0x18, 0x00, 0x18, 0x00,
    0x18, 0x00, 0x18, 0x00, 0x18, 0x00, 0x18, 0x00, 0x18, 0x00, 0x18, 0x00,
    0x18, 0x00, 0x18, 0x00, 0x18, 0x00, 0x18, 0x00, 0x18, 0x00, 0x18, 0x00,
    0x18, 0xc6, 0x18, 0xc6, 0x18, 0xc6, 0x18, 0xc6, 0x18, 0xc6, 0x18, 0xc6,
    0x18, 0xc6, 0x18, 0xc6, 0x18, 0xc6, 0x18, 0xc6, 0x18, 0xc6, 0x18, 0xc6,
    0x18, 0xc6, 0x18, 0xc6, 0x18, 0xc6, 0x18, 0xc6, 0x18, 0xc6, 0x18, 0xc6,
    0x18, 0xc6, 0x18, 0xc6, 0x18, 0xc6, 0x18, 0xc6, 0x18, 0xc6, 0x18, 0xc6,
    0x18, 0xc6, 0x18, 0xc6, 0x18, 0xc6, 0x18, 0xc6, 0x18, 0xc6, 0x18, 0xc6,
    0x18, 0xc6, 0x18, 0xc6, 0x18, 0xc6, 0x18, 0xc6, 0x18, 0xc6, 0x18, 0xc6,
    0x18, 0xc6, 0x18, 0xc6, 0x18, 0xc6, 0x18, 0xc6, 0x18, 0xc6, 0x18, 0xc6,
    0x18, 0xc6, 0x18, 0xc6, 0x18, 0xc6, 0xf8, 0xc5, 0x00, 0xc6, 0x00, 0xc6,
    0x00, 0xc6, 0x00, 0xc6, 0x00, 0xc6, 0x00, 0xc6, 0x00, 0xc6, 0x00, 0xc6,
    0x00, 0xc6, 0x00, 0xc6, 0x00, 0xc6, 0x00, 0xc6, 0x00, 0xc6, 0x00, 0xc6,
    0x00, 0xc6, 0x00, 0xc6, 0x00, 0xc6, 0x00, 0xc6, 0x00, 0xc6, 0x00, 0xc6,
    0x00, 0xc6, 0x00, 0xc6, 0x00, 0xc6, 0x00, 0xc6, 0x00, 0xc6, 0x00, 0xc6,
    0x00, 0xc6, 0x00, 0xc6, 0x00, 0xc6, 0x00, 0xc6, 0x00, 0xc6, 0x00, 0xc6,
    0x00, 0xc6, 0x00, 0xc6, 0x00, 0xc6, 0x00, 0xc6, 0x00, 0xc6, 0x00, 0xc6,
    0x00, 0xc6, 0x00, 0xc6, 0x00, 0xc6, 0x00, 0xc6, 0x00, 0xc6, 0x00, 0xc6,
    0x00, 0xc6, 0xf8, 0xc5, 0x18, 0x06, 0x18, 0x06, 0x18, 0x06, 0x18, 0x06,
    0x18, 0x06, 0x18, 0x06, 0x18, 0x06, 0x18, 0x06, 0x18, 0x06, 0x18, 0x06,
    0x18, 0x06, 0x18, 0x06, 0x18, 0x06, 0x18, 0x06, 0x18, 0x06, 0x18, 0x06,
    0x18, 0x06, 0x18, 0x06, 0x18, 0x06, 0x18, 0x06, 0x18, 0x06, 0x18, 0x06,
    0x18, 0x06, 0x18, 0x06, 0x18, 0x06, 0x18, 0x06, 0x18, 0x06, 0x18, 0x06,
    0x18, 0x06, 0x18, 0x06, 0x18, 0x06, 0x18, 0x06, 0x18, 0x06, 0x18, 0x06,
    0x18, 0x06, 0x18, 0x06, 0x18, 0x06, 0x18, 0x06, 0x18, 0x06, 0x18, 0x06,
    0x18, 0x06, 0x18, 0x06, 0x18, 0x06, 0x18, 0x06, 0x18, 0x06, 0xe3, 0x04,
    0x00, 0x06, 0x00, 0x06, 0x00, 0x06, 0x00, 0x06, 0x00, 0x06, 0x00, 0x06,
    0x00, 0x06, 0x00, 0x06, 0x00, 0x06, 0x00, 0x06, 0x00, 0x06, 0x00, 0x06,
    0x00, 0x06, 0x00, 0x06, 0x00, 0x06, 0x00, 0x06, 0x00, 0x06, 0x00, 0x06,
    0x00, 0x06, 0x00, 0x06, 0x00, 0x06, 0x00, 0x06, 0x00, 0x06, 0x00, 0x06,
    0x00, 0x06, 0x00, 0x06, 0x00, 0x06, 0x00, 0x06, 0x00, 0x06, 0x00, 0x06,
    0x00, 0x06, 0x00, 0x06, 0x00, 0x06, 0x00, 0x06, 0x00, 0x06, 0x00, 0x06,
    0x00, 0x06, 0x00, 0x06, 0x00, 0x06, 0x00, 0x06, 0x00, 0x06, 0x00, 0x06,
    0x00, 0x06, 0x00, 0x06, 0x28, 0x43, 0x18, 0xc0, 0x18, 0xc0, 0x18, 0xc0,
    0x18, 0xc0, 0x18, 0xc0, 0x18, 0xc0, 0x18, 0xc0, 0x18, 0xc0, 0x18, 0xc0,
    0x18, 0xc0, 0x18, 0xc0, 0x18, 0xc0, 0x18, 0xc0, 0x18, 0xc0, 0x18, 0xc0,
    0x18, 0xc0, 0x18, 0xc0, 0x18, 0xc0, 0x18, 0xc0, 0x18, 0xc0, 0x18, 0xc0,
    0x18, 0xc0, 0x18, 0xc0, 0x18, 0xc0, 0x18, 0xc0, 0x18, 0xc0, 0x18, 0xc0,
    0x18, 0xc0, 0x18, 0xc0, 0x18, 0xc0, 0x18, 0xc0, 0x18, 0xc0, 0x18, 0xc0,
    0x18, 0xc0, 0x18, 0xc0, 0x18, 0xc0, 0x18, 0xc0, 0x18, 0xc0, 0x18, 0xc0,
    0x18, 0xc0, 0x18, 0xc0, 0x18, 0xc0, 0x18, 0xc0, 0x18, 0xc0, 0x18, 0xc0,
    0x18, 0xc0, 0x00, 0xc0, 0x00, 0xc0, 0x00, 0xc0, 0x00, 0xc0, 0x00, 0xc0,
    0x00, 0xc0, 0x00, 0xc0, 0x00, 0xc0, 0x00, 0xc0, 0x00, 0xc0, 0x00, 0xc0,
    0x00, 0xc0, 0x00, 0xc0, 0x00, 0xc0, 0x00, 0xc0, 0x00, 0xc0, 0x00, 0xc0,
    0x00, 0xc0, 0x00, 0xc0, 0x00, 0xc0, 0x00, 0xc0, 0x00, 0xc0, 0x00, 0xc0,
    0x00, 0xc0, 0x00, 0xc0, 0x00, 0xc0, 0x00, 0xc0, 0x00, 0xc0, 0x00, 0xc0,
    0x00, 0xc0, 0x00, 0xc0, 0x00, 0xc0, 0x00, 0xc0, 0x00, 0xc0, 0x00, 0xc0,
    0x00, 0xc0, 0x00, 0xc0, 0x00, 0xc0, 0x00, 0xc0, 0x00, 0xc0, 0x00, 0xc0,
    0x00, 0xc0, 0x00, 0xc0, 0x00, 0xc0, 0x00, 0xc0, 0x0d, 0x30, 0x18, 0x00,
    0x18, 0x00, 0x18, 0x00, 0x18, 0x00, 0x18, 0x00, 0x18, 0x00, 0x18, 0x00,
    0x18, 0x00, 0x18, 0x00, 0x18, 0x00, 0x18, 0x00, 0x18, 0x00, 0x18, 0x00,
    0x18, 0x00, 0x18, 0x00, 0x18, 0x00, 0x18, 0x00, 0x18, 0x00, 0x18, 0x00,
    0x18, 0x00, 0x18, 0x00, 0x18, 0x00, 0x18, 0x00, 0x18, 0x00, 0x18, 0x00,
    0x18, 0x00, 0x18, 0x00, 0x18, 0x00, 0x18, 0x00, 0x18, 0x00, 0x18, 0x00,
    0x18, 0x00, 0x18, 0x00, 0x18, 0x00, 0x18, 0x00, 0x18, 0x00, 0x18, 0x00,
    0x18, 0x00, 0x18, 0x00, 0x18, 0x00, 0x18, 0x00, 0x18, 0x00, 0x18, 0x00,
    0x18, 0x00, 0x18, 0x00, 0x18, 0xc6, 0x18, 0xc6, 0x18, 0xc6, 0x18, 0xc6,
    0x18, 0xc6, 0x18, 0xc6, 0x18, 0xc6, 0x18, 0xc6, 0x18, 0xc6, 0x18, 0xc6,
    0x18, 0xc6, 0x18, 0xc6, 0x18, 0xc6, 0x18, 0xc6, 0x18, 0xc6, 0x18, 0xc6,
    0x18, 0xc6, 0x18, 0xc6, 0x18, 0xc6, 0x18, 0xc6, 0x18, 0xc6, 0x18, 0xc6,
    0x18, 0xc6, 0x18, 0xc6, 0x18, 0xc6, 0x18, 0xc6, 0x18, 0xc6, 0x18, 0xc6,
    0x18, 0xc6, 0x18, 0xc6, 0x18, 0xc6, 0x18, 0xc6, 0x18, 0xc6, 0x18, 0xc6,
    0x18, 0xc6, 0x18, 0xc6, 0x18, 0xc6, 0x18, 0xc6, 0x18, 0xc6, 0x18, 0xc6,
    0x18, 0xc6, 0x18, 0xc6, 0x18, 0xc6, 0x18, 0xc6, 0x18, 0xc6, 0xf8, 0xbd,
    0x00, 0xc6, 0x00, 0xc6, 0x00, 0xc6, 0x00, 0xc6, 0x00, 0xc6, 0x00, 0xc6,
    0x00, 0xc6, 0x00, 0xc6, 0x00, 0xc6, 0x00, 0xc6, 0x00, 0xc6, 0x00, 0xc6,
    0x00, 0xc6, 0x00, 0xc6, 0x00, 0xc6, 0x00, 0xc6, 0x00, 0xc6, 0x00, 0xc6,
    0x00, 0xc6, 0x00, 0xc6, 0x00, 0xc6, 0x00, 0xc6, 0x00, 0xc6, 0x00, 0xc6,
    0x00, 0xc6, 0x00, 0xc6, 0x00, 0xc6, 0x00, 0xc6, 0x00, 0xc6, 0x00, 0xc6,
    0x00, 0xc6, 0x00, 0xc6, 0x00, 0xc6, 0x00, 0xc6, 0x00, 0xc6, 0x00, 0xc6,
    0x00, 0xc6, 0x00, 0xc6, 0x00, 0xc6, 0x00, 0xc6, 0x00, 0xc6, 0x00, 0xc6,
    0x00, 0xc6, 0x00, 0xc6, 0x00, 0xc6, 0xf8, 0xbd, 0x18, 0x06, 0x18, 0x06,
    0x18, 0x06, 0x18, 0x06, 0x18, 0x06, 0x18, 0x06, 0x18, 0x06, 0x18, 0x06,
    0x18, 0x06, 0x18, 0x06, 0x18, 0x06, 0x18, 0x06, 0x18, 0x06, 0x18, 0x06,
    0x18, 0x06, 0x18, 0x06, 0x18, 0x06, 0x18, 0x06, 0x18, 0x06, 0x18, 0x06,
    0x18, 0x06, 0x18, 0x06, 0x18, 0x06, 0x18, 0x06, 0x18, 0x06, 0x18, 0x06,
    0x18, 0x06, 0x18, 0x06, 0x18, 0x06, 0x18, 0x06, 0x18, 0x06, 0x18, 0x06,
    0x18, 0x06, 0x18, 0x06, 0x18, 0x06, 0x18, 0x06, 0x18, 0x06, 0x18, 0x06,
    0x18, 0x06, 0x18, 0x06, 0x18, 0x06, 0x18, 0x06, 0x18, 0x06, 0x18, 0x06,
    0x18, 0x06, 0xe2, 0x04, 0x00, 0x06, 0x00, 0x06, 0x00, 0x06, 0x00, 0x06,
    0x00, 0x06, 0x00, 0x06, 0x00, 0x06, 0x00, 0x06, 0x00, 0x06, 0x00, 0x06,
    0x00, 0x06, 0x00, 0x06, 0x00, 0x06, 0x00, 0x06, 0x00, 0x06, 0x00, 0x06,
    0x00, 0x06, 0x00, 0x06, 0x00, 0x06, 0x00, 0x06, 0x00, 0x06, 0x00, 0x06,
    0x00, 0x06, 0x00, 0x06, 0x00, 0x06, 0x00, 0x06, 0x00, 0x06, 0x00, 0x06,
    0x00, 0x06, 0x00, 0x06, 0x00, 0x06, 0x00, 0x06, 0x00, 0x06, 0x00, 0x06,
    0x00, 0x06, 0x00, 0x06, 0x00, 0x06, 0x00, 0x06, 0x00, 0x06, 0x00, 0x06,
    0x00, 0x06, 0x00, 0x06, 0x00, 0x06, 0x00, 0x06, 0x47, 0x3b, 0x18, 0xc0,
    0x18, 0xc0, 0x18, 0xc0, 0x18, 0xc0, 0x18, 0xc0, 0x18, 0xc0, 0x18, 0xc0,
    0x18, 0xc0, 0x18, 0xc0, 0x18, 0xc0, 0x18, 0xc0, 0x18, 0xc0, 0x18, 0xc0,
    0x18, 0xc0, 0x18, 0xc0, 0x18, 0xc0, 0x18, 0xc0, 0x18, 0xc0, 0x18, 0xc0,
    0x18, 0xc0, 0x18, 0xc0, 0x18, 0xc0, 0x18, 0xc0, 0x18, 0xc0, 0x18, 0xc0,
    0x18, 0xc0, 0x18, 0xc0, 0x18, 0xc0, 0x18, 0xc0, 0x18, 0xc0, 0x18, 0xc0,
    0x18, 0xc0, 0x18, 0xc0, 0x18, 0xc0, 0x18, 0xc0, 0x18, 0xc0, 0x18, 0xc0,
    0x18, 0xc0, 0x18, 0xc0, 0x18, 0xc0, 0x18, 0xc0, 0x18, 0xc0, 0x18, 0xc0,
    0x18, 0xc0, 0x18, 0xc0, 0x18, 0xc0, 0x00, 0xc0, 0x00, 0xc0, 0x00, 0xc0,
    0x00, 0xc0, 0x00, 0xc0, 0x00, 0xc0, 0x00, 0xc0, 0x00, 0xc0, 0x00, 0xc0,
    0x00, 0xc0, 0x00, 0xc0, 0x00, 0xc0, 0x00, 0xc0, 0x00, 0xc0, 0x00, 0xc0,
    0x00, 0xc0, 0x00, 0xc0, 0x00, 0xc0, 0x00, 0xc0, 0x00, 0xc0, 0x00, 0xc0,
    0x00, 0xc0, 0x00, 0xc0, 0x00, 0xc0, 0x00, 0xc0, 0x00, 0xc0, 0x00, 0xc0,
    0x00, 0xc0, 0x00, 0xc0, 0x00, 0xc0, 0x00, 0xc0, 0x00, 0xc0, 0x00, 0xc0,
    0x00, 0xc0, 0x00, 0xc0, 0x00, 0xc0, 0x00, 0xc0, 0x00, 0xc0, 0x00, 0xc0,
    0x00, 0xc0, 0x00, 0xc0, 0x00, 0xc0, 0x00, 0xc0, 0x00, 0xc0, 0x00, 0xc0,
    0x0d, 0x30, 0x18, 0x00, 0x18, 0x00, 0x18, 0x00, 0x18, 0x00, 0x18, 0x00,
    0x18, 0x00, 0x18, 0x00, 0x18, 0x00, 0x18, 0x00, 0x18, 0x00, 0x18, 0x00,
    0x18, 0x00, 0x18, 0x00, 0x18, 0x00, 0x18, 0x00, 0x18, 0x00, 0x18, 0x00,
    0x18, 0x00, 0x18, 0x00, 0x18, 0x00, 0x18, 0x00, 0x18, 0x00, 0x18, 0x00,
    0x18, 0x00, 0x18, 0x00, 0x18, 0x00, 0x18, 0x00, 0x18, 0x00, 0x18, 0x00,
    0x18, 0x00, 0x18, 0x00, 0x18, 0x00, 0x18, 0x00, 0x18, 0x00, 0x18, 0x00,
    0x18, 0x00, 0x18, 0x00, 0x18, 0x00, 0x18, 0x00, 0x18, 0x00, 0x18, 0x00,
    0x18, 0x00, 0x18, 0x00, 0x18, 0x00, 0x18, 0x00, 0x18, 0xc6, 0x18, 0xc6,
    0x18, 0xc6, 0x18, 0xc6, 0x18, 0xc6, 0x18, 0xc6, 0x18, 0xc6, 0x18, 0xc6,
    0x18, 0xc6, 0x18, 0xc6, 0x18, 0xc6, 0x18, 0xc6, 0x18, 0xc6, 0x18, 0xc6,
    0x18, 0xc6, 0x18, 0xc6, 0x18, 0xc6, 0x18, 0xc6, 0x18, 0xc6, 0x18, 0xc6,
    0x18, 0xc6, 0x18, 0xc6, 0x18, 0xc6, 0x18, 0xc6, 0x18, 0xc6, 0x18, 0xc6,
    0x18, 0xc6, 0x18, 0xc6, 0x18, 0xc6, 0x18, 0xc6, 0x18, 0xc6, 0x18, 0xc6,
    0x18, 0xc6, 0x18, 0xc6, 0x18, 0xc6, 0x18, 0xc6, 0x18, 0xc6, 0x18, 0xc6,
    0x18, 0xc6, 0x18, 0xc6, 0x18, 0xc6, 0x18, 0xc6, 0x18, 0xc6, 0x18, 0xc6,
    0x18, 0xc6, 0xf8, 0xbd, 0x00, 0xc6, 0x00, 0xc6, 0x00, 0xc6, 0x00, 0xc6,
    0x00, 0xc6, 0x00, 0xc6, 0x00, 0xc6, 0x00, 0xc6, 0x00, 0xc6, 0x00, 0xc6,
    0x00, 0xc6, 0x00, 0xc6, 0x00, 0xc6, 0x00, 0xc6, 0x00, 0xc6, 0x00, 0xc6,
    0x00, 0xc6, 0x00, 0xc6, 0x00, 0xc6, 0x00, 0xc6, 0x00, 0xc6, 0x00, 0xc6,
    0x00, 0xc6, 0x00, 0xc6, 0x00, 0xc6, 0x00, 0xc6, 0x00, 0xc6, 0x00, 0xc6,
    0x00, 0xc6, 0x00, 0xc6, 0x00, 0xc6, 0x00, 0xc6, 0x00, 0xc6, 0x00, 0xc6,
    0x00, 0xc6, 0x00, 0xc6, 0x00, 0xc6, 0x00, 0xc6, 0x00, 0xc6, 0x00, 0xc6,
    0x00, 0xc6, 0x00, 0xc6, 0x00, 0xc6, 0x00, 0xc6, 0x00, 0xc6, 0xf8, 0xbd,
    0x18, 0x06, 0x18, 0x06, 0x18, 0x06, 0x18, 0x06, 0x18, 0x06, 0x18, 0x06,
    0x18, 0x06, 0x18, 0x06, 0x18, 0x06, 0x18, 0x06, 0x18, 0x06, 0x18, 0x06,
    0x18, 0x06, 0x18, 0x06, 0x18, 0x06, 0x18, 0x06, 0x18, 0x06, 0x18, 0x06,
    0x18, 0x06, 0x18, 0x06, 0x18, 0x06, 0x18, 0x06, 0x18, 0x06, 0x18, 0x06,
    0x18, 0x06, 0x18, 0x06, 0x18, 0x06, 0x18, 0x06, 0x18, 0x06, 0x18, 0x06,
    0x18, 0x06, 0x18, 0x06, 0x18, 0x06, 0x18, 0x06, 0x18, 0x06, 0x18, 0x06,
    0x18, 0x06, 0x18, 0x06, 0x18, 0x06, 0x18, 0x06, 0x18, 0x06, 0x18, 0x06,
    0x18, 0x06, 0x18, 0x06, 0x18, 0x06, 0xe2, 0x0c, 0x00, 0x06, 0x00, 0x06,
    0x00, 0x06, 0x00, 0x06, 0x00, 0x06, 0x00, 0x06, 0x00, 0x06, 0x00, 0x06,
    0x00, 0x06, 0x00, 0x06, 0x00, 0x06, 0x00, 0x06, 0x00, 0x06, 0x00, 0x06,
    0x00, 0x06, 0x00, 0x06, 0x00, 0x06, 0x00, 0x06, 0x00, 0x06, 0x00, 0x06,
    0x00, 0x06, 0x00, 0x06, 0x00, 0x06, 0x00, 0x06, 0x00, 0x06, 0x00, 0x06,
    0x00, 0x06, 0x00, 0x06, 0x00, 0x06, 0x00, 0x06, 0x00, 0x06, 0x00, 0x06,
    0x00, 0x06, 0x00, 0x06, 0x00, 0x06, 0x00, 0x06, 0x00, 0x06, 0x00, 0x06,
    0x00, 0x06, 0x00, 0x06, 0x00, 0x06, 0x00, 0x06, 0x00, 0x06, 0x00, 0x06,
    0x27, 0x3b, 0x18, 0xc0, 0x18, 0xc0, 0x18, 0xc0, 0x18, 0xc0, 0x18, 0xc0,
    0x18, 0xc0, 0x18, 0xc0, 0x18, 0xc0, 0x18, 0xc0, 0x18, 0xc0, 0x18, 0xc0,
    0x18, 0xc0, 0x18, 0xc0, 0x18, 0xc0, 0x18, 0xc0, 0x18, 0xc0, 0x18, 0xc0,
    0x18, 0xc0, 0x18, 0xc0, 0x18, 0xc0, 0x18, 0xc0, 0x18, 0xc0, 0x18, 0xc0,
    0x18, 0xc0, 0x18, 0xc0, 0x18, 0xc0, 0x18, 0xc0, 0x18, 0xc0, 0x18, 0xc0,
    0x18, 0xc0, 0x18, 0xc0, 0x18, 0xc0, 0x18, 0xc0, 0x18, 0xc0, 0x18, 0xc0,
    0x18, 0xc0, 0x18, 0xc0, 0x18, 0xc0, 0x18, 0xc0, 0x18, 0xc0, 0x18, 0xc0,
    0x18, 0xc0, 0x18, 0xc0, 0x18, 0xc0, 0x18, 0xc0, 0x18, 0xc0, 0x00, 0xc0,
    0x00, 0xc0, 0x00, 0xc0, 0x00, 0xc0, 0x00, 0xc0, 0x00, 0xc0, 0x00, 0xc0,
    0x00, 0xc0, 0x00, 0xc0, 0x00, 0xc0, 0x00, 0xc0, 0x00, 0xc0, 0x00, 0xc0,
    0x00, 0xc0, 0x00, 0xc0, 0x00, 0xc0, 0x00, 0xc0, 0x00, 0xc0, 0x00, 0xc0,
    0x00, 0xc0, 0x00, 0xc0, 0x00, 0xc0, 0x00, 0xc0, 0x00, 0xc0, 0x00, 0xc0,
    0x00, 0xc0, 0x00, 0xc0, 0x00, 0xc0, 0x00, 0xc0, 0x00, 0xc0, 0x00, 0xc0,
    0x00, 0xc0, 0x00, 0xc0, 0x00, 0xc0, 0x00, 0xc0, 0x00, 0xc0, 0x00, 0xc0,
    0x00, 0xc0, 0x00, 0xc0, 0x00, 0xc0, 0x00, 0xc0, 0x00, 0xc0, 0x00, 0xc0,
    0x00, 0xc0, 0x00, 0xc0, 0x0d, 0x30, 0x18, 0x00, 0x18, 0x00, 0x18, 0x00,
    0x18, 0x00, 0x18, 0x00, 0x18, 0x00, 0x18, 0x00, 0x18, 0x00, 0x18, 0x00,
    0x18, 0x00, 0x18, 0x00, 0x18, 0x00, 0x18, 0x00, 0x18, 0x00, 0x18, 0x00,
    0x18, 0x00, 0x18, 0x00, 0x18, 0x00, 0x18, 0x00, 0x18, 0x00, 0x18, 0x00,
    0x18, 0x00, 0x18, 0x00, 0x18, 0x00, 0x18, 0x00, 0x18, 0x00, 0x18, 0x00,
    0x18, 0x00, 0x18, 0x00, 0x18, 0x00, 0x18, 0x00, 0x18, 0x00, 0x18, 0x00,
    0x18, 0x00, 0x18, 0x00, 0x18, 0x00, 0x18, 0x00, 0x18, 0x00, 0x18, 0x00,
    0x18, 0x00, 0x18, 0x00, 0x18, 0x00, 0x18, 0x00, 0x18, 0x00, 0x18, 0x00,
    0x18, 0xc6, 0x18, 0xc6, 0x18, 0xc6, 0x18, 0xc6, 0x18, 0xc6, 0x18, 0xc6,
    0x18, 0xc6, 0x18, 0xc6, 0x18, 0xc6, 0x18, 0xc6, 0x18, 0xc6, 0x18, 0xc6,
    0x18, 0xc6, 0x18, 0xc6, 0x18, 0xc6, 0x18, 0xc6, 0x18, 0xc6, 0x18, 0xc6,
    0x18, 0xc6, 0x18, 0xc6, 0x18, 0xc6, 0x18, 0xc6, 0x18, 0xc6, 0x18, 0xc6,
    0x18, 0xc6, 0x18, 0xc6, 0x18, 0xc6, 0x18, 0xc6, 0x18, 0xc6, 0x18, 0xc6,
    0x18, 0xc6, 0x18, 0xc6, 0x18, 0xc6, 0x18, 0xc6, 0x18, 0xc6, 0x18, 0xc6,
    0x18, 0xc6, 0x18, 0xc6, 0x18, 0xc6, 0x18, 0xc6, 0x18, 0xc6, 0x18, 0xc6,
    0x18, 0xc6, 0x18, 0xc6, 0x18, 0xc6, 0x18, 0xc6, 0x00, 0xc6, 0x00, 0xc6,
    0x00, 0xc6, 0x00, 0xc6, 0x00, 0xc6, 0x00, 0xc6, 0x00, 0xc6, 0x00, 0xc6,
    0x00, 0xc6, 0x00, 0xc6, 0x00, 0xc6, 0x00, 0xc6, 0x00, 0xc6, 0x00, 0xc6,
    0x00, 0xc6, 0x00, 0xc6, 0x00, 0xc6, 0x00, 0xc6, 0x00, 0xc6, 0x00, 0xc6,
    0x00, 0xc6, 0x00, 0xc6, 0x00, 0xc6, 0x00, 0xc6, 0x00, 0xc6, 0x00, 0xc6,
    0x00, 0xc6, 0x00, 0xc6, 0x00, 0xc6, 0x00, 0xc6, 0x00, 0xc6, 0x00, 0xc6,
    0x00, 0xc6, 0x00, 0xc6, 0x00, 0xc6, 0x00, 0xc6, 0x00, 0xc6, 0x00, 0xc6,
    0x00, 0xc6, 0x00, 0xc6, 0x00, 0xc6, 0x00, 0xc6, 0x00, 0xc6, 0x00, 0xc6,
    0x00, 0xc6, 0x18, 0xc6, 0x18, 0x06, 0x18, 0x06, 0x18, 0x06, 0x18, 0x06,
    0x18, 0x06, 0x18, 0x06, 0x18, 0x06, 0x18, 0x06, 0x18, 0x06, 0x18, 0x06,
    0x18, 0x06, 0x18, 0x06, 0x18, 0x06, 0x18, 0x06, 0x18, 0x06, 0x18, 0x06,
    0x18, 0x06, 0x18, 0x06, 0x18, 0x06, 0x18, 0x06, 0x18, 0x06, 0x18, 0x06,
    0x18, 0x06, 0x18, 0x06, 0x18, 0x06, 0x18, 0x06, 0x18, 0x06, 0x18, 0x06,
    0x18, 0x06, 0x18, 0x06, 0x18, 0x06, 0x18, 0x06, 0x18, 0x06, 0x18, 0x06,
    0x18, 0x06, 0x18, 0x06, 0x18, 0x06, 0x18, 0x06, 0x18, 0x06, 0x18, 0x06,
    0x18, 0x06, 0x18, 0x06, 0x18, 0x06, 0x18, 0x06, 0x18, 0x06, 0x03, 0x0d,
    0x00, 0x06, 0x00, 0x06, 0x00, 0x06, 0x00, 0x06, 0x00, 0x06, 0x00, 0x06,
    0x00, 0x06, 0x00, 0x06, 0x00, 0x06, 0x00, 0x06, 0x00, 0x06, 0x00, 0x06,
    0x00, 0x06, 0x00, 0x06, 0x00, 0x06, 0x00, 0x06, 0x00, 0x06, 0x00, 0x06,
    0x00, 0x06, 0x00, 0x06, 0x00, 0x06, 0x00, 0x06, 0x00, 0x06, 0x00, 0x06,
    0x00, 0x06, 0x00, 0x06, 0x00, 0x06, 0x00, 0x06, 0x00, 0x06, 0x00, 0x06,
    0x00, 0x06, 0x00, 0x06, 0x00, 0x06, 0x00, 0x06, 0x00, 0x06, 0x00, 0x06,
    0x00, 0x06, 0x00, 0x06, 0x00, 0x06, 0x00, 0x06, 0x00, 0x06, 0x00, 0x06,
    0x00, 0x06, 0x00, 0x06, 0x28, 0x43, 0x18, 0xc0, 0x18, 0xc0, 0x18, 0xc0,
    0x18, 0xc0, 0x18, 0xc0, 0x18, 0xc0, 0x18, 0xc0, 0x18, 0xc0, 0x18, 0xc0,
    0x18, 0xc0, 0x18, 0xc0, 0x18, 0xc0, 0x18, 0xc0, 0x18, 0xc0, 0x18, 0xc0,
    0x18, 0xc0, 0x18, 0xc0, 0x18, 0xc0, 0x18, 0xc0, 0x18, 0xc0, 0x18, 0xc0,
    0x18, 0xc0, 0x18, 0xc0, 0x18, 0xc0, 0x18, 0xc0, 0x18, 0xc0, 0x18, 0xc0,
    0x18, 0xc0, 0x18, 0xc0, 0x18, 0xc0, 0x18, 0xc0, 0x18, 0xc0, 0x18, 0xc0,
    0x18, 0xc0, 0x18, 0xc0, 0x18, 0xc0, 0x18, 0xc0, 0x18, 0xc0, 0x18, 0xc0,
    0x18, 0xc0, 0x18, 0xc0, 0x18, 0xc0, 0x18, 0xc0, 0x18, 0xc0, 0x18, 0xc0,
    0x18, 0xc0, 0x00, 0xc0, 0x00, 0xc0, 0x00, 0xc0, 0x00, 0xc0, 0x00, 0xc0,
    0x00, 0xc0, 0x00, 0xc0, 0x00, 0xc0, 0x00, 0xc0, 0x00, 0xc0, 0x00, 0xc0,
    0x00, 0xc0, 0x00, 0xc0, 0x00, 0xc0, 0x00, 0xc0, 0x00, 0xc0, 0x00, 0xc0,
    0x00, 0xc0, 0x00, 0xc0, 0x00, 0xc0, 0x00, 0xc0, 0x00, 0xc0, 0x00, 0xc0,
    0x00, 0xc0, 0x00, 0xc0, 0x00, 0xc0, 0x00, 0xc0, 0x00, 0xc0, 0x00, 0xc0,
    0x00, 0xc0, 0x00, 0xc0, 0x00, 0xc0, 0x00, 0xc0, 0x00, 0xc0, 0x00, 0xc0,
    0x00, 0xc0, 0x00, 0xc0, 0x00, 0xc0, 0x00, 0xc0, 0x00, 0xc0, 0x00, 0xc0,
    0x00, 0xc0, 0x00, 0xc0, 0x00, 0xc0, 0x00, 0xc0, 0x0d, 0x30, 0x18, 0x00,
    0x18, 0x00, 0x18, 0x00, 0x18, 0x00, 0x18, 0x00, 0x18, 0x00, 0x18, 0x00,
    0x18, 0x00, 0x18, 0x00, 0x18, 0x00, 0x18, 0x00, 0x18, 0x00, 0x18, 0x00,
    0x18, 0x00, 0x18, 0x00, 0x18, 0x00, 0x18, 0x00, 0x18, 0x00, 0x18, 0x00,
    0x18, 0x00, 0x18, 0x00, 0x18, 0x00, 0x18, 0x00, 0x18, 0x00, 0x18, 0x00,
    0x18, 0x00, 0x18, 0x00, 0x18, 0x00, 0x18, 0x00, 0x18, 0x00, 0x18, 0x00,
    0x18, 0x00, 0x18, 0x00, 0x18, 0x00, 0x18, 0x00, 0x18, 0x00, 0x18, 0x00,
    0x18, 0x00, 0x18, 0x00, 0x18, 0x00, 0x18, 0x00, 0x18, 0x00, 0x18, 0x00,
    0x18, 0x00, 0x18, 0x00, 0x18, 0xc6, 0x18, 0xc6, 0x18, 0xc6, 0x18, 0xc6,
    0x18, 0xc6, 0x18, 0xc6, 0x18, 0xc6, 0x18, 0xc6, 0x18, 0xc6, 0x18, 0xc6,
    0x18, 0xc6, 0x18, 0xc6, 0x18, 0xc6, 0x18, 0xc6, 0x18, 0xc6, 0x18, 0xc6,
    0x18, 0xc6, 0x18, 0xc6, 0x18, 0xc6, 0x18, 0xc6, 0x18, 0xc6, 0x18, 0xc6,
    0x18, 0xc6, 0x18, 0xc6, 0x18, 0xc6, 0x18, 0xc6, 0x18, 0xc6, 0x18, 0xc6,
    0x18, 0xc6, 0x18, 0xc6, 0x18, 0xc6, 0x18, 0xc6, 0x18, 0xc6, 0x18, 0xc6,
    0x18, 0xc6, 0x18, 0xc6, 0x18, 0xc6, 0x18, 0xc6, 0x18, 0xc6, 0x18, 0xc6,
    0x18, 0xc6, 0x18, 0xc6, 0x18, 0xc6, 0x18, 0xc6, 0x18, 0xc6, 0xf8, 0xbd,
    0x00, 0xc6, 0x00, 0xc6, 0x00, 0xc6, 0x00, 0xc6, 0x00, 0xc6, 0x00, 0xc6,
    0x00, 0xc6, 0x00, 0xc6, 0x00, 0xc6, 0x00, 0xc6, 0x00, 0xc6, 0x00, 0xc6,
    0x00, 0xc6, 0x00, 0xc6, 0x00, 0xc6, 0x00, 0xc6, 0x00, 0xc6, 0x00, 0xc6,
    0x00, 0xc6, 0x00, 0xc6, 0x00, 0xc6, 0x00, 0xc6, 0x00, 0xc6, 0x00, 0xc6,
    0x00, 0xc6, 0x00, 0xc6, 0x00, 0xc6, 0x00, 0xc6, 0x00, 0xc6, 0x00, 0xc6,
    0x00, 0xc6, 0x00, 0xc6, 0x00, 0xc6, 0x00, 0xc6, 0x00, 0xc6, 0x00, 0xc6,
    0x00, 0xc6, 0x00, 0xc6, 0x00, 0xc6, 0x00, 0xc6, 0x00, 0xc6, 0x00, 0xc6,
    0x00, 0xc6, 0x00, 0xc6, 0x00, 0xc6, 0xf8, 0xbd, 0x18, 0x06, 0x18, 0x06,
    0x18, 0x06, 0x18, 0x06, 0x18, 0x06, 0x18, 0x06, 0x18, 0x06, 0x18, 0x06,
    0x18, 0x06, 0x18, 0x06, 0x18, 0x06, 0x18, 0x06, 0x18, 0x06, 0x18, 0x06,
    0x18, 0x06, 0x18, 0x06, 0x18, 0x06, 0x18, 0x06, 0x18, 0x06, 0x18, 0x06,
    0x18, 0x06, 0x18, 0x06, 0x18, 0x06, 0x18, 0x06, 0x18, 0x06, 0x18, 0x06,
    0x18, 0x06, 0x18, 0x06, 0x18, 0x06, 0x18, 0x06, 0x18, 0x06, 0x18, 0x06,
    0x18, 0x06, 0x18, 0x06, 0x18, 0x06, 0x18, 0x06, 0x18, 0x06, 0x18, 0x06,
    0x18, 0x06, 0x18, 0x06, 0x18, 0x06, 0x18, 0x06, 0x18, 0x06, 0x18, 0x06,
    0x18, 0x06, 0xe2, 0x04, 0x00, 0x06, 0x00, 0x06, 0x00, 0x06, 0x00, 0x06,
    0x00, 0x06, 0x00, 0x06, 0x00, 0x06, 0x00, 0x06, 0x00, 0x06, 0x00, 0x06,
    0x00, 0x06, 0x00, 0x06, 0x00, 0x06, 0x00, 0x06, 0x00, 0x06, 0x00, 0x06,
    0x00, 0x06, 0x00, 0x06, 0x00, 0x06, 0x00, 0x06, 0x00, 0x06, 0x00, 0x06,
    0x00, 0x06, 0x00, 0x06, 0x00, 0x06, 0x00, 0x06, 0x00, 0x06, 0x00, 0x06,
    0x00, 0x06, 0x00, 0x06, 0x00, 0x06, 0x00, 0x06, 0x00, 0x06, 0x00, 0x06,
    0x00, 0x06, 0x00, 0x06, 0x00, 0x06, 0x00, 0x06, 0x00, 0x06, 0x00, 0x06,
    0x00, 0x06, 0x00, 0x06, 0x00, 0x06, 0x00, 0x06, 0x47, 0x3b, 0x18, 0xc0,
    0x18, 0xc0, 0x18, 0xc0, 0x18, 0xc0, 0x18, 0xc0, 0x18, 0xc0, 0x18, 0xc0,
    0x18, 0xc0, 0x18, 0xc0, 0x18, 0xc0, 0x18, 0xc0, 0x18, 0xc0, 0x18, 0xc0,
    0x18, 0xc0, 0x18, 0xc0, 0x18, 0xc0, 0x18, 0xc0, 0x18, 0xc0, 0x18, 0xc0,
    0x18, 0xc0, 0x18, 0xc0, 0x18, 0xc0, 0x18, 0xc0, 0x18, 0xc0, 0x18, 0xc0,
    0x18, 0xc0, 0x18, 0xc0, 0x18, 0xc0, 0x18, 0xc0, 0x18, 0xc0, 0x18, 0xc0,
    0x18, 0xc0, 0x18, 0xc0, 0x18, 0xc0, 0x18, 0xc0, 0x18, 0xc0, 0x18, 0xc0,
    0x18, 0xc0, 0x18, 0xc0, 0x18, 0xc0, 0x18, 0xc0, 0x18, 0xc0, 0x18, 0xc0,
    0x18, 0xc0, 0x18, 0xc0, 0x18, 0xc0, 0x00, 0xc0, 0x00, 0xc0, 0x00, 0xc0,
    0x00, 0xc0, 0x00, 0xc0, 0x00, 0xc0, 0x00, 0xc0, 0x00, 0xc0, 0x00, 0xc0,
    0x00, 0xc0, 0x00, 0xc0, 0x00, 0xc0, 0x00, 0xc0, 0x00, 0xc0, 0x00, 0xc0,
    0x00, 0xc0, 0x00, 0xc0, 0x00, 0xc0, 0x00, 0xc0, 0x00, 0xc0, 0x00, 0xc0,
    0x00, 0xc0, 0x00, 0xc0, 0x00, 0xc0, 0x00, 0xc0, 0x00, 0xc0, 0x00, 0xc0,
    0x00, 0xc0, 0x00, 0xc0, 0x00, 0xc0, 0x00, 0xc0, 0x00, 0xc0, 0x00, 0xc0,
    0x00, 0xc0, 0x00, 0xc0, 0x00, 0xc0, 0x00, 0xc0, 0x00, 0xc0, 0x00, 0xc0,
    0x00, 0xc0, 0x00, 0xc0, 0x00, 0xc0, 0x00, 0xc0, 0x00, 0xc0, 0x00, 0xc0,
    0x0e, 0x38, 0x18, 0x00, 0x18, 0x00, 0x18, 0x00, 0x18, 0x00, 0x18, 0x00,
    0x18, 0x00, 0x18, 0x00, 0x18, 0x00, 0x18, 0x00, 0x18, 0x00, 0x18, 0x00,
    0x18, 0x00, 0x18, 0x00, 0x18, 0x00, 0x18, 0x00, 0x18, 0x00, 0x18, 0x00,
    0x18, 0x00, 0x18, 0x00, 0x18, 0x00, 0x18, 0x00, 0x18, 0x00, 0x18, 0x00,
    0x18, 0x00, 0x18, 0x00, 0x18, 0x00, 0x18, 0x00, 0x18, 0x00, 0x18, 0x00,
    0x18, 0x00, 0x18, 0x00, 0x18, 0x00, 0x18, 0x00, 0x18, 0x00, 0x18, 0x00,
    0x18, 0x00, 0x18, 0x00, 0x18, 0x00, 0x18, 0x00, 0x18, 0x00, 0x18, 0x00,
    0x18, 0x00, 0x18, 0x00, 0x18, 0x00, 0x18, 0x00, 0x18, 0xc6, 0x18, 0xc6,
    0x18, 0xc6, 0x18, 0xc6, 0x18, 0xc6, 0x18, 0xc6, 0x18, 0xc6, 0x18, 0xc6,
    0x18, 0xc6, 0x18, 0xc6, 0x18, 0xc6, 0x18, 0xc6, 0x18, 0xc6, 0x18, 0xc6,
    0x18, 0xc6, 0x18, 0xc6, 0x18, 0xc6, 0x18, 0xc6, 0x18, 0xc6, 0x18, 0xc6,
    0x18, 0xc6, 0x18, 0xc6, 0x18, 0xc6, 0x18, 0xc6, 0x18, 0xc6, 0x18, 0xc6,
    0x18, 0xc6, 0x18, 0xc6, 0x18, 0xc6, 0x18, 0xc6, 0x18, 0xc6, 0x18, 0xc6,
    0x18, 0xc6, 0x18, 0xc6, 0x18, 0xc6, 0x18, 0xc6, 0x18, 0xc6, 0x18, 0xc6,
    0x18, 0xc6, 0x18, 0xc6, 0x18, 0xc6, 0x18, 0xc6, 0x18, 0xc6, 0x18, 0xc6,
    0x18, 0xc6, 0xf8, 0xbd, 0x00, 0xc6, 0x00, 0xc6, 0x00, 0xc6, 0x00, 0xc6,
    0x00, 0xc6, 0x00, 0xc6, 0x00, 0xc6, 0x00, 0xc6, 0x00, 0xc6, 0x00, 0xc6,
    0x00, 0xc6, 0x00, 0xc6, 0x00, 0xc6, 0x00, 0xc6, 0x00, 0xc6, 0x00, 0xc6,
    0x00, 0xc6, 0x00, 0xc6, 0x00, 0xc6, 0x00, 0xc6, 0x00, 0xc6, 0x00, 0xc6,
    0x00, 0xc6, 0x00, 0xc6, 0x00, 0xc6, 0x00, 0xc6, 0x00, 0xc6, 0x00, 0xc6,
    0x00, 0xc6, 0x00, 0xc6, 0x00, 0xc6, 0x00, 0xc6, 0x00, 0xc6, 0x00, 0xc6,
    0x00, 0xc6, 0x00, 0xc6, 0x00, 0xc6, 0x00, 0xc6, 0x00, 0xc6, 0x00, 0xc6,
    0x00, 0xc6, 0x00, 0xc6, 0x00, 0xc6, 0x00, 0xc6, 0x00, 0xc6, 0xf8, 0xbd,
    0x18, 0x06, 0x18, 0x06, 0x18, 0x06, 0x18, 0x06, 0x18, 0x06, 0x18, 0x06,
    0x18, 0x06, 0x18, 0x06, 0x18, 0x06, 0x18, 0x06, 0x18, 0x06, 0x18, 0x06,
    0x18, 0x06, 0x18, 0x06, 0x18, 0x06, 0x18, 0x06, 0x18, 0x06, 0x18, 0x06,
    0x18, 0x06, 0x18, 0x06, 0x18, 0x06, 0x18, 0x06, 0x18, 0x06, 0x18, 0x06,
    0x18, 0x06, 0x18, 0x06, 0x18, 0x06, 0x18, 0x06, 0x18, 0x06, 0x18, 0x06,
    0x18, 0x06, 0x18, 0x06, 0x18, 0x06, 0x18, 0x06, 0x18, 0x06, 0x18, 0x06,
    0x18, 0x06, 0x18, 0x06, 0x18, 0x06, 0x18, 0x06, 0x18, 0x06, 0x18, 0x06,
    0x18, 0x06, 0x18, 0x06, 0x18, 0x06, 0xe2, 0x04, 0x00, 0x06, 0x00, 0x06,
    0x00, 0x06, 0x00, 0x06, 0x00, 0x06, 0x00, 0x06, 0x00, 0x06, 0x00, 0x06,
    0x00, 0x06, 0x00, 0x06, 0x00, 0x06, 0x00, 0x06, 0x00, 0x06, 0x00, 0x06,
    0x00, 0x06, 0x00, 0x06, 0x00, 0x06, 0x00, 0x06, 0x00, 0x06, 0x00, 0x06,
    0x00, 0x06, 0x00, 0x06, 0x00, 0x06, 0x00, 0x06, 0x00, 0x06, 0x00, 0x06,
    0x00, 0x06, 0x00, 0x06, 0x00, 0x06, 0x00, 0x06, 0x00, 0x06, 0x00, 0x06,
    0x00, 0x06, 0x00, 0x06, 0x00, 0x06, 0x00, 0x06, 0x00, 0x06, 0x00, 0x06,
    0x00, 0x06, 0x00, 0x06, 0x00, 0x06, 0x00, 0x06, 0x00, 0x06, 0x00, 0x06,
    0x47, 0x3b, 0x18, 0xc0, 0x18, 0xc0, 0x18, 0xc0, 0x18, 0xc0, 0x18, 0xc0,
    0x18, 0xc0, 0x18, 0xc0, 0x18, 0xc0, 0x18, 0xc0, 0x18, 0xc0, 0x18, 0xc0,
    0x18, 0xc0, 0x18, 0xc0, 0x18, 0xc0, 0x18, 0xc0, 0x18, 0xc0, 0x18, 0xc0,
    0x18, 0xc0, 0x18, 0xc0, 0x18, 0xc0, 0x18, 0xc0, 0x18, 0xc0, 0x18, 0xc0,
    0x18, 0xc0, 0x18, 0xc0, 0x18, 0xc0, 0x18, 0xc0, 0x18, 0xc0, 0x18, 0xc0,
    0x18, 0xc0, 0x18, 0xc0, 0x18, 0xc0, 0x18, 0xc0, 0x18, 0xc0, 0x18, 0xc0,
    0x18, 0xc0, 0x18, 0xc0, 0x18, 0xc0, 0x18, 0xc0, 0x18, 0xc0, 0x18, 0xc0,
    0x18, 0xc0, 0x18, 0xc0, 0x18, 0xc0, 0x18, 0xc0, 0x18, 0xc0, 0x00, 0xc0,
    0x00, 0xc0, 0x00, 0xc0, 0x00, 0xc0, 0x00, 0xc0, 0x00, 0xc0, 0x00, 0xc0,
    0x00, 0xc0, 0x00, 0xc0, 0x00, 0xc0, 0x00, 0xc0, 0x00, 0xc0, 0x00, 0xc0,
    0x00, 0xc0, 0x00, 0xc0, 0x00, 0xc0, 0x00, 0xc0, 0x00, 0xc0, 0x00, 0xc0,
    0x00, 0xc0, 0x00, 0xc0, 0x00, 0xc0, 0x00, 0xc0, 0x00, 0xc0, 0x00, 0xc0,
    0x00, 0xc0, 0x00, 0xc0, 0x00, 0xc0, 0x00, 0xc0, 0x00, 0xc0, 0x00, 0xc0,
    0x00, 0xc0, 0x00, 0xc0, 0x00, 0xc0, 0x00, 0xc0, 0x00, 0xc0, 0x00, 0xc0,
    0x00, 0xc0, 0x00, 0xc0, 0x00, 0xc0, 0x00, 0xc0, 0x00, 0xc0, 0x00, 0xc0,
    0x00, 0xc0, 0x00, 0xc0, 0x0d, 0x30, 0x18, 0x00, 0x18, 0x00, 0x18, 0x00,
    0x18, 0x00, 0x18, 0x00, 0x18, 0x00, 0x18, 0x00, 0x18, 0x00, 0x18, 0x00,
    0x18, 0x00, 0x18, 0x00, 0x18, 0x00, 0x18, 0x00, 0x18, 0x00, 0x18, 0x00,
    0x18, 0x00, 0x18, 0x00, 0x18, 0x00, 0x18, 0x00, 0x18, 0x00, 0x18, 0x00,
    0x18, 0x00, 0x18, 0x00, 0x18, 0x00, 0x18, 0x00, 0x18, 0x00, 0x18, 0x00,
    0x18, 0x00, 0x18, 0x00, 0x18, 0x00, 0x18, 0x00, 0x18, 0x00, 0x18, 0x00,
    0x18, 0x00, 0x18, 0x00, 0x18, 0x00, 0x18, 0x00, 0x18, 0x00, 0x18, 0x00,
    0x18, 0x00, 0x18, 0x00, 0x18, 0x00, 0x18, 0x00, 0x18, 0x00, 0x18, 0x00,
    0x18, 0xc6, 0x18, 0xc6, 0x18, 0xc6, 0x18, 0xc6, 0x18, 0xc6, 0x18, 0xc6,
    0x18, 0xc6, 0x18, 0xc6, 0x18, 0xc6, 0x18, 0xc6, 0x18, 0xc6, 0x18, 0xc6,
    0x18, 0xc6, 0x18, 0xc6, 0x18, 0xc6, 0x18, 0xc6, 0x18, 0xc6, 0x18, 0xc6,
    0x18, 0xc6, 0x18, 0xc6, 0x18, 0xc6, 0x18, 0xc6, 0x18, 0xc6, 0x18, 0xc6,
    0x18, 0xc6, 0x18, 0xc6, 0x18, 0xc6, 0x18, 0xc6, 0x18, 0xc6, 0x18, 0xc6,
    0x18, 0xc6, 0x18, 0xc6, 0x18, 0xc6, 0x18, 0xc6, 0x18, 0xc6, 0x18, 0xc6,
    0x18, 0xc6, 0x18, 0xc6, 0x18, 0xc6, 0x18, 0xc6, 0x18, 0xc6, 0x18, 0xc6,
    0x18, 0xc6, 0x18, 0xc6, 0x18, 0xc6, 0xf8, 0xc5, 0x00, 0xc6, 0x00, 0xc6,
    0x00, 0xc6, 0x00, 0xc6, 0x00, 0xc6, 0x00, 0xc6, 0x00, 0xc6, 0x00, 0xc6,
    0x00, 0xc6, 0x00, 0xc6, 0x00, 0xc6, 0x00, 0xc6, 0x00, 0xc6, 0x00, 0xc6,
    0x00, 0xc6, 0x00, 0xc6, 0x00, 0xc6, 0x00, 0xc6, 0x00, 0xc6, 0x00, 0xc6,
    0x00, 0xc6, 0x00, 0xc6, 0x00, 0xc6, 0x00, 0xc6, 0x00, 0xc6, 0x00, 0xc6,
    0x00, 0xc6, 0x00, 0xc6, 0x00, 0xc6, 0x00, 0xc6, 0x00, 0xc6, 0x00, 0xc6,
    0x00, 0xc6, 0x00, 0xc6, 0x00, 0xc6, 0x00, 0xc6, 0x00, 0xc6, 0x00, 0xc6,
    0x00, 0xc6, 0x00, 0xc6, 0x00, 0xc6, 0x00, 0xc6, 0x00, 0xc6, 0x00, 0xc6,
    0x00, 0xc6, 0xf8, 0xc5, 0x18, 0x06, 0x18, 0x06, 0x18, 0x06, 0x18, 0x06,
    0x18, 0x06, 0x18, 0x06, 0x18, 0x06, 0x18, 0x06, 0x18, 0x06, 0x18, 0x06,
    0x18, 0x06, 0x18, 0x06, 0x18, 0x06, 0x18, 0x06, 0x18, 0x06, 0x18, 0x06,
    0x18, 0x06, 0x18, 0x06, 0x18, 0x06, 0x18, 0x06, 0x18, 0x06, 0x18, 0x06,
    0x18, 0x06, 0x18, 0x06, 0x18, 0x06, 0x18, 0x06, 0x18, 0x06, 0x18, 0x06,
    0x18, 0x06, 0x18, 0x06, 0x18, 0x06, 0x18, 0x06, 0x18, 0x06, 0x18, 0x06,
    0x18, 0x06, 0x18, 0x06, 0x18, 0x06, 0x18, 0x06, 0x18, 0x06, 0x18, 0x06,
    0x18, 0x06, 0x18, 0x06, 0x18, 0x06, 0x18, 0x06, 0x18, 0x06, 0xe3, 0x0c,
    0x00, 0x06, 0x00, 0x06, 0x00, 0x06, 0x00, 0x06, 0x00, 0x06, 0x00, 0x06,
    0x00, 0x06, 0x00, 0x06, 0x00, 0x06, 0x00, 0x06, 0x00, 0x06, 0x00, 0x06,
    0x00, 0x06, 0x00, 0x06, 0x00, 0x06, 0x00, 0x06, 0x00, 0x06, 0x00, 0x06,
    0x00, 0x06, 0x00, 0x06, 0x00, 0x06, 0x00, 0x06, 0x00, 0x06, 0x00, 0x06,
    0x00, 0x06, 0x00, 0x06, 0x00, 0x06, 0x00, 0x06, 0x00, 0x06, 0x00, 0x06,
    0x00, 0x06, 0x00, 0x06, 0x00, 0x06, 0x00, 0x06, 0x00, 0x06, 0x00, 0x06,
    0x00, 0x06, 0x00, 0x06, 0x00, 0x06, 0x00, 0x06, 0x00, 0x06, 0x00, 0x06,
    0x00, 0x06, 0x00, 0x06, 0x28, 0x43, 0x18, 0xc0, 0x18, 0xc0, 0x18, 0xc0,
    0x18, 0xc0, 0x18, 0xc0, 0x18, 0xc0, 0x18, 0xc0, 0x18, 0xc0, 0x18, 0xc0,
    0x18, 0xc0, 0x18, 0xc0, 0x18, 0xc0, 0x18, 0xc0, 0x18, 0xc0, 0x18, 0xc0,
    0x18, 0xc0, 0x18, 0xc0, 0x18, 0xc0, 0x18, 0xc0, 0x18, 0xc0, 0x18, 0xc0,
    0x18, 0xc0, 0x18, 0xc0, 0x18, 0xc0, 0x18, 0xc0, 0x18, 0xc0, 0x18, 0xc0,
    0x18, 0xc0, 0x18, 0xc0, 0x18, 0xc0, 0x18, 0xc0, 0x18, 0xc0, 0x18, 0xc0,
    0x18, 0xc0, 0x18, 0xc0, 0x18, 0xc0, 0x18, 0xc0, 0x18, 0xc0, 0x18, 0xc0,
    0x18, 0xc0, 0x18, 0xc0, 0x18, 0xc0, 0x18, 0xc0, 0x18, 0xc0, 0x18, 0xc0,
    0x18, 0xc0, 0x00, 0xc0, 0x00, 0xc0, 0x00, 0xc0, 0x00, 0xc0, 0x00, 0xc0,
    0x00, 0xc0, 0x00, 0xc0, 0x00, 0xc0, 0x00, 0xc0, 0x00, 0xc0, 0x00, 0xc0,
    0x00, 0xc0, 0x00, 0xc0, 0x00, 0xc0, 0x00, 0xc0, 0x00, 0xc0, 0x00, 0xc0,
    0x00, 0xc0, 0x00, 0xc0, 0x00, 0xc0, 0x00, 0xc0, 0x00, 0xc0, 0x00, 0xc0,
    0x00, 0xc0, 0x00, 0xc0, 0x00, 0xc0, 0x00, 0xc0, 0x00, 0xc0, 0x00, 0xc0,
    0x00, 0xc0, 0x00, 0xc0, 0x00, 0xc0, 0x00, 0xc0, 0x00, 0xc0, 0x00, 0xc0,
    0x00, 0xc0, 0x00, 0xc0, 0x00, 0xc0, 0x00, 0xc0, 0x00, 0xc0, 0x00, 0xc0,
    0x00, 0xc0, 0x00, 0xc0, 0x00, 0xc0, 0x00, 0xc0, 0x0d, 0x30, 0x18, 0x00,
    0x18, 0x00, 0x18, 0x00, 0x18, 0x00, 0x18, 0x00, 0x18, 0x00, 0x18, 0x00,
    0x18, 0x00, 0x18, 0x00, 0x18, 0x00, 0x18, 0x00, 0x18, 0x00, 0x18, 0x00,
    0x18, 0x00, 0x18, 0x00, 0x18, 0x00, 0x18, 0x00, 0x18, 0x00, 0x18, 0x00,
    0x18, 0x00, 0x18, 0x00, 0x18, 0x00, 0x18, 0x00, 0x18, 0x00, 0x18, 0x00,
    0x18, 0x00, 0x18, 0x00, 0x18, 0x00, 0x18, 0x00, 0x18, 0x00, 0x18, 0x00,
    0x18, 0x00, 0x18, 0x00, 0x18, 0x00, 0x18, 0x00, 0x18, 0x00, 0x18, 0x00,
    0x18, 0x00, 0x18, 0x00, 0x18, 0x00, 0x18, 0x00, 0x18, 0x00, 0x18, 0x00,
    0x18, 0x00, 0x18, 0x00, 0x18, 0xc6, 0x18, 0xc6, 0x18, 0xc6, 0x18, 0xc6,
    0x18, 0xc6, 0x18, 0xc6, 0x18, 0xc6, 0x18, 0xc6, 0x18, 0xc6, 0x18, 0xc6,
    0x18, 0xc6, 0x18, 0xc6, 0x18, 0xc6, 0x18, 0xc6, 0x18, 0xc6, 0x18, 0xc6,
    0x18, 0xc6, 0x18, 0xc6, 0x18, 0xc6, 0x18, 0xc6, 0x18, 0xc6, 0x18, 0xc6,
    0x18, 0xc6, 0x18, 0xc6, 0x18, 0xc6, 0x18, 0xc6, 0x18, 0xc6, 0x18, 0xc6,
    0x18, 0xc6, 0x18, 0xc6, 0x18, 0xc6, 0x18, 0xc6, 0x18, 0xc6, 0x18, 0xc6,
    0x18, 0xc6, 0x18, 0xc6, 0x18, 0xc6, 0x18, 0xc6, 0x18, 0xc6, 0x18, 0xc6,
    0x18, 0xc6, 0x18, 0xc6, 0x18, 0xc6, 0x18, 0xc6, 0x18, 0xc6, 0xf8, 0xbd,
    0x00, 0xc6, 0x00, 0xc6, 0x00, 0xc6, 0x00, 0xc6, 0x00, 0xc6, 0x00, 0xc6,
    0x00, 0xc6, 0x00, 0xc6, 0x00, 0xc6, 0x00, 0xc6, 0x00, 0xc6, 0x00, 0xc6,
    0x00, 0xc6, 0x00, 0xc6, 0x00, 0xc6, 0x00, 0xc6, 0x00, 0xc6, 0x00, 0xc6,
    0x00, 0xc6, 0x00, 0xc6, 0x00, 0xc6, 0x00, 0xc6, 0x00, 0xc6, 0x00, 0xc6,
    0x00, 0xc6, 0x00, 0xc6, 0x00, 0xc6, 0x00, 0xc6, 0x00, 0xc6, 0x00, 0xc6,
    0x00, 0xc6, 0x00, 0xc6, 0x00, 0xc6, 0x00, 0xc6, 0x00, 0xc6, 0x00, 0xc6,
    0x00, 0xc6, 0x00, 0xc6, 0x00, 0xc6, 0x00, 0xc6, 0x00, 0xc6, 0x00, 0xc6,
    0x00, 0xc6, 0x00, 0xc6, 0x00, 0xc6, 0xf8, 0xbd, 0x18, 0x06, 0x18, 0x06,
    0x18, 0x06, 0x18, 0x06, 0x18, 0x06, 0x18, 0x06, 0x18, 0x06, 0x18, 0x06,
    0x18, 0x06, 0x18, 0x06, 0x18, 0x06, 0x18, 0x06, 0x18, 0x06, 0x18, 0x06,
    0x18, 0x06, 0x18, 0x06, 0x18, 0x06, 0x18, 0x06, 0x18, 0x06, 0x18, 0x06,
    0x18, 0x06, 0x18, 0x06, 0x18, 0x06, 0x18, 0x06, 0x18, 0x06, 0x18, 0x06,
    0x18, 0x06, 0x18, 0x06, 0x18, 0x06, 0x18, 0x06, 0x18, 0x06, 0x18, 0x06,
    0x18, 0x06, 0x18, 0x06, 0x18, 0x06, 0x18, 0x06, 0x18, 0x06, 0x18, 0x06,
    0x18, 0x06, 0x18, 0x06, 0x18, 0x06, 0x18, 0x06, 0x18, 0x06, 0x18, 0x06,
    0x18, 0x06, 0xe2, 0x04, 0x00, 0x06, 0x00, 0x06, 0x00, 0x06, 0x00, 0x06,
    0x00, 0x06, 0x00, 0x06, 0x00, 0x06, 0x00, 0x06, 0x00, 0x06, 0x00, 0x06,
    0x00, 0x06, 0x00, 0x06, 0x00, 0x06, 0x00, 0x06, 0x00, 0x06, 0x00, 0x06,
    0x00, 0x06, 0x00, 0x06, 0x00, 0x06, 0x00, 0x06, 0x00, 0x06, 0x00, 0x06,
    0x00, 0x06, 0x00, 0x06, 0x00, 0x06, 0x00, 0x06, 0x00, 0x06, 0x00, 0x06,
    0x00, 0x06, 0x00, 0x06, 0x00, 0x06, 0x00, 0x06, 0x00, 0x06, 0x00, 0x06,
    0x00, 0x06, 0x00, 0x06, 0x00, 0x06, 0x00, 0x06, 0x00, 0x06, 0x00, 0x06,
    0x00, 0x06, 0x00, 0x06, 0x00, 0x06, 0x00, 0x06, 0x27, 0x3b, 0x18, 0xc0,
    0x18, 0xc0, 0x18, 0xc0, 0x18, 0xc0, 0x18, 0xc0, 0x18, 0xc0, 0x18, 0xc0,
    0x18, 0xc0, 0x18, 0xc0, 0x18, 0xc0, 0x18, 0xc0, 0x18, 0xc0, 0x18, 0xc0,
    0x18, 0xc0, 0x18, 0xc0, 0x18, 0xc0, 0x18, 0xc0, 0x18, 0xc0, 0x18, 0xc0,
    0x18, 0xc0, 0x18, 0xc0, 0x18, 0xc0, 0x18, 0xc0, 0x18, 0xc0, 0x18, 0xc0,
    0x18, 0xc0, 0x18, 0xc0, 0x18, 0xc0, 0x18, 0xc0, 0x18, 0xc0, 0x18, 0xc0,
    0x18, 0xc0, 0x18, 0xc0, 0x18, 0xc0, 0x18, 0xc0, 0x18, 0xc0, 0x18, 0xc0,
    0x18, 0xc0, 0x18, 0xc0, 0x18, 0xc0, 0x18, 0xc0, 0x18, 0xc0, 0x18, 0xc0,
    0x18, 0xc0, 0x18, 0xc0, 0x18, 0xc0, 0x00, 0xc0, 0x00, 0xc0, 0x00, 0xc0,
    0x00, 0xc0, 0x00, 0xc0, 0x00, 0xc0, 0x00, 0xc0, 0x00, 0xc0, 0x00, 0xc0,
    0x00, 0xc0, 0x00, 0xc0, 0x00, 0xc0, 0x00, 0xc0, 0x00, 0xc0, 0x00, 0xc0,
    0x00, 0xc0, 0x00, 0xc0, 0x00, 0xc0, 0x00, 0xc0, 0x00, 0xc0, 0x00, 0xc0,
    0x00, 0xc0, 0x00, 0xc0, 0x00, 0xc0, 0x00, 0xc0, 0x00, 0xc0, 0x00, 0xc0,
    0x00, 0xc0, 0x00, 0xc0, 0x00, 0xc0, 0x00, 0xc0, 0x00, 0xc0, 0x00, 0xc0,
    0x00, 0xc0, 0x00, 0xc0, 0x00, 0xc0, 0x00, 0xc0, 0x00, 0xc0, 0x00, 0xc0,
    0x00, 0xc0, 0x00, 0xc0, 0x00, 0xc0, 0x00, 0xc0, 0x00, 0xc0, 0x00, 0xc0,
    0x0d, 0x30, 0x18, 0x00, 0x18, 0x00, 0x18, 0x00, 0x18, 0x00, 0x18, 0x00,
    0x18, 0x00, 0x18, 0x00, 0x18, 0x00, 0x18, 0x00, 0x18, 0x00, 0x18, 0x00,
    0x18, 0x00, 0x18, 0x00, 0x18, 0x00, 0x18, 0x00, 0x18, 0x00, 0x18, 0x00,
    0x18, 0x00, 0x18, 0x00, 0x18, 0x00, 0x18, 0x00, 0x18, 0x00, 0x18, 0x00,
    0x18, 0x00, 0x18, 0x00, 0x18, 0x00, 0x18, 0x00, 0x18, 0x00, 0x18, 0x00,
    0x18, 0x00, 0x18, 0x00, 0x18, 0x00, 0x18, 0x00, 0x18, 0x00, 0x18, 0x00,
    0x18, 0x00, 0x18, 0x00, 0x18, 0x00, 0x18, 0x00, 0x18, 0x00, 0x18, 0x00,
    0x18, 0x00, 0x18, 0x00, 0x18, 0x00, 0x18, 0x00, 0x18, 0xc6, 0x18, 0xc6,
    0x18, 0xc6, 0x18, 0xc6, 0x18, 0xc6, 0x18, 0xc6, 0x18, 0xc6, 0x18, 0xc6,
    0x18, 0xc6, 0x18, 0xc6, 0x18, 0xc6, 0x18, 0xc6, 0x18, 0xc6, 0x18, 0xc6,
    0x18, 0xc6, 0x18, 0xc6, 0x18, 0xc6, 0x18, 0xc6, 0x18, 0xc6, 0x18, 0xc6,
    0x18, 0xc6, 0x18, 0xc6, 0x18, 0xc6, 0x18, 0xc6, 0x18, 0xc6, 0x18, 0xc6,
    0x18, 0xc6, 0x18, 0xc6, 0x18, 0xc6, 0x18, 0xc6, 0x18, 0xc6, 0x18, 0xc6,
    0x18, 0xc6, 0x18, 0xc6, 0x18, 0xc6, 0x18, 0xc6, 0x18, 0xc6, 0x18, 0xc6,
    0x18, 0xc6, 0x18, 0xc6, 0x18, 0xc6, 0x18, 0xc6, 0x18, 0xc6, 0x18, 0xc6,
    0x18, 0xc6, 0xf8, 0xbd, 0x00, 0xc6, 0x00, 0xc6, 0x00, 0xc6, 0x00, 0xc6,
    0x00, 0xc6, 0x00, 0xc6, 0x00, 0xc6, 0x00, 0xc6, 0x00, 0xc6, 0x00, 0xc6,
    0x00, 0xc6, 0x00, 0xc6, 0x00, 0xc6, 0x00, 0xc6, 0x00, 0xc6, 0x00, 0xc6,
    0x00, 0xc6, 0x00, 0xc6, 0x00, 0xc6, 0x00, 0xc6, 0x00, 0xc6, 0x00, 0xc6,
    0x00, 0xc6, 0x00, 0xc6, 0x00, 0xc6, 0x00, 0xc6, 0x00, 0xc6, 0x00, 0xc6,
    0x00, 0xc6, 0x00, 0xc6, 0x00, 0xc6, 0x00, 0xc6, 0x00, 0xc6, 0x00, 0xc6,
    0x00, 0xc6, 0x00, 0xc6, 0x00, 0xc6, 0x00, 0xc6, 0x00, 0xc6, 0x00, 0xc6,
    0x00, 0xc6, 0x00, 0xc6, 0x00, 0xc6, 0x00, 0xc6, 0x00, 0xc6, 0xf8, 0xbd,
    0x18, 0x06, 0x18, 0x06, 0x18, 0x06, 0x18, 0x06, 0x18, 0x06, 0x18, 0x06,
    0x18, 0x06, 0x18, 0x06, 0x18, 0x06, 0x18, 0x06, 0x18, 0x06, 0x18, 0x06,
    0x18, 0x06, 0x18, 0x06, 0x18, 0x06, 0x18, 0x06, 0x18, 0x06, 0x18, 0x06,
    0x18, 0x06, 0x18, 0x06, 0x18, 0x06, 0x18, 0x06, 0x18, 0x06, 0x18, 0x06,
    0x18, 0x06, 0x18, 0x06, 0x18, 0x06, 0x18, 0x06, 0x18, 0x06, 0x18, 0x06,
    0x18, 0x06, 0x18, 0x06, 0x18, 0x06, 0x18, 0x06, 0x18, 0x06, 0x18, 0x06,
    0x18, 0x06, 0x18, 0x06, 0x18, 0x06, 0x18, 0x06, 0x18, 0x06, 0x18, 0x06,
    0x18, 0x06, 0x18, 0x06, 0x18, 0x06, 0xe2, 0x0c, 0x00, 0x06, 0x00, 0x06,
    0x00, 0x06, 0x00, 0x06, 0x00, 0x06, 0x00, 0x06, 0x00, 0x06, 0x00, 0x06,
    0x00, 0x06, 0x00, 0x06, 0x00, 0x06, 0x00, 0x06, 0x00, 0x06, 0x00, 0x06,
    0x00, 0x06, 0x00, 0x06, 0x00, 0x06, 0x00, 0x06, 0x00, 0x06, 0x00, 0x06,
    0x00, 0x06, 0x00, 0x06, 0x00, 0x06, 0x00, 0x06, 0x00, 0x06, 0x00, 0x06,
    0x00, 0x06, 0x00, 0x06, 0x00, 0x06, 0x00, 0x06, 0x00, 0x06, 0x00, 0x06,
    0x00, 0x06, 0x00, 0x06, 0x00, 0x06, 0x00, 0x06, 0x00, 0x06, 0x00, 0x06,
    0x00, 0x06, 0x00, 0x06, 0x00, 0x06, 0x00, 0x06, 0x00, 0x06, 0x00, 0x06,
    0x47, 0x3b, 0x18, 0xc0, 0x18, 0xc0, 0x18, 0xc0, 0x18, 0xc0, 0x18, 0xc0,
    0x18, 0xc0, 0x18, 0xc0, 0x18, 0xc0, 0x18, 0xc0, 0x18, 0xc0, 0x18, 0xc0,
    0x18, 0xc0, 0x18, 0xc0, 0x18, 0xc0, 0x18, 0xc0, 0x18, 0xc0, 0x18, 0xc0,
    0x18, 0xc0, 0x18, 0xc0, 0x18, 0xc0, 0x18, 0xc0, 0x18, 0xc0, 0x18, 0xc0,
    0x18, 0xc0, 0x18, 0xc0, 0x18, 0xc0, 0x18, 0xc0, 0x18, 0xc0, 0x18, 0xc0,
    0x18, 0xc0, 0x18, 0xc0, 0x18, 0xc0, 0x18, 0xc0, 0x18, 0xc0, 0x18, 0xc0,
    0x18, 0xc0, 0x18, 0xc0, 0x18, 0xc0, 0x18, 0xc0, 0x18, 0xc0, 0x18, 0xc0,
    0x18, 0xc0, 0x18, 0xc0, 0x18, 0xc0, 0x18, 0xc0, 0x18, 0xc0, 0x00, 0xc0,
    0x00, 0xc0, 0x00, 0xc0, 0x00, 0xc0, 0x00, 0xc0, 0x00, 0xc0, 0x00, 0xc0,
    0x00, 0xc0, 0x00, 0xc0, 0x00, 0xc0, 0x00, 0xc0, 0x00, 0xc0, 0x00, 0xc0,
    0x00, 0xc0, 0x00, 0xc0, 0x00, 0xc0, 0x00, 0xc0, 0x00, 0xc0, 0x00, 0xc0,
    0x00, 0xc0, 0x00, 0xc0, 0x00, 0xc0, 0x00, 0xc0, 0x00, 0xc0, 0x00, 0xc0,
    0x00, 0xc0, 0x00, 0xc0, 0x00, 0xc0, 0x00, 0xc0, 0x00, 0xc0, 0x00, 0xc0,
    0x00, 0xc0, 0x00, 0xc0, 0x00, 0xc0, 0x00, 0xc0, 0x00, 0xc0, 0x00, 0xc0,
    0x00, 0xc0, 0x00, 0xc0, 0x00, 0xc0, 0x00, 0xc0, 0x00, 0xc0, 0x00, 0xc0,
    0x00, 0xc0, 0x00, 0xc0, 0x0d, 0x30, 0x18, 0x00, 0x18, 0x00, 0x18, 0x00,
    0x18, 0x00, 0x18, 0x00, 0x18, 0x00, 0x18, 0x00, 0x18, 0x00, 0x18, 0x00,
    0x18, 0x00, 0x18, 0x00, 0x18, 0x00, 0x18, 0x00, 0x18, 0x00, 0x18, 0x00,
    0x18, 0x00, 0x18, 0x00, 0x18, 0x00, 0x18, 0x00, 0x18, 0x00, 0x18, 0x00,
    0x18, 0x00, 0x18, 0x00, 0x18, 0x00, 0x18, 0x00, 0x18, 0x00, 0x18, 0x00,
    0x18, 0x00, 0x18, 0x00, 0x18, 0x00, 0x18, 0x00, 0x18, 0x00, 0x18, 0x00,
    0x18, 0x00, 0x18, 0x00, 0x18, 0x00, 0x18, 0x00, 0x18, 0x00, 0x18, 0x00,
    0x18, 0x00, 0x18, 0x00, 0x18, 0x00, 0x18, 0x00, 0x18, 0x00, 0x18, 0x00,
    0x18, 0xc6, 0x18, 0xc6, 0x18, 0xc6, 0x18, 0xc6, 0x18, 0xc6, 0x18, 0xc6,
    0x18, 0xc6, 0x18, 0xc6, 0x18, 0xc6, 0x18, 0xc6, 0x18, 0xc6, 0x18, 0xc6,
    0x18, 0xc6, 0x18, 0xc6, 0x18, 0xc6, 0x18, 0xc6, 0x18, 0xc6, 0x18, 0xc6,
    0x18, 0xc6, 0x18, 0xc6, 0x18, 0xc6, 0x18, 0xc6, 0x18, 0xc6, 0x18, 0xc6,
    0x18, 0xc6, 0x18, 0xc6, 0x18, 0xc6, 0x18, 0xc6, 0x18, 0xc6, 0x18, 0xc6,
    0x18, 0xc6, 0x18, 0xc6, 0x18, 0xc6, 0x18, 0xc6, 0x18, 0xc6, 0x18, 0xc6,
    0x18, 0xc6, 0x18, 0xc6, 0x18, 0xc6, 0x18, 0xc6, 0x18, 0xc6, 0x18, 0xc6,
    0x18, 0xc6, 0x18, 0xc6, 0x18, 0xc6, 0xf8, 0xc5, 0x00, 0xc6, 0x00, 0xc6,
    0x00, 0xc6, 0x00, 0xc6, 0x00, 0xc6, 0x00, 0xc6, 0x00, 0xc6, 0x00, 0xc6,
    0x00, 0xc6, 0x00, 0xc6, 0x00, 0xc6, 0x00, 0xc6, 0x00, 0xc6, 0x00, 0xc6,
    0x00, 0xc6, 0x00, 0xc6, 0x00, 0xc6, 0x00, 0xc6, 0x00, 0xc6, 0x00, 0xc6,
    0x00, 0xc6, 0x00, 0xc6, 0x00, 0xc6, 0x00, 0xc6, 0x00, 0xc6, 0x00, 0xc6,
    0x00, 0xc6, 0x00, 0xc6, 0x00, 0xc6, 0x00, 0xc6, 0x00, 0xc6, 0x00, 0xc6,
    0x00, 0xc6, 0x00, 0xc6, 0x00, 0xc6, 0x00, 0xc6, 0x00, 0xc6, 0x00, 0xc6,
    0x00, 0xc6, 0x00, 0xc6, 0x00, 0xc6, 0x00, 0xc6, 0x00, 0xc6, 0x00, 0xc6,
    0x00, 0xc6, 0xf8, 0xc5, 0x18, 0x06, 0x18, 0x06, 0x18, 0x06, 0x18, 0x06,
    0x18, 0x06, 0x18, 0x06, 0x18, 0x06, 0x18, 0x06, 0x18, 0x06, 0x18, 0x06,
    0x18, 0x06, 0x18, 0x06, 0x18, 0x06, 0x18, 0x06, 0x18, 0x06, 0x18, 0x06,
    0x18, 0x06, 0x18, 0x06, 0x18, 0x06, 0x18, 0x06, 0x18, 0x06, 0x18, 0x06,
    0x18, 0x06, 0x18, 0x06, 0x18, 0x06, 0x18, 0x06, 0x18, 0x06, 0x18, 0x06,
    0x18, 0x06, 0x18, 0x06, 0x18, 0x06, 0x18, 0x06, 0x18, 0x06, 0x18, 0x06,
    0x18, 0x06, 0x18, 0x06, 0x18, 0x06, 0x18, 0x06, 0x18, 0x06, 0x18, 0x06,
    0x18, 0x06, 0x18, 0x06, 0x18, 0x06, 0x18, 0x06, 0x18, 0x06, 0xe3, 0x04,
    0x00, 0x06, 0x00, 0x06, 0x00, 0x06, 0x00, 0x06, 0x00, 0x06, 0x00, 0x06,
    0x00, 0x06, 0x00, 0x06, 0x00, 0x06, 0x00, 0x06, 0x00, 0x06, 0x00, 0x06,
    0x00, 0x06, 0x00, 0x06, 0x00, 0x06, 0x00, 0x06, 0x00, 0x06, 0x00, 0x06,
    0x00, 0x06, 0x00, 0x06, 0x00, 0x06, 0x00, 0x06, 0x00, 0x06, 0x00, 0x06,
    0x00, 0x06, 0x00, 0x06, 0x00, 0x06, 0x00, 0x06, 0x00, 0x06, 0x00, 0x06,
    0x00, 0x06, 0x00, 0x06, 0x00, 0x06, 0x00, 0x06, 0x00, 0x06, 0x00, 0x06,
    0x00, 0x06, 0x00, 0x06, 0x00, 0x06, 0x00, 0x06, 0x00, 0x06, 0x00, 0x06,
    0x00, 0x06, 0x00, 0x06, 0x28, 0x43, 0x18, 0xc0, 0x18, 0xc0, 0x18, 0xc0,
    0x18, 0xc0, 0x18, 0xc0, 0x18, 0xc0, 0x18, 0xc0, 0x18, 0xc0, 0x18, 0xc0,
    0x18, 0xc0, 0x18, 0xc0, 0x18, 0xc0, 0x18, 0xc0, 0x18, 0xc0, 0x18, 0xc0,
    0x18, 0xc0, 0x18, 0xc0, 0x18, 0xc0, 0x18, 0xc0, 0x18, 0xc0, 0x18, 0xc0,
    0x18, 0xc0, 0x18, 0xc0, 0x18, 0xc0, 0x18, 0xc0, 0x18, 0xc0, 0x18, 0xc0,
    0x18, 0xc0, 0x18, 0xc0, 0x18, 0xc0, 0x18, 0xc0, 0x18, 0xc0, 0x18, 0xc0,
    0x18, 0xc0, 0x18, 0xc0, 0x18, 0xc0, 0x18, 0xc0, 0x18, 0xc0, 0x18, 0xc0,
    0x18, 0xc0, 0x18, 0xc0, 0x18, 0xc0, 0x18, 0xc0, 0x18, 0xc0, 0x18, 0xc0,
    0x18, 0xc0, 0x00, 0xc0, 0x00, 0xc0, 0x00, 0xc0, 0x00, 0xc0, 0x00, 0xc0,
    0x00, 0xc0, 0x00, 0xc0, 0x00, 0xc0, 0x00, 0xc0, 0x00, 0xc0, 0x00, 0xc0,
    0x00, 0xc0, 0x00, 0xc0, 0x00, 0xc0, 0x00, 0xc0, 0x00, 0xc0, 0x00, 0xc0,
    0x00, 0xc0, 0x00, 0xc0, 0x00, 0xc0, 0x00, 0xc0, 0x00, 0xc0, 0x00, 0xc0,
    0x00, 0xc0, 0x00, 0xc0, 0x00, 0xc0, 0x00, 0xc0, 0x00, 0xc0, 0x00, 0xc0,
    0x00, 0xc0, 0x00, 0xc0, 0x00, 0xc0, 0x00, 0xc0, 0x00, 0xc0, 0x00, 0xc0,
    0x00, 0xc0, 0x00, 0xc0, 0x00, 0xc0, 0x00, 0xc0, 0x00, 0xc0, 0x00, 0xc0,
    0x00, 0xc0, 0x00, 0xc0, 0x00, 0xc0, 0x00, 0xc0, 0x0d, 0x30, 0x18, 0x00,
    0x18, 0x00, 0x18, 0x00, 0x18, 0x00, 0x18, 0x00, 0x18, 0x00, 0x18, 0x00,
    0x18, 0x00, 0x18, 0x00, 0x18, 0x00, 0x18, 0x00, 0x18, 0x00, 0x18, 0x00,
    0x18, 0x00, 0x18, 0x00, 0x18, 0x00, 0x18, 0x00, 0x18, 0x00, 0x18, 0x00,
    0x18, 0x00, 0x18, 0x00, 0x18, 0x00, 0x18, 0x00, 0x18, 0x00, 0x18, 0x00,
    0x18, 0x00, 0x18, 0x00, 0x18, 0x00, 0x18, 0x00, 0x18, 0x00, 0x18, 0x00,
    0x18, 0x00, 0x18, 0x00, 0x18, 0x00, 0x18, 0x00, 0x18, 0x00, 0x18, 0x00,
    0x18, 0x00, 0x18, 0x00, 0x18, 0x00, 0x18, 0x00, 0x18, 0x00, 0x18, 0x00,
    0x18, 0x00, 0x18, 0x00, 0x18, 0xc6, 0x18, 0xc6, 0x18, 0xc6, 0x18, 0xc6,
    0x18, 0xc6, 0x18, 0xc6, 0x18, 0xc6, 0x18, 0xc6, 0x18, 0xc6, 0x18, 0xc6,
    0x18, 0xc6, 0x18, 0xc6, 0x18, 0xc6, 0x18, 0xc6, 0x18, 0xc6, 0x18, 0xc6,
    0x18, 0xc6, 0x18, 0xc6, 0x18, 0xc6, 0x18, 0xc6, 0x18, 0xc6, 0x18, 0xc6,
    0x18, 0xc6, 0x18, 0xc6, 0x18, 0xc6, 0x18, 0xc6, 0x18, 0xc6, 0x18, 0xc6,
    0x18, 0xc6, 0x18, 0xc6, 0x18, 0xc6, 0x18, 0xc6, 0x18, 0xc6, 0x18, 0xc6,
    0x18, 0xc6, 0x18, 0xc6, 0x18, 0xc6, 0x18, 0xc6, 0x18, 0xc6, 0x18, 0xc6,
    0x18, 0xc6, 0x18, 0xc6, 0x18, 0xc6, 0x18, 0xc6, 0x18, 0xc6, 0xf8, 0xbd,
    0x00, 0xc6, 0x00, 0xc6, 0x00, 0xc6, 0x00, 0xc6, 0x00, 0xc6, 0x00, 0xc6,
    0x00, 0xc6, 0x00, 0xc6, 0x00, 0xc6, 0x00, 0xc6, 0x00, 0xc6, 0x00, 0xc6,
    0x00, 0xc6, 0x00, 0xc6, 0x00, 0xc6, 0x00, 0xc6, 0x00, 0xc6, 0x00, 0xc6,
    0x00, 0xc6, 0x00, 0xc6, 0x00, 0xc6, 0x00, 0xc6, 0x00, 0xc6, 0x00, 0xc6,
    0x00, 0xc6, 0x00, 0xc6, 0x00, 0xc6, 0x00, 0xc6, 0x00, 0xc6, 0x00, 0xc6,
    0x00, 0xc6, 0x00, 0xc6, 0x00, 0xc6, 0x00, 0xc6, 0x00, 0xc6, 0x00, 0xc6,
    0x00, 0xc6, 0x00, 0xc6, 0x00, 0xc6, 0x00, 0xc6, 0x00, 0xc6, 0x00, 0xc6,
    0x00, 0xc6, 0x00, 0xc6, 0x00, 0xc6, 0xf8, 0xbd, 0x18, 0x06, 0x18, 0x06,
    0x18, 0x06, 0x18, 0x06, 0x18, 0x06, 0x18, 0x06, 0x18, 0x06, 0x18, 0x06,
    0x18, 0x06, 0x18, 0x06, 0x18, 0x06, 0x18, 0x06, 0x18, 0x06, 0x18, 0x06,
    0x18, 0x06, 0x18, 0x06, 0x18, 0x06, 0x18, 0x06, 0x18, 0x06, 0x18, 0x06,
    0x18, 0x06, 0x18, 0x06, 0x18, 0x06, 0x18, 0x06, 0x18, 0x06, 0x18, 0x06,
    0x18, 0x06, 0x18, 0x06, 0x18, 0x06, 0x18, 0x06, 0x18, 0x06, 0x18, 0x06,
    0x18, 0x06, 0x18, 0x06, 0x18, 0x06, 0x18, 0x06, 0x18, 0x06, 0x18, 0x06,
    0x18, 0x06, 0x18, 0x06, 0x18, 0x06, 0x18, 0x06, 0x18, 0x06, 0x18, 0x06,
    0x18, 0x06, 0xe2, 0x0c, 0x00, 0x06, 0x00, 0x06, 0x00, 0x06, 0x00, 0x06,
    0x00, 0x06, 0x00, 0x06, 0x00, 0x06, 0x00, 0x06, 0x00, 0x06, 0x00, 0x06,
    0x00, 0x06, 0x00, 0x06, 0x00, 0x06, 0x00, 0x06, 0x00, 0x06, 0x00, 0x06,
    0x00, 0x06, 0x00, 0x06, 0x00, 0x06, 0x00, 0x06, 0x00, 0x06, 0x00, 0x06,
    0x00, 0x06, 0x00, 0x06, 0x00, 0x06, 0x00, 0x06, 0x00, 0x06, 0x00, 0x06,
    0x00, 0x06, 0x00, 0x06, 0x00, 0x06, 0x00, 0x06, 0x00, 0x06, 0x00, 0x06,
    0x00, 0x06, 0x00, 0x06, 0x00, 0x06, 0x00, 0x06, 0x00, 0x06, 0x00, 0x06,
    0x00, 0x06, 0x00, 0x06, 0x00, 0x06, 0x00, 0x06, 0x47, 0x3b, 0x18, 0xc0,
    0x18, 0xc0, 0x18, 0xc0, 0x18, 0xc0, 0x18, 0xc0, 0x18, 0xc0, 0x18, 0xc0,
    0x18, 0xc0, 0x18, 0xc0, 0x18, 0xc0, 0x18, 0xc0, 0x18, 0xc0, 0x18, 0xc0,
    0x18, 0xc0, 0x18, 0xc0, 0x18, 0xc0, 0x18, 0xc0, 0x18, 0xc0, 0x18, 0xc0,
    0x18, 0xc0, 0x18, 0xc0, 0x18, 0xc0, 0x18, 0xc0, 0x18, 0xc0, 0x18, 0xc0,
    0x18, 0xc0, 0x18, 0xc0, 0x18, 0xc0, 0x18, 0xc0, 0x18, 0xc0, 0x18, 0xc0,
    0x18, 0xc0, 0x18, 0xc0, 0x18, 0xc0, 0x18, 0xc0, 0x18, 0xc0, 0x18, 0xc0,
    0x18, 0xc0, 0x18, 0xc0, 0x18, 0xc0, 0x18, 0xc0, 0x18, 0xc0, 0x18, 0xc0,
    0x18, 0xc0, 0x18, 0xc0, 0x18, 0xc0, 0x00, 0xc0, 0x00, 0xc0, 0x00, 0xc0,
    0x00, 0xc0, 0x00, 0xc0, 0x00, 0xc0, 0x00, 0xc0, 0x00, 0xc0, 0x00, 0xc0,
    0x00, 0xc0, 0x00, 0xc0, 0x00, 0xc0, 0x00, 0xc0, 0x00, 0xc0, 0x00, 0xc0,
    0x00, 0xc0, 0x00, 0xc0, 0x00, 0xc0, 0x00, 0xc0, 0x00, 0xc0, 0x00, 0xc0,
    0x00, 0xc0, 0x00, 0xc0, 0x00, 0xc0, 0x00, 0xc0, 0x00, 0xc0, 0x00, 0xc0,
    0x00, 0xc0, 0x00, 0xc0, 0x00, 0xc0, 0x00, 0xc0, 0x00, 0xc0, 0x00, 0xc0,
    0x00, 0xc0, 0x00, 0xc0, 0x00, 0xc0, 0x00, 0xc0, 0x00, 0xc0, 0x00, 0xc0,
    0x00, 0xc0, 0x00, 0xc0, 0x00, 0xc0, 0x00, 0xc0, 0x00, 0xc0, 0x00, 0xc0,
    0x0d, 0x30, 0x18, 0x00, 0x18, 0x00, 0x18, 0x00, 0x18, 0x00, 0x18, 0x00,
    0x18, 0x00, 0x18, 0x00, 0x18, 0x00, 0x18, 0x00, 0x18, 0x00, 0x18, 0x00,
    0x18, 0x00, 0x18, 0x00, 0x18, 0x00, 0x18, 0x00, 0x18, 0x00, 0x18, 0x00,
    0x18, 0x00, 0x18, 0x00, 0x18, 0x00, 0x18, 0x00, 0x18, 0x00, 0x18, 0x00,
    0x18, 0x00, 0x18, 0x00, 0x18, 0x00, 0x18, 0x00, 0x18, 0x00, 0x18, 0x00,
    0x18, 0x00, 0x18, 0x00, 0x18, 0x00, 0x18, 0x00, 0x18, 0x00, 0x18, 0x00,
    0x18, 0x00, 0x18, 0x00, 0x18, 0x00, 0x18, 0x00, 0x18, 0x00, 0x18, 0x00,
    0x18, 0x00, 0x18, 0x00, 0x18, 0x00, 0x18, 0x00, 0x18, 0xc6, 0x18, 0xc6,
    0x18, 0xc6, 0x18, 0xc6, 0x18, 0xc6, 0x18, 0xc6, 0x18, 0xc6, 0x18, 0xc6,
    0x18, 0xc6, 0x18, 0xc6, 0x18, 0xc6, 0x18, 0xc6, 0x18, 0xc6, 0x18, 0xc6,
    0x18, 0xc6, 0x18, 0xc6, 0x18, 0xc6, 0x18, 0xc6, 0x18, 0xc6, 0x18, 0xc6,
    0x18, 0xc6, 0x18, 0xc6, 0x18, 0xc6, 0x18, 0xc6, 0x18, 0xc6, 0x18, 0xc6,
    0x18, 0xc6, 0x18, 0xc6, 0x18, 0xc6, 0x18, 0xc6, 0x18, 0xc6, 0x18, 0xc6,
    0x18, 0xc6, 0x18, 0xc6, 0x18, 0xc6, 0x18, 0xc6, 0x18, 0xc6, 0x18, 0xc6,
    0x18, 0xc6, 0x18, 0xc6, 0x18, 0xc6, 0x18, 0xc6, 0x18, 0xc6, 0x18, 0xc6,
    0x18, 0xc6, 0xf8, 0xbd, 0x00, 0xc6, 0x00, 0xc6, 0x00, 0xc6, 0x00, 0xc6,
    0x00, 0xc6, 0x00, 0xc6, 0x00, 0xc6, 0x00, 0xc6, 0x00, 0xc6, 0x00, 0xc6,
    0x00, 0xc6, 0x00, 0xc6, 0x00, 0xc6, 0x00, 0xc6, 0x00, 0xc6, 0x00, 0xc6,
    0x00, 0xc6, 0x00, 0xc6, 0x00, 0xc6, 0x00, 0xc6, 0x00, 0xc6, 0x00, 0xc6,
    0x00, 0xc6, 0x00, 0xc6, 0x00, 0xc6, 0x00, 0xc6, 0x00, 0xc6, 0x00, 0xc6,
    0x00, 0xc6, 0x00, 0xc6, 0x00, 0xc6, 0x00, 0xc6, 0x00, 0xc6, 0x00, 0xc6,
    0x00, 0xc6, 0x00, 0xc6, 0x00, 0xc6, 0x00, 0xc6, 0x00, 0xc6, 0x00, 0xc6,
    0x00, 0xc6, 0x00, 0xc6, 0x00, 0xc6, 0x00, 0xc6, 0x00, 0xc6, 0x18, 0xbe,
    0x18, 0x06, 0x18, 0x06, 0x18, 0x06, 0x18, 0x06, 0x18, 0x06, 0x18, 0x06,
    0x18, 0x06, 0x18, 0x06, 0x18, 0x06, 0x18, 0x06, 0x18, 0x06, 0x18, 0x06,
    0x18, 0x06, 0x18, 0x06, 0x18, 0x06, 0x18, 0x06, 0x18, 0x06, 0x18, 0x06,
    0x18, 0x06, 0x18, 0x06, 0x18, 0x06, 0x18, 0x06, 0x18, 0x06, 0x18, 0x06,
    0x18, 0x06, 0x18, 0x06, 0x18, 0x06, 0x18, 0x06, 0x18, 0x06, 0x18, 0x06,
    0x18, 0x06, 0x18, 0x06, 0x18, 0x06, 0x18, 0x06, 0x18, 0x06, 0x18, 0x06,
    0x18, 0x06, 0x18, 0x06, 0x18, 0x06, 0x18, 0x06, 0x18, 0x06, 0x18, 0x06,
    0x18, 0x06, 0x18, 0x06, 0x18, 0x06, 0x02, 0x05, 0x00, 0x06, 0x00, 0x06,
    0x00, 0x06, 0x00, 0x06, 0x00, 0x06, 0x00, 0x06, 0x00, 0x06, 0x00, 0x06,
    0x00, 0x06, 0x00, 0x06, 0x00, 0x06, 0x00, 0x06, 0x00, 0x06, 0x00, 0x06,
    0x00, 0x06, 0x00, 0x06, 0x00, 0x06, 0x00, 0x06, 0x00, 0x06, 0x00, 0x06,
    0x00, 0x06, 0x00, 0x06, 0x00, 0x06, 0x00, 0x06, 0x00, 0x06, 0x00, 0x06,
    0x00, 0x06, 0x00, 0x06, 0x00, 0x06, 0x00, 0x06, 0x00, 0x06, 0x00, 0x06,
    0x00, 0x06, 0x00, 0x06, 0x00, 0x06, 0x00, 0x06, 0x00, 0x06, 0x00, 0x06,
    0x00, 0x06, 0x00, 0x06, 0x00, 0x06, 0x00, 0x06, 0x00, 0x06, 0x00, 0x06,
    0x27, 0x3b, 0x18, 0xc0, 0x18, 0xc0, 0x18, 0xc0, 0x18, 0xc0, 0x18, 0xc0,
    0x18, 0xc0, 0x18, 0xc0, 0x18, 0xc0, 0x18, 0xc0, 0x18, 0xc0, 0x18, 0xc0,
    0x18, 0xc0, 0x18, 0xc0, 0x18, 0xc0, 0x18, 0xc0, 0x18, 0xc0, 0x18, 0xc0,
    0x18, 0xc0, 0x18, 0xc0, 0x18, 0xc0, 0x18, 0xc0, 0x18, 0xc0, 0x18, 0xc0,
    0x18, 0xc0, 0x18, 0xc0, 0x18, 0xc0, 0x18, 0xc0, 0x18, 0xc0, 0x18, 0xc0,
    0x18, 0xc0, 0x18, 0xc0, 0x18, 0xc0, 0x18, 0xc0, 0x18, 0xc0, 0x18, 0xc0,
    0x18, 0xc0, 0x18, 0xc0, 0x18, 0xc0, 0x18, 0xc0, 0x18, 0xc0, 0x18, 0xc0,
    0x18, 0xc0, 0x18, 0xc0, 0x18, 0xc0, 0x18, 0xc0, 0x18, 0xc0, 0x00, 0xc0,
    0x00, 0xc0, 0x00, 0xc0, 0x00, 0xc0, 0x00, 0xc0, 0x00, 0xc0, 0x00, 0xc0,
    0x00, 0xc0, 0x00, 0xc0, 0x00, 0xc0, 0x00, 0xc0, 0x00, 0xc0, 0x00, 0xc0,
    0x00, 0xc0, 0x00, 0xc0, 0x00, 0xc0, 0x00, 0xc0, 0x00, 0xc0, 0x00, 0xc0,
    0x00, 0xc0, 0x00, 0xc0, 0x00, 0xc0, 0x00, 0xc0, 0x00, 0xc0, 0x00, 0xc0,
    0x00, 0xc0, 0x00, 0xc0, 0x00, 0xc0, 0x00, 0xc0, 0x00, 0xc0, 0x00, 0xc0,
    0x00, 0xc0, 0x00, 0xc0, 0x00, 0xc0, 0x00, 0xc0, 0x00, 0xc0, 0x00, 0xc0,
    0x00, 0xc0, 0x00, 0xc0, 0x00, 0xc0, 0x00, 0xc0, 0x00, 0xc0, 0x00, 0xc0,
    0x00, 0xc0, 0x00, 0xc0, 0x0e, 0x38, 0x18, 0x00, 0x18, 0x00, 0x18, 0x00,
    0x18, 0x00, 0x18, 0x00, 0x18, 0x00, 0x18, 0x00, 0x18, 0x00, 0x18, 0x00,
    0x18, 0x00, 0x18, 0x00, 0x18, 0x00, 0x18, 0x00, 0x18, 0x00, 0x18, 0x00,
    0x18, 0x00, 0x18, 0x00, 0x18, 0x00, 0x18, 0x00, 0x18, 0x00, 0x18, 0x00,
    0x18, 0x00, 0x18, 0x00, 0x18, 0x00, 0x18, 0x00, 0x18, 0x00, 0x18, 0x00,
    0x18, 0x00, 0x18, 0x00, 0x18, 0x00, 0x18, 0x00, 0x18, 0x00, 0x18, 0x00,
    0x18, 0x00, 0x18, 0x00, 0x18, 0x00, 0x18, 0x00, 0x18, 0x00, 0x18, 0x00,
    0x18, 0x00, 0x18, 0x00, 0x18, 0x00, 0x18, 0x00, 0x18, 0x00, 0x18, 0x00,
    0x18, 0xc6, 0x18, 0xc6, 0x18, 0xc6, 0x18, 0xc6, 0x18, 0xc6, 0x18, 0xc6,
    0x18, 0xc6, 0x18, 0xc6, 0x18, 0xc6, 0x18, 0xc6, 0x18, 0xc6, 0x18, 0xc6,
    0x18, 0xc6, 0x18, 0xc6, 0x18, 0xc6, 0x18, 0xc6, 0x18, 0xc6, 0x18, 0xc6,
    0x18, 0xc6, 0x18, 0xc6, 0x18, 0xc6, 0x18, 0xc6, 0x18, 0xc6, 0x18, 0xc6,
    0x18, 0xc6, 0x18, 0xc6, 0x18, 0xc6, 0x18, 0xc6, 0x18, 0xc6, 0x18, 0xc6,
    0x18, 0xc6, 0x18, 0xc6, 0x18, 0xc6, 0x18, 0xc6, 0x18, 0xc6, 0x18, 0xc6,
    0x18, 0xc6, 0x18, 0xc6, 0x18, 0xc6, 0x18, 0xc6, 0x18, 0xc6, 0x18, 0xc6,
    0x18, 0xc6, 0x18, 0xc6, 0x18, 0xc6, 0x18, 0xc6, 0x00, 0xc6, 0x00, 0xc6,
    0x00, 0xc6, 0x00, 0xc6, 0x00, 0xc6, 0x00, 0xc6, 0x00, 0xc6, 0x00, 0xc6,
    0x00, 0xc6, 0x00, 0xc6, 0x00, 0xc6, 0x00, 0xc6, 0x00, 0xc6, 0x00, 0xc6,
    0x00, 0xc6, 0x00, 0xc6, 0x00, 0xc6, 0x00, 0xc6, 0x00, 0xc6, 0x00, 0xc6,
    0x00, 0xc6, 0x00, 0xc6, 0x00, 0xc6, 0x00, 0xc6, 0x00, 0xc6, 0x00, 0xc6,
    0x00, 0xc6, 0x00, 0xc6, 0x00, 0xc6, 0x00, 0xc6, 0x00, 0xc6, 0x00, 0xc6,
    0x00, 0xc6, 0x00, 0xc6, 0x00, 0xc6, 0x00, 0xc6, 0x00, 0xc6, 0x00, 0xc6,
    0x00, 0xc6, 0x00, 0xc6, 0x00, 0xc6, 0x00, 0xc6, 0x00, 0xc6, 0x00, 0xc6,
    0x00, 0xc6, 0xf8, 0xc5, 0x18, 0x06, 0x18, 0x06, 0x18, 0x06, 0x18, 0x06,
    0x18, 0x06, 0x18, 0x06, 0x18, 0x06, 0x18, 0x06, 0x18, 0x06, 0x18, 0x06,
    0x18, 0x06, 0x18, 0x06, 0x18, 0x06, 0x18, 0x06, 0x18, 0x06, 0x18, 0x06,
    0x18, 0x06, 0x18, 0x06, 0x18, 0x06, 0x18, 0x06, 0x18, 0x06, 0x18, 0x06,
    0x18, 0x06, 0x18, 0x06, 0x18, 0x06, 0x18, 0x06, 0x18, 0x06, 0x18, 0x06,
    0x18, 0x06, 0x18, 0x06, 0x18, 0x06, 0x18, 0x06, 0x18, 0x06, 0x18, 0x06,
    0x18, 0x06, 0x18, 0x06, 0x18, 0x06, 0x18, 0x06, 0x18, 0x06, 0x18, 0x06,
    0x18, 0x06, 0x18, 0x06, 0x18, 0x06, 0x18, 0x06, 0x18, 0x06, 0xe3, 0x0c,
    0x00, 0x06, 0x00, 0x06, 0x00, 0x06, 0x00, 0x06, 0x00, 0x06, 0x00, 0x06,
    0x00, 0x06, 0x00, 0x06, 0x00, 0x06, 0x00, 0x06, 0x00, 0x06, 0x00, 0x06,
    0x00, 0x06, 0x00, 0x06, 0x00, 0x06, 0x00, 0x06, 0x00, 0x06, 0x00, 0x06,
    0x00, 0x06, 0x00, 0x06, 0x00, 0x06, 0x00, 0x06, 0x00, 0x06, 0x00, 0x06,
    0x00, 0x06, 0x00, 0x06, 0x00, 0x06, 0x00, 0x06, 0x00, 0x06, 0x00, 0x06,
    0x00, 0x06, 0x00, 0x06, 0x00, 0x06, 0x00, 0x06, 0x00, 0x06, 0x00, 0x06,
    0x00, 0x06, 0x00, 0x06, 0x00, 0x06, 0x00, 0x06, 0x00, 0x06, 0x00, 0x06,
    0x00, 0x06, 0x00, 0x06, 0x48, 0x43, 0x18, 0xc0, 0x18, 0xc0, 0x18, 0xc0,
    0x18, 0xc0, 0x18, 0xc0, 0x18, 0xc0, 0x18, 0xc0, 0x18, 0xc0, 0x18, 0xc0,
    0x18, 0xc0, 0x18, 0xc0, 0x18, 0xc0, 0x18, 0xc0, 0x18, 0xc0, 0x18, 0xc0,
    0x18, 0xc0, 0x18, 0xc0, 0x18, 0xc0, 0x18, 0xc0, 0x18, 0xc0, 0x18, 0xc0,
    0x18, 0xc0, 0x18, 0xc0, 0x18, 0xc0, 0x18, 0xc0, 0x18, 0xc0, 0x18, 0xc0,
    0x18, 0xc0, 0x18, 0xc0, 0x18, 0xc0, 0x18, 0xc0, 0x18, 0xc0, 0x18, 0xc0,
    0x18, 0xc0, 0x18, 0xc0, 0x18, 0xc0, 0x18, 0xc0, 0x18, 0xc0, 0x18, 0xc0,
    0x18, 0xc0, 0x18, 0xc0, 0x18, 0xc0, 0x18, 0xc0, 0x18, 0xc0, 0x18, 0xc0,
    0x18, 0xc0, 0x00, 0xc0, 0x00, 0xc0, 0x00, 0xc0, 0x00, 0xc0, 0x00, 0xc0,
    0x00, 0xc0, 0x00, 0xc0, 0x00, 0xc0, 0x00, 0xc0, 0x00, 0xc0, 0x00, 0xc0,
    0x00, 0xc0, 0x00, 0xc0, 0x00, 0xc0, 0x00, 0xc0, 0x00, 0xc0, 0x00, 0xc0,
    0x00, 0xc0, 0x00, 0xc0, 0x00, 0xc0, 0x00, 0xc0, 0x00, 0xc0, 0x00, 0xc0,
    0x00, 0xc0, 0x00, 0xc0, 0x00, 0xc0, 0x00, 0xc0, 0x00, 0xc0, 0x00, 0xc0,
    0x00, 0xc0, 0x00, 0xc0, 0x00, 0xc0, 0x00, 0xc0, 0x00, 0xc0, 0x00, 0xc0,
    0x00, 0xc0, 0x00, 0xc0, 0x00, 0xc0, 0x00, 0xc0, 0x00, 0xc0, 0x00, 0xc0,
    0x00, 0xc0, 0x00, 0xc0, 0x00, 0xc0, 0x00, 0xc0, 0x0d, 0x30, 0x18, 0x00,
    0x18, 0x00, 0x18, 0x00, 0x18, 0x00, 0x18, 0x00, 0x18, 0x00, 0x18, 0x00,
    0x18, 0x00, 0x18, 0x00, 0x18, 0x00, 0x18, 0x00, 0x18, 0x00, 0x18, 0x00,
    0x18, 0x00, 0x18, 0x00, 0x18, 0x00, 0x18, 0x00, 0x18, 0x00, 0x18, 0x00,
    0x18, 0x00, 0x18, 0x00, 0x18, 0x00, 0x18, 0x00, 0x18, 0x00, 0x18, 0x00,
    0x18, 0x00, 0x18, 0x00, 0x18, 0x00, 0x18, 0x00, 0x18, 0x00, 0x18, 0x00,
    0x18, 0x00, 0x18, 0x00, 0x18, 0x00, 0x18, 0x00, 0x18, 0x00, 0x18, 0x00,
    0x18, 0x00, 0x18, 0x00, 0x18, 0x00, 0x18, 0x00, 0x18, 0x00, 0x18, 0x00,
    0x18, 0x00, 0x18, 0x00, 0x18, 0xc6, 0x18, 0xc6, 0x18, 0xc6, 0x18, 0xc6,
    0x18, 0xc6, 0x18, 0xc6, 0x18, 0xc6, 0x18, 0xc6, 0x18, 0xc6, 0x18, 0xc6,
    0x18, 0xc6, 0x18, 0xc6, 0x18, 0xc6, 0x18, 0xc6, 0x18, 0xc6, 0x18, 0xc6,
    0x18, 0xc6, 0x18, 0xc6, 0x18, 0xc6, 0x18, 0xc6, 0x18, 0xc6, 0x18, 0xc6,
    0x18, 0xc6, 0x18, 0xc6, 0x18, 0xc6, 0x18, 0xc6, 0x18, 0xc6, 0x18, 0xc6,
    0x18, 0xc6, 0x18, 0xc6, 0x18, 0xc6, 0x18, 0xc6, 0x18, 0xc6, 0x18, 0xc6,
    0x18, 0xc6, 0x18, 0xc6, 0x18, 0xc6, 0x18, 0xc6, 0x18, 0xc6, 0x18, 0xc6,
    0x18, 0xc6, 0x18, 0xc6, 0x18, 0xc6, 0x18, 0xc6, 0x18, 0xc6, 0xf8, 0xbd,
    0x00, 0xc6, 0x00, 0xc6, 0x00, 0xc6, 0x00, 0xc6, 0x00, 0xc6, 0x00, 0xc6,
    0x00, 0xc6, 0x00, 0xc6, 0x00, 0xc6, 0x00, 0xc6, 0x00, 0xc6, 0x00, 0xc6,
    0x00, 0xc6, 0x00, 0xc6, 0x00, 0xc6, 0x00, 0xc6, 0x00, 0xc6, 0x00, 0xc6,
    0x00, 0xc6, 0x00, 0xc6, 0x00, 0xc6, 0x00, 0xc6, 0x00, 0xc6, 0x00, 0xc6,
    0x00, 0xc6, 0x00, 0xc6, 0x00, 0xc6, 0x00, 0xc6, 0x00, 0xc6, 0x00, 0xc6,
    0x00, 0xc6, 0x00, 0xc6, 0x00, 0xc6, 0x00, 0xc6, 0x00, 0xc6, 0x00, 0xc6,
    0x00, 0xc6, 0x00, 0xc6, 0x00, 0xc6, 0x00, 0xc6, 0x00, 0xc6, 0x00, 0xc6,
    0x00, 0xc6, 0x00, 0xc6, 0x00, 0xc6, 0xf8, 0xbd, 0x18, 0x06, 0x18, 0x06,
    0x18, 0x06, 0x18, 0x06, 0x18, 0x06, 0x18, 0x06, 0x18, 0x06, 0x18, 0x06,
    0x18, 0x06, 0x18, 0x06, 0x18, 0x06, 0x18, 0x06, 0x18, 0x06, 0x18, 0x06,
    0x18, 0x06, 0x18, 0x06, 0x18, 0x06, 0x18, 0x06, 0x18, 0x06, 0x18, 0x06,
    0x18, 0x06, 0x18, 0x06, 0x18, 0x06, 0x18, 0x06, 0x18, 0x06, 0x18, 0x06,
    0x18, 0x06, 0x18, 0x06, 0x18, 0x06, 0x18, 0x06, 0x18, 0x06, 0x18, 0x06,
    0x18, 0x06, 0x18, 0x06, 0x18, 0x06, 0x18, 0x06, 0x18, 0x06, 0x18, 0x06,
    0x18, 0x06, 0x18, 0x06, 0x18, 0x06, 0x18, 0x06, 0x18, 0x06, 0x18, 0x06,
    0x18, 0x06, 0xe2, 0x04, 0x00, 0x06, 0x00, 0x06, 0x00, 0x06, 0x00, 0x06,
    0x00, 0x06, 0x00, 0x06, 0x00, 0x06, 0x00, 0x06, 0x00, 0x06, 0x00, 0x06,
    0x00, 0x06, 0x00, 0x06, 0x00, 0x06, 0x00, 0x06, 0x00, 0x06, 0x00, 0x06,
    0x00, 0x06, 0x00, 0x06, 0x00, 0x06, 0x00, 0x06, 0x00, 0x06, 0x00, 0x06,
    0x00, 0x06, 0x00, 0x06, 0x00, 0x06, 0x00, 0x06, 0x00, 0x06, 0x00, 0x06,
    0x00, 0x06, 0x00, 0x06, 0x00, 0x06, 0x00, 0x06, 0x00, 0x06, 0x00, 0x06,
    0x00, 0x06, 0x00, 0x06, 0x00, 0x06, 0x00, 0x06, 0x00, 0x06, 0x00, 0x06,
    0x00, 0x06, 0x00, 0x06, 0x00, 0x06, 0x00, 0x06, 0x27, 0x3b, 0x18, 0xc0,
    0x18, 0xc0, 0x18, 0xc0, 0x18, 0xc0, 0x18, 0xc0, 0x18, 0xc0, 0x18, 0xc0,
    0x18, 0xc0, 0x18, 0xc0, 0x18, 0xc0, 0x18, 0xc0, 0x18, 0xc0, 0x18, 0xc0,
    0x18, 0xc0, 0x18, 0xc0, 0x18, 0xc0, 0x18, 0xc0, 0x18, 0xc0, 0x18, 0xc0,
    0x18, 0xc0, 0x18, 0xc0, 0x18, 0xc0, 0x18, 0xc0, 0x18, 0xc0, 0x18, 0xc0,
    0x18, 0xc0, 0x18, 0xc0, 0x18, 0xc0, 0x18, 0xc0, 0x18, 0xc0, 0x18, 0xc0,
    0x18, 0xc0, 0x18, 0xc0, 0x18, 0xc0, 0x18, 0xc0, 0x18, 0xc0, 0x18, 0xc0,
    0x18, 0xc0, 0x18, 0xc0, 0x18, 0xc0, 0x18, 0xc0, 0x18, 0xc0, 0x18, 0xc0,
    0x18, 0xc0, 0x18, 0xc0, 0x18, 0xc0, 0x00, 0xc0, 0x00, 0xc0, 0x00, 0xc0,
    0x00, 0xc0, 0x00, 0xc0, 0x00, 0xc0, 0x00, 0xc0, 0x00, 0xc0, 0x00, 0xc0,
    0x00, 0xc0, 0x00, 0xc0, 0x00, 0xc0, 0x00, 0xc0, 0x00, 0xc0, 0x00, 0xc0,
    0x00, 0xc0, 0x00, 0xc0, 0x00, 0xc0, 0x00, 0xc0, 0x00, 0xc0, 0x00, 0xc0,
    0x00, 0xc0, 0x00, 0xc0, 0x00, 0xc0, 0x00, 0xc0, 0x00, 0xc0, 0x00, 0xc0,
    0x00, 0xc0, 0x00, 0xc0, 0x00, 0xc0, 0x00, 0xc0, 0x00, 0xc0, 0x00, 0xc0,
    0x00, 0xc0, 0x00, 0xc0, 0x00, 0xc0, 0x00, 0xc0, 0x00, 0xc0, 0x00, 0xc0,
    0x00, 0xc0, 0x00, 0xc0, 0x00, 0xc0, 0x00, 0xc0, 0x00, 0xc0, 0x00, 0xc0,
    0x0d, 0x30, 0x18, 0x00, 0x18, 0x00, 0x18, 0x00, 0x18, 0x00, 0x18, 0x00,
    0x18, 0x00, 0x18, 0x00, 0x18, 0x00, 0x18, 0x00, 0x18, 0x00, 0x18, 0x00,
    0x18, 0x00, 0x18, 0x00, 0x18, 0x00, 0x18, 0x00, 0x18, 0x00, 0x18, 0x00,
    0x18, 0x00, 0x18, 0x00, 0x18, 0x00, 0x18, 0x00, 0x18, 0x00, 0x18, 0x00,
    0x18, 0x00, 0x18, 0x00, 0x18, 0x00, 0x18, 0x00, 0x18, 0x00, 0x18, 0x00,
    0x18, 0x00, 0x18, 0x00, 0x18, 0x00, 0x18, 0x00, 0x18, 0x00, 0x18, 0x00,
    0x18, 0x00, 0x18, 0x00, 0x18, 0x00, 0x18, 0x00, 0x18, 0x00, 0x18, 0x00,
    0x18, 0x00, 0x18, 0x00, 0x18, 0x00, 0x18, 0x00, 0x18, 0xc6, 0x18, 0xc6,
    0x18, 0xc6, 0x18, 0xc6, 0x18, 0xc6, 0x18, 0xc6, 0x18, 0xc6, 0x18, 0xc6,
    0x18, 0xc6, 0x18, 0xc6, 0x18, 0xc6, 0x18, 0xc6, 0x18, 0xc6, 0x18, 0xc6,
    0x18, 0xc6, 0x18, 0xc6, 0x18, 0xc6, 0x18, 0xc6, 0x18, 0xc6, 0x18, 0xc6,
    0x18, 0xc6, 0x18, 0xc6, 0x18, 0xc6, 0x18, 0xc6, 0x18, 0xc6, 0x18, 0xc6,
    0x18, 0xc6, 0x18, 0xc6, 0x18, 0xc6, 0x18, 0xc6, 0x18, 0xc6, 0x18, 0xc6,
    0x18, 0xc6, 0x18, 0xc6, 0x18, 0xc6, 0x18, 0xc6, 0x18, 0xc6, 0x18, 0xc6,
    0x18, 0xc6, 0x18, 0xc6, 0x18, 0xc6, 0x18, 0xc6, 0x18, 0xc6, 0x18, 0xc6,
    0x18, 0xc6, 0xf8, 0xbd, 0x00, 0xc6, 0x00, 0xc6, 0x00, 0xc6, 0x00, 0xc6,
    0x00, 0xc6, 0x00, 0xc6, 0x00, 0xc6, 0x00, 0xc6, 0x00, 0xc6, 0x00, 0xc6,
    0x00, 0xc6, 0x00, 0xc6, 0x00, 0xc6, 0x00, 0xc6, 0x00, 0xc6, 0x00, 0xc6,
    0x00, 0xc6, 0x00, 0xc6, 0x00, 0xc6, 0x00, 0xc6, 0x00, 0xc6, 0x00, 0xc6,
    0x00, 0xc6, 0x00, 0xc6, 0x00, 0xc6, 0x00, 0xc6, 0x00, 0xc6, 0x00, 0xc6,
    0x00, 0xc6, 0x00, 0xc6, 0x00, 0xc6, 0x00, 0xc6, 0x00, 0xc6, 0x00, 0xc6,
    0x00, 0xc6, 0x00, 0xc6, 0x00, 0xc6, 0x00, 0xc6, 0x00, 0xc6, 0x00, 0xc6,
    0x00, 0xc6, 0x00, 0xc6, 0x00, 0xc6, 0x00, 0xc6, 0x00, 0xc6, 0xf8, 0xbd,
    0x18, 0x06, 0x18, 0x06, 0x18, 0x06, 0x18, 0x06, 0x18, 0x06, 0x18, 0x06,
    0x18, 0x06, 0x18, 0x06, 0x18, 0x06, 0x18, 0x06, 0x18, 0x06, 0x18, 0x06,
    0x18, 0x06, 0x18, 0x06, 0x18, 0x06, 0x18, 0x06, 0x18, 0x06, 0x18, 0x06,
    0x18, 0x06, 0x18, 0x06, 0x18, 0x06, 0x18, 0x06, 0x18, 0x06, 0x18, 0x06,
    0x18, 0x06, 0x18, 0x06, 0x18, 0x06, 0x18, 0x06, 0x18, 0x06, 0x18, 0x06,
    0x18, 0x06, 0x18, 0x06, 0x18, 0x06, 0x18, 0x06, 0x18, 0x06, 0x18, 0x06,
    0x18, 0x06, 0x18, 0x06, 0x18, 0x06, 0x18, 0x06, 0x18, 0x06, 0x18, 0x06,
    0x18, 0x06, 0x18, 0x06, 0x18, 0x06, 0xe2, 0x0c, 0x00, 0x06, 0x00, 0x06,
    0x00, 0x06, 0x00, 0x06, 0x00, 0x06, 0x00, 0x06, 0x00, 0x06, 0x00, 0x06,
    0x00, 0x06, 0x00, 0x06, 0x00, 0x06, 0x00, 0x06, 0x00, 0x06, 0x00, 0x06,
    0x00, 0x06, 0x00, 0x06, 0x00, 0x06, 0x00, 0x06, 0x00, 0x06, 0x00, 0x06,
    0x00, 0x06, 0x00, 0x06, 0x00, 0x06, 0x00, 0x06, 0x00, 0x06, 0x00, 0x06,
    0x00, 0x06, 0x00, 0x06, 0x00, 0x06, 0x00, 0x06, 0x00, 0x06, 0x00, 0x06,
    0x00, 0x06, 0x00, 0x06, 0x00, 0x06, 0x00, 0x06, 0x00, 0x06, 0x00, 0x06,
    0x00, 0x06, 0x00, 0x06, 0x00, 0x06, 0x00, 0x06, 0x00, 0x06, 0x00, 0x06,
    0x27, 0x3b, 0x18, 0xc0, 0x18, 0xc0, 0x18, 0xc0, 0x18, 0xc0, 0x18, 0xc0,
    0x18, 0xc0, 0x18, 0xc0, 0x18, 0xc0, 0x18, 0xc0, 0x18, 0xc0, 0x18, 0xc0,
    0x18, 0xc0, 0x18, 0xc0, 0x18, 0xc0, 0x18, 0xc0, 0x18, 0xc0, 0x18, 0xc0,
    0x18, 0xc0, 0x18, 0xc0, 0x18, 0xc0, 0x18, 0xc0, 0x18, 0xc0, 0x18, 0xc0,
    0x18, 0xc0, 0x18, 0xc0, 0x18, 0xc0, 0x18, 0xc0, 0x18, 0xc0, 0x18, 0xc0,
    0x18, 0xc0, 0x18, 0xc0, 0x18, 0xc0, 0x18, 0xc0, 0x18, 0xc0, 0x18, 0xc0,
    0x18, 0xc0, 0x18, 0xc0, 0x18, 0xc0, 0x18, 0xc0, 0x18, 0xc0, 0x18, 0xc0,
    0x18, 0xc0, 0x18, 0xc0, 0x18, 0xc0, 0x18, 0xc0, 0x18, 0xc0, 0x00, 0xc0,
    0x00, 0xc0, 0x00, 0xc0, 0x00, 0xc0, 0x00, 0xc0, 0x00, 0xc0, 0x00, 0xc0,
    0x00, 0xc0, 0x00, 0xc0, 0x00, 0xc0, 0x00, 0xc0, 0x00, 0xc0, 0x00, 0xc0,
    0x00, 0xc0, 0x00, 0xc0, 0x00, 0xc0, 0x00, 0xc0, 0x00, 0xc0, 0x00, 0xc0,
    0x00, 0xc0, 0x00, 0xc0, 0x00, 0xc0, 0x00, 0xc0, 0x00, 0xc0, 0x00, 0xc0,
    0x00, 0xc0, 0x00, 0xc0, 0x00, 0xc0, 0x00, 0xc0, 0x00, 0xc0, 0x00, 0xc0,
    0x00, 0xc0, 0x00, 0xc0, 0x00, 0xc0, 0x00, 0xc0, 0x00, 0xc0, 0x00, 0xc0,
    0x00, 0xc0, 0x00, 0xc0, 0x00, 0xc0, 0x00, 0xc0, 0x00, 0xc0, 0x00, 0xc0,
    0x00, 0xc0, 0x00, 0xc0, 0x0d, 0x30, 0x18, 0x00, 0x18, 0x00, 0x18, 0x00,
    0x18, 0x00, 0x18, 0x00, 0x18, 0x00, 0x18, 0x00, 0x18, 0x00, 0x18, 0x00,
    0x18, 0x00, 0x18, 0x00, 0x18, 0x00, 0x18, 0x00, 0x18, 0x00, 0x18, 0x00,
    0x18, 0x00, 0x18, 0x00, 0x18, 0x00, 0x18, 0x00, 0x18, 0x00, 0x18, 0x00,
    0x18, 0x00, 0x18, 0x00, 0x18, 0x00, 0x18, 0x00, 0x18, 0x00, 0x18, 0x00,
    0x18, 0x00, 0x18, 0x00, 0x18, 0x00, 0x18, 0x00, 0x18, 0x00, 0x18, 0x00,
    0x18, 0x00, 0x18, 0x00, 0x18, 0x00, 0x18, 0x00, 0x18, 0x00, 0x18, 0x00,
    0x18, 0x00, 0x18, 0x00, 0x18, 0x00, 0x18, 0x00, 0x18, 0x00, 0x18, 0x00,
    0x18, 0xc6, 0x18, 0xc6, 0x18, 0xc6, 0x18, 0xc6, 0x18, 0xc6, 0x18, 0xc6,
    0x18, 0xc6, 0x18, 0xc6, 0x18, 0xc6, 0x18, 0xc6, 0x18, 0xc6, 0x18, 0xc6,
    0x18, 0xc6, 0x18, 0xc6, 0x18, 0xc6, 0x18, 0xc6, 0x18, 0xc6, 0x18, 0xc6,
    0x18, 0xc6, 0x18, 0xc6, 0x18, 0xc6, 0x18, 0xc6, 0x18, 0xc6, 0x18, 0xc6,
    0x18, 0xc6, 0x18, 0xc6, 0x18, 0xc6, 0x18, 0xc6, 0x18, 0xc6, 0x18, 0xc6,
    0x18, 0xc6, 0x18, 0xc6, 0x18, 0xc6, 0x18, 0xc6, 0x18, 0xc6, 0x18, 0xc6,
    0x18, 0xc6, 0x18, 0xc6, 0x18, 0xc6, 0x18, 0xc6, 0x18, 0xc6, 0x18, 0xc6,
    0x18, 0xc6, 0x18, 0xc6, 0x18, 0xc6, 0xf8, 0xc5, 0x00, 0xc6, 0x00, 0xc6,
    0x00, 0xc6, 0x00, 0xc6, 0x00, 0xc6, 0x00, 0xc6, 0x00, 0xc6, 0x00, 0xc6,
    0x00, 0xc6, 0x00, 0xc6, 0x00, 0xc6, 0x00, 0xc6, 0x00, 0xc6, 0x00, 0xc6,
    0x00, 0xc6, 0x00, 0xc6, 0x00, 0xc6, 0x00, 0xc6, 0x00, 0xc6, 0x00, 0xc6,
    0x00, 0xc6, 0x00, 0xc6, 0x00, 0xc6, 0x00, 0xc6, 0x00, 0xc6, 0x00, 0xc6,
    0x00, 0xc6, 0x00, 0xc6, 0x00, 0xc6, 0x00, 0xc6, 0x00, 0xc6, 0x00, 0xc6,
    0x00, 0xc6, 0x00, 0xc6, 0x00, 0xc6, 0x00, 0xc6, 0x00, 0xc6, 0x00, 0xc6,
    0x00, 0xc6, 0x00, 0xc6, 0x00, 0xc6, 0x00, 0xc6, 0x00, 0xc6, 0x00, 0xc6,
    0x00, 0xc6, 0xf8, 0xc5, 0x18, 0x06, 0x18, 0x06, 0x18, 0x06, 0x18, 0x06,
    0x18, 0x06, 0x18, 0x06, 0x18, 0x06, 0x18, 0x06, 0x18, 0x06, 0x18, 0x06,
    0x18, 0x06, 0x18, 0x06, 0x18, 0x06, 0x18, 0x06, 0x18, 0x06, 0x18, 0x06,
    0x18, 0x06, 0x18, 0x06, 0x18, 0x06, 0x18, 0x06, 0x18, 0x06, 0x18, 0x06,
    0x18, 0x06, 0x18, 0x06, 0x18, 0x06, 0x18, 0x06, 0x18, 0x06, 0x18, 0x06,
    0x18, 0x06, 0x18, 0x06, 0x18, 0x06, 0x18, 0x06, 0x18, 0x06, 0x18, 0x06,
    0x18, 0x06, 0x18, 0x06, 0x18, 0x06, 0x18, 0x06, 0x18, 0x06, 0x18, 0x06,
    0x18, 0x06, 0x18, 0x06, 0x18, 0x06, 0x18, 0x06, 0x18, 0x06, 0xe3, 0x04,
    0x00, 0x06, 0x00, 0x06, 0x00, 0x06, 0x00, 0x06, 0x00, 0x06, 0x00, 0x06,
    0x00, 0x06, 0x00, 0x06, 0x00, 0x06, 0x00, 0x06, 0x00, 0x06, 0x00, 0x06,
    0x00, 0x06, 0x00, 0x06, 0x00, 0x06, 0x00, 0x06, 0x00, 0x06, 0x00, 0x06,
    0x00, 0x06, 0x00, 0x06, 0x00, 0x06, 0x00, 0x06, 0x00, 0x06, 0x00, 0x06,
    0x00, 0x06, 0x00, 0x06, 0x00, 0x06, 0x00, 0x06, 0x00, 0x06, 0x00, 0x06,
    0x00, 0x06, 0x00, 0x06, 0x00, 0x06, 0x00, 0x06, 0x00, 0x06, 0x00, 0x06,
    0x00, 0x06, 0x00, 0x06, 0x00, 0x06, 0x00, 0x06, 0x00, 0x06, 0x00, 0x06,
    0x00, 0x06, 0x00, 0x06, 0x48, 0x43, 0x18, 0xc0, 0x18, 0xc0, 0x18, 0xc0,
    0x18, 0xc0, 0x18, 0xc0, 0x18, 0xc0, 0x18, 0xc0, 0x18, 0xc0, 0x18, 0xc0,
    0x18, 0xc0, 0x18, 0xc0, 0x18, 0xc0, 0x18, 0xc0, 0x18, 0xc0, 0x18, 0xc0,
    0x18, 0xc0, 0x18, 0xc0, 0x18, 0xc0, 0x18, 0xc0, 0x18, 0xc0, 0x18, 0xc0,
    0x18, 0xc0, 0x18, 0xc0, 0x18, 0xc0, 0x18, 0xc0, 0x18, 0xc0, 0x18, 0xc0,
    0x18, 0xc0, 0x18, 0xc0, 0x18, 0xc0, 0x18, 0xc0, 0x18, 0xc0, 0x18, 0xc0,
    0x18, 0xc0, 0x18, 0xc0, 0x18, 0xc0, 0x18, 0xc0, 0x18, 0xc0, 0x18, 0xc0,
    0x18, 0xc0, 0x18, 0xc0, 0x18, 0xc0, 0x18, 0xc0, 0x18, 0xc0, 0x18, 0xc0,
    0x18, 0xc0, 0x00, 0xc0, 0x00, 0xc0, 0x00, 0xc0, 0x00, 0xc0, 0x00, 0xc0,
    0x00, 0xc0, 0x00, 0xc0, 0x00, 0xc0, 0x00, 0xc0, 0x00, 0xc0, 0x00, 0xc0,
    0x00, 0xc0, 0x00, 0xc0, 0x00, 0xc0, 0x00, 0xc0, 0x00, 0xc0, 0x00, 0xc0,
    0x00, 0xc0, 0x00, 0xc0, 0x00, 0xc0, 0x00, 0xc0, 0x00, 0xc0, 0x00, 0xc0,
    0x00, 0xc0, 0x00, 0xc0, 0x00, 0xc0, 0x00, 0xc0, 0x00, 0xc0, 0x00, 0xc0,
    0x00, 0xc0, 0x00, 0xc0, 0x00, 0xc0, 0x00, 0xc0, 0x00, 0xc0, 0x00, 0xc0,
    0x00, 0xc0, 0x00, 0xc0, 0x00, 0xc0, 0x00, 0xc0, 0x00, 0xc0, 0x00, 0xc0,
    0x00, 0xc0, 0x00, 0xc0, 0x00, 0xc0, 0x00, 0xc0, 0x0d, 0x30, 0x18, 0x00,
    0x18, 0x00, 0x18, 0x00, 0x18, 0x00, 0x18, 0x00, 0x18, 0x00, 0x18, 0x00,
    0x18, 0x00, 0x18, 0x00, 0x18, 0x00, 0x18, 0x00, 0x18, 0x00, 0x18, 0x00,
    0x18, 0x00, 0x18, 0x00, 0x18, 0x00, 0x18, 0x00, 0x18, 0x00, 0x18, 0x00,
    0x18, 0x00, 0x18, 0x00, 0x18, 0x00, 0x18, 0x00, 0x18, 0x00, 0x18, 0x00,
    0x18, 0x00, 0x18, 0x00, 0x18, 0x00, 0x18, 0x00, 0x18, 0x00, 0x18, 0x00,
    0x18, 0x00, 0x18, 0x00, 0x18, 0x00, 0x18, 0x00, 0x18, 0x00, 0x18, 0x00,
    0x18, 0x00, 0x18, 0x00, 0x18, 0x00, 0x18, 0x00, 0x18, 0x00, 0x18, 0x00,
    0x18, 0x00, 0x18, 0x00, 0x18, 0xc6, 0x18, 0xc6, 0x18, 0xc6, 0x18, 0xc6,
    0x18, 0xc6, 0x18, 0xc6, 0x18, 0xc6, 0x18, 0xc6, 0x18, 0xc6, 0x18, 0xc6,
    0x18, 0xc6, 0x18, 0xc6, 0x18, 0xc6, 0x18, 0xc6, 0x18, 0xc6, 0x18, 0xc6,
    0x18, 0xc6, 0x18, 0xc6, 0x18, 0xc6, 0x18, 0xc6, 0x18, 0xc6, 0x18, 0xc6,
    0x18, 0xc6, 0x18, 0xc6, 0x18, 0xc6, 0x18, 0xc6, 0x18, 0xc6, 0x18, 0xc6,
    0x18, 0xc6, 0x18, 0xc6, 0x18, 0xc6, 0x18, 0xc6, 0x18, 0xc6, 0x18, 0xc6,
    0x18, 0xc6, 0x18, 0xc6, 0x18, 0xc6, 0x18, 0xc6, 0x18, 0xc6, 0x18, 0xc6,
    0x18, 0xc6, 0x18, 0xc6, 0x18, 0xc6, 0x18, 0xc6, 0x18, 0xc6, 0xf8, 0xbd,
    0x00, 0xc6, 0x00, 0xc6, 0x00, 0xc6, 0x00, 0xc6, 0x00, 0xc6, 0x00, 0xc6,
    0x00, 0xc6, 0x00, 0xc6, 0x00, 0xc6, 0x00, 0xc6, 0x00, 0xc6, 0x00, 0xc6,
    0x00, 0xc6, 0x00, 0xc6, 0x00, 0xc6, 0x00, 0xc6, 0x00, 0xc6, 0x00, 0xc6,
    0x00, 0xc6, 0x00, 0xc6, 0x00, 0xc6, 0x00, 0xc6, 0x00, 0xc6, 0x00, 0xc6,
    0x00, 0xc6, 0x00, 0xc6, 0x00, 0xc6, 0x00, 0xc6, 0x00, 0xc6, 0x00, 0xc6,
    0x00, 0xc6, 0x00, 0xc6, 0x00, 0xc6, 0x00, 0xc6, 0x00, 0xc6, 0x00, 0xc6,
    0x00, 0xc6, 0x00, 0xc6, 0x00, 0xc6, 0x00, 0xc6, 0x00, 0xc6, 0x00, 0xc6,
    0x00, 0xc6, 0x00, 0xc6, 0x00, 0xc6, 0xf8, 0xbd, 0x18, 0x06, 0x18, 0x06,
    0x18, 0x06, 0x18, 0x06, 0x18, 0x06, 0x18, 0x06, 0x18, 0x06, 0x18, 0x06,
    0x18, 0x06, 0x18, 0x06, 0x18, 0x06, 0x18, 0x06, 0x18, 0x06, 0x18, 0x06,
    0x18, 0x06, 0x18, 0x06, 0x18, 0x06, 0x18, 0x06, 0x18, 0x06, 0x18, 0x06,
    0x18, 0x06, 0x18, 0x06, 0x18, 0x06, 0x18, 0x06, 0x18, 0x06, 0x18, 0x06,
    0x18, 0x06, 0x18, 0x06, 0x18, 0x06, 0x18, 0x06, 0x18, 0x06, 0x18, 0x06,
    0x18, 0x06, 0x18, 0x06, 0x18, 0x06, 0x18, 0x06, 0x18, 0x06, 0x18, 0x06,
    0x18, 0x06, 0x18, 0x06, 0x18, 0x06, 0x18, 0x06, 0x18, 0x06, 0x18, 0x06,
    0x18, 0x06, 0xe2, 0x0c, 0x00, 0x06, 0x00, 0x06, 0x00, 0x06, 0x00, 0x06,
    0x00, 0x06, 0x00, 0x06, 0x00, 0x06, 0x00, 0x06, 0x00, 0x06, 0x00, 0x06,
    0x00, 0x06, 0x00, 0x06, 0x00, 0x06, 0x00, 0x06, 0x00, 0x06, 0x00, 0x06,
    0x00, 0x06, 0x00, 0x06, 0x00, 0x06, 0x00, 0x06, 0x00, 0x06, 0x00, 0x06,
    0x00, 0x06, 0x00, 0x06, 0x00, 0x06, 0x00, 0x06, 0x00, 0x06, 0x00, 0x06,
    0x00, 0x06, 0x00, 0x06, 0x00, 0x06, 0x00, 0x06, 0x00, 0x06, 0x00, 0x06,
    0x00, 0x06, 0x00, 0x06, 0x00, 0x06, 0x00, 0x06, 0x00, 0x06, 0x00, 0x06,
    0x00, 0x06, 0x00, 0x06, 0x00, 0x06, 0x00, 0x06, 0x47, 0x3b, 0x18, 0xc0,
    0x18, 0xc0, 0x18, 0xc0, 0x18, 0xc0, 0x18, 0xc0, 0x18, 0xc0, 0x18, 0xc0,
    0x18, 0xc0, 0x18, 0xc0, 0x18, 0xc0, 0x18, 0xc0, 0x18, 0xc0, 0x18, 0xc0,
    0x18, 0xc0, 0x18, 0xc0, 0x18, 0xc0, 0x18, 0xc0, 0x18, 0xc0, 0x18, 0xc0,
    0x18, 0xc0, 0x18, 0xc0, 0x18, 0xc0, 0x18, 0xc0, 0x18, 0xc0, 0x18, 0xc0,
    0x18, 0xc0, 0x18, 0xc0, 0x18, 0xc0, 0x18, 0xc0, 0x18, 0xc0, 0x18, 0xc0,
    0x18, 0xc0, 0x18, 0xc0, 0x18, 0xc0, 0x18, 0xc0, 0x18, 0xc0, 0x18, 0xc0,
    0x18, 0xc0, 0x18, 0xc0, 0x18, 0xc0, 0x18, 0xc0, 0x18, 0xc0, 0x18, 0xc0,
    0x18, 0xc0, 0x18, 0xc0, 0x18, 0xc0, 0x00, 0xc0, 0x00, 0xc0, 0x00, 0xc0,
    0x00, 0xc0, 0x00, 0xc0, 0x00, 0xc0, 0x00, 0xc0, 0x00, 0xc0, 0x00, 0xc0,
    0x00, 0xc0, 0x00, 0xc0, 0x00, 0xc0, 0x00, 0xc0, 0x00, 0xc0, 0x00, 0xc0,
    0x00, 0xc0, 0x00, 0xc0, 0x00, 0xc0, 0x00, 0xc0, 0x00, 0xc0, 0x00, 0xc0,
    0x00, 0xc0, 0x00, 0xc0, 0x00, 0xc0, 0x00, 0xc0, 0x00, 0xc0, 0x00, 0xc0,
    0x00, 0xc0, 0x00, 0xc0, 0x00, 0xc0, 0x00, 0xc0, 0x00, 0xc0, 0x00, 0xc0,
    0x00, 0xc0, 0x00, 0xc0, 0x00, 0xc0, 0x00, 0xc0, 0x00, 0xc0, 0x00, 0xc0,
    0x00, 0xc0, 0x00, 0xc0, 0x00, 0xc0, 0x00, 0xc0, 0x00, 0xc0, 0x00, 0xc0,
    0x0d, 0x30, 0x18, 0x00, 0x18, 0x00, 0x18, 0x00, 0x18, 0x00, 0x18, 0x00,
    0x18, 0x00, 0x18, 0x00, 0x18, 0x00, 0x18, 0x00, 0x18, 0x00, 0x18, 0x00,
    0x18, 0x00, 0x18, 0x00, 0x18, 0x00, 0x18, 0x00, 0x18, 0x00, 0x18, 0x00,
    0x18, 0x00, 0x18, 0x00, 0x18, 0x00, 0x18, 0x00, 0x18, 0x00, 0x18, 0x00,
    0x18, 0x00, 0x18, 0x00, 0x18, 0x00, 0x18, 0x00, 0x18, 0x00, 0x18, 0x00,
    0x18, 0x00, 0x18, 0x00, 0x18, 0x00, 0x18, 0x00, 0x18, 0x00, 0x18, 0x00,
    0x18, 0x00, 0x18, 0x00, 0x18, 0x00, 0x18, 0x00, 0x18, 0x00, 0x18, 0x00,
    0x18, 0x00, 0x18, 0x00, 0x18, 0x00, 0x18, 0x00, 0x18, 0xc6, 0x18, 0xc6,
    0x18, 0xc6, 0x18, 0xc6, 0x18, 0xc6, 0x18, 0xc6, 0x18, 0xc6, 0x18, 0xc6,
    0x18, 0xc6, 0x18, 0xc6, 0x18, 0xc6, 0x18, 0xc6, 0x18, 0xc6, 0x18, 0xc6,
    0x18, 0xc6, 0x18, 0xc6, 0x18, 0xc6, 0x18, 0xc6, 0x18, 0xc6, 0x18, 0xc6,
    0x18, 0xc6, 0x18, 0xc6, 0x18, 0xc6, 0x18, 0xc6, 0x18, 0xc6, 0x18, 0xc6,
    0x18, 0xc6, 0x18, 0xc6, 0x18, 0xc6, 0x18, 0xc6, 0x18, 0xc6, 0x18, 0xc6,
    0x18, 0xc6, 0x18, 0xc6, 0x18, 0xc6, 0x18, 0xc6, 0x18, 0xc6, 0x18, 0xc6,
    0x18, 0xc6, 0x18, 0xc6, 0x18, 0xc6, 0x18, 0xc6, 0x18, 0xc6, 0x18, 0xc6,
    0x18, 0xc6, 0xf8, 0xbd, 0x00, 0xc6, 0x00, 0xc6, 0x00, 0xc6, 0x00, 0xc6,
    0x00, 0xc6, 0x00, 0xc6, 0x00, 0xc6, 0x00, 0xc6, 0x00, 0xc6, 0x00, 0xc6,
    0x00, 0xc6, 0x00, 0xc6, 0x00, 0xc6, 0x00, 0xc6, 0x00, 0xc6, 0x00, 0xc6,
    0x00, 0xc6, 0x00, 0xc6, 0x00, 0xc6, 0x00, 0xc6, 0x00, 0xc6, 0x00, 0xc6,
    0x00, 0xc6, 0x00, 0xc6, 0x00, 0xc6, 0x00, 0xc6, 0x00, 0xc6, 0x00, 0xc6,
    0x00, 0xc6, 0x00, 0xc6, 0x00, 0xc6, 0x00, 0xc6, 0x00, 0xc6, 0x00, 0xc6,
    0x00, 0xc6, 0x00, 0xc6, 0x00, 0xc6, 0x00, 0xc6, 0x00, 0xc6, 0x00, 0xc6,
    0x00, 0xc6, 0x00, 0xc6, 0x00, 0xc6, 0x00, 0xc6, 0x00, 0xc6, 0xf8, 0xbd,
    0x18, 0x06, 0x18, 0x06, 0x18, 0x06, 0x18, 0x06, 0x18, 0x06, 0x18, 0x06,
    0x18, 0x06, 0x18, 0x06, 0x18, 0x06, 0x18, 0x06, 0x18, 0x06, 0x18, 0x06,
    0x18, 0x06, 0x18, 0x06, 0x18, 0x06, 0x18, 0x06, 0x18, 0x06, 0x18, 0x06,
    0x18, 0x06, 0x18, 0x06, 0x18, 0x06, 0x18, 0x06, 0x18, 0x06, 0x18, 0x06,
    0x18, 0x06, 0x18, 0x06, 0x18, 0x06, 0x18, 0x06, 0x18, 0x06, 0x18, 0x06,
    0x18, 0x06, 0x18, 0x06, 0x18, 0x06, 0x18, 0x06, 0x18, 0x06, 0x18, 0x06,
    0x18, 0x06, 0x18, 0x06, 0x18, 0x06, 0x18, 0x06, 0x18, 0x06, 0x18, 0x06,
    0x18, 0x06, 0x18, 0x06, 0x18, 0x06, 0xe2, 0x04, 0x00, 0x06, 0x00, 0x06,
    0x00, 0x06, 0x00, 0x06, 0x00, 0x06, 0x00, 0x06, 0x00, 0x06, 0x00, 0x06,
    0x00, 0x06, 0x00, 0x06, 0x00, 0x06, 0x00, 0x06, 0x00, 0x06, 0x00, 0x06,
    0x00, 0x06, 0x00, 0x06, 0x00, 0x06, 0x00, 0x06, 0x00, 0x06, 0x00, 0x06,
    0x00, 0x06, 0x00, 0x06, 0x00, 0x06, 0x00, 0x06, 0x00, 0x06, 0x00, 0x06,
    0x00, 0x06, 0x00, 0x06, 0x00, 0x06, 0x00, 0x06, 0x00, 0x06, 0x00, 0x06,
    0x00, 0x06, 0x00, 0x06, 0x00, 0x06, 0x00, 0x06, 0x00, 0x06, 0x00, 0x06,
    0x00, 0x06, 0x00, 0x06, 0x00, 0x06, 0x00, 0x06, 0x00, 0x06, 0x00, 0x06,
    0x27, 0x3b, 0x18, 0xc0, 0x18, 0xc0, 0x18, 0xc0, 0x18, 0xc0, 0x18, 0xc0,
    0x18, 0xc0, 0x18, 0xc0, 0x18, 0xc0, 0x18, 0xc0, 0x18, 0xc0, 0x18, 0xc0,
    0x18, 0xc0, 0x18, 0xc0, 0x18, 0xc0, 0x18, 0xc0, 0x18, 0xc0, 0x18, 0xc0,
    0x18, 0xc0, 0x18, 0xc0, 0x18, 0xc0, 0x18, 0xc0, 0x18, 0xc0, 0x18, 0xc0,
    0x18, 0xc0, 0x18, 0xc0, 0x18, 0xc0, 0x18, 0xc0, 0x18, 0xc0, 0x18, 0xc0,
    0x18, 0xc0, 0x18, 0xc0, 0x18, 0xc0, 0x18, 0xc0, 0x18, 0xc0, 0x18, 0xc0,
    0x18, 0xc0, 0x18, 0xc0, 0x18, 0xc0, 0x18, 0xc0, 0x18, 0xc0, 0x18, 0xc0,
    0x18, 0xc0, 0x18, 0xc0, 0x18, 0xc0, 0x18, 0xc0, 0x18, 0xc0, 0x00, 0xc0,
    0x00, 0xc0, 0x00, 0xc0, 0x00, 0xc0, 0x00, 0xc0, 0x00, 0xc0, 0x00, 0xc0,
    0x00, 0xc0, 0x00, 0xc0, 0x00, 0xc0, 0x00, 0xc0, 0x00, 0xc0, 0x00, 0xc0,
    0x00, 0xc0, 0x00, 0xc0, 0x00, 0xc0, 0x00, 0xc0, 0x00, 0xc0, 0x00, 0xc0,
    0x00, 0xc0, 0x00, 0xc0, 0x00, 0xc0, 0x00, 0xc0, 0x00, 0xc0, 0x00, 0xc0,
    0x00, 0xc0, 0x00, 0xc0, 0x00, 0xc0, 0x00, 0xc0, 0x00, 0xc0, 0x00, 0xc0,
    0x00, 0xc0, 0x00, 0xc0, 0x00, 0xc0, 0x00, 0xc0, 0x00, 0xc0, 0x00, 0xc0,
    0x00, 0xc0, 0x00, 0xc0, 0x00, 0xc0, 0x00, 0xc0, 0x00, 0xc0, 0x00, 0xc0,
    0x00, 0xc0, 0x00, 0xc0, 0x0d, 0x30, 0x18, 0x00, 0x18, 0x00, 0x18, 0x00,
    0x18, 0x00, 0x18, 0x00, 0x18, 0x00, 0x18, 0x00, 0x18, 0x00, 0x18, 0x00,
    0x18, 0x00, 0x18, 0x00, 0x18, 0x00, 0x18, 0x00, 0x18, 0x00, 0x18, 0x00,
    0x18, 0x00, 0x18, 0x00, 0x18, 0x00, 0x18, 0x00, 0x18, 0x00, 0x18, 0x00,
    0x18, 0x00, 0x18, 0x00, 0x18, 0x00, 0x18, 0x00, 0x18, 0x00, 0x18, 0x00,
    0x18, 0x00, 0x18, 0x00, 0x18, 0x00, 0x18, 0x00, 0x18, 0x00, 0x18, 0x00,
    0x18, 0x00, 0x18, 0x00, 0x18, 0x00, 0x18, 0x00, 0x18, 0x00, 0x18, 0x00,
    0x18, 0x00, 0x18, 0x00, 0x18, 0x00, 0x18, 0x00, 0x18, 0x00, 0x18, 0x00,
    0x18, 0xc6, 0x18, 0xc6, 0x18, 0xc6, 0x18, 0xc6, 0x18, 0xc6, 0x18, 0xc6,
    0x18, 0xc6, 0x18, 0xc6, 0x18, 0xc6, 0x18, 0xc6, 0x18, 0xc6, 0x18, 0xc6,
    0x18, 0xc6, 0x18, 0xc6, 0x18, 0xc6, 0x18, 0xc6, 0x18, 0xc6, 0x18, 0xc6,
    0x18, 0xc6, 0x18, 0xc6, 0x18, 0xc6, 0x18, 0xc6, 0x18, 0xc6, 0x18, 0xc6,
    0x18, 0xc6, 0x18, 0xc6, 0x18, 0xc6, 0x18, 0xc6, 0x18, 0xc6, 0x18, 0xc6,
    0x18, 0xc6, 0x18, 0xc6, 0x18, 0xc6, 0x18, 0xc6, 0x18, 0xc6, 0x18, 0xc6,
    0x18, 0xc6, 0x18, 0xc6, 0x18, 0xc6, 0x18, 0xc6, 0x18, 0xc6, 0x18, 0xc6,
    0x18, 0xc6, 0x18, 0xc6, 0x18, 0xc6, 0xf8, 0xc5, 0x00, 0xc6, 0x00, 0xc6,
    0x00, 0xc6, 0x00, 0xc6, 0x00, 0xc6, 0x00, 0xc6, 0x00, 0xc6, 0x00, 0xc6,
    0x00, 0xc6, 0x00, 0xc6, 0x00, 0xc6, 0x00, 0xc6, 0x00, 0xc6, 0x00, 0xc6,
    0x00, 0xc6, 0x00, 0xc6, 0x00, 0xc6, 0x00, 0xc6, 0x00, 0xc6, 0x00, 0xc6,
    0x00, 0xc6, 0x00, 0xc6, 0x00, 0xc6, 0x00, 0xc6, 0x00, 0xc6, 0x00, 0xc6,
    0x00, 0xc6, 0x00, 0xc6, 0x00, 0xc6, 0x00, 0xc6, 0x00, 0xc6, 0x00, 0xc6,
    0x00, 0xc6, 0x00, 0xc6, 0x00, 0xc6, 0x00, 0xc6, 0x00, 0xc6, 0x00, 0xc6,
    0x00, 0xc6, 0x00, 0xc6, 0x00, 0xc6, 0x00, 0xc6, 0x00, 0xc6, 0x00, 0xc6,
    0x00, 0xc6, 0xf8, 0xc5, 0x18, 0x06, 0x18, 0x06, 0x18, 0x06, 0x18, 0x06,
    0x18, 0x06, 0x18, 0x06, 0x18, 0x06, 0x18, 0x06, 0x18, 0x06, 0x18, 0x06,
    0x18, 0x06, 0x18, 0x06, 0x18, 0x06, 0x18, 0x06, 0x18, 0x06, 0x18, 0x06,
    0x18, 0x06, 0x18, 0x06, 0x18, 0x06, 0x18, 0x06, 0x18, 0x06, 0x18, 0x06,
    0x18, 0x06, 0x18, 0x06, 0x18, 0x06, 0x18, 0x06, 0x18, 0x06, 0x18, 0x06,
    0x18, 0x06, 0x18, 0x06, 0x18, 0x06, 0x18, 0x06, 0x18, 0x06, 0x18, 0x06,
    0x18, 0x06, 0x18, 0x06, 0x18, 0x06, 0x18, 0x06, 0x18, 0x06, 0x18, 0x06,
    0x18, 0x06, 0x18, 0x06, 0x18, 0x06, 0x18, 0x06, 0x18, 0x06, 0xe3, 0x0c,
    0x00, 0x06, 0x00, 0x06, 0x00, 0x06, 0x00, 0x06, 0x00, 0x06, 0x00, 0x06,
    0x00, 0x06, 0x00, 0x06, 0x00, 0x06, 0x00, 0x06, 0x00, 0x06, 0x00, 0x06,
    0x00, 0x06, 0x00, 0x06, 0x00, 0x06, 0x00, 0x06, 0x00, 0x06, 0x00, 0x06,
    0x00, 0x06, 0x00, 0x06, 0x00, 0x06, 0x00, 0x06, 0x00, 0x06, 0x00, 0x06,
    0x00, 0x06, 0x00, 0x06, 0x00, 0x06, 0x00, 0x06, 0x00, 0x06, 0x00, 0x06,
    0x00, 0x06, 0x00, 0x06, 0x00, 0x06, 0x00, 0x06, 0x00, 0x06, 0x00, 0x06,
    0x00, 0x06, 0x00, 0x06, 0x00, 0x06, 0x00, 0x06, 0x00, 0x06, 0x00, 0x06,
    0x00, 0x06, 0x00, 0x06, 0x28, 0x43, 0x18, 0xc0, 0x18, 0xc0, 0x18, 0xc0,
    0x18, 0xc0, 0x18, 0xc0, 0x18, 0xc0, 0x18, 0xc0, 0x18, 0xc0, 0x18, 0xc0,
    0x18, 0xc0, 0x18, 0xc0, 0x18, 0xc0, 0x18, 0xc0, 0x18, 0xc0, 0x18, 0xc0,
    0x18, 0xc0, 0x18, 0xc0, 0x18, 0xc0, 0x18, 0xc0, 0x18, 0xc0, 0x18, 0xc0,
    0x18, 0xc0, 0x18, 0xc0, 0x18, 0xc0, 0x18, 0xc0, 0x18, 0xc0, 0x18, 0xc0,
    0x18, 0xc0, 0x18, 0xc0, 0x18, 0xc0, 0x18, 0xc0, 0x18, 0xc0, 0x18, 0xc0,
    0x18, 0xc0, 0x18, 0xc0, 0x18, 0xc0, 0x18, 0xc0, 0x18, 0xc0, 0x18, 0xc0,
    0x18, 0xc0, 0x18, 0xc0, 0x18, 0xc0, 0x18, 0xc0, 0x18, 0xc0, 0x18, 0xc0,
    0x18, 0xc0, 0x00, 0xc0, 0x00, 0xc0, 0x00, 0xc0, 0x00, 0xc0, 0x00, 0xc0,
    0x00, 0xc0, 0x00, 0xc0, 0x00, 0xc0, 0x00, 0xc0, 0x00, 0xc0, 0x00, 0xc0,
    0x00, 0xc0, 0x00, 0xc0, 0x00, 0xc0, 0x00, 0xc0, 0x00, 0xc0, 0x00, 0xc0,
    0x00, 0xc0, 0x00, 0xc0, 0x00, 0xc0, 0x00, 0xc0, 0x00, 0xc0, 0x00, 0xc0,
    0x00, 0xc0, 0x00, 0xc0, 0x00, 0xc0, 0x00, 0xc0, 0x00, 0xc0, 0x00, 0xc0,
    0x00, 0xc0, 0x00, 0xc0, 0x00, 0xc0, 0x00, 0xc0, 0x00, 0xc0, 0x00, 0xc0,
    0x00, 0xc0, 0x00, 0xc0, 0x00, 0xc0, 0x00, 0xc0, 0x00, 0xc0, 0x00, 0xc0,
    0x00, 0xc0, 0x00, 0xc0, 0x00, 0xc0, 0x00, 0xc0, 0x0e, 0x38, 0x18, 0x00,
    0x18, 0x00, 0x18, 0x00, 0x18, 0x00, 0x18, 0x00, 0x18, 0x00, 0x18, 0x00,
    0x18, 0x00, 0x18, 0x00, 0x18, 0x00, 0x18, 0x00, 0x18, 0x00, 0x18, 0x00,
    0x18, 0x00, 0x18, 0x00, 0x18, 0x00, 0x18, 0x00, 0x18, 0x00, 0x18, 0x00,
    0x18, 0x00, 0x18, 0x00, 0x18, 0x00, 0x18, 0x00, 0x18, 0x00, 0x18, 0x00,
    0x18, 0x00, 0x18, 0x00, 0x18, 0x00, 0x18, 0x00, 0x18, 0x00, 0x18, 0x00,
    0x18, 0x00, 0x18, 0x00, 0x18, 0x00, 0x18, 0x00, 0x18, 0x00, 0x18, 0x00,
    0x18, 0x00, 0x18, 0x00, 0x18, 0x00, 0x18, 0x00, 0x18, 0x00, 0x18, 0x00,
    0x18, 0x00, 0x18, 0x00, 0x18, 0xc6, 0x18, 0xc6, 0x18, 0xc6, 0x18, 0xc6,
    0x18, 0xc6, 0x18, 0xc6, 0x18, 0xc6, 0x18, 0xc6, 0x18, 0xc6, 0x18, 0xc6,
    0x18, 0xc6, 0x18, 0xc6, 0x18, 0xc6, 0x18, 0xc6, 0x18, 0xc6, 0x18, 0xc6,
    0x18, 0xc6, 0x18, 0xc6, 0x18, 0xc6, 0x18, 0xc6, 0x18, 0xc6, 0x18, 0xc6,
    0x18, 0xc6, 0x18, 0xc6, 0x18, 0xc6, 0x18, 0xc6, 0x18, 0xc6, 0x18, 0xc6,
    0x18, 0xc6, 0x18, 0xc6, 0x18, 0xc6, 0x18, 0xc6, 0x18, 0xc6, 0x18, 0xc6,
    0x18, 0xc6, 0x18, 0xc6, 0x18, 0xc6, 0x18, 0xc6, 0x18, 0xc6, 0x18, 0xc6,
    0x18, 0xc6, 0x18, 0xc6, 0x18, 0xc6, 0x18, 0xc6, 0x18, 0xc6, 0xf8, 0xbd,
    0x00, 0xc6, 0x00, 0xc6, 0x00, 0xc6, 0x00, 0xc6, 0x00, 0xc6, 0x00, 0xc6,
    0x00, 0xc6, 0x00, 0xc6, 0x00, 0xc6, 0x00, 0xc6, 0x00, 0xc6, 0x00, 0xc6,
    0x00, 0xc6, 0x00, 0xc6, 0x00, 0xc6, 0x00, 0xc6, 0x00, 0xc6, 0x00, 0xc6,
    0x00, 0xc6, 0x00, 0xc6, 0x00, 0xc6, 0x00, 0xc6, 0x00, 0xc6, 0x00, 0xc6,
    0x00, 0xc6, 0x00, 0xc6, 0x00, 0xc6, 0x00, 0xc6, 0x00, 0xc6, 0x00, 0xc6,
    0x00, 0xc6, 0x00, 0xc6, 0x00, 0xc6, 0x00, 0xc6, 0x00, 0xc6, 0x00, 0xc6,
    0x00, 0xc6, 0x00, 0xc6, 0x00, 0xc6, 0x00, 0xc6, 0x00, 0xc6, 0x00, 0xc6,
    0x00, 0xc6, 0x00, 0xc6, 0x00, 0xc6, 0x18, 0xbe, 0x18, 0x06, 0x18, 0x06,
    0x18, 0x06, 0x18, 0x06, 0x18, 0x06, 0x18, 0x06, 0x18, 0x06, 0x18, 0x06,
    0x18, 0x06, 0x18, 0x06, 0x18, 0x06, 0x18, 0x06, 0x18, 0x06, 0x18, 0x06,
    0x18, 0x06, 0x18, 0x06, 0x18, 0x06, 0x18, 0x06, 0x18, 0x06, 0x18, 0x06,
    0x18, 0x06, 0x18, 0x06, 0x18, 0x06, 0x18, 0x06, 0x18, 0x06, 0x18, 0x06,
    0x18, 0x06, 0x18, 0x06, 0x18, 0x06, 0x18, 0x06, 0x18, 0x06, 0x18, 0x06,
    0x18, 0x06, 0x18, 0x06, 0x18, 0x06, 0x18, 0x06, 0x18, 0x06, 0x18, 0x06,
    0x18, 0x06, 0x18, 0x06, 0x18, 0x06, 0x18, 0x06, 0x18, 0x06, 0x18, 0x06,
    0x18, 0x06, 0x02, 0x05, 0x00, 0x06, 0x00, 0x06, 0x00, 0x06, 0x00, 0x06,
    0x00, 0x06, 0x00, 0x06, 0x00, 0x06, 0x00, 0x06, 0x00, 0x06, 0x00, 0x06,
    0x00, 0x06, 0x00, 0x06, 0x00, 0x06, 0x00, 0x06, 0x00, 0x06, 0x00, 0x06,
    0x00, 0x06, 0x00, 0x06, 0x00, 0x06, 0x00, 0x06, 0x00, 0x06, 0x00, 0x06,
    0x00, 0x06, 0x00, 0x06, 0x00, 0x06, 0x00, 0x06, 0x00, 0x06, 0x00, 0x06,
    0x00, 0x06, 0x00, 0x06, 0x00, 0x06, 0x00, 0x06, 0x00, 0x06, 0x00, 0x06,
    0x00, 0x06, 0x00, 0x06, 0x00, 0x06, 0x00, 0x06, 0x00, 0x06, 0x00, 0x06,
    0x00, 0x06, 0x00, 0x06, 0x00, 0x06, 0x00, 0x06, 0x47, 0x3b, 0x18, 0xc0,
    0x18, 0xc0, 0x18, 0xc0, 0x18, 0xc0, 0x18, 0xc0, 0x18, 0xc0, 0x18, 0xc0,
    0x18, 0xc0, 0x18, 0xc0, 0x18, 0xc0, 0x18, 0xc0, 0x18, 0xc0, 0x18, 0xc0,
    0x18, 0xc0, 0x18, 0xc0, 0x18, 0xc0, 0x18, 0xc0, 0x18, 0xc0, 0x18, 0xc0,
    0x18, 0xc0, 0x18, 0xc0, 0x18, 0xc0, 0x18, 0xc0, 0x18, 0xc0, 0x18, 0xc0,
    0x18, 0xc0, 0x18, 0xc0, 0x18, 0xc0, 0x18, 0xc0, 0x18, 0xc0, 0x18, 0xc0,
    0x18, 0xc0, 0x18, 0xc0, 0x18, 0xc0, 0x18, 0xc0, 0x18, 0xc0, 0x18, 0xc0,
    0x18, 0xc0, 0x18, 0xc0, 0x18, 0xc0, 0x18, 0xc0, 0x18, 0xc0, 0x18, 0xc0,
    0x18, 0xc0, 0x18, 0xc0, 0x18, 0xc0, 0x00, 0xc0, 0x00, 0xc0, 0x00, 0xc0,
    0x00, 0xc0, 0x00, 0xc0, 0x00, 0xc0, 0x00, 0xc0, 0x00, 0xc0, 0x00, 0xc0,
    0x00, 0xc0, 0x00, 0xc0, 0x00, 0xc0, 0x00, 0xc0, 0x00, 0xc0, 0x00, 0xc0,
    0x00, 0xc0, 0x00, 0xc0, 0x00, 0xc0, 0x00, 0xc0, 0x00, 0xc0, 0x00, 0xc0,
    0x00, 0xc0, 0x00, 0xc0, 0x00, 0xc0, 0x00, 0xc0, 0x00, 0xc0, 0x00, 0xc0,
    0x00, 0xc0, 0x00, 0xc0, 0x00, 0xc0, 0x00, 0xc0, 0x00, 0xc0, 0x00, 0xc0,
    0x00, 0xc0, 0x00, 0xc0, 0x00, 0xc0, 0x00, 0xc0, 0x00, 0xc0, 0x00, 0xc0,
    0x00, 0xc0, 0x00, 0xc0, 0x00, 0xc0, 0x00, 0xc0, 0x00, 0xc0, 0x00, 0xc0,
    0x0d, 0x30, 0x18, 0x00, 0x18, 0x00, 0x18, 0x00, 0x18, 0x00, 0x18, 0x00,
    0x18, 0x00, 0x18, 0x00, 0x18, 0x00, 0x18, 0x00, 0x18, 0x00, 0x18, 0x00,
    0x18, 0x00, 0x18, 0x00, 0x18, 0x00, 0x18, 0x00, 0x18, 0x00, 0x18, 0x00,
    0x18, 0x00, 0x18, 0x00, 0x18, 0x00, 0x18, 0x00, 0x18, 0x00, 0x18, 0x00,
    0x18, 0x00, 0x18, 0x00, 0x18, 0x00, 0x18, 0x00, 0x18, 0x00, 0x18, 0x00,
    0x18, 0x00, 0x18, 0x00, 0x18, 0x00, 0x18, 0x00, 0x18, 0x00, 0x18, 0x00,
    0x18, 0x00, 0x18, 0x00, 0x18, 0x00, 0x18, 0x00, 0x18, 0x00, 0x18, 0x00,
    0x18, 0x00, 0x18, 0x00, 0x18, 0x00, 0x18, 0x00, 0x18, 0xc6, 0x18, 0xc6,
    0x18, 0xc6, 0x18, 0xc6, 0x18, 0xc6, 0x18, 0xc6, 0x18, 0xc6, 0x18, 0xc6,
    0x18, 0xc6, 0x18, 0xc6, 0x18, 0xc6, 0x18, 0xc6, 0x18, 0xc6, 0x18, 0xc6,
    0x18, 0xc6, 0x18, 0xc6, 0x18, 0xc6, 0x18, 0xc6, 0x18, 0xc6, 0x18, 0xc6,
    0x18, 0xc6, 0x18, 0xc6, 0x18, 0xc6, 0x18, 0xc6, 0x18, 0xc6, 0x18, 0xc6,
    0x18, 0xc6, 0x18, 0xc6, 0x18, 0xc6, 0x18, 0xc6, 0x18, 0xc6, 0x18, 0xc6,
    0x18, 0xc6, 0x18, 0xc6, 0x18, 0xc6, 0x18, 0xc6, 0x18, 0xc6, 0x18, 0xc6,
    0x18, 0xc6, 0x18, 0xc6, 0x18, 0xc6, 0x18, 0xc6, 0x18, 0xc6, 0x18, 0xc6,
    0x18, 0xc6, 0xf8, 0xbd, 0x00, 0xc6, 0x00, 0xc6, 0x00, 0xc6, 0x00, 0xc6,
    0x00, 0xc6, 0x00, 0xc6, 0x00, 0xc6, 0x00, 0xc6, 0x00, 0xc6, 0x00, 0xc6,
    0x00, 0xc6, 0x00, 0xc6, 0x00, 0xc6, 0x00, 0xc6, 0x00, 0xc6, 0x00, 0xc6,
    0x00, 0xc6, 0x00, 0xc6, 0x00, 0xc6, 0x00, 0xc6, 0x00, 0xc6, 0x00, 0xc6,
    0x00, 0xc6, 0x00, 0xc6, 0x00, 0xc6, 0x00, 0xc6, 0x00, 0xc6, 0x00, 0xc6,
    0x00, 0xc6, 0x00, 0xc6, 0x00, 0xc6, 0x00, 0xc6, 0x00, 0xc6, 0x00, 0xc6,
    0x00, 0xc6, 0x00, 0xc6, 0x00, 0xc6, 0x00, 0xc6, 0x00, 0xc6, 0x00, 0xc6,
    0x00, 0xc6, 0x00, 0xc6, 0x00, 0xc6, 0x00, 0xc6, 0x00, 0xc6, 0xf8, 0xbd,
    0x18, 0x06, 0x18, 0x06, 0x18, 0x06, 0x18, 0x06, 0x18, 0x06, 0x18, 0x06,
    0x18, 0x06, 0x18, 0x06, 0x18, 0x06, 0x18, 0x06, 0x18, 0x06, 0x18, 0x06,
    0x18, 0x06, 0x18, 0x06, 0x18, 0x06, 0x18, 0x06, 0x18, 0x06, 0x18, 0x06,
    0x18, 0x06, 0x18, 0x06, 0x18, 0x06, 0x18, 0x06, 0x18, 0x06, 0x18, 0x06,
    0x18, 0x06, 0x18, 0x06, 0x18, 0x06, 0x18, 0x06, 0x18, 0x06, 0x18, 0x06,
    0x18, 0x06, 0x18, 0x06, 0x18, 0x06, 0x18, 0x06, 0x18, 0x06, 0x18, 0x06,
    0x18, 0x06, 0x18, 0x06, 0x18, 0x06, 0x18, 0x06, 0x18, 0x06, 0x18, 0x06,
    0x18, 0x06, 0x18, 0x06, 0x18, 0x06, 0xe2, 0x0c, 0x00, 0x06, 0x00, 0x06,
    0x00, 0x06, 0x00, 0x06, 0x00, 0x06, 0x00, 0x06, 0x00, 0x06, 0x00, 0x06,
    0x00, 0x06, 0x00, 0x06, 0x00, 0x06, 0x00, 0x06, 0x00, 0x06, 0x00, 0x06,
    0x00, 0x06, 0x00, 0x06, 0x00, 0x06, 0x00, 0x06, 0x00, 0x06, 0x00, 0x06,
    0x00, 0x06, 0x00, 0x06, 0x00, 0x06, 0x00, 0x06, 0x00, 0x06, 0x00, 0x06,
    0x00, 0x06, 0x00, 0x06, 0x00, 0x06, 0x00, 0x06, 0x00, 0x06, 0x00, 0x06,
    0x00, 0x06, 0x00, 0x06, 0x00, 0x06, 0x00, 0x06, 0x00, 0x06, 0x00, 0x06,
    0x00, 0x06, 0x00, 0x06, 0x00, 0x06, 0x00, 0x06, 0x00, 0x06, 0x00, 0x06,
    0x27, 0x3b, 0x18, 0xc0, 0x18, 0xc0, 0x18, 0xc0, 0x18, 0xc0, 0x18, 0xc0,
    0x18, 0xc0, 0x18, 0xc0, 0x18, 0xc0, 0x18, 0xc0, 0x18, 0xc0, 0x18, 0xc0,
    0x18, 0xc0, 0x18, 0xc0, 0x18, 0xc0, 0x18, 0xc0, 0x18, 0xc0, 0x18, 0xc0,
    0x18, 0xc0, 0x18, 0xc0, 0x18, 0xc0, 0x18, 0xc0, 0x18, 0xc0, 0x18, 0xc0,
    0x18, 0xc0, 0x18, 0xc0, 0x18, 0xc0, 0x18, 0xc0, 0x18, 0xc0, 0x18, 0xc0,
    0x18, 0xc0, 0x18, 0xc0, 0x18, 0xc0, 0x18, 0xc0, 0x18, 0xc0, 0x18, 0xc0,
    0x18, 0xc0, 0x18, 0xc0, 0x18, 0xc0, 0x18, 0xc0, 0x18, 0xc0, 0x18, 0xc0,
    0x18, 0xc0, 0x18, 0xc0, 0x18, 0xc0, 0x18, 0xc0, 0x18, 0xc0, 0x00, 0xc0,
    0x00, 0xc0, 0x00, 0xc0, 0x00, 0xc0, 0x00, 0xc0, 0x00, 0xc0, 0x00, 0xc0,
    0x00, 0xc0, 0x00, 0xc0, 0x00, 0xc0, 0x00, 0xc0, 0x00, 0xc0, 0x00, 0xc0,
    0x00, 0xc0, 0x00, 0xc0, 0x00, 0xc0, 0x00, 0xc0, 0x00, 0xc0, 0x00, 0xc0,
    0x00, 0xc0, 0x00, 0xc0, 0x00, 0xc0, 0x00, 0xc0, 0x00, 0xc0, 0x00, 0xc0,
    0x00, 0xc0, 0x00, 0xc0, 0x00, 0xc0, 0x00, 0xc0, 0x00, 0xc0, 0x00, 0xc0,
    0x00, 0xc0, 0x00, 0xc0, 0x00, 0xc0, 0x00, 0xc0, 0x00, 0xc0, 0x00, 0xc0,
    0x00, 0xc0, 0x00, 0xc0, 0x00, 0xc0, 0x00, 0xc0, 0x00, 0xc0, 0x00, 0xc0,
    0x00, 0xc0, 0x00, 0xc0, 0x0d, 0x30, 0x18, 0x00, 0x18, 0x00, 0x18, 0x00,
    0x18, 0x00, 0x18, 0x00, 0x18, 0x00, 0x18, 0x00, 0x18, 0x00, 0x18, 0x00,
    0x18, 0x00, 0x18, 0x00, 0x18, 0x00, 0x18, 0x00, 0x18, 0x00, 0x18, 0x00,
    0x18, 0x00, 0x18, 0x00, 0x18, 0x00, 0x18, 0x00, 0x18, 0x00, 0x18, 0x00,
    0x18, 0x00, 0x18, 0x00, 0x18, 0x00, 0x18, 0x00, 0x18, 0x00, 0x18, 0x00,
    0x18, 0x00, 0x18, 0x00, 0x18, 0x00, 0x18, 0x00, 0x18, 0x00, 0x18, 0x00,
    0x18, 0x00, 0x18, 0x00, 0x18, 0x00, 0x18, 0x00, 0x18, 0x00, 0x18, 0x00,
    0x18, 0x00, 0x18, 0x00, 0x18, 0x00, 0x18, 0x00, 0x18, 0x00, 0x18, 0x00,
    0x18, 0xc6, 0x18, 0xc6, 0x18, 0xc6, 0x18, 0xc6, 0x18, 0xc6, 0x18, 0xc6,
    0x18, 0xc6, 0x18, 0xc6, 0x18, 0xc6, 0x18, 0xc6, 0x18, 0xc6, 0x18, 0xc6,
    0x18, 0xc6, 0x18, 0xc6, 0x18, 0xc6, 0x18, 0xc6, 0x18, 0xc6, 0x18, 0xc6,
    0x18, 0xc6, 0x18, 0xc6, 0x18, 0xc6, 0x18, 0xc6, 0x18, 0xc6, 0x18, 0xc6,
    0x18, 0xc6, 0x18, 0xc6, 0x18, 0xc6, 0x18, 0xc6, 0x18, 0xc6, 0x18, 0xc6,
    0x18, 0xc6, 0x18, 0xc6, 0x18, 0xc6, 0x18, 0xc6, 0x18, 0xc6, 0x18, 0xc6,
    0x18, 0xc6, 0x18, 0xc6, 0x18, 0xc6, 0x18, 0xc6, 0x18, 0xc6, 0x18, 0xc6,
    0x18, 0xc6, 0x18, 0xc6, 0x18, 0xc6, 0x18, 0xbe, 0x00, 0xc6, 0x00, 0xc6,
    0x00, 0xc6, 0x00, 0xc6, 0x00, 0xc6, 0x00, 0xc6, 0x00, 0xc6, 0x00, 0xc6,
    0x00, 0xc6, 0x00, 0xc6, 0x00, 0xc6, 0x00, 0xc6, 0x00, 0xc6, 0x00, 0xc6,
    0x00, 0xc6, 0x00, 0xc6, 0x00, 0xc6, 0x00, 0xc6, 0x00, 0xc6, 0x00, 0xc6,
    0x00, 0xc6, 0x00, 0xc6, 0x00, 0xc6, 0x00, 0xc6, 0x00, 0xc6, 0x00, 0xc6,
    0x00, 0xc6, 0x00, 0xc6, 0x00, 0xc6, 0x00, 0xc6, 0x00, 0xc6, 0x00, 0xc6,
    0x00, 0xc6, 0x00, 0xc6, 0x00, 0xc6, 0x00, 0xc6, 0x00, 0xc6, 0x00, 0xc6,
    0x00, 0xc6, 0x00, 0xc6, 0x00, 0xc6, 0x00, 0xc6, 0x00, 0xc6, 0x00, 0xc6,
    0x00, 0xc6, 0xf8, 0xc5, 0x18, 0x06, 0x18, 0x06, 0x18, 0x06, 0x18, 0x06,
    0x18, 0x06, 0x18, 0x06, 0x18, 0x06, 0x18, 0x06, 0x18, 0x06, 0x18, 0x06,
    0x18, 0x06, 0x18, 0x06, 0x18, 0x06, 0x18, 0x06, 0x18, 0x06, 0x18, 0x06,
    0x18, 0x06, 0x18, 0x06, 0x18, 0x06, 0x18, 0x06, 0x18, 0x06, 0x18, 0x06,
    0x18, 0x06, 0x18, 0x06, 0x18, 0x06, 0x18, 0x06, 0x18, 0x06, 0x18, 0x06,
    0x18, 0x06, 0x18, 0x06, 0x18, 0x06, 0x18, 0x06, 0x18, 0x06, 0x18, 0x06,
    0x18, 0x06, 0x18, 0x06, 0x18, 0x06, 0x18, 0x06, 0x18, 0x06, 0x18, 0x06,
    0x18, 0x06, 0x18, 0x06, 0x18, 0x06, 0x18, 0x06, 0x18, 0x06, 0xe3, 0x04,
    0x00, 0x06, 0x00, 0x06, 0x00, 0x06, 0x00, 0x06, 0x00, 0x06, 0x00, 0x06,
    0x00, 0x06, 0x00, 0x06, 0x00, 0x06, 0x00, 0x06, 0x00, 0x06, 0x00, 0x06,
    0x00, 0x06, 0x00, 0x06, 0x00, 0x06, 0x00, 0x06, 0x00, 0x06, 0x00, 0x06,
    0x00, 0x06, 0x00, 0x06, 0x00, 0x06, 0x00, 0x06, 0x00, 0x06, 0x00, 0x06,
    0x00, 0x06, 0x00, 0x06, 0x00, 0x06, 0x00, 0x06, 0x00, 0x06, 0x00, 0x06,
    0x00, 0x06, 0x00, 0x06, 0x00, 0x06, 0x00, 0x06, 0x00, 0x06, 0x00, 0x06,
    0x00, 0x06, 0x00, 0x06, 0x00, 0x06, 0x00, 0x06, 0x00, 0x06, 0x00, 0x06,
    0x00, 0x06, 0x00, 0x06, 0x48, 0x43, 0x18, 0xc0, 0x18, 0xc0, 0x18, 0xc0,
    0x18, 0xc0, 0x18, 0xc0, 0x18, 0xc0, 0x18, 0xc0, 0x18, 0xc0, 0x18, 0xc0,
    0x18, 0xc0, 0x18, 0xc0, 0x18, 0xc0, 0x18, 0xc0, 0x18, 0xc0, 0x18, 0xc0,
    0x18, 0xc0, 0x18, 0xc0, 0x18, 0xc0, 0x18, 0xc0, 0x18, 0xc0, 0x18, 0xc0,
    0x18, 0xc0, 0x18, 0xc0, 0x18, 0xc0, 0x18, 0xc0, 0x18, 0xc0, 0x18, 0xc0,
    0x18, 0xc0, 0x18, 0xc0, 0x18, 0xc0, 0x18, 0xc0, 0x18, 0xc0, 0x18, 0xc0,
    0x18, 0xc0, 0x18, 0xc0, 0x18, 0xc0, 0x18, 0xc0, 0x18, 0xc0, 0x18, 0xc0,
    0x18, 0xc0, 0x18, 0xc0, 0x18, 0xc0, 0x18, 0xc0, 0x18, 0xc0, 0x18, 0xc0,
    0x18, 0xc0, 0x00, 0xc0, 0x00, 0xc0, 0x00, 0xc0, 0x00, 0xc0, 0x00, 0xc0,
    0x00, 0xc0, 0x00, 0xc0, 0x00, 0xc0, 0x00, 0xc0, 0x00, 0xc0, 0x00, 0xc0,
    0x00, 0xc0, 0x00, 0xc0, 0x00, 0xc0, 0x00, 0xc0, 0x00, 0xc0, 0x00, 0xc0,
    0x00, 0xc0, 0x00, 0xc0, 0x00, 0xc0, 0x00, 0xc0, 0x00, 0xc0, 0x00, 0xc0,
    0x00, 0xc0, 0x00, 0xc0, 0x00, 0xc0, 0x00, 0xc0, 0x00, 0xc0, 0x00, 0xc0,
    0x00, 0xc0, 0x00, 0xc0, 0x00, 0xc0, 0x00, 0xc0, 0x00, 0xc0, 0x00, 0xc0,
    0x00, 0xc0, 0x00, 0xc0, 0x00, 0xc0, 0x00, 0xc0, 0x00, 0xc0, 0x00, 0xc0,
    0x00, 0xc0, 0x00, 0xc0, 0x00, 0xc0, 0x00, 0xc0, 0x0d, 0x30, 0x18, 0x00,
    0x18, 0x00, 0x18, 0x00, 0x18, 0x00, 0x18, 0x00, 0x18, 0x00, 0x18, 0x00,
    0x18, 0x00, 0x18, 0x00, 0x18, 0x00, 0x18, 0x00, 0x18, 0x00, 0x18, 0x00,
    0x18, 0x00, 0x18, 0x00, 0x18, 0x00, 0x18, 0x00, 0x18, 0x00, 0x18, 0x00,
    0x18, 0x00, 0x18, 0x00, 0x18, 0x00, 0x18, 0x00, 0x18, 0x00, 0x18, 0x00,
    0x18, 0x00, 0x18, 0x00, 0x18, 0x00, 0x18, 0x00, 0x18, 0x00, 0x18, 0x00,
    0x18, 0x00, 0x18, 0x00, 0x18, 0x00, 0x18, 0x00, 0x18, 0x00, 0x18, 0x00,
    0x18, 0x00, 0x18, 0x00, 0x18, 0x00, 0x18, 0x00, 0x18, 0x00, 0x18, 0x00,
    0x18, 0x00, 0x18, 0x00, 0x18, 0xc6, 0x18, 0xc6, 0x18, 0xc6, 0x18, 0xc6,
    0x18, 0xc6, 0x18, 0xc6, 0x18, 0xc6, 0x18, 0xc6, 0x18, 0xc6, 0x18, 0xc6,
    0x18, 0xc6, 0x18, 0xc6, 0x18, 0xc6, 0x18, 0xc6, 0x18, 0xc6, 0x18, 0xc6,
    0x18, 0xc6, 0x18, 0xc6, 0x18, 0xc6, 0x18, 0xc6, 0x18, 0xc6, 0x18, 0xc6,
    0x18, 0xc6, 0x18, 0xc6, 0x18, 0xc6, 0x18, 0xc6, 0x18, 0xc6, 0x18, 0xc6,
    0x18, 0xc6, 0x18, 0xc6, 0x18, 0xc6, 0x18, 0xc6, 0x18, 0xc6, 0x18, 0xc6,
    0x18, 0xc6, 0x18, 0xc6, 0x18, 0xc6, 0x18, 0xc6, 0x18, 0xc6, 0x18, 0xc6,
    0x18, 0xc6, 0x18, 0xc6, 0x18, 0xc6, 0x18, 0xc6, 0x18, 0xc6, 0xf8, 0xc5,
    0x00, 0xc6, 0x00, 0xc6, 0x00, 0xc6, 0x00, 0xc6, 0x00, 0xc6, 0x00, 0xc6,
    0x00, 0xc6, 0x00, 0xc6, 0x00, 0xc6, 0x00, 0xc6, 0x00, 0xc6, 0x00, 0xc6,
    0x00, 0xc6, 0x00, 0xc6, 0x00, 0xc6, 0x00, 0xc6, 0x00, 0xc6, 0x00, 0xc6,
    0x00, 0xc6, 0x00, 0xc6, 0x00, 0xc6, 0x00, 0xc6, 0x00, 0xc6, 0x00, 0xc6,
    0x00, 0xc6, 0x00, 0xc6, 0x00, 0xc6, 0x00, 0xc6, 0x00, 0xc6, 0x00, 0xc6,
    0x00, 0xc6, 0x00, 0xc6, 0x00, 0xc6, 0x00, 0xc6, 0x00, 0xc6, 0x00, 0xc6,
    0x00, 0xc6, 0x00, 0xc6, 0x00, 0xc6, 0x00, 0xc6, 0x00, 0xc6, 0x00, 0xc6,
    0x00, 0xc6, 0x00, 0xc6, 0x00, 0xc6, 0xf8, 0xbd, 0x18, 0x06, 0x18, 0x06,
    0x18, 0x06, 0x18, 0x06, 0x18, 0x06, 0x18, 0x06, 0x18, 0x06, 0x18, 0x06,
    0x18, 0x06, 0x18, 0x06, 0x18, 0x06, 0x18, 0x06, 0x18, 0x06, 0x18, 0x06,
    0x18, 0x06, 0x18, 0x06, 0x18, 0x06, 0x18, 0x06, 0x18, 0x06, 0x18, 0x06,
    0x18, 0x06, 0x18, 0x06, 0x18, 0x06, 0x18, 0x06, 0x18, 0x06, 0x18, 0x06,
    0x18, 0x06, 0x18, 0x06, 0x18, 0x06, 0x18, 0x06, 0x18, 0x06, 0x18, 0x06,
    0x18, 0x06, 0x18, 0x06, 0x18, 0x06, 0x18, 0x06, 0x18, 0x06, 0x18, 0x06,
    0x18, 0x06, 0x18, 0x06, 0x18, 0x06, 0x18, 0x06, 0x18, 0x06, 0x18, 0x06,
    0x18, 0x06, 0xe2, 0x0c, 0x00, 0x06, 0x00, 0x06, 0x00, 0x06, 0x00, 0x06,
    0x00, 0x06, 0x00, 0x06, 0x00, 0x06, 0x00, 0x06, 0x00, 0x06, 0x00, 0x06,
    0x00, 0x06, 0x00, 0x06, 0x00, 0x06, 0x00, 0x06, 0x00, 0x06, 0x00, 0x06,
    0x00, 0x06, 0x00, 0x06, 0x00, 0x06, 0x00, 0x06, 0x00, 0x06, 0x00, 0x06,
    0x00, 0x06, 0x00, 0x06, 0x00, 0x06, 0x00, 0x06, 0x00, 0x06, 0x00, 0x06,
    0x00, 0x06, 0x00, 0x06, 0x00, 0x06, 0x00, 0x06, 0x00, 0x06, 0x00, 0x06,
    0x00, 0x06, 0x00, 0x06, 0x00, 0x06, 0x00, 0x06, 0x00, 0x06, 0x00, 0x06,
    0x00, 0x06, 0x00, 0x06, 0x00, 0x06, 0x00, 0x06, 0x27, 0x3b, 0x18, 0xc0,
    0x18, 0xc0, 0x18, 0xc0, 0x18, 0xc0, 0x18, 0xc0, 0x18, 0xc0, 0x18, 0xc0,
    0x18, 0xc0, 0x18, 0xc0, 0x18, 0xc0, 0x18, 0xc0, 0x18, 0xc0, 0x18, 0xc0,
    0x18, 0xc0, 0x18, 0xc0, 0x18, 0xc0, 0x18, 0xc0, 0x18, 0xc0, 0x18, 0xc0,
    0x18, 0xc0, 0x18, 0xc0, 0x18, 0xc0, 0x18, 0xc0, 0x18, 0xc0, 0x18, 0xc0,
    0x18, 0xc0, 0x18, 0xc0, 0x18, 0xc0, 0x18, 0xc0, 0x18, 0xc0, 0x18, 0xc0,
    0x18, 0xc0, 0x18, 0xc0, 0x18, 0xc0, 0x18, 0xc0, 0x18, 0xc0, 0x18, 0xc0,
    0x18, 0xc0, 0x18, 0xc0, 0x18, 0xc0, 0x18, 0xc0, 0x18, 0xc0, 0x18, 0xc0,
    0x18, 0xc0, 0x18, 0xc0, 0x18, 0xc0, 0x00, 0xc0, 0x00, 0xc0, 0x00, 0xc0,
    0x00, 0xc0, 0x00, 0xc0, 0x00, 0xc0, 0x00, 0xc0, 0x00, 0xc0, 0x00, 0xc0,
    0x00, 0xc0, 0x00, 0xc0, 0x00, 0xc0, 0x00, 0xc0, 0x00, 0xc0, 0x00, 0xc0,
    0x00, 0xc0, 0x00, 0xc0, 0x00, 0xc0, 0x00, 0xc0, 0x00, 0xc0, 0x00, 0xc0,
    0x00, 0xc0, 0x00, 0xc0, 0x00, 0xc0, 0x00, 0xc0, 0x00, 0xc0, 0x00, 0xc0,
    0x00, 0xc0, 0x00, 0xc0, 0x00, 0xc0, 0x00, 0xc0, 0x00, 0xc0, 0x00, 0xc0,
    0x00, 0xc0, 0x00, 0xc0, 0x00, 0xc0, 0x00, 0xc0, 0x00, 0xc0, 0x00, 0xc0,
    0x00, 0xc0, 0x00, 0xc0, 0x00, 0xc0, 0x00, 0xc0, 0x00, 0xc0, 0x00, 0xc0,
    0x0d, 0x30, 0x18, 0x00, 0x18, 0x00, 0x18, 0x00, 0x18, 0x00, 0x18, 0x00,
    0x18, 0x00, 0x18, 0x00, 0x18, 0x00, 0x18, 0x00, 0x18, 0x00, 0x18, 0x00,
    0x18, 0x00, 0x18, 0x00, 0x18, 0x00, 0x18, 0x00, 0x18, 0x00, 0x18, 0x00,
    0x18, 0x00, 0x18, 0x00, 0x18, 0x00, 0x18, 0x00, 0x18, 0x00, 0x18, 0x00,
    0x18, 0x00, 0x18, 0x00, 0x18, 0x00, 0x18, 0x00, 0x18, 0x00, 0x18, 0x00,
    0x18, 0x00, 0x18, 0x00, 0x18, 0x00, 0x18, 0x00, 0x18, 0x00, 0x18, 0x00,
    0x18, 0x00, 0x18, 0x00, 0x18, 0x00, 0x18, 0x00, 0x18, 0x00, 0x18, 0x00,
    0x18, 0x00, 0x18, 0x00, 0x18, 0x00, 0x18, 0x00, 0x18, 0xc6, 0x18, 0xc6,
    0x18, 0xc6, 0x18, 0xc6, 0x18, 0xc6, 0x18, 0xc6, 0x18, 0xc6, 0x18, 0xc6,
    0x18, 0xc6, 0x18, 0xc6, 0x18, 0xc6, 0x18, 0xc6, 0x18, 0xc6, 0x18, 0xc6,
    0x18, 0xc6, 0x18, 0xc6, 0x18, 0xc6, 0x18, 0xc6, 0x18, 0xc6, 0x18, 0xc6,
    0x18, 0xc6, 0x18, 0xc6, 0x18, 0xc6, 0x18, 0xc6, 0x18, 0xc6, 0x18, 0xc6,
    0x18, 0xc6, 0x18, 0xc6, 0x18, 0xc6, 0x18, 0xc6, 0x18, 0xc6, 0x18, 0xc6,
    0x18, 0xc6, 0x18, 0xc6, 0x18, 0xc6, 0x18, 0xc6, 0x18, 0xc6, 0x18, 0xc6,
    0x18, 0xc6, 0x18, 0xc6, 0x18, 0xc6, 0x18, 0xc6, 0x18, 0xc6, 0x18, 0xc6,
    0x18, 0xc6, 0xf8, 0xbd, 0x00, 0xc6, 0x00, 0xc6, 0x00, 0xc6, 0x00, 0xc6,
    0x00, 0xc6, 0x00, 0xc6, 0x00, 0xc6, 0x00, 0xc6, 0x00, 0xc6, 0x00, 0xc6,
    0x00, 0xc6, 0x00, 0xc6, 0x00, 0xc6, 0x00, 0xc6, 0x00, 0xc6, 0x00, 0xc6,
    0x00, 0xc6, 0x00, 0xc6, 0x00, 0xc6, 0x00, 0xc6, 0x00, 0xc6, 0x00, 0xc6,
    0x00, 0xc6, 0x00, 0xc6, 0x00, 0xc6, 0x00, 0xc6, 0x00, 0xc6, 0x00, 0xc6,
    0x00, 0xc6, 0x00, 0xc6, 0x00, 0xc6, 0x00, 0xc6, 0x00, 0xc6, 0x00, 0xc6,
    0x00, 0xc6, 0x00, 0xc6, 0x00, 0xc6, 0x00, 0xc6, 0x00, 0xc6, 0x00, 0xc6,
    0x00, 0xc6, 0x00, 0xc6, 0x00, 0xc6, 0x00, 0xc6, 0x00, 0xc6, 0xf8, 0xbd,
    0x18, 0x06, 0x18, 0x06, 0x18, 0x06, 0x18, 0x06, 0x18, 0x06, 0x18, 0x06,
    0x18, 0x06, 0x18, 0x06, 0x18, 0x06, 0x18, 0x06, 0x18, 0x06, 0x18, 0x06,
    0x18, 0x06, 0x18, 0x06, 0x18, 0x06, 0x18, 0x06, 0x18, 0x06, 0x18, 0x06,
    0x18, 0x06, 0x18, 0x06, 0x18, 0x06, 0x18, 0x06, 0x18, 0x06, 0x18, 0x06,
    0x18, 0x06, 0x18, 0x06, 0x18, 0x06, 0x18, 0x06, 0x18, 0x06, 0x18, 0x06,
    0x18, 0x06, 0x18, 0x06, 0x18, 0x06, 0x18, 0x06, 0x18, 0x06, 0x18, 0x06,
    0x18, 0x06, 0x18, 0x06, 0x18, 0x06, 0x18, 0x06, 0x18, 0x06, 0x18, 0x06,
    0x18, 0x06, 0x18, 0x06, 0x18, 0x06, 0xe2, 0x04, 0x00, 0x06, 0x00, 0x06,
    0x00, 0x06, 0x00, 0x06, 0x00, 0x06, 0x00, 0x06, 0x00, 0x06, 0x00, 0x06,
    0x00, 0x06, 0x00, 0x06, 0x00, 0x06, 0x00, 0x06, 0x00, 0x06, 0x00, 0x06,
    0x00, 0x06, 0x00, 0x06, 0x00, 0x06, 0x00, 0x06, 0x00, 0x06, 0x00, 0x06,
    0x00, 0x06, 0x00, 0x06, 0x00, 0x06, 0x00, 0x06, 0x00, 0x06, 0x00, 0x06,
    0x00, 0x06, 0x00, 0x06, 0x00, 0x06, 0x00, 0x06, 0x00, 0x06, 0x00, 0x06,
    0x00, 0x06, 0x00, 0x06, 0x00, 0x06, 0x00, 0x06, 0x00, 0x06, 0x00, 0x06,
    0x00, 0x06, 0x00, 0x06, 0x00, 0x06, 0x00, 0x06, 0x00, 0x06, 0x00, 0x06,
    0x47, 0x3b, 0x18, 0xc0, 0x18, 0xc0, 0x18, 0xc0, 0x18, 0xc0, 0x18, 0xc0,
    0x18, 0xc0, 0x18, 0xc0, 0x18, 0xc0, 0x18, 0xc0, 0x18, 0xc0, 0x18, 0xc0,
    0x18, 0xc0, 0x18, 0xc0, 0x18, 0xc0, 0x18, 0xc0, 0x18, 0xc0, 0x18, 0xc0,
    0x18, 0xc0, 0x18, 0xc0, 0x18, 0xc0, 0x18, 0xc0, 0x18, 0xc0, 0x18, 0xc0,
    0x18, 0xc0, 0x18, 0xc0, 0x18, 0xc0, 0x18, 0xc0, 0x18, 0xc0, 0x18, 0xc0,
    0x18, 0xc0, 0x18, 0xc0, 0x18, 0xc0, 0x18, 0xc0, 0x18, 0xc0, 0x18, 0xc0,
    0x18, 0xc0, 0x18, 0xc0, 0x18, 0xc0, 0x18, 0xc0, 0x18, 0xc0, 0x18, 0xc0,
    0x18, 0xc0, 0x18, 0xc0, 0x18, 0xc0, 0x18, 0xc0, 0x18, 0xc0, 0x00, 0xc0,
    0x00, 0xc0, 0x00, 0xc0, 0x00, 0xc0, 0x00, 0xc0, 0x00, 0xc0, 0x00, 0xc0,
    0x00, 0xc0, 0x00, 0xc0, 0x00, 0xc0, 0x00, 0xc0, 0x00, 0xc0, 0x00, 0xc0,
    0x00, 0xc0, 0x00, 0xc0, 0x00, 0xc0, 0x00, 0xc0, 0x00, 0xc0, 0x00, 0xc0,
    0x00, 0xc0, 0x00, 0xc0, 0x00, 0xc0, 0x00, 0xc0, 0x00, 0xc0, 0x00, 0xc0,
    0x00, 0xc0, 0x00, 0xc0, 0x00, 0xc0, 0x00, 0xc0, 0x00, 0xc0, 0x00, 0xc0,
    0x00, 0xc0, 0x00, 0xc0, 0x00, 0xc0, 0x00, 0xc0, 0x00, 0xc0, 0x00, 0xc0,
    0x00, 0xc0, 0x00, 0xc0, 0x00, 0xc0, 0x00, 0xc0, 0x00, 0xc0, 0x00, 0xc0,
    0x00, 0xc0, 0x00, 0xc0, 0x0d, 0x30, 0x18, 0x00, 0x18, 0x00, 0x18, 0x00,
    0x18, 0x00, 0x18, 0x00, 0x18, 0x00, 0x18, 0x00, 0x18, 0x00, 0x18, 0x00,
    0x18, 0x00, 0x18, 0x00, 0x18, 0x00, 0x18, 0x00, 0x18, 0x00, 0x18, 0x00,
    0x18, 0x00, 0x18, 0x00, 0x18, 0x00, 0x18, 0x00, 0x18, 0x00, 0x18, 0x00,
    0x18, 0x00, 0x18, 0x00, 0x18, 0x00, 0x18, 0x00, 0x18, 0x00, 0x18, 0x00,
    0x18, 0x00, 0x18, 0x00, 0x18, 0x00, 0x18, 0x00, 0x18, 0x00, 0x18, 0x00,
    0x18, 0x00, 0x18, 0x00, 0x18, 0x00, 0x18, 0x00, 0x18, 0x00, 0x18, 0x00,
    0x18, 0x00, 0x18, 0x00, 0x18, 0x00, 0x18, 0x00, 0x18, 0x00, 0x18, 0x00,
    0x18, 0xc6, 0x18, 0xc6, 0x18, 0xc6, 0x18, 0xc6, 0x18, 0xc6, 0x18, 0xc6,
    0x18, 0xc6, 0x18, 0xc6, 0x18, 0xc6, 0x18, 0xc6, 0x18, 0xc6, 0x18, 0xc6,
    0x18, 0xc6, 0x18, 0xc6, 0x18, 0xc6, 0x18, 0xc6, 0x18, 0xc6, 0x18, 0xc6,
    0x18, 0xc6, 0x18, 0xc6, 0x18, 0xc6, 0x18, 0xc6, 0x18, 0xc6, 0x18, 0xc6,
    0x18, 0xc6, 0x18, 0xc6, 0x18, 0xc6, 0x18, 0xc6, 0x18, 0xc6, 0x18, 0xc6,
    0x18, 0xc6, 0x18, 0xc6, 0x18, 0xc6, 0x18, 0xc6, 0x18, 0xc6, 0x18, 0xc6,
    0x18, 0xc6, 0x18, 0xc6, 0x18, 0xc6, 0x18, 0xc6, 0x18, 0xc6, 0x18, 0xc6,
    0x18, 0xc6, 0x18, 0xc6, 0x18, 0xc6, 0xf8, 0xbd, 0x00, 0xc6, 0x00, 0xc6,
    0x00, 0xc6, 0x00, 0xc6, 0x00, 0xc6, 0x00, 0xc6, 0x00, 0xc6, 0x00, 0xc6,
    0x00, 0xc6, 0x00, 0xc6, 0x00, 0xc6, 0x00, 0xc6, 0x00, 0xc6, 0x00, 0xc6,
    0x00, 0xc6, 0x00, 0xc6, 0x00, 0xc6, 0x00, 0xc6, 0x00, 0xc6, 0x00, 0xc6,
    0x00, 0xc6, 0x00, 0xc6, 0x00, 0xc6, 0x00, 0xc6, 0x00, 0xc6, 0x00, 0xc6,
    0x00, 0xc6, 0x00, 0xc6, 0x00, 0xc6, 0x00, 0xc6, 0x00, 0xc6, 0x00, 0xc6,
    0x00, 0xc6, 0x00, 0xc6, 0x00, 0xc6, 0x00, 0xc6, 0x00, 0xc6, 0x00, 0xc6,
    0x00, 0xc6, 0x00, 0xc6, 0x00, 0xc6, 0x00, 0xc6, 0x00, 0xc6, 0x00, 0xc6,
    0x00, 0xc6, 0xf8, 0xc5, 0x18, 0x06, 0x18, 0x06, 0x18, 0x06, 0x18, 0x06,
    0x18, 0x06, 0x18, 0x06, 0x18, 0x06, 0x18, 0x06, 0x18, 0x06, 0x18, 0x06,
    0x18, 0x06, 0x18, 0x06, 0x18, 0x06, 0x18, 0x06, 0x18, 0x06, 0x18, 0x06,
    0x18, 0x06, 0x18, 0x06, 0x18, 0x06, 0x18, 0x06, 0x18, 0x06, 0x18, 0x06,
    0x18, 0x06, 0x18, 0x06, 0x18, 0x06, 0x18, 0x06, 0x18, 0x06, 0x18, 0x06,
    0x18, 0x06, 0x18, 0x06, 0x18, 0x06, 0x18, 0x06, 0x18, 0x06, 0x18, 0x06,
    0x18, 0x06, 0x18, 0x06, 0x18, 0x06, 0x18, 0x06, 0x18, 0x06, 0x18, 0x06,
    0x18, 0x06, 0x18, 0x06, 0x18, 0x06, 0x18, 0x06, 0x18, 0x06, 0xe3, 0x04,
    0x00, 0x06, 0x00, 0x06, 0x00, 0x06, 0x00, 0x06, 0x00, 0x06, 0x00, 0x06,
    0x00, 0x06, 0x00, 0x06, 0x00, 0x06, 0x00, 0x06, 0x00, 0x06, 0x00, 0x06,
    0x00, 0x06, 0x00, 0x06, 0x00, 0x06, 0x00, 0x06, 0x00, 0x06, 0x00, 0x06,
    0x00, 0x06, 0x00, 0x06, 0x00, 0x06, 0x00, 0x06, 0x00, 0x06, 0x00, 0x06,
    0x00, 0x06, 0x00, 0x06, 0x00, 0x06, 0x00, 0x06, 0x00, 0x06, 0x00, 0x06,
    0x00, 0x06, 0x00, 0x06, 0x00, 0x06, 0x00, 0x06, 0x00, 0x06, 0x00, 0x06,
    0x00, 0x06, 0x00, 0x06, 0x00, 0x06, 0x00, 0x06, 0x00, 0x06, 0x00, 0x06,
    0x00, 0x06, 0x00, 0x06, 0x28, 0x43, 0x18, 0xc0, 0x18, 0xc0, 0x18, 0xc0,
    0x18, 0xc0, 0x18, 0xc0, 0x18, 0xc0, 0x18, 0xc0, 0x18, 0xc0, 0x18, 0xc0,
    0x18, 0xc0, 0x18, 0xc0, 0x18, 0xc0, 0x18, 0xc0, 0x18, 0xc0, 0x18, 0xc0,
    0x18, 0xc0, 0x18, 0xc0, 0x18, 0xc0, 0x18, 0xc0, 0x18, 0xc0, 0x18, 0xc0,
    0x18, 0xc0, 0x18, 0xc0, 0x18, 0xc0, 0x18, 0xc0, 0x18, 0xc0, 0x18, 0xc0,
    0x18, 0xc0, 0x18, 0xc0, 0x18, 0xc0, 0x18, 0xc0, 0x18, 0xc0, 0x18, 0xc0,
    0x18, 0xc0, 0x18, 0xc0, 0x18, 0xc0, 0x18, 0xc0, 0x18, 0xc0, 0x18, 0xc0,
    0x18, 0xc0, 0x18, 0xc0, 0x18, 0xc0, 0x18, 0xc0, 0x18, 0xc0, 0x18, 0xc0,
    0x18, 0xc0, 0x00, 0xc0, 0x00, 0xc0, 0x00, 0xc0, 0x00, 0xc0, 0x00, 0xc0,
    0x00, 0xc0, 0x00, 0xc0, 0x00, 0xc0, 0x00, 0xc0, 0x00, 0xc0, 0x00, 0xc0,
    0x00, 0xc0, 0x00, 0xc0, 0x00, 0xc0, 0x00, 0xc0, 0x00, 0xc0, 0x00, 0xc0,
    0x00, 0xc0, 0x00, 0xc0, 0x00, 0xc0, 0x00, 0xc0, 0x00, 0xc0, 0x00, 0xc0,
    0x00, 0xc0, 0x00, 0xc0, 0x00, 0xc0, 0x00, 0xc0, 0x00, 0xc0, 0x00, 0xc0,
    0x00, 0xc0, 0x00, 0xc0, 0x00, 0xc0, 0x00, 0xc0, 0x00, 0xc0, 0x00, 0xc0,
    0x00, 0xc0, 0x00, 0xc0, 0x00, 0xc0, 0x00, 0xc0, 0x00, 0xc0, 0x00, 0xc0,
    0x00, 0xc0, 0x00, 0xc0, 0x00, 0xc0, 0x00, 0xc0, 0x0d, 0x30, 0x18, 0x00,
    0x18, 0x00, 0x18, 0x00, 0x18, 0x00, 0x18, 0x00, 0x18, 0x00, 0x18, 0x00,
    0x18, 0x00, 0x18, 0x00, 0x18, 0x00, 0x18, 0x00, 0x18, 0x00, 0x18, 0x00,
    0x18, 0x00, 0x18, 0x00, 0x18, 0x00, 0x18, 0x00, 0x18, 0x00, 0x18, 0x00,
    0x18, 0x00, 0x18, 0x00, 0x18, 0x00, 0x18, 0x00, 0x18, 0x00, 0x18, 0x00,
    0x18, 0x00, 0x18, 0x00, 0x18, 0x00, 0x18, 0x00, 0x18, 0x00, 0x18, 0x00,
    0x18, 0x00, 0x18, 0x00, 0x18, 0x00, 0x18, 0x00, 0x18, 0x00, 0x18, 0x00,
    0x18, 0x00, 0x18, 0x00, 0x18, 0x00, 0x18, 0x00, 0x18, 0x00, 0x18, 0x00,
    0x18, 0x00, 0x18, 0x00, 0x18, 0xc6, 0x18, 0xc6, 0x18, 0xc6, 0x18, 0xc6,
    0x18, 0xc6, 0x18, 0xc6, 0x18, 0xc6, 0x18, 0xc6, 0x18, 0xc6, 0x18, 0xc6,
    0x18, 0xc6, 0x18, 0xc6, 0x18, 0xc6, 0x18, 0xc6, 0x18, 0xc6, 0x18, 0xc6,
    0x18, 0xc6, 0x18, 0xc6, 0x18, 0xc6, 0x18, 0xc6, 0x18, 0xc6, 0x18, 0xc6,
    0x18, 0xc6, 0x18, 0xc6, 0x18, 0xc6, 0x18, 0xc6, 0x18, 0xc6, 0x18, 0xc6,
    0x18, 0xc6, 0x18, 0xc6, 0x18, 0xc6, 0x18, 0xc6, 0x18, 0xc6, 0x18, 0xc6,
    0x18, 0xc6, 0x18, 0xc6, 0x18, 0xc6, 0x18, 0xc6, 0x18, 0xc6, 0x18, 0xc6,
    0x18, 0xc6, 0x18, 0xc6, 0x18, 0xc6, 0x18, 0xc6, 0x18, 0xc6, 0xf8, 0xc5,
    0x00, 0xc6, 0x00, 0xc6, 0x00, 0xc6, 0x00, 0xc6, 0x00, 0xc6, 0x00, 0xc6,
    0x00, 0xc6, 0x00, 0xc6, 0x00, 0xc6, 0x00, 0xc6, 0x00, 0xc6, 0x00, 0xc6,
    0x00, 0xc6, 0x00, 0xc6, 0x00, 0xc6, 0x00, 0xc6, 0x00, 0xc6, 0x00, 0xc6,
    0x00, 0xc6, 0x00, 0xc6, 0x00, 0xc6, 0x00, 0xc6, 0x00, 0xc6, 0x00, 0xc6,
    0x00, 0xc6, 0x00, 0xc6, 0x00, 0xc6, 0x00, 0xc6, 0x00, 0xc6, 0x00, 0xc6,
    0x00, 0xc6, 0x00, 0xc6, 0x00, 0xc6, 0x00, 0xc6, 0x00, 0xc6, 0x00, 0xc6,
    0x00, 0xc6, 0x00, 0xc6, 0x00, 0xc6, 0x00, 0xc6, 0x00, 0xc6, 0x00, 0xc6,
    0x00, 0xc6, 0x00, 0xc6, 0x00, 0xc6, 0xf8, 0xbd, 0x18, 0x06, 0x18, 0x06,
    0x18, 0x06, 0x18, 0x06, 0x18, 0x06, 0x18, 0x06, 0x18, 0x06, 0x18, 0x06,
    0x18, 0x06, 0x18, 0x06, 0x18, 0x06, 0x18, 0x06, 0x18, 0x06, 0x18, 0x06,
    0x18, 0x06, 0x18, 0x06, 0x18, 0x06, 0x18, 0x06, 0x18, 0x06, 0x18, 0x06,
    0x18, 0x06, 0x18, 0x06, 0x18, 0x06, 0x18, 0x06, 0x18, 0x06, 0x18, 0x06,
    0x18, 0x06, 0x18, 0x06, 0x18, 0x06, 0x18, 0x06, 0x18, 0x06, 0x18, 0x06,
    0x18, 0x06, 0x18, 0x06, 0x18, 0x06, 0x18, 0x06, 0x18, 0x06, 0x18, 0x06,
    0x18, 0x06, 0x18, 0x06, 0x18, 0x06, 0x18, 0x06, 0x18, 0x06, 0x18, 0x06,
    0x18, 0x06, 0xe2, 0x0c, 0x00, 0x06, 0x00, 0x06, 0x00, 0x06, 0x00, 0x06,
    0x00, 0x06, 0x00, 0x06, 0x00, 0x06, 0x00, 0x06, 0x00, 0x06, 0x00, 0x06,
    0x00, 0x06, 0x00, 0x06, 0x00, 0x06, 0x00, 0x06, 0x00, 0x06, 0x00, 0x06,
    0x00, 0x06, 0x00, 0x06, 0x00, 0x06, 0x00, 0x06, 0x00, 0x06, 0x00, 0x06,
    0x00, 0x06, 0x00, 0x06, 0x00, 0x06, 0x00, 0x06, 0x00, 0x06, 0x00, 0x06,
    0x00, 0x06, 0x00, 0x06, 0x00, 0x06, 0x00, 0x06, 0x00, 0x06, 0x00, 0x06,
    0x00, 0x06, 0x00, 0x06, 0x00, 0x06, 0x00, 0x06, 0x00, 0x06, 0x00, 0x06,
    0x00, 0x06, 0x00, 0x06, 0x00, 0x06, 0x00, 0x06, 0x47, 0x3b, 0x18, 0xc0,
    0x18, 0xc0, 0x18, 0xc0, 0x18, 0xc0, 0x18, 0xc0, 0x18, 0xc0, 0x18, 0xc0,
    0x18, 0xc0, 0x18, 0xc0, 0x18, 0xc0, 0x18, 0xc0, 0x18, 0xc0, 0x18, 0xc0,
    0x18, 0xc0, 0x18, 0xc0, 0x18, 0xc0, 0x18, 0xc0, 0x18, 0xc0, 0x18, 0xc0,
    0x18, 0xc0, 0x18, 0xc0, 0x18, 0xc0, 0x18, 0xc0, 0x18, 0xc0, 0x18, 0xc0,
    0x18, 0xc0, 0x18, 0xc0, 0x18, 0xc0, 0x18, 0xc0, 0x18, 0xc0, 0x18, 0xc0,
    0x18, 0xc0, 0x18, 0xc0, 0x18, 0xc0, 0x18, 0xc0, 0x18, 0xc0, 0x18, 0xc0,
    0x18, 0xc0, 0x18, 0xc0, 0x18, 0xc0, 0x18, 0xc0, 0x18, 0xc0, 0x18, 0xc0,
    0x18, 0xc0, 0x18, 0xc0, 0x18, 0xc0, 0x00, 0xc0, 0x00, 0xc0, 0x00, 0xc0,
    0x00, 0xc0, 0x00, 0xc0, 0x00, 0xc0, 0x00, 0xc0, 0x00, 0xc0, 0x00, 0xc0,
    0x00, 0xc0, 0x00, 0xc0, 0x00, 0xc0, 0x00, 0xc0, 0x00, 0xc0, 0x00, 0xc0,
    0x00, 0xc0, 0x00, 0xc0, 0x00, 0xc0, 0x00, 0xc0, 0x00, 0xc0, 0x00, 0xc0,
    0x00, 0xc0, 0x00, 0xc0, 0x00, 0xc0, 0x00, 0xc0, 0x00, 0xc0, 0x00, 0xc0,
    0x00, 0xc0, 0x00, 0xc0, 0x00, 0xc0, 0x00, 0xc0, 0x00, 0xc0, 0x00, 0xc0,
    0x00, 0xc0, 0x00, 0xc0, 0x00, 0xc0, 0x00, 0xc0, 0x00, 0xc0, 0x00, 0xc0,
    0x00, 0xc0, 0x00, 0xc0, 0x00, 0xc0, 0x00, 0xc0, 0x00, 0xc0, 0x00, 0xc0,
    0x0e, 0x38, 0x18, 0x00, 0x18, 0x00, 0x18, 0x00, 0x18, 0x00, 0x18, 0x00,
    0x18, 0x00, 0x18, 0x00, 0x18, 0x00, 0x18, 0x00, 0x18, 0x00, 0x18, 0x00,
    0x18, 0x00, 0x18, 0x00, 0x18, 0x00, 0x18, 0x00, 0x18, 0x00, 0x18, 0x00,
    0x18, 0x00, 0x18, 0x00, 0x18, 0x00, 0x18, 0x00, 0x18, 0x00, 0x18, 0x00,
    0x18, 0x00, 0x18, 0x00, 0x18, 0x00, 0x18, 0x00, 0x18, 0x00, 0x18, 0x00,
    0x18, 0x00, 0x18, 0x00, 0x18, 0x00, 0x18, 0x00, 0x18, 0x00, 0x18, 0x00,
    0x18, 0x00, 0x18, 0x00, 0x18, 0x00, 0x18, 0x00, 0x18, 0x00, 0x18, 0x00,
    0x18, 0x00, 0x18, 0x00, 0x18, 0x00, 0x18, 0x00, 0x18, 0xc6, 0x18, 0xc6,
    0x18, 0xc6, 0x18, 0xc6, 0x18, 0xc6, 0x18, 0xc6, 0x18, 0xc6, 0x18, 0xc6,
    0x18, 0xc6, 0x18, 0xc6, 0x18, 0xc6, 0x18, 0xc6, 0x18, 0xc6, 0x18, 0xc6,
    0x18, 0xc6, 0x18, 0xc6, 0x18, 0xc6, 0x18, 0xc6, 0x18, 0xc6, 0x18, 0xc6,
    0x18, 0xc6, 0x18, 0xc6, 0x18, 0xc6, 0x18, 0xc6, 0x18, 0xc6, 0x18, 0xc6,
    0x18, 0xc6, 0x18, 0xc6, 0x18, 0xc6, 0x18, 0xc6, 0x18, 0xc6, 0x18, 0xc6,
    0x18, 0xc6, 0x18, 0xc6, 0x18, 0xc6, 0x18, 0xc6, 0x18, 0xc6, 0x18, 0xc6,
    0x18, 0xc6, 0x18, 0xc6, 0x18, 0xc6, 0x18, 0xc6, 0x18, 0xc6, 0x18, 0xc6,
    0x18, 0xc6, 0xf8, 0xbd, 0x00, 0xc6, 0x00, 0xc6, 0x00, 0xc6, 0x00, 0xc6,
    0x00, 0xc6, 0x00, 0xc6, 0x00, 0xc6, 0x00, 0xc6, 0x00, 0xc6, 0x00, 0xc6,
    0x00, 0xc6, 0x00, 0xc6, 0x00, 0xc6, 0x00, 0xc6, 0x00, 0xc6, 0x00, 0xc6,
    0x00, 0xc6, 0x00, 0xc6, 0x00, 0xc6, 0x00, 0xc6, 0x00, 0xc6, 0x00, 0xc6,
    0x00, 0xc6, 0x00, 0xc6, 0x00, 0xc6, 0x00, 0xc6, 0x00, 0xc6, 0x00, 0xc6,
    0x00, 0xc6, 0x00, 0xc6, 0x00, 0xc6, 0x00, 0xc6, 0x00, 0xc6, 0x00, 0xc6,
    0x00, 0xc6, 0x00, 0xc6, 0x00, 0xc6, 0x00, 0xc6, 0x00, 0xc6, 0x00, 0xc6,
    0x00, 0xc6, 0x00, 0xc6, 0x00, 0xc6, 0x00, 0xc6, 0x00, 0xc6, 0xf8, 0xbd,
    0x18, 0x06, 0x18, 0x06, 0x18, 0x06, 0x18, 0x06, 0x18, 0x06, 0x18, 0x06,
    0x18, 0x06, 0x18, 0x06, 0x18, 0x06, 0x18, 0x06, 0x18, 0x06, 0x18, 0x06,
    0x18, 0x06, 0x18, 0x06, 0x18, 0x06, 0x18, 0x06, 0x18, 0x06, 0x18, 0x06,
    0x18, 0x06, 0x18, 0x06, 0x18, 0x06, 0x18, 0x06, 0x18, 0x06, 0x18, 0x06,
    0x18, 0x06, 0x18, 0x06, 0x18, 0x06, 0x18, 0x06, 0x18, 0x06, 0x18, 0x06,
    0x18, 0x06, 0x18, 0x06, 0x18, 0x06, 0x18, 0x06, 0x18, 0x06, 0x18, 0x06,
    0x18, 0x06, 0x18, 0x06, 0x18, 0x06, 0x18, 0x06, 0x18, 0x06, 0x18, 0x06,
    0x18, 0x06, 0x18, 0x06, 0x18, 0x06, 0xe2, 0x0c, 0x00, 0x06, 0x00, 0x06,
    0x00, 0x06, 0x00, 0x06, 0x00, 0x06, 0x00, 0x06, 0x00, 0x06, 0x00, 0x06,
    0x00, 0x06, 0x00, 0x06, 0x00, 0x06, 0x00, 0x06, 0x00, 0x06, 0x00, 0x06,
    0x00, 0x06, 0x00, 0x06, 0x00, 0x06, 0x00, 0x06, 0x00, 0x06, 0x00, 0x06,
    0x00, 0x06, 0x00, 0x06, 0x00, 0x06, 0x00, 0x06, 0x00, 0x06, 0x00, 0x06,
    0x00, 0x06, 0x00, 0x06, 0x00, 0x06, 0x00, 0x06, 0x00, 0x06, 0x00, 0x06,
    0x00, 0x06, 0x00, 0x06, 0x00, 0x06, 0x00, 0x06, 0x00, 0x06, 0x00, 0x06,
    0x00, 0x06, 0x00, 0x06, 0x00, 0x06, 0x00, 0x06, 0x00, 0x06, 0x00, 0x06,
    0x27, 0x3b, 0x18, 0xc0, 0x18, 0xc0, 0x18, 0xc0, 0x18, 0xc0, 0x18, 0xc0,
    0x18, 0xc0, 0x18, 0xc0, 0x18, 0xc0, 0x18, 0xc0, 0x18, 0xc0, 0x18, 0xc0,
    0x18, 0xc0, 0x18, 0xc0, 0x18, 0xc0, 0x18, 0xc0, 0x18, 0xc0, 0x18, 0xc0,
    0x18, 0xc0, 0x18, 0xc0, 0x18, 0xc0, 0x18, 0xc0, 0x18, 0xc0, 0x18, 0xc0,
    0x18, 0xc0, 0x18, 0xc0, 0x18, 0xc0, 0x18, 0xc0, 0x18, 0xc0, 0x18, 0xc0,
    0x18, 0xc0, 0x18, 0xc0, 0x18, 0xc0, 0x18, 0xc0, 0x18, 0xc0, 0x18, 0xc0,
    0x18, 0xc0, 0x18, 0xc0, 0x18, 0xc0, 0x18, 0xc0, 0x18, 0xc0, 0x18, 0xc0,
    0x18, 0xc0, 0x18, 0xc0, 0x18, 0xc0, 0x18, 0xc0, 0x18, 0xc0, 0x00, 0xc0,
    0x00, 0xc0, 0x00, 0xc0, 0x00, 0xc0, 0x00, 0xc0, 0x00, 0xc0, 0x00, 0xc0,
    0x00, 0xc0, 0x00, 0xc0, 0x00, 0xc0, 0x00, 0xc0, 0x00, 0xc0, 0x00, 0xc0,
    0x00, 0xc0, 0x00, 0xc0, 0x00, 0xc0, 0x00, 0xc0, 0x00, 0xc0, 0x00, 0xc0,
    0x00, 0xc0, 0x00, 0xc0, 0x00, 0xc0, 0x00, 0xc0, 0x00, 0xc0, 0x00, 0xc0,
    0x00, 0xc0, 0x00, 0xc0, 0x00, 0xc0, 0x00, 0xc0, 0x00, 0xc0, 0x00, 0xc0,
    0x00, 0xc0, 0x00, 0xc0, 0x00, 0xc0, 0x00, 0xc0, 0x00, 0xc0, 0x00, 0xc0,
    0x00, 0xc0, 0x00, 0xc0, 0x00, 0xc0, 0x00, 0xc0, 0x00, 0xc0, 0x00, 0xc0,
    0x00, 0xc0, 0x00, 0xc0, 0x0d, 0x30, 0x18, 0x00, 0x18, 0x00, 0x18, 0x00,
    0x18, 0x00, 0x18, 0x00, 0x18, 0x00, 0x18, 0x00, 0x18, 0x00, 0x18, 0x00,
    0x18, 0x00, 0x18, 0x00, 0x18, 0x00, 0x18, 0x00, 0x18, 0x00, 0x18, 0x00,
    0x18, 0x00, 0x18, 0x00, 0x18, 0x00, 0x18, 0x00, 0x18, 0x00, 0x18, 0x00,
    0x18, 0x00, 0x18, 0x00, 0x18, 0x00, 0x18, 0x00, 0x18, 0x00, 0x18, 0x00,
    0x18, 0x00, 0x18, 0x00, 0x18, 0x00, 0x18, 0x00, 0x18, 0x00, 0x18, 0x00,
    0x18, 0x00, 0x18, 0x00, 0x18, 0x00, 0x18, 0x00, 0x18, 0x00, 0x18, 0x00,
    0x18, 0x00, 0x18, 0x00, 0x18, 0x00, 0x18, 0x00, 0x18, 0x00, 0x18, 0x00,
    0x18, 0xc6, 0x18, 0xc6, 0x18, 0xc6, 0x18, 0xc6, 0x18, 0xc6, 0x18, 0xc6,
    0x18, 0xc6, 0x18, 0xc6, 0x18, 0xc6, 0x18, 0xc6, 0x18, 0xc6, 0x18, 0xc6,
    0x18, 0xc6, 0x18, 0xc6, 0x18, 0xc6, 0x18, 0xc6, 0x18, 0xc6, 0x18, 0xc6,
    0x18, 0xc6, 0x18, 0xc6, 0x18, 0xc6, 0x18, 0xc6, 0x18, 0xc6, 0x18, 0xc6,
    0x18, 0xc6, 0x18, 0xc6, 0x18, 0xc6, 0x18, 0xc6, 0x18, 0xc6, 0x18, 0xc6,
    0x18, 0xc6, 0x18, 0xc6, 0x18, 0xc6, 0x18, 0xc6, 0x18, 0xc6, 0x18, 0xc6,
    0x18, 0xc6, 0x18, 0xc6, 0x18, 0xc6, 0x18, 0xc6, 0x18, 0xc6, 0x18, 0xc6,
    0x18, 0xc6, 0x18, 0xc6, 0x18, 0xc6, 0xf8, 0xbd, 0x00, 0xc6, 0x00, 0xc6,
    0x00, 0xc6, 0x00, 0xc6, 0x00, 0xc6, 0x00, 0xc6, 0x00, 0xc6, 0x00, 0xc6,
    0x00, 0xc6, 0x00, 0xc6, 0x00, 0xc6, 0x00, 0xc6, 0x00, 0xc6, 0x00, 0xc6,
    0x00, 0xc6, 0x00, 0xc6, 0x00, 0xc6, 0x00, 0xc6, 0x00, 0xc6, 0x00, 0xc6,
    0x00, 0xc6, 0x00, 0xc6, 0x00, 0xc6, 0x00, 0xc6, 0x00, 0xc6, 0x00, 0xc6,
    0x00, 0xc6, 0x00, 0xc6, 0x00, 0xc6, 0x00, 0xc6, 0x00, 0xc6, 0x00, 0xc6,
    0x00, 0xc6, 0x00, 0xc6, 0x00, 0xc6, 0x00, 0xc6, 0x00, 0xc6, 0x00, 0xc6,
    0x00, 0xc6, 0x00, 0xc6, 0x00, 0xc6, 0x00, 0xc6, 0x00, 0xc6, 0x00, 0xc6,
    0x00, 0xc6, 0x18, 0xc6, 0x18, 0x06, 0x18, 0x06, 0x18, 0x06, 0x18, 0x06,
    0x18, 0x06, 0x18, 0x06, 0x18, 0x06, 0x18, 0x06, 0x18, 0x06, 0x18, 0x06,
    0x18, 0x06, 0x18, 0x06, 0x18, 0x06, 0x18, 0x06, 0x18, 0x06, 0x18, 0x06,
    0x18, 0x06, 0x18, 0x06, 0x18, 0x06, 0x18, 0x06, 0x18, 0x06, 0x18, 0x06,
    0x18, 0x06, 0x18, 0x06, 0x18, 0x06, 0x18, 0x06, 0x18, 0x06, 0x18, 0x06,
    0x18, 0x06, 0x18, 0x06, 0x18, 0x06, 0x18, 0x06, 0x18, 0x06, 0x18, 0x06,
    0x18, 0x06, 0x18, 0x06, 0x18, 0x06, 0x18, 0x06, 0x18, 0x06, 0x18, 0x06,
    0x18, 0x06, 0x18, 0x06, 0x18, 0x06, 0x18, 0x06, 0x18, 0x06, 0x03, 0x05,
    0x00, 0x06, 0x00, 0x06, 0x00, 0x06, 0x00, 0x06, 0x00, 0x06, 0x00, 0x06,
    0x00, 0x06, 0x00, 0x06, 0x00, 0x06, 0x00, 0x06, 0x00, 0x06, 0x00, 0x06,
    0x00, 0x06, 0x00, 0x06, 0x00, 0x06, 0x00, 0x06, 0x00, 0x06, 0x00, 0x06,
    0x00, 0x06, 0x00, 0x06, 0x00, 0x06, 0x00, 0x06, 0x00, 0x06, 0x00, 0x06,
    0x00, 0x06, 0x00, 0x06, 0x00, 0x06, 0x00, 0x06, 0x00, 0x06, 0x00, 0x06,
    0x00, 0x06, 0x00, 0x06, 0x00, 0x06, 0x00, 0x06, 0x00, 0x06, 0x00, 0x06,
    0x00, 0x06, 0x00, 0x06, 0x00, 0x06, 0x00, 0x06, 0x00, 0x06, 0x00, 0x06,
    0x00, 0x06, 0x00, 0x06, 0x28, 0x43, 0x18, 0xc0, 0x18, 0xc0, 0x18, 0xc0,
    0x18, 0xc0, 0x18, 0xc0, 0x18, 0xc0, 0x18, 0xc0, 0x18, 0xc0, 0x18, 0xc0,
    0x18, 0xc0, 0x18, 0xc0, 0x18, 0xc0, 0x18, 0xc0, 0x18, 0xc0, 0x18, 0xc0,
    0x18, 0xc0, 0x18, 0xc0, 0x18, 0xc0, 0x18, 0xc0, 0x18, 0xc0, 0x18, 0xc0,
    0x18, 0xc0, 0x18, 0xc0, 0x18, 0xc0, 0x18, 0xc0, 0x18, 0xc0, 0x18, 0xc0,
    0x18, 0xc0, 0x18, 0xc0, 0x18, 0xc0, 0x18, 0xc0, 0x18, 0xc0, 0x18, 0xc0,
    0x18, 0xc0, 0x18, 0xc0, 0x18, 0xc0, 0x18, 0xc0, 0x18, 0xc0, 0x18, 0xc0,
    0x18, 0xc0, 0x18, 0xc0, 0x18, 0xc0, 0x18, 0xc0, 0x18, 0xc0, 0x18, 0xc0,
    0x18, 0xc0, 0x00, 0xc0, 0x00, 0xc0, 0x00, 0xc0, 0x00, 0xc0, 0x00, 0xc0,
    0x00, 0xc0, 0x00, 0xc0, 0x00, 0xc0, 0x00, 0xc0, 0x00, 0xc0, 0x00, 0xc0,
    0x00, 0xc0, 0x00, 0xc0, 0x00, 0xc0, 0x00, 0xc0, 0x00, 0xc0, 0x00, 0xc0,
    0x00, 0xc0, 0x00, 0xc0, 0x00, 0xc0, 0x00, 0xc0, 0x00, 0xc0, 0x00, 0xc0,
    0x00, 0xc0, 0x00, 0xc0, 0x00, 0xc0, 0x00, 0xc0, 0x00, 0xc0, 0x00, 0xc0,
    0x00, 0xc0, 0x00, 0xc0, 0x00, 0xc0, 0x00, 0xc0, 0x00, 0xc0, 0x00, 0xc0,
    0x00, 0xc0, 0x00, 0xc0, 0x00, 0xc0, 0x00, 0xc0, 0x00, 0xc0, 0x00, 0xc0,
    0x00, 0xc0, 0x00, 0xc0, 0x00, 0xc0, 0x00, 0xc0, 0x0d, 0x30, 0x18, 0x00,
    0x18, 0x00, 0x18, 0x00, 0x18, 0x00, 0x18, 0x00, 0x18, 0x00, 0x18, 0x00,
    0x18, 0x00, 0x18, 0x00, 0x18, 0x00, 0x18, 0x00, 0x18, 0x00, 0x18, 0x00,
    0x18, 0x00, 0x18, 0x00, 0x18, 0x00, 0x18, 0x00, 0x18, 0x00, 0x18, 0x00,
    0x18, 0x00, 0x18, 0x00, 0x18, 0x00, 0x18, 0x00, 0x18, 0x00, 0x18, 0x00,
    0x18, 0x00, 0x18, 0x00, 0x18, 0x00, 0x18, 0x00, 0x18, 0x00, 0x18, 0x00,
    0x18, 0x00, 0x18, 0x00, 0x18, 0x00, 0x18, 0x00, 0x18, 0x00, 0x18, 0x00,
    0x18, 0x00, 0x18, 0x00, 0x18, 0x00, 0x18, 0x00, 0x18, 0x00, 0x18, 0x00,
    0x18, 0x00, 0x18, 0x00, 0x18, 0xc6, 0x18, 0xc6, 0x18, 0xc6, 0x18, 0xc6,
    0x18, 0xc6, 0x18, 0xc6, 0x18, 0xc6, 0x18, 0xc6, 0x18, 0xc6, 0x18, 0xc6,
    0x18, 0xc6, 0x18, 0xc6, 0x18, 0xc6, 0x18, 0xc6, 0x18, 0xc6, 0x18, 0xc6,
    0x18, 0xc6, 0x18, 0xc6, 0x18, 0xc6, 0x18, 0xc6, 0x18, 0xc6, 0x18, 0xc6,
    0x18, 0xc6, 0x18, 0xc6, 0x18, 0xc6, 0x18, 0xc6, 0x18, 0xc6, 0x18, 0xc6,
    0x18, 0xc6, 0x18, 0xc6, 0x18, 0xc6, 0x18, 0xc6, 0x18, 0xc6, 0x18, 0xc6,
    0x18, 0xc6, 0x18, 0xc6, 0x18, 0xc6, 0x18, 0xc6, 0x18, 0xc6, 0x18, 0xc6,
    0x18, 0xc6, 0x18, 0xc6, 0x18, 0xc6, 0x18, 0xc6, 0x18, 0xc6, 0xf8, 0xc5,
    0x00, 0xc6, 0x00, 0xc6, 0x00, 0xc6, 0x00, 0xc6, 0x00, 0xc6, 0x00, 0xc6,
    0x00, 0xc6, 0x00, 0xc6, 0x00, 0xc6, 0x00, 0xc6, 0x00, 0xc6, 0x00, 0xc6,
    0x00, 0xc6, 0x00, 0xc6, 0x00, 0xc6, 0x00, 0xc6, 0x00, 0xc6, 0x00, 0xc6,
    0x00, 0xc6, 0x00, 0xc6, 0x00, 0xc6, 0x00, 0xc6, 0x00, 0xc6, 0x00, 0xc6,
    0x00, 0xc6, 0x00, 0xc6, 0x00, 0xc6, 0x00, 0xc6, 0x00, 0xc6, 0x00, 0xc6,
    0x00, 0xc6, 0x00, 0xc6, 0x00, 0xc6, 0x00, 0xc6, 0x00, 0xc6, 0x00, 0xc6,
    0x00, 0xc6, 0x00, 0xc6, 0x00, 0xc6, 0x00, 0xc6, 0x00, 0xc6, 0x00, 0xc6,
    0x00, 0xc6, 0x00, 0xc6, 0x00, 0xc6, 0xf8, 0xbd, 0x18, 0x06, 0x18, 0x06,
    0x18, 0x06, 0x18, 0x06, 0x18, 0x06, 0x18, 0x06, 0x18, 0x06, 0x18, 0x06,
    0x18, 0x06, 0x18, 0x06, 0x18, 0x06, 0x18, 0x06, 0x18, 0x06, 0x18, 0x06,
    0x18, 0x06, 0x18, 0x06, 0x18, 0x06, 0x18, 0x06, 0x18, 0x06, 0x18, 0x06,
    0x18, 0x06, 0x18, 0x06, 0x18, 0x06, 0x18, 0x06, 0x18, 0x06, 0x18, 0x06,
    0x18, 0x06, 0x18, 0x06, 0x18, 0x06, 0x18, 0x06, 0x18, 0x06, 0x18, 0x06,
    0x18, 0x06, 0x18, 0x06, 0x18, 0x06, 0x18, 0x06, 0x18, 0x06, 0x18, 0x06,
    0x18, 0x06, 0x18, 0x06, 0x18, 0x06, 0x18, 0x06, 0x18, 0x06, 0x18, 0x06,
    0x18, 0x06, 0xe2, 0x04, 0x00, 0x06, 0x00, 0x06, 0x00, 0x06, 0x00, 0x06,
    0x00, 0x06, 0x00, 0x06, 0x00, 0x06, 0x00, 0x06, 0x00, 0x06, 0x00, 0x06,
    0x00, 0x06, 0x00, 0x06, 0x00, 0x06, 0x00, 0x06, 0x00, 0x06, 0x00, 0x06,
    0x00, 0x06, 0x00, 0x06, 0x00, 0x06, 0x00, 0x06, 0x00, 0x06, 0x00, 0x06,
    0x00, 0x06, 0x00, 0x06, 0x00, 0x06, 0x00, 0x06, 0x00, 0x06, 0x00, 0x06,
    0x00, 0x06, 0x00, 0x06, 0x00, 0x06, 0x00, 0x06, 0x00, 0x06, 0x00, 0x06,
    0x00, 0x06, 0x00, 0x06, 0x00, 0x06, 0x00, 0x06, 0x00, 0x06, 0x00, 0x06,
    0x00, 0x06, 0x00, 0x06, 0x00, 0x06, 0x00, 0x06, 0x47, 0x3b, 0x18, 0xc0,
    0x18, 0xc0, 0x18, 0xc0, 0x18, 0xc0, 0x18, 0xc0, 0x18, 0xc0, 0x18, 0xc0,
    0x18, 0xc0, 0x18, 0xc0, 0x18, 0xc0, 0x18, 0xc0, 0x18, 0xc0, 0x18, 0xc0,
    0x18, 0xc0, 0x18, 0xc0, 0x18, 0xc0, 0x18, 0xc0, 0x18, 0xc0, 0x18, 0xc0,
    0x18, 0xc0, 0x18, 0xc0, 0x18, 0xc0, 0x18, 0xc0, 0x18, 0xc0, 0x18, 0xc0,
    0x18, 0xc0, 0x18, 0xc0, 0x18, 0xc0, 0x18, 0xc0, 0x18, 0xc0, 0x18, 0xc0,
    0x18, 0xc0, 0x18, 0xc0, 0x18, 0xc0, 0x18, 0xc0, 0x18, 0xc0, 0x18, 0xc0,
    0x18, 0xc0, 0x18, 0xc0, 0x18, 0xc0, 0x18, 0xc0, 0x18, 0xc0, 0x18, 0xc0,
    0x18, 0xc0, 0x18, 0xc0, 0x18, 0xc0, 0x00, 0xc0, 0x00, 0xc0, 0x00, 0xc0,
    0x00, 0xc0, 0x00, 0xc0, 0x00, 0xc0, 0x00, 0xc0, 0x00, 0xc0, 0x00, 0xc0,
    0x00, 0xc0, 0x00, 0xc0, 0x00, 0xc0, 0x00, 0xc0, 0x00, 0xc0, 0x00, 0xc0,
    0x00, 0xc0, 0x00, 0xc0, 0x00, 0xc0, 0x00, 0xc0, 0x00, 0xc0, 0x00, 0xc0,
    0x00, 0xc0, 0x00, 0xc0, 0x00, 0xc0, 0x00, 0xc0, 0x00, 0xc0, 0x00, 0xc0,
    0x00, 0xc0, 0x00, 0xc0, 0x00, 0xc0, 0x00, 0xc0, 0x00, 0xc0, 0x00, 0xc0,
    0x00, 0xc0, 0x00, 0xc0, 0x00, 0xc0, 0x00, 0xc0, 0x00, 0xc0, 0x00, 0xc0,
    0x00, 0xc0, 0x00, 0xc0, 0x00, 0xc0, 0x00, 0xc0, 0x00, 0xc0, 0x00, 0xc0,
    0x0d, 0x30, 0x18, 0x00, 0x18, 0x00, 0x18, 0x00, 0x18, 0x00, 0x18, 0x00,
    0x18, 0x00, 0x18, 0x00, 0x18, 0x00, 0x18, 0x00, 0x18, 0x00, 0x18, 0x00,
    0x18, 0x00, 0x18, 0x00, 0x18, 0x00, 0x18, 0x00, 0x18, 0x00, 0x18, 0x00,
    0x18, 0x00, 0x18, 0x00, 0x18, 0x00, 0x18, 0x00, 0x18, 0x00, 0x18, 0x00,
    0x18, 0x00, 0x18, 0x00, 0x18, 0x00, 0x18, 0x00, 0x18, 0x00, 0x18, 0x00,
    0x18, 0x00, 0x18, 0x00, 0x18, 0x00, 0x18, 0x00, 0x18, 0x00, 0x18, 0x00,
    0x18, 0x00, 0x18, 0x00, 0x18, 0x00, 0x18, 0x00, 0x18, 0x00, 0x18, 0x00,
    0x18, 0x00, 0x18, 0x00, 0x18, 0x00, 0x18, 0x00, 0x18, 0xc6, 0x18, 0xc6,
    0x18, 0xc6, 0x18, 0xc6, 0x18, 0xc6, 0x18, 0xc6, 0x18, 0xc6, 0x18, 0xc6,
    0x18, 0xc6, 0x18, 0xc6, 0x18, 0xc6, 0x18, 0xc6, 0x18, 0xc6, 0x18, 0xc6,
    0x18, 0xc6, 0x18, 0xc6, 0x18, 0xc6, 0x18, 0xc6, 0x18, 0xc6, 0x18, 0xc6,
    0x18, 0xc6, 0x18, 0xc6, 0x18, 0xc6, 0x18, 0xc6, 0x18, 0xc6, 0x18, 0xc6,
    0x18, 0xc6, 0x18, 0xc6, 0x18, 0xc6, 0x18, 0xc6, 0x18, 0xc6, 0x18, 0xc6,
    0x18, 0xc6, 0x18, 0xc6, 0x18, 0xc6, 0x18, 0xc6, 0x18, 0xc6, 0x18, 0xc6,
    0x18, 0xc6, 0x18, 0xc6, 0x18, 0xc6, 0x18, 0xc6, 0x18, 0xc6, 0x18, 0xc6,
    0x18, 0xc6, 0xf8, 0xbd, 0x00, 0xc6, 0x00, 0xc6, 0x00, 0xc6, 0x00, 0xc6,
    0x00, 0xc6, 0x00, 0xc6, 0x00, 0xc6, 0x00, 0xc6, 0x00, 0xc6, 0x00, 0xc6,
    0x00, 0xc6, 0x00, 0xc6, 0x00, 0xc6, 0x00, 0xc6, 0x00, 0xc6, 0x00, 0xc6,
    0x00, 0xc6, 0x00, 0xc6, 0x00, 0xc6, 0x00, 0xc6, 0x00, 0xc6, 0x00, 0xc6,
    0x00, 0xc6, 0x00, 0xc6, 0x00, 0xc6, 0x00, 0xc6, 0x00, 0xc6, 0x00, 0xc6,
    0x00, 0xc6, 0x00, 0xc6, 0x00, 0xc6, 0x00, 0xc6, 0x00, 0xc6, 0x00, 0xc6,
    0x00, 0xc6, 0x00, 0xc6, 0x00, 0xc6, 0x00, 0xc6, 0x00, 0xc6, 0x00, 0xc6,
    0x00, 0xc6, 0x00, 0xc6, 0x00, 0xc6, 0x00, 0xc6, 0x00, 0xc6, 0xf8, 0xbd,
    0x18, 0x06, 0x18, 0x06, 0x18, 0x06, 0x18, 0x06, 0x18, 0x06, 0x18, 0x06,
    0x18, 0x06, 0x18, 0x06, 0x18, 0x06, 0x18, 0x06, 0x18, 0x06, 0x18, 0x06,
    0x18, 0x06, 0x18, 0x06, 0x18, 0x06, 0x18, 0x06, 0x18, 0x06, 0x18, 0x06,
    0x18, 0x06, 0x18, 0x06, 0x18, 0x06, 0x18, 0x06, 0x18, 0x06, 0x18, 0x06,
    0x18, 0x06, 0x18, 0x06, 0x18, 0x06, 0x18, 0x06, 0x18, 0x06, 0x18, 0x06,
    0x18, 0x06, 0x18, 0x06, 0x18, 0x06, 0x18, 0x06, 0x18, 0x06, 0x18, 0x06,
    0x18, 0x06, 0x18, 0x06, 0x18, 0x06, 0x18, 0x06, 0x18, 0x06, 0x18, 0x06,
    0x18, 0x06, 0x18, 0x06, 0x18, 0x06, 0xe2, 0x0c, 0x00, 0x06, 0x00, 0x06,
    0x00, 0x06, 0x00, 0x06, 0x00, 0x06, 0x00, 0x06, 0x00, 0x06, 0x00, 0x06,
    0x00, 0x06, 0x00, 0x06, 0x00, 0x06, 0x00, 0x06, 0x00, 0x06, 0x00, 0x06,
    0x00, 0x06, 0x00, 0x06, 0x00, 0x06, 0x00, 0x06, 0x00, 0x06, 0x00, 0x06,
    0x00, 0x06, 0x00, 0x06, 0x00, 0x06, 0x00, 0x06, 0x00, 0x06, 0x00, 0x06,
    0x00, 0x06, 0x00, 0x06, 0x00, 0x06, 0x00, 0x06, 0x00, 0x06, 0x00, 0x06,
    0x00, 0x06, 0x00, 0x06, 0x00, 0x06, 0x00, 0x06, 0x00, 0x06, 0x00, 0x06,
    0x00, 0x06, 0x00, 0x06, 0x00, 0x06, 0x00, 0x06, 0x00, 0x06, 0x00, 0x06,
    0x47, 0x3b, 0x18, 0xc0, 0x18, 0xc0, 0x18, 0xc0, 0x18, 0xc0, 0x18, 0xc0,
    0x18, 0xc0, 0x18, 0xc0, 0x18, 0xc0, 0x18, 0xc0, 0x18, 0xc0, 0x18, 0xc0,
    0x18, 0xc0, 0x18, 0xc0, 0x18, 0xc0, 0x18, 0xc0, 0x18, 0xc0, 0x18, 0xc0,
    0x18, 0xc0, 0x18, 0xc0, 0x18, 0xc0, 0x18, 0xc0, 0x18, 0xc0, 0x18, 0xc0,
    0x18, 0xc0, 0x18, 0xc0, 0x18, 0xc0, 0x18, 0xc0, 0x18, 0xc0, 0x18, 0xc0,
    0x18, 0xc0, 0x18, 0xc0, 0x18, 0xc0, 0x18, 0xc0, 0x18, 0xc0, 0x18, 0xc0,
    0x18, 0xc0, 0x18, 0xc0, 0x18, 0xc0, 0x18, 0xc0, 0x18, 0xc0, 0x18, 0xc0,
    0x18, 0xc0, 0x18, 0xc0, 0x18, 0xc0, 0x18, 0xc0, 0x18, 0xc0, 0x00, 0xc0,
    0x00, 0xc0, 0x00, 0xc0, 0x00, 0xc0, 0x00, 0xc0, 0x00, 0xc0, 0x00, 0xc0,
    0x00, 0xc0, 0x00, 0xc0, 0x00, 0xc0, 0x00, 0xc0, 0x00, 0xc0, 0x00, 0xc0,
    0x00, 0xc0, 0x00, 0xc0, 0x00, 0xc0, 0x00, 0xc0, 0x00, 0xc0, 0x00, 0xc0,
    0x00, 0xc0, 0x00, 0xc0, 0x00, 0xc0, 0x00, 0xc0, 0x00, 0xc0, 0x00, 0xc0,
    0x00, 0xc0, 0x00, 0xc0, 0x00, 0xc0, 0x00, 0xc0, 0x00, 0xc0, 0x00, 0xc0,
    0x00, 0xc0, 0x00, 0xc0, 0x00, 0xc0, 0x00, 0xc0, 0x00, 0xc0, 0x00, 0xc0,
    0x00, 0xc0, 0x00, 0xc0, 0x00, 0xc0, 0x00, 0xc0, 0x00, 0xc0, 0x00, 0xc0,
    0x00, 0xc0, 0x00, 0xc0, 0x0d, 0x30, 0x18, 0x00, 0x18, 0x00, 0x18, 0x00,
    0x18, 0x00, 0x18, 0x00, 0x18, 0x00, 0x18, 0x00, 0x18, 0x00, 0x18, 0x00,
    0x18, 0x00, 0x18, 0x00, 0x18, 0x00, 0x18, 0x00, 0x18, 0x00, 0x18, 0x00,
    0x18, 0x00, 0x18, 0x00, 0x18, 0x00, 0x18, 0x00, 0x18, 0x00, 0x18, 0x00,
    0x18, 0x00, 0x18, 0x00, 0x18, 0x00, 0x18, 0x00, 0x18, 0x00, 0x18, 0x00,
    0x18, 0x00, 0x18, 0x00, 0x18, 0x00, 0x18, 0x00, 0x18, 0x00, 0x18, 0x00,
    0x18, 0x00, 0x18, 0x00, 0x18, 0x00, 0x18, 0x00, 0x18, 0x00, 0x18, 0x00,
    0x18, 0x00, 0x18, 0x00, 0x18, 0x00, 0x18, 0x00, 0x18, 0x00, 0x18, 0x00,
    0x18, 0xc6, 0x18, 0xc6, 0x18, 0xc6, 0x18, 0xc6, 0x18, 0xc6, 0x18, 0xc6,
    0x18, 0xc6, 0x18, 0xc6, 0x18, 0xc6, 0x18, 0xc6, 0x18, 0xc6, 0x18, 0xc6,
    0x18, 0xc6, 0x18, 0xc6, 0x18, 0xc6, 0x18, 0xc6, 0x18, 0xc6, 0x18, 0xc6,
    0x18, 0xc6, 0x18, 0xc6, 0x18, 0xc6, 0x18, 0xc6, 0x18, 0xc6, 0x18, 0xc6,
    0x18, 0xc6, 0x18, 0xc6, 0x18, 0xc6, 0x18, 0xc6, 0x18, 0xc6, 0x18, 0xc6,
    0x18, 0xc6, 0x18, 0xc6, 0x18, 0xc6, 0x18, 0xc6, 0x18, 0xc6, 0x18, 0xc6,
    0x18, 0xc6, 0x18, 0xc6, 0x18, 0xc6, 0x18, 0xc6, 0x18, 0xc6, 0x18, 0xc6,
    0x18, 0xc6, 0x18, 0xc6, 0x18, 0xc6, 0x18, 0xbe, 0x00, 0xc6, 0x00, 0xc6,
    0x00, 0xc6, 0x00, 0xc6, 0x00, 0xc6, 0x00, 0xc6, 0x00, 0xc6, 0x00, 0xc6,
    0x00, 0xc6, 0x00, 0xc6, 0x00, 0xc6, 0x00, 0xc6, 0x00, 0xc6, 0x00, 0xc6,
    0x00, 0xc6, 0x00, 0xc6, 0x00, 0xc6, 0x00, 0xc6, 0x00, 0xc6, 0x00, 0xc6,
    0x00, 0xc6, 0x00, 0xc6, 0x00, 0xc6, 0x00, 0xc6, 0x00, 0xc6, 0x00, 0xc6,
    0x00, 0xc6, 0x00, 0xc6, 0x00, 0xc6, 0x00, 0xc6, 0x00, 0xc6, 0x00, 0xc6,
    0x00, 0xc6, 0x00, 0xc6, 0x00, 0xc6, 0x00, 0xc6, 0x00, 0xc6, 0x00, 0xc6,
    0x00, 0xc6, 0x00, 0xc6, 0x00, 0xc6, 0x00, 0xc6, 0x00, 0xc6, 0x00, 0xc6,
    0x00, 0xc6, 0xf8, 0xc5, 0x18, 0x06, 0x18, 0x06, 0x18, 0x06, 0x18, 0x06,
    0x18, 0x06, 0x18, 0x06, 0x18, 0x06, 0x18, 0x06, 0x18, 0x06, 0x18, 0x06,
    0x18, 0x06, 0x18, 0x06, 0x18, 0x06, 0x18, 0x06, 0x18, 0x06, 0x18, 0x06,
    0x18, 0x06, 0x18, 0x06, 0x18, 0x06, 0x18, 0x06, 0x18, 0x06, 0x18, 0x06,
    0x18, 0x06, 0x18, 0x06, 0x18, 0x06, 0x18, 0x06, 0x18, 0x06, 0x18, 0x06,
    0x18, 0x06, 0x18, 0x06, 0x18, 0x06, 0x18, 0x06, 0x18, 0x06, 0x18, 0x06,
    0x18, 0x06, 0x18, 0x06, 0x18, 0x06, 0x18, 0x06, 0x18, 0x06, 0x18, 0x06,
    0x18, 0x06, 0x18, 0x06, 0x18, 0x06, 0x18, 0x06, 0x18, 0x06, 0xe3, 0x0c,
    0x00, 0x06, 0x00, 0x06, 0x00, 0x06, 0x00, 0x06, 0x00, 0x06, 0x00, 0x06,
    0x00, 0x06, 0x00, 0x06, 0x00, 0x06, 0x00, 0x06, 0x00, 0x06, 0x00, 0x06,
    0x00, 0x06, 0x00, 0x06, 0x00, 0x06, 0x00, 0x06, 0x00, 0x06, 0x00, 0x06,
    0x00, 0x06, 0x00, 0x06, 0x00, 0x06, 0x00, 0x06, 0x00, 0x06, 0x00, 0x06,
    0x00, 0x06, 0x00, 0x06, 0x00, 0x06, 0x00, 0x06, 0x00, 0x06, 0x00, 0x06,
    0x00, 0x06, 0x00, 0x06, 0x00, 0x06, 0x00, 0x06, 0x00, 0x06, 0x00, 0x06,
    0x00, 0x06, 0x00, 0x06, 0x00, 0x06, 0x00, 0x06, 0x00, 0x06, 0x00, 0x06,
    0x00, 0x06, 0x00, 0x06, 0x28, 0x43, 0x18, 0xc0, 0x18, 0xc0, 0x18, 0xc0,
    0x18, 0xc0, 0x18, 0xc0, 0x18, 0xc0, 0x18, 0xc0, 0x18, 0xc0, 0x18, 0xc0,
    0x18, 0xc0, 0x18, 0xc0, 0x18, 0xc0, 0x18, 0xc0, 0x18, 0xc0, 0x18, 0xc0,
    0x18, 0xc0, 0x18, 0xc0, 0x18, 0xc0, 0x18, 0xc0, 0x18, 0xc0, 0x18, 0xc0,
    0x18, 0xc0, 0x18, 0xc0, 0x18, 0xc0, 0x18, 0xc0, 0x18, 0xc0, 0x18, 0xc0,
    0x18, 0xc0, 0x18, 0xc0, 0x18, 0xc0, 0x18, 0xc0, 0x18, 0xc0, 0x18, 0xc0,
    0x18, 0xc0, 0x18, 0xc0, 0x18, 0xc0, 0x18, 0xc0, 0x18, 0xc0, 0x18, 0xc0,
    0x18, 0xc0, 0x18, 0xc0, 0x18, 0xc0, 0x18, 0xc0, 0x18, 0xc0, 0x18, 0xc0,
    0x18, 0xc0, 0x00, 0xc0, 0x00, 0xc0, 0x00, 0xc0, 0x00, 0xc0, 0x00, 0xc0,
    0x00, 0xc0, 0x00, 0xc0, 0x00, 0xc0, 0x00, 0xc0, 0x00, 0xc0, 0x00, 0xc0,
    0x00, 0xc0, 0x00, 0xc0, 0x00, 0xc0, 0x00, 0xc0, 0x00, 0xc0, 0x00, 0xc0,
    0x00, 0xc0, 0x00, 0xc0, 0x00, 0xc0, 0x00, 0xc0, 0x00, 0xc0, 0x00, 0xc0,
    0x00, 0xc0, 0x00, 0xc0, 0x00, 0xc0, 0x00, 0xc0, 0x00, 0xc0, 0x00, 0xc0,
    0x00, 0xc0, 0x00, 0xc0, 0x00, 0xc0, 0x00, 0xc0, 0x00, 0xc0, 0x00, 0xc0,
    0x00, 0xc0, 0x00, 0xc0, 0x00, 0xc0, 0x00, 0xc0, 0x00, 0xc0, 0x00, 0xc0,
    0x00, 0xc0, 0x00, 0xc0, 0x00, 0xc0, 0x00, 0xc0, 0x0d, 0x30, 0x18, 0x00,
    0x18, 0x00, 0x18, 0x00, 0x18, 0x00, 0x18, 0x00, 0x18, 0x00, 0x18, 0x00,
    0x18, 0x00, 0x18, 0x00, 0x18, 0x00, 0x18, 0x00, 0x18, 0x00, 0x18, 0x00,
    0x18, 0x00, 0x18, 0x00, 0x18, 0x00, 0x18, 0x00, 0x18, 0x00, 0x18, 0x00,
    0x18, 0x00, 0x18, 0x00, 0x18, 0x00, 0x18, 0x00, 0x18, 0x00, 0x18, 0x00,
    0x18, 0x00, 0x18, 0x00, 0x18, 0x00, 0x18, 0x00, 0x18, 0x00, 0x18, 0x00,
    0x18, 0x00, 0x18, 0x00, 0x18, 0x00, 0x18, 0x00, 0x18, 0x00, 0x18, 0x00,
    0x18, 0x00, 0x18, 0x00, 0x18, 0x00, 0x18, 0x00, 0x18, 0x00, 0x18, 0x00,
    0x18, 0x00, 0x18, 0x00, 0x18, 0xc6, 0x18, 0xc6, 0x18, 0xc6, 0x18, 0xc6,
    0x18, 0xc6, 0x18, 0xc6, 0x18, 0xc6, 0x18, 0xc6, 0x18, 0xc6, 0x18, 0xc6,
    0x18, 0xc6, 0x18, 0xc6, 0x18, 0xc6, 0x18, 0xc6, 0x18, 0xc6, 0x18, 0xc6,
    0x18, 0xc6, 0x18, 0xc6, 0x18, 0xc6, 0x18, 0xc6, 0x18, 0xc6, 0x18, 0xc6,
    0x18, 0xc6, 0x18, 0xc6, 0x18, 0xc6, 0x18, 0xc6, 0x18, 0xc6, 0x18, 0xc6,
    0x18, 0xc6, 0x18, 0xc6, 0x18, 0xc6, 0x18, 0xc6, 0x18, 0xc6, 0x18, 0xc6,
    0x18, 0xc6, 0x18, 0xc6, 0x18, 0xc6, 0x18, 0xc6, 0x18, 0xc6, 0x18, 0xc6,
    0x18, 0xc6, 0x18, 0xc6, 0x18, 0xc6, 0x18, 0xc6, 0x18, 0xc6, 0xf8, 0xc5,
    0x00, 0xc6, 0x00, 0xc6, 0x00, 0xc6, 0x00, 0xc6, 0x00, 0xc6, 0x00, 0xc6,
    0x00, 0xc6, 0x00, 0xc6, 0x00, 0xc6, 0x00, 0xc6, 0x00, 0xc6, 0x00, 0xc6,
    0x00, 0xc6, 0x00, 0xc6, 0x00, 0xc6, 0x00, 0xc6, 0x00, 0xc6, 0x00, 0xc6,
    0x00, 0xc6, 0x00, 0xc6, 0x00, 0xc6, 0x00, 0xc6, 0x00, 0xc6, 0x00, 0xc6,
    0x00, 0xc6, 0x00, 0xc6, 0x00, 0xc6, 0x00, 0xc6, 0x00, 0xc6, 0x00, 0xc6,
    0x00, 0xc6, 0x00, 0xc6, 0x00, 0xc6, 0x00, 0xc6, 0x00, 0xc6, 0x00, 0xc6,
    0x00, 0xc6, 0x00, 0xc6, 0x00, 0xc6, 0x00, 0xc6, 0x00, 0xc6, 0x00, 0xc6,
    0x00, 0xc6, 0x00, 0xc6, 0x00, 0xc6, 0xf8, 0xbd, 0x18, 0x06, 0x18, 0x06,
    0x18, 0x06, 0x18, 0x06, 0x18, 0x06, 0x18, 0x06, 0x18, 0x06, 0x18, 0x06,
    0x18, 0x06, 0x18, 0x06, 0x18, 0x06, 0x18, 0x06, 0x18, 0x06, 0x18, 0x06,
    0x18, 0x06, 0x18, 0x06, 0x18, 0x06, 0x18, 0x06, 0x18, 0x06, 0x18, 0x06,
    0x18, 0x06, 0x18, 0x06, 0x18, 0x06, 0x18, 0x06, 0x18, 0x06, 0x18, 0x06,
    0x18, 0x06, 0x18, 0x06, 0x18, 0x06, 0x18, 0x06, 0x18, 0x06, 0x18, 0x06,
    0x18, 0x06, 0x18, 0x06, 0x18, 0x06, 0x18, 0x06, 0x18, 0x06, 0x18, 0x06,
    0x18, 0x06, 0x18, 0x06, 0x18, 0x06, 0x18, 0x06, 0x18, 0x06, 0x18, 0x06,
    0x18, 0x06, 0xe2, 0x04, 0x00, 0x06, 0x00, 0x06, 0x00, 0x06, 0x00, 0x06,
    0x00, 0x06, 0x00, 0x06, 0x00, 0x06, 0x00, 0x06, 0x00, 0x06, 0x00, 0x06,
    0x00, 0x06, 0x00, 0x06, 0x00, 0x06, 0x00, 0x06, 0x00, 0x06, 0x00, 0x06,
    0x00, 0x06, 0x00, 0x06, 0x00, 0x06, 0x00, 0x06, 0x00, 0x06, 0x00, 0x06,
    0x00, 0x06, 0x00, 0x06, 0x00, 0x06, 0x00, 0x06, 0x00, 0x06, 0x00, 0x06,
    0x00, 0x06, 0x00, 0x06, 0x00, 0x06, 0x00, 0x06, 0x00, 0x06, 0x00, 0x06,
    0x00, 0x06, 0x00, 0x06, 0x00, 0x06, 0x00, 0x06, 0x00, 0x06, 0x00, 0x06,
    0x00, 0x06, 0x00, 0x06, 0x00, 0x06, 0x00, 0x06, 0x27, 0x3b, 0x18, 0xc0,
    0x18, 0xc0, 0x18, 0xc0, 0x18, 0xc0, 0x18, 0xc0, 0x18, 0xc0, 0x18, 0xc0,
    0x18, 0xc0, 0x18, 0xc0, 0x18, 0xc0, 0x18, 0xc0, 0x18, 0xc0, 0x18, 0xc0,
    0x18, 0xc0, 0x18, 0xc0, 0x18, 0xc0, 0x18, 0xc0, 0x18, 0xc0, 0x18, 0xc0,
    0x18, 0xc0, 0x18, 0xc0, 0x18, 0xc0, 0x18, 0xc0, 0x18, 0xc0, 0x18, 0xc0,
    0x18, 0xc0, 0x18, 0xc0, 0x18, 0xc0, 0x18, 0xc0, 0x18, 0xc0, 0x18, 0xc0,
    0x18, 0xc0, 0x18, 0xc0, 0x18, 0xc0, 0x18, 0xc0, 0x18, 0xc0, 0x18, 0xc0,
    0x18, 0xc0, 0x18, 0xc0, 0x18, 0xc0, 0x18, 0xc0, 0x18, 0xc0, 0x18, 0xc0,
    0x18, 0xc0, 0x18, 0xc0, 0x18, 0xc0, 0x00, 0xc0, 0x00, 0xc0, 0x00, 0xc0,
    0x00, 0xc0, 0x00, 0xc0, 0x00, 0xc0, 0x00, 0xc0, 0x00, 0xc0, 0x00, 0xc0,
    0x00, 0xc0, 0x00, 0xc0, 0x00, 0xc0, 0x00, 0xc0, 0x00, 0xc0, 0x00, 0xc0,
    0x00, 0xc0, 0x00, 0xc0, 0x00, 0xc0, 0x00, 0xc0, 0x00, 0xc0, 0x00, 0xc0,
    0x00, 0xc0, 0x00, 0xc0, 0x00, 0xc0, 0x00, 0xc0, 0x00, 0xc0, 0x00, 0xc0,
    0x00, 0xc0, 0x00, 0xc0, 0x00, 0xc0, 0x00, 0xc0, 0x00, 0xc0, 0x00, 0xc0,
    0x00, 0xc0, 0x00, 0xc0, 0x00, 0xc0, 0x00, 0xc0, 0x00, 0xc0, 0x00, 0xc0,
    0x00, 0xc0, 0x00, 0xc0, 0x00, 0xc0, 0x00, 0xc0, 0x00, 0xc0, 0x00, 0xc0,
    0x0d, 0x30, 0x18, 0x00, 0x18, 0x00, 0x18, 0x00, 0x18, 0x00, 0x18, 0x00,
    0x18, 0x00, 0x18, 0x00, 0x18, 0x00, 0x18, 0x00, 0x18, 0x00, 0x18, 0x00,
    0x18, 0x00, 0x18, 0x00, 0x18, 0x00, 0x18, 0x00, 0x18, 0x00, 0x18, 0x00,
    0x18, 0x00, 0x18, 0x00, 0x18, 0x00, 0x18, 0x00, 0x18, 0x00, 0x18, 0x00,
    0x18, 0x00, 0x18, 0x00, 0x18, 0x00, 0x18, 0x00, 0x18, 0x00, 0x18, 0x00,
    0x18, 0x00, 0x18, 0x00, 0x18, 0x00, 0x18, 0x00, 0x18, 0x00, 0x18, 0x00,
    0x18, 0x00, 0x18, 0x00, 0x18, 0x00, 0x18, 0x00, 0x18, 0x00, 0x18, 0x00,
    0x18, 0x00, 0x18, 0x00, 0x18, 0x00, 0x18, 0x00, 0x18, 0xc6, 0x18, 0xc6,
    0x18, 0xc6, 0x18, 0xc6, 0x18, 0xc6, 0x18, 0xc6, 0x18, 0xc6, 0x18, 0xc6,
    0x18, 0xc6, 0x18, 0xc6, 0x18, 0xc6, 0x18, 0xc6, 0x18, 0xc6, 0x18, 0xc6,
    0x18, 0xc6, 0x18, 0xc6, 0x18, 0xc6, 0x18, 0xc6, 0x18, 0xc6, 0x18, 0xc6,
    0x18, 0xc6, 0x18, 0xc6, 0x18, 0xc6, 0x18, 0xc6, 0x18, 0xc6, 0x18, 0xc6,
    0x18, 0xc6, 0x18, 0xc6, 0x18, 0xc6, 0x18, 0xc6, 0x18, 0xc6, 0x18, 0xc6,
    0x18, 0xc6, 0x18, 0xc6, 0x18, 0xc6, 0x18, 0xc6, 0x18, 0xc6, 0x18, 0xc6,
    0x18, 0xc6, 0x18, 0xc6, 0x18, 0xc6, 0x18, 0xc6, 0x18, 0xc6, 0x18, 0xc6,
    0x18, 0xc6, 0xf8, 0xbd, 0x00, 0xc6, 0x00, 0xc6, 0x00, 0xc6, 0x00, 0xc6,
    0x00, 0xc6, 0x00, 0xc6, 0x00, 0xc6, 0x00, 0xc6, 0x00, 0xc6, 0x00, 0xc6,
    0x00, 0xc6, 0x00, 0xc6, 0x00, 0xc6, 0x00, 0xc6, 0x00, 0xc6, 0x00, 0xc6,
    0x00, 0xc6, 0x00, 0xc6, 0x00, 0xc6, 0x00, 0xc6, 0x00, 0xc6, 0x00, 0xc6,
    0x00, 0xc6, 0x00, 0xc6, 0x00, 0xc6, 0x00, 0xc6, 0x00, 0xc6, 0x00, 0xc6,
    0x00, 0xc6, 0x00, 0xc6, 0x00, 0xc6, 0x00, 0xc6, 0x00, 0xc6, 0x00, 0xc6,
    0x00, 0xc6, 0x00, 0xc6, 0x00, 0xc6, 0x00, 0xc6, 0x00, 0xc6, 0x00, 0xc6,
    0x00, 0xc6, 0x00, 0xc6, 0x00, 0xc6, 0x00, 0xc6, 0x00, 0xc6, 0xf8, 0xbd,
    0x18, 0x06, 0x18, 0x06, 0x18, 0x06, 0x18, 0x06, 0x18, 0x06, 0x18, 0x06,
    0x18, 0x06, 0x18, 0x06, 0x18, 0x06, 0x18, 0x06, 0x18, 0x06, 0x18, 0x06,
    0x18, 0x06, 0x18, 0x06, 0x18, 0x06, 0x18, 0x06, 0x18, 0x06, 0x18, 0x06,
    0x18, 0x06, 0x18, 0x06, 0x18, 0x06, 0x18, 0x06, 0x18, 0x06, 0x18, 0x06,
    0x18, 0x06, 0x18, 0x06, 0x18, 0x06, 0x18, 0x06, 0x18, 0x06, 0x18, 0x06,
    0x18, 0x06, 0x18, 0x06, 0x18, 0x06, 0x18, 0x06, 0x18, 0x06, 0x18, 0x06,
    0x18, 0x06, 0x18, 0x06, 0x18, 0x06, 0x18, 0x06, 0x18, 0x06, 0x18, 0x06,
    0x18, 0x06, 0x18, 0x06, 0x18, 0x06, 0xe2, 0x04, 0x00, 0x06, 0x00, 0x06,
    0x00, 0x06, 0x00, 0x06, 0x00, 0x06, 0x00, 0x06, 0x00, 0x06, 0x00, 0x06,
    0x00, 0x06, 0x00, 0x06, 0x00, 0x06, 0x00, 0x06, 0x00, 0x06, 0x00, 0x06,
    0x00, 0x06, 0x00, 0x06, 0x00, 0x06, 0x00, 0x06, 0x00, 0x06, 0x00, 0x06,
    0x00, 0x06, 0x00, 0x06, 0x00, 0x06, 0x00, 0x06, 0x00, 0x06, 0x00, 0x06,
    0x00, 0x06, 0x00, 0x06, 0x00, 0x06, 0x00, 0x06, 0x00, 0x06, 0x00, 0x06,
    0x00, 0x06, 0x00, 0x06, 0x00, 0x06, 0x00, 0x06, 0x00, 0x06, 0x00, 0x06,
    0x00, 0x06, 0x00, 0x06, 0x00, 0x06, 0x00, 0x06, 0x00, 0x06, 0x00, 0x06,
    0x47, 0x3b, 0x18, 0xc0, 0x18, 0xc0, 0x18, 0xc0, 0x18, 0xc0, 0x18, 0xc0,
    0x18, 0xc0, 0x18, 0xc0, 0x18, 0xc0, 0x18, 0xc0, 0x18, 0xc0, 0x18, 0xc0,
    0x18, 0xc0, 0x18, 0xc0, 0x18, 0xc0, 0x18, 0xc0, 0x18, 0xc0, 0x18, 0xc0,
    0x18, 0xc0, 0x18, 0xc0, 0x18, 0xc0, 0x18, 0xc0, 0x18, 0xc0, 0x18, 0xc0,
    0x18, 0xc0, 0x18, 0xc0, 0x18, 0xc0, 0x18, 0xc0, 0x18, 0xc0, 0x18, 0xc0,
    0x18, 0xc0, 0x18, 0xc0, 0x18, 0xc0, 0x18, 0xc0, 0x18, 0xc0, 0x18, 0xc0,
    0x18, 0xc0, 0x18, 0xc0, 0x18, 0xc0, 0x18, 0xc0, 0x18, 0xc0, 0x18, 0xc0,
    0x18, 0xc0, 0x18, 0xc0, 0x18, 0xc0, 0x18, 0xc0, 0x18, 0xc0, 0x00, 0xc0,
    0x00, 0xc0, 0x00, 0xc0, 0x00, 0xc0, 0x00, 0xc0, 0x00, 0xc0, 0x00, 0xc0,
    0x00, 0xc0, 0x00, 0xc0, 0x00, 0xc0, 0x00, 0xc0, 0x00, 0xc0, 0x00, 0xc0,
    0x00, 0xc0, 0x00, 0xc0, 0x00, 0xc0, 0x00, 0xc0, 0x00, 0xc0, 0x00, 0xc0,
    0x00, 0xc0, 0x00, 0xc0, 0x00, 0xc0, 0x00, 0xc0, 0x00, 0xc0, 0x00, 0xc0,
    0x00, 0xc0, 0x00, 0xc0, 0x00, 0xc0, 0x00, 0xc0, 0x00, 0xc0, 0x00, 0xc0,
    0x00, 0xc0, 0x00, 0xc0, 0x00, 0xc0, 0x00, 0xc0, 0x00, 0xc0, 0x00, 0xc0,
    0x00, 0xc0, 0x00, 0xc0, 0x00, 0xc0, 0x00, 0xc0, 0x00, 0xc0, 0x00, 0xc0,
    0x00, 0xc0, 0x00, 0xc0, 0x0e, 0x38, 0x18, 0x00, 0x18, 0x00, 0x18, 0x00,
    0x18, 0x00, 0x18, 0x00, 0x18, 0x00, 0x18, 0x00, 0x18, 0x00, 0x18, 0x00,
    0x18, 0x00, 0x18, 0x00, 0x18, 0x00, 0x18, 0x00, 0x18, 0x00, 0x18, 0x00,
    0x18, 0x00, 0x18, 0x00, 0x18, 0x00, 0x18, 0x00, 0x18, 0x00, 0x18, 0x00,
    0x18, 0x00, 0x18, 0x00, 0x18, 0x00, 0x18, 0x00, 0x18, 0x00, 0x18, 0x00,
    0x18, 0x00, 0x18, 0x00, 0x18, 0x00, 0x18, 0x00, 0x18, 0x00, 0x18, 0x00,
    0x18, 0x00, 0x18, 0x00, 0x18, 0x00, 0x18, 0x00, 0x18, 0x00, 0x18, 0x00,
    0x18, 0x00, 0x18, 0x00, 0x18, 0x00, 0x18, 0x00, 0x18, 0x00, 0x18, 0x00,
    0x18, 0xc6, 0x18, 0xc6, 0x18, 0xc6, 0x18, 0xc6, 0x18, 0xc6, 0x18, 0xc6,
    0x18, 0xc6, 0x18, 0xc6, 0x18, 0xc6, 0x18, 0xc6, 0x18, 0xc6, 0x18, 0xc6,
    0x18, 0xc6, 0x18, 0xc6, 0x18, 0xc6, 0x18, 0xc6, 0x18, 0xc6, 0x18, 0xc6,
    0x18, 0xc6, 0x18, 0xc6, 0x18, 0xc6, 0x18, 0xc6, 0x18, 0xc6, 0x18, 0xc6,
    0x18, 0xc6, 0x18, 0xc6, 0x18, 0xc6, 0x18, 0xc6, 0x18, 0xc6, 0x18, 0xc6,
    0x18, 0xc6, 0x18, 0xc6, 0x18, 0xc6, 0x18, 0xc6, 0x18, 0xc6, 0x18, 0xc6,
    0x18, 0xc6, 0x18, 0xc6, 0x18, 0xc6, 0x18, 0xc6, 0x18, 0xc6, 0x18, 0xc6,
    0x18, 0xc6, 0x18, 0xc6, 0x18, 0xc6, 0xf8, 0xbd, 0x00, 0xc6, 0x00, 0xc6,
    0x00, 0xc6, 0x00, 0xc6, 0x00, 0xc6, 0x00, 0xc6, 0x00, 0xc6, 0x00, 0xc6,
    0x00, 0xc6, 0x00, 0xc6, 0x00, 0xc6, 0x00, 0xc6, 0x00, 0xc6, 0x00, 0xc6,
    0x00, 0xc6, 0x00, 0xc6, 0x00, 0xc6, 0x00, 0xc6, 0x00, 0xc6, 0x00, 0xc6,
    0x00, 0xc6, 0x00, 0xc6, 0x00, 0xc6, 0x00, 0xc6, 0x00, 0xc6, 0x00, 0xc6,
    0x00, 0xc6, 0x00, 0xc6, 0x00, 0xc6, 0x00, 0xc6, 0x00, 0xc6, 0x00, 0xc6,
    0x00, 0xc6, 0x00, 0xc6, 0x00, 0xc6, 0x00, 0xc6, 0x00, 0xc6, 0x00, 0xc6,
    0x00, 0xc6, 0x00, 0xc6, 0x00, 0xc6, 0x00, 0xc6, 0x00, 0xc6, 0x00, 0xc6,
    0x00, 0xc6, 0xf8, 0xc5, 0x18, 0x06, 0x18, 0x06, 0x18, 0x06, 0x18, 0x06,
    0x18, 0x06, 0x18, 0x06, 0x18, 0x06, 0x18, 0x06, 0x18, 0x06, 0x18, 0x06,
    0x18, 0x06, 0x18, 0x06, 0x18, 0x06, 0x18, 0x06, 0x18, 0x06, 0x18, 0x06,
    0x18, 0x06, 0x18, 0x06, 0x18, 0x06, 0x18, 0x06, 0x18, 0x06, 0x18, 0x06,
    0x18, 0x06, 0x18, 0x06, 0x18, 0x06, 0x18, 0x06, 0x18, 0x06, 0x18, 0x06,
    0x18, 0x06, 0x18, 0x06, 0x18, 0x06, 0x18, 0x06, 0x18, 0x06, 0x18, 0x06,
    0x18, 0x06, 0x18, 0x06, 0x18, 0x06, 0x18, 0x06, 0x18, 0x06, 0x18, 0x06,
    0x18, 0x06, 0x18, 0x06, 0x18, 0x06, 0x18, 0x06, 0x18, 0x06, 0xe3, 0x0c,
    0x00, 0x06, 0x00, 0x06, 0x00, 0x06, 0x00, 0x06, 0x00, 0x06, 0x00, 0x06,
    0x00, 0x06, 0x00, 0x06, 0x00, 0x06, 0x00, 0x06, 0x00, 0x06, 0x00, 0x06,
    0x00, 0x06, 0x00, 0x06, 0x00, 0x06, 0x00, 0x06, 0x00, 0x06, 0x00, 0x06,
    0x00, 0x06, 0x00, 0x06, 0x00, 0x06, 0x00, 0x06, 0x00, 0x06, 0x00, 0x06,
    0x00, 0x06, 0x00, 0x06, 0x00, 0x06, 0x00, 0x06, 0x00, 0x06, 0x00, 0x06,
    0x00, 0x06, 0x00, 0x06, 0x00, 0x06, 0x00, 0x06, 0x00, 0x06, 0x00, 0x06,
    0x00, 0x06, 0x00, 0x06, 0x00, 0x06, 0x00, 0x06, 0x00, 0x06, 0x00, 0x06,
    0x00, 0x06, 0x00, 0x06, 0x48, 0x43, 0x18, 0xc0, 0x18, 0xc0, 0x18, 0xc0,
    0x18, 0xc0, 0x18, 0xc0, 0x18, 0xc0, 0x18, 0xc0, 0x18, 0xc0, 0x18, 0xc0,
    0x18, 0xc0, 0x18, 0xc0, 0x18, 0xc0, 0x18, 0xc0, 0x18, 0xc0, 0x18, 0xc0,
    0x18, 0xc0, 0x18, 0xc0, 0x18, 0xc0, 0x18, 0xc0, 0x18, 0xc0, 0x18, 0xc0,
    0x18, 0xc0, 0x18, 0xc0, 0x18, 0xc0, 0x18, 0xc0, 0x18, 0xc0, 0x18, 0xc0,
    0x18, 0xc0, 0x18, 0xc0, 0x18, 0xc0, 0x18, 0xc0, 0x18, 0xc0, 0x18, 0xc0,
    0x18, 0xc0, 0x18, 0xc0, 0x18, 0xc0, 0x18, 0xc0, 0x18, 0xc0, 0x18, 0xc0,
    0x18, 0xc0, 0x18, 0xc0, 0x18, 0xc0, 0x18, 0xc0, 0x18, 0xc0, 0x18, 0xc0,
    0x18, 0xc0, 0x00, 0xc0, 0x00, 0xc0, 0x00, 0xc0, 0x00, 0xc0, 0x00, 0xc0,
    0x00, 0xc0, 0x00, 0xc0, 0x00, 0xc0, 0x00, 0xc0, 0x00, 0xc0, 0x00, 0xc0,
    0x00, 0xc0, 0x00, 0xc0, 0x00, 0xc0, 0x00, 0xc0, 0x00, 0xc0, 0x00, 0xc0,
    0x00, 0xc0, 0x00, 0xc0, 0x00, 0xc0, 0x00, 0xc0, 0x00, 0xc0, 0x00, 0xc0,
    0x00, 0xc0, 0x00, 0xc0, 0x00, 0xc0, 0x00, 0xc0, 0x00, 0xc0, 0x00, 0xc0,
    0x00, 0xc0, 0x00, 0xc0, 0x00, 0xc0, 0x00, 0xc0, 0x00, 0xc0, 0x00, 0xc0,
    0x00, 0xc0, 0x00, 0xc0, 0x00, 0xc0, 0x00, 0xc0, 0x00, 0xc0, 0x00, 0xc0,
    0x00, 0xc0, 0x00, 0xc0, 0x00, 0xc0, 0x00, 0xc0, 0x0d, 0x30, 0x18, 0x00,
    0x18, 0x00, 0x18, 0x00, 0x18, 0x00, 0x18, 0x00, 0x18, 0x00, 0x18, 0x00,
    0x18, 0x00, 0x18, 0x00, 0x18, 0x00, 0x18, 0x00, 0x18, 0x00, 0x18, 0x00,
    0x18, 0x00, 0x18, 0x00, 0x18, 0x00, 0x18, 0x00, 0x18, 0x00, 0x18, 0x00,
    0x18, 0x00, 0x18, 0x00, 0x18, 0x00, 0x18, 0x00, 0x18, 0x00, 0x18, 0x00,
    0x18, 0x00, 0x18, 0x00, 0x18, 0x00, 0x18, 0x00, 0x18, 0x00, 0x18, 0x00,
    0x18, 0x00, 0x18, 0x00, 0x18, 0x00, 0x18, 0x00, 0x18, 0x00, 0x18, 0x00,
    0x18, 0x00, 0x18, 0x00, 0x18, 0x00, 0x18, 0x00, 0x18, 0x00, 0x18, 0x00,
    0x18, 0x00, 0x18, 0x00, 0x18, 0xc6, 0x18, 0xc6, 0x18, 0xc6, 0x18, 0xc6,
    0x18, 0xc6, 0x18, 0xc6, 0x18, 0xc6, 0x18, 0xc6, 0x18, 0xc6, 0x18, 0xc6,
    0x18, 0xc6, 0x18, 0xc6, 0x18, 0xc6, 0x18, 0xc6, 0x18, 0xc6, 0x18, 0xc6,
    0x18, 0xc6, 0x18, 0xc6, 0x18, 0xc6, 0x18, 0xc6, 0x18, 0xc6, 0x18, 0xc6,
    0x18, 0xc6, 0x18, 0xc6, 0x18, 0xc6, 0x18, 0xc6, 0x18, 0xc6, 0x18, 0xc6,
    0x18, 0xc6, 0x18, 0xc6, 0x18, 0xc6, 0x18, 0xc6, 0x18, 0xc6, 0x18, 0xc6,
    0x18, 0xc6, 0x18, 0xc6, 0x18, 0xc6, 0x18, 0xc6, 0x18, 0xc6, 0x18, 0xc6,
    0x18, 0xc6, 0x18, 0xc6, 0x18, 0xc6, 0x18, 0xc6, 0x18, 0xc6, 0xf8, 0xc5,
    0x00, 0xc6, 0x00, 0xc6, 0x00, 0xc6, 0x00, 0xc6, 0x00, 0xc6, 0x00, 0xc6,
    0x00, 0xc6, 0x00, 0xc6, 0x00, 0xc6, 0x00, 0xc6, 0x00, 0xc6, 0x00, 0xc6,
    0x00, 0xc6, 0x00, 0xc6, 0x00, 0xc6, 0x00, 0xc6, 0x00, 0xc6, 0x00, 0xc6,
    0x00, 0xc6, 0x00, 0xc6, 0x00, 0xc6, 0x00, 0xc6, 0x00, 0xc6, 0x00, 0xc6,
    0x00, 0xc6, 0x00, 0xc6, 0x00, 0xc6, 0x00, 0xc6, 0x00, 0xc6, 0x00, 0xc6,
    0x00, 0xc6, 0x00, 0xc6, 0x00, 0xc6, 0x00, 0xc6, 0x00, 0xc6, 0x00, 0xc6,
    0x00, 0xc6, 0x00, 0xc6, 0x00, 0xc6, 0x00, 0xc6, 0x00, 0xc6, 0x00, 0xc6,
    0x00, 0xc6, 0x00, 0xc6, 0x00, 0xc6, 0x18, 0xbe, 0x18, 0x06, 0x18, 0x06,
    0x18, 0x06, 0x18, 0x06, 0x18, 0x06, 0x18, 0x06, 0x18, 0x06, 0x18, 0x06,
    0x18, 0x06, 0x18, 0x06, 0x18, 0x06, 0x18, 0x06, 0x18, 0x06, 0x18, 0x06,
    0x18, 0x06, 0x18, 0x06, 0x18, 0x06, 0x18, 0x06, 0x18, 0x06, 0x18, 0x06,
    0x18, 0x06, 0x18, 0x06, 0x18, 0x06, 0x18, 0x06, 0x18, 0x06, 0x18, 0x06,
    0x18, 0x06, 0x18, 0x06, 0x18, 0x06, 0x18, 0x06, 0x18, 0x06, 0x18, 0x06,
    0x18, 0x06, 0x18, 0x06, 0x18, 0x06, 0x18, 0x06, 0x18, 0x06, 0x18, 0x06,
    0x18, 0x06, 0x18, 0x06, 0x18, 0x06, 0x18, 0x06, 0x18, 0x06, 0x18, 0x06,
    0x18, 0x06, 0x02, 0x0d, 0x00, 0x06, 0x00, 0x06, 0x00, 0x06, 0x00, 0x06,
    0x00, 0x06, 0x00, 0x06, 0x00, 0x06, 0x00, 0x06, 0x00, 0x06, 0x00, 0x06,
    0x00, 0x06, 0x00, 0x06, 0x00, 0x06, 0x00, 0x06, 0x00, 0x06, 0x00, 0x06,
    0x00, 0x06, 0x00, 0x06, 0x00, 0x06, 0x00, 0x06, 0x00, 0x06, 0x00, 0x06,
    0x00, 0x06, 0x00, 0x06, 0x00, 0x06, 0x00, 0x06, 0x00, 0x06, 0x00, 0x06,
    0x00, 0x06, 0x00, 0x06, 0x00, 0x06, 0x00, 0x06, 0x00, 0x06, 0x00, 0x06,
    0x00, 0x06, 0x00, 0x06, 0x00, 0x06, 0x00, 0x06, 0x00, 0x06, 0x00, 0x06,
    0x00, 0x06, 0x00, 0x06, 0x00, 0x06, 0x00, 0x06, 0x27, 0x3b, 0x18, 0xc0,
    0x18, 0xc0, 0x18, 0xc0, 0x18, 0xc0, 0x18, 0xc0, 0x18, 0xc0, 0x18, 0xc0,
    0x18, 0xc0, 0x18, 0xc0, 0x18, 0xc0, 0x18, 0xc0, 0x18, 0xc0, 0x18, 0xc0,
    0x18, 0xc0, 0x18, 0xc0, 0x18, 0xc0, 0x18, 0xc0, 0x18, 0xc0, 0x18, 0xc0,
    0x18, 0xc0, 0x18, 0xc0, 0x18, 0xc0, 0x18, 0xc0, 0x18, 0xc0, 0x18, 0xc0,
    0x18, 0xc0, 0x18, 0xc0, 0x18, 0xc0, 0x18, 0xc0, 0x18, 0xc0, 0x18, 0xc0,
    0x18, 0xc0, 0x18, 0xc0, 0x18, 0xc0, 0x18, 0xc0, 0x18, 0xc0, 0x18, 0xc0,
    0x18, 0xc0, 0x18, 0xc0, 0x18, 0xc0, 0x18, 0xc0, 0x18, 0xc0, 0x18, 0xc0,
    0x18, 0xc0, 0x18, 0xc0, 0x18, 0xc0, 0x00, 0xc0, 0x00, 0xc0, 0x00, 0xc0,
    0x00, 0xc0, 0x00, 0xc0, 0x00, 0xc0, 0x00, 0xc0, 0x00, 0xc0, 0x00, 0xc0,
    0x00, 0xc0, 0x00, 0xc0, 0x00, 0xc0, 0x00, 0xc0, 0x00, 0xc0, 0x00, 0xc0,
    0x00, 0xc0, 0x00, 0xc0, 0x00, 0xc0, 0x00, 0xc0, 0x00, 0xc0, 0x00, 0xc0,
    0x00, 0xc0, 0x00, 0xc0, 0x00, 0xc0, 0x00, 0xc0, 0x00, 0xc0, 0x00, 0xc0,
    0x00, 0xc0, 0x00, 0xc0, 0x00, 0xc0, 0x00, 0xc0, 0x00, 0xc0, 0x00, 0xc0,
    0x00, 0xc0, 0x00, 0xc0, 0x00, 0xc0, 0x00, 0xc0, 0x00, 0xc0, 0x00, 0xc0,
    0x00, 0xc0, 0x00, 0xc0, 0x00, 0xc0, 0x00, 0xc0, 0x00, 0xc0, 0x00, 0xc0,
    0x0d, 0x30, 0x18, 0x00, 0x18, 0x00, 0x18, 0x00, 0x18, 0x00, 0x18, 0x00,
    0x18, 0x00, 0x18, 0x00, 0x18, 0x00, 0x18, 0x00, 0x18, 0x00, 0x18, 0x00,
    0x18, 0x00, 0x18, 0x00, 0x18, 0x00, 0x18, 0x00, 0x18, 0x00, 0x18, 0x00,
    0x18, 0x00, 0x18, 0x00, 0x18, 0x00, 0x18, 0x00, 0x18, 0x00, 0x18, 0x00,
    0x18, 0x00, 0x18, 0x00, 0x18, 0x00, 0x18, 0x00, 0x18, 0x00, 0x18, 0x00,
    0x18, 0x00, 0x18, 0x00, 0x18, 0x00, 0x18, 0x00, 0x18, 0x00, 0x18, 0x00,
    0x18, 0x00, 0x18, 0x00, 0x18, 0x00, 0x18, 0x00, 0x18, 0x00, 0x18, 0x00,
    0x18, 0x00, 0x18, 0x00, 0x18, 0x00, 0x18, 0x00, 0x18, 0xc6, 0x18, 0xc6,
    0x18, 0xc6, 0x18, 0xc6, 0x18, 0xc6, 0x18, 0xc6, 0x18, 0xc6, 0x18, 0xc6,
    0x18, 0xc6, 0x18, 0xc6, 0x18, 0xc6, 0x18, 0xc6, 0x18, 0xc6, 0x18, 0xc6,
    0x18, 0xc6, 0x18, 0xc6, 0x18, 0xc6, 0x18, 0xc6, 0x18, 0xc6, 0x18, 0xc6,
    0x18, 0xc6, 0x18, 0xc6, 0x18, 0xc6, 0x18, 0xc6, 0x18, 0xc6, 0x18, 0xc6,
    0x18, 0xc6, 0x18, 0xc6, 0x18, 0xc6, 0x18, 0xc6, 0x18, 0xc6, 0x18, 0xc6,
    0x18, 0xc6, 0x18, 0xc6, 0x18, 0xc6, 0x18, 0xc6, 0x18, 0xc6, 0x18, 0xc6,
    0x18, 0xc6, 0x18, 0xc6, 0x18, 0xc6, 0x18, 0xc6, 0x18, 0xc6, 0x18, 0xc6,
    0x18, 0xc6, 0xf8, 0xbd, 0x00, 0xc6, 0x00, 0xc6, 0x00, 0xc6, 0x00, 0xc6,
    0x00, 0xc6, 0x00, 0xc6, 0x00, 0xc6, 0x00, 0xc6, 0x00, 0xc6, 0x00, 0xc6,
    0x00, 0xc6, 0x00, 0xc6, 0x00, 0xc6, 0x00, 0xc6, 0x00, 0xc6, 0x00, 0xc6,
    0x00, 0xc6, 0x00, 0xc6, 0x00, 0xc6, 0x00, 0xc6, 0x00, 0xc6, 0x00, 0xc6,
    0x00, 0xc6, 0x00, 0xc6, 0x00, 0xc6, 0x00, 0xc6, 0x00, 0xc6, 0x00, 0xc6,
    0x00, 0xc6, 0x00, 0xc6, 0x00, 0xc6, 0x00, 0xc6, 0x00, 0xc6, 0x00, 0xc6,
    0x00, 0xc6, 0x00, 0xc6, 0x00, 0xc6, 0x00, 0xc6, 0x00, 0xc6, 0x00, 0xc6,
    0x00, 0xc6, 0x00, 0xc6, 0x00, 0xc6, 0x00, 0xc6, 0x00, 0xc6, 0xf8, 0xbd,
    0x18, 0x06, 0x18, 0x06, 0x18, 0x06, 0x18, 0x06, 0x18, 0x06, 0x18, 0x06,
    0x18, 0x06, 0x18, 0x06, 0x18, 0x06, 0x18, 0x06, 0x18, 0x06, 0x18, 0x06,
    0x18, 0x06, 0x18, 0x06, 0x18, 0x06, 0x18, 0x06, 0x18, 0x06, 0x18, 0x06,
    0x18, 0x06, 0x18, 0x06, 0x18, 0x06, 0x18, 0x06, 0x18, 0x06, 0x18, 0x06,
    0x18, 0x06, 0x18, 0x06, 0x18, 0x06, 0x18, 0x06, 0x18, 0x06, 0x18, 0x06,
    0x18, 0x06, 0x18, 0x06, 0x18, 0x06, 0x18, 0x06, 0x18, 0x06, 0x18, 0x06,
    0x18, 0x06, 0x18, 0x06, 0x18, 0x06, 0x18, 0x06, 0x18, 0x06, 0x18, 0x06,
    0x18, 0x06, 0x18, 0x06, 0x18, 0x06, 0xe2, 0x04, 0x00, 0x06, 0x00, 0x06,
    0x00, 0x06, 0x00, 0x06, 0x00, 0x06, 0x00, 0x06, 0x00, 0x06, 0x00, 0x06,
    0x00, 0x06, 0x00, 0x06, 0x00, 0x06, 0x00, 0x06, 0x00, 0x06, 0x00, 0x06,
    0x00, 0x06, 0x00, 0x06, 0x00, 0x06, 0x00, 0x06, 0x00, 0x06, 0x00, 0x06,
    0x00, 0x06, 0x00, 0x06, 0x00, 0x06, 0x00, 0x06, 0x00, 0x06, 0x00, 0x06,
    0x00, 0x06, 0x00, 0x06, 0x00, 0x06, 0x00, 0x06, 0x00, 0x06, 0x00, 0x06,
    0x00, 0x06, 0x00, 0x06, 0x00, 0x06, 0x00, 0x06, 0x00, 0x06, 0x00, 0x06,
    0x00, 0x06, 0x00, 0x06, 0x00, 0x06, 0x00, 0x06, 0x00, 0x06, 0x00, 0x06,
    0x27, 0x3b, 0x18, 0xc0, 0x18, 0xc0, 0x18, 0xc0, 0x18, 0xc0, 0x18, 0xc0,
    0x18, 0xc0, 0x18, 0xc0, 0x18, 0xc0, 0x18, 0xc0, 0x18, 0xc0, 0x18, 0xc0,
    0x18, 0xc0, 0x18, 0xc0, 0x18, 0xc0, 0x18, 0xc0, 0x18, 0xc0, 0x18, 0xc0,
    0x18, 0xc0, 0x18, 0xc0, 0x18, 0xc0, 0x18, 0xc0, 0x18, 0xc0, 0x18, 0xc0,
    0x18, 0xc0, 0x18, 0xc0, 0x18, 0xc0, 0x18, 0xc0, 0x18, 0xc0, 0x18, 0xc0,
    0x18, 0xc0, 0x18, 0xc0, 0x18, 0xc0, 0x18, 0xc0, 0x18, 0xc0, 0x18, 0xc0,
    0x18, 0xc0, 0x18, 0xc0, 0x18, 0xc0, 0x18, 0xc0, 0x18, 0xc0, 0x18, 0xc0,
    0x18, 0xc0, 0x18, 0xc0, 0x18, 0xc0, 0x18, 0xc0, 0x18, 0xc0, 0x00, 0xc0,
    0x00, 0xc0, 0x00, 0xc0, 0x00, 0xc0, 0x00, 0xc0, 0x00, 0xc0, 0x00, 0xc0,
    0x00, 0xc0, 0x00, 0xc0, 0x00, 0xc0, 0x00, 0xc0, 0x00, 0xc0, 0x00, 0xc0,
    0x00, 0xc0, 0x00, 0xc0, 0x00, 0xc0, 0x00, 0xc0, 0x00, 0xc0, 0x00, 0xc0,
    0x00, 0xc0, 0x00, 0xc0, 0x00, 0xc0, 0x00, 0xc0, 0x00, 0xc0, 0x00, 0xc0,
    0x00, 0xc0, 0x00, 0xc0, 0x00, 0xc0, 0x00, 0xc0, 0x00, 0xc0, 0x00, 0xc0,
    0x00, 0xc0, 0x00, 0xc0, 0x00, 0xc0, 0x00, 0xc0, 0x00, 0xc0, 0x00, 0xc0,
    0x00, 0xc0, 0x00, 0xc0, 0x00, 0xc0, 0x00, 0xc0, 0x00, 0xc0, 0x00, 0xc0,
    0x00, 0xc0, 0x00, 0xc0, 0x0d, 0x30, 0x18, 0x00, 0x18, 0x00, 0x18, 0x00,
    0x18, 0x00, 0x18, 0x00, 0x18, 0x00, 0x18, 0x00, 0x18, 0x00, 0x18, 0x00,
    0x18, 0x00, 0x18, 0x00, 0x18, 0x00, 0x18, 0x00, 0x18, 0x00, 0x18, 0x00,
    0x18, 0x00, 0x18, 0x00, 0x18, 0x00, 0x18, 0x00, 0x18, 0x00, 0x18, 0x00,
    0x18, 0x00, 0x18, 0x00, 0x18, 0x00, 0x18, 0x00, 0x18, 0x00, 0x18, 0x00,
    0x18, 0x00, 0x18, 0x00, 0x18, 0x00, 0x18, 0x00, 0x18, 0x00, 0x18, 0x00,
    0x18, 0x00, 0x18, 0x00, 0x18, 0x00, 0x18, 0x00, 0x18, 0x00, 0x18, 0x00,
    0x18, 0x00, 0x18, 0x00, 0x18, 0x00, 0x18, 0x00, 0x18, 0x00, 0x18, 0x00,
    0x18, 0xc6, 0x18, 0xc6, 0x18, 0xc6, 0x18, 0xc6, 0x18, 0xc6, 0x18, 0xc6,
    0x18, 0xc6, 0x18, 0xc6, 0x18, 0xc6, 0x18, 0xc6, 0x18, 0xc6, 0x18, 0xc6,
    0x18, 0xc6, 0x18, 0xc6, 0x18, 0xc6, 0x18, 0xc6, 0x18, 0xc6, 0x18, 0xc6,
    0x18, 0xc6, 0x18, 0xc6, 0x18, 0xc6, 0x18, 0xc6, 0x18, 0xc6, 0x18, 0xc6,
    0x18, 0xc6, 0x18, 0xc6, 0x18, 0xc6, 0x18, 0xc6, 0x18, 0xc6, 0x18, 0xc6,
    0x18, 0xc6, 0x18, 0xc6, 0x18, 0xc6, 0x18, 0xc6, 0x18, 0xc6, 0x18, 0xc6,
    0x18, 0xc6, 0x18, 0xc6, 0x18, 0xc6, 0x18, 0xc6, 0x18, 0xc6, 0x18, 0xc6,
    0x18, 0xc6, 0x18, 0xc6, 0x18, 0xc6, 0xf8, 0xbd, 0x00, 0xc6, 0x00, 0xc6,
    0x00, 0xc6, 0x00, 0xc6, 0x00, 0xc6, 0x00, 0xc6, 0x00, 0xc6, 0x00, 0xc6,
    0x00, 0xc6, 0x00, 0xc6, 0x00, 0xc6, 0x00, 0xc6, 0x00, 0xc6, 0x00, 0xc6,
    0x00, 0xc6, 0x00, 0xc6, 0x00, 0xc6, 0x00, 0xc6, 0x00, 0xc6, 0x00, 0xc6,
    0x00, 0xc6, 0x00, 0xc6, 0x00, 0xc6, 0x00, 0xc6, 0x00, 0xc6, 0x00, 0xc6,
    0x00, 0xc6, 0x00, 0xc6, 0x00, 0xc6, 0x00, 0xc6, 0x00, 0xc6, 0x00, 0xc6,
    0x00, 0xc6, 0x00, 0xc6, 0x00, 0xc6, 0x00, 0xc6, 0x00, 0xc6, 0x00, 0xc6,
    0x00, 0xc6, 0x00, 0xc6, 0x00, 0xc6, 0x00, 0xc6, 0x00, 0xc6, 0x00, 0xc6,
    0x00, 0xc6, 0xf8, 0xc5, 0x18, 0x06, 0x18, 0x06, 0x18, 0x06, 0x18, 0x06,
    0x18, 0x06, 0x18, 0x06, 0x18, 0x06, 0x18, 0x06, 0x18, 0x06, 0x18, 0x06,
    0x18, 0x06, 0x18, 0x06, 0x18, 0x06, 0x18, 0x06, 0x18, 0x06, 0x18, 0x06,
    0x18, 0x06, 0x18, 0x06, 0x18, 0x06, 0x18, 0x06, 0x18, 0x06, 0x18, 0x06,
    0x18, 0x06, 0x18, 0x06, 0x18, 0x06, 0x18, 0x06, 0x18, 0x06, 0x18, 0x06,
    0x18, 0x06, 0x18, 0x06, 0x18, 0x06, 0x18, 0x06, 0x18, 0x06, 0x18, 0x06,
    0x18, 0x06, 0x18, 0x06, 0x18, 0x06, 0x18, 0x06, 0x18, 0x06, 0x18, 0x06,
    0x18, 0x06, 0x18, 0x06, 0x18, 0x06, 0x18, 0x06, 0x18, 0x06, 0xe3, 0x04,
    0x00, 0x06, 0x00, 0x06, 0x00, 0x06, 0x00, 0x06, 0x00, 0x06, 0x00, 0x06,
    0x00, 0x06, 0x00, 0x06, 0x00, 0x06, 0x00, 0x06, 0x00, 0x06, 0x00, 0x06,
    0x00, 0x06, 0x00, 0x06, 0x00, 0x06, 0x00, 0x06, 0x00, 0x06, 0x00, 0x06,
    0x00, 0x06, 0x00, 0x06, 0x00, 0x06, 0x00, 0x06, 0x00, 0x06, 0x00, 0x06,
    0x00, 0x06, 0x00, 0x06, 0x00, 0x06, 0x00, 0x06, 0x00, 0x06, 0x00, 0x06,
    0x00, 0x06, 0x00, 0x06, 0x00, 0x06, 0x00, 0x06, 0x00, 0x06, 0x00, 0x06,
    0x00, 0x06, 0x00, 0x06, 0x00, 0x06, 0x00, 0x06, 0x00, 0x06, 0x00, 0x06,
    0x00, 0x06, 0x00, 0x06, 0x48, 0x43, 0x18, 0xc0, 0x18, 0xc0, 0x18, 0xc0,
    0x18, 0xc0, 0x18, 0xc0, 0x18, 0xc0, 0x18, 0xc0, 0x18, 0xc0, 0x18, 0xc0,
    0x18, 0xc0, 0x18, 0xc0, 0x18, 0xc0, 0x18, 0xc0, 0x18, 0xc0, 0x18, 0xc0,
    0x18, 0xc0, 0x18, 0xc0, 0x18, 0xc0, 0x18, 0xc0, 0x18, 0xc0, 0x18, 0xc0,
    0x18, 0xc0, 0x18, 0xc0, 0x18, 0xc0, 0x18, 0xc0, 0x18, 0xc0, 0x18, 0xc0,
    0x18, 0xc0, 0x18, 0xc0, 0x18, 0xc0, 0x18, 0xc0, 0x18, 0xc0, 0x18, 0xc0,
    0x18, 0xc0, 0x18, 0xc0, 0x18, 0xc0, 0x18, 0xc0, 0x18, 0xc0, 0x18, 0xc0,
    0x18, 0xc0, 0x18, 0xc0, 0x18, 0xc0, 0x18, 0xc0, 0x18, 0xc0, 0x18, 0xc0,
    0x18, 0xc0, 0x00, 0xc0, 0x00, 0xc0, 0x00, 0xc0, 0x00, 0xc0, 0x00, 0xc0,
    0x00, 0xc0, 0x00, 0xc0, 0x00, 0xc0, 0x00, 0xc0, 0x00, 0xc0, 0x00, 0xc0,
    0x00, 0xc0, 0x00, 0xc0, 0x00, 0xc0, 0x00, 0xc0, 0x00, 0xc0, 0x00, 0xc0,
    0x00, 0xc0, 0x00, 0xc0, 0x00, 0xc0, 0x00, 0xc0, 0x00, 0xc0, 0x00, 0xc0,
    0x00, 0xc0, 0x00, 0xc0, 0x00, 0xc0, 0x00, 0xc0, 0x00, 0xc0, 0x00, 0xc0,
    0x00, 0xc0, 0x00, 0xc0, 0x00, 0xc0, 0x00, 0xc0, 0x00, 0xc0, 0x00, 0xc0,
    0x00, 0xc0, 0x00, 0xc0, 0x00, 0xc0, 0x00, 0xc0, 0x00, 0xc0, 0x00, 0xc0,
    0x00, 0xc0, 0x00, 0xc0, 0x00, 0xc0, 0x00, 0xc0, 0x0d, 0x30, 0x18, 0x00,
    0x18, 0x00, 0x18, 0x00, 0x18, 0x00, 0x18, 0x00, 0x18, 0x00, 0x18, 0x00,
    0x18, 0x00, 0x18, 0x00, 0x18, 0x00, 0x18, 0x00, 0x18, 0x00, 0x18, 0x00,
    0x18, 0x00, 0x18, 0x00, 0x18, 0x00, 0x18, 0x00, 0x18, 0x00, 0x18, 0x00,
    0x18, 0x00, 0x18, 0x00, 0x18, 0x00, 0x18, 0x00, 0x18, 0x00, 0x18, 0x00,
    0x18, 0x00, 0x18, 0x00, 0x18, 0x00, 0x18, 0x00, 0x18, 0x00, 0x18, 0x00,
    0x18, 0x00, 0x18, 0x00, 0x18, 0x00, 0x18, 0x00, 0x18, 0x00, 0x18, 0x00,
    0x18, 0x00, 0x18, 0x00, 0x18, 0x00, 0x18, 0x00, 0x18, 0x00, 0x18, 0x00,
    0x18, 0x00, 0x18, 0x00, 0x18, 0xc6, 0x18, 0xc6, 0x18, 0xc6, 0x18, 0xc6,
    0x18, 0xc6, 0x18, 0xc6, 0x18, 0xc6, 0x18, 0xc6, 0x18, 0xc6, 0x18, 0xc6,
    0x18, 0xc6, 0x18, 0xc6, 0x18, 0xc6, 0x18, 0xc6, 0x18, 0xc6, 0x18, 0xc6,
    0x18, 0xc6, 0x18, 0xc6, 0x18, 0xc6, 0x18, 0xc6, 0x18, 0xc6, 0x18, 0xc6,
    0x18, 0xc6, 0x18, 0xc6, 0x18, 0xc6, 0x18, 0xc6, 0x18, 0xc6, 0x18, 0xc6,
    0x18, 0xc6, 0x18, 0xc6, 0x18, 0xc6, 0x18, 0xc6, 0x18, 0xc6, 0x18, 0xc6,
    0x18, 0xc6, 0x18, 0xc6, 0x18, 0xc6, 0x18, 0xc6, 0x18, 0xc6, 0x18, 0xc6,
    0x18, 0xc6, 0x18, 0xc6, 0x18, 0xc6, 0x18, 0xc6, 0x18, 0xc6, 0xf8, 0xc5,
    0x00, 0xc6, 0x00, 0xc6, 0x00, 0xc6, 0x00, 0xc6, 0x00, 0xc6, 0x00, 0xc6,
    0x00, 0xc6, 0x00, 0xc6, 0x00, 0xc6, 0x00, 0xc6, 0x00, 0xc6, 0x00, 0xc6,
    0x00, 0xc6, 0x00, 0xc6, 0x00, 0xc6, 0x00, 0xc6, 0x00, 0xc6, 0x00, 0xc6,
    0x00, 0xc6, 0x00, 0xc6, 0x00, 0xc6, 0x00, 0xc6, 0x00, 0xc6, 0x00, 0xc6,
    0x00, 0xc6, 0x00, 0xc6, 0x00, 0xc6, 0x00, 0xc6, 0x00, 0xc6, 0x00, 0xc6,
    0x00, 0xc6, 0x00, 0xc6, 0x00, 0xc6, 0x00, 0xc6, 0x00, 0xc6, 0x00, 0xc6,
    0x00, 0xc6, 0x00, 0xc6, 0x00, 0xc6, 0x00, 0xc6, 0x00, 0xc6, 0x00, 0xc6,
    0x00, 0xc6, 0x00, 0xc6, 0x00, 0xc6, 0xf8, 0xbd, 0x18, 0x06, 0x18, 0x06,
    0x18, 0x06, 0x18, 0x06, 0x18, 0x06, 0x18, 0x06, 0x18, 0x06, 0x18, 0x06,
    0x18, 0x06, 0x18, 0x06, 0x18, 0x06, 0x18, 0x06, 0x18, 0x06, 0x18, 0x06,
    0x18, 0x06, 0x18, 0x06, 0x18, 0x06, 0x18, 0x06, 0x18, 0x06, 0x18, 0x06,
    0x18, 0x06, 0x18, 0x06, 0x18, 0x06, 0x18, 0x06, 0x18, 0x06, 0x18, 0x06,
    0x18, 0x06, 0x18, 0x06, 0x18, 0x06, 0x18, 0x06, 0x18, 0x06, 0x18, 0x06,
    0x18, 0x06, 0x18, 0x06, 0x18, 0x06, 0x18, 0x06, 0x18, 0x06, 0x18, 0x06,
    0x18, 0x06, 0x18, 0x06, 0x18, 0x06, 0x18, 0x06, 0x18, 0x06, 0x18, 0x06,
    0x18, 0x06, 0xe2, 0x0c, 0x00, 0x06, 0x00, 0x06, 0x00, 0x06, 0x00, 0x06,
    0x00, 0x06, 0x00, 0x06, 0x00, 0x06, 0x00, 0x06, 0x00, 0x06, 0x00, 0x06,
    0x00, 0x06, 0x00, 0x06, 0x00, 0x06, 0x00, 0x06, 0x00, 0x06, 0x00, 0x06,
    0x00, 0x06, 0x00, 0x06, 0x00, 0x06, 0x00, 0x06, 0x00, 0x06, 0x00, 0x06,
    0x00, 0x06, 0x00, 0x06, 0x00, 0x06, 0x00, 0x06, 0x00, 0x06, 0x00, 0x06,
    0x00, 0x06, 0x00, 0x06, 0x00, 0x06, 0x00, 0x06, 0x00, 0x06, 0x00, 0x06,
    0x00, 0x06, 0x00, 0x06, 0x00, 0x06, 0x00, 0x06, 0x00, 0x06, 0x00, 0x06,
    0x00, 0x06, 0x00, 0x06, 0x00, 0x06, 0x00, 0x06, 0x27, 0x3b, 0x18, 0xc0,
    0x18, 0xc0, 0x18, 0xc0, 0x18, 0xc0, 0x18, 0xc0, 0x18, 0xc0, 0x18, 0xc0,
    0x18, 0xc0, 0x18, 0xc0, 0x18, 0xc0, 0x18, 0xc0, 0x18, 0xc0, 0x18, 0xc0,
    0x18, 0xc0, 0x18, 0xc0, 0x18, 0xc0, 0x18, 0xc0, 0x18, 0xc0, 0x18, 0xc0,
    0x18, 0xc0, 0x18, 0xc0, 0x18, 0xc0, 0x18, 0xc0, 0x18, 0xc0, 0x18, 0xc0,
    0x18, 0xc0, 0x18, 0xc0, 0x18, 0xc0, 0x18, 0xc0, 0x18, 0xc0, 0x18, 0xc0,
    0x18, 0xc0, 0x18, 0xc0, 0x18, 0xc0, 0x18, 0xc0, 0x18, 0xc0, 0x18, 0xc0,
    0x18, 0xc0, 0x18, 0xc0, 0x18, 0xc0, 0x18, 0xc0, 0x18, 0xc0, 0x18, 0xc0,
    0x18, 0xc0, 0x18, 0xc0, 0x18, 0xc0, 0x00, 0xc0, 0x00, 0xc0, 0x00, 0xc0,
    0x00, 0xc0, 0x00, 0xc0, 0x00, 0xc0, 0x00, 0xc0, 0x00, 0xc0, 0x00, 0xc0,
    0x00, 0xc0, 0x00, 0xc0, 0x00, 0xc0, 0x00, 0xc0, 0x00, 0xc0, 0x00, 0xc0,
    0x00, 0xc0, 0x00, 0xc0, 0x00, 0xc0, 0x00, 0xc0, 0x00, 0xc0, 0x00, 0xc0,
    0x00, 0xc0, 0x00, 0xc0, 0x00, 0xc0, 0x00, 0xc0, 0x00, 0xc0, 0x00, 0xc0,
    0x00, 0xc0, 0x00, 0xc0, 0x00, 0xc0, 0x00, 0xc0, 0x00, 0xc0, 0x00, 0xc0,
    0x00, 0xc0, 0x00, 0xc0, 0x00, 0xc0, 0x00, 0xc0, 0x00, 0xc0, 0x00, 0xc0,
    0x00, 0xc0, 0x00, 0xc0, 0x00, 0xc0, 0x00, 0xc0, 0x00, 0xc0, 0x00, 0xc0,
    0x0d, 0x30, 0x18, 0x00, 0x18, 0x00, 0x18, 0x00, 0x18, 0x00, 0x18, 0x00,
    0x18, 0x00, 0x18, 0x00, 0x18, 0x00, 0x18, 0x00, 0x18, 0x00, 0x18, 0x00,
    0x18, 0x00, 0x18, 0x00, 0x18, 0x00, 0x18, 0x00, 0x18, 0x00, 0x18, 0x00,
    0x18, 0x00, 0x18, 0x00, 0x18, 0x00, 0x18, 0x00, 0x18, 0x00, 0x18, 0x00,
    0x18, 0x00, 0x18, 0x00, 0x18, 0x00, 0x18, 0x00, 0x18, 0x00, 0x18, 0x00,
    0x18, 0x00, 0x18, 0x00, 0x18, 0x00, 0x18, 0x00, 0x18, 0x00, 0x18, 0x00,
    0x18, 0x00, 0x18, 0x00, 0x18, 0x00, 0x18, 0x00, 0x18, 0x00, 0x18, 0x00,
    0x18, 0x00, 0x18, 0x00, 0x18, 0x00, 0x18, 0x00, 0x18, 0xc6, 0x18, 0xc6,
    0x18, 0xc6, 0x18, 0xc6, 0x18, 0xc6, 0x18, 0xc6, 0x18, 0xc6, 0x18, 0xc6,
    0x18, 0xc6, 0x18, 0xc6, 0x18, 0xc6, 0x18, 0xc6, 0x18, 0xc6, 0x18, 0xc6,
    0x18, 0xc6, 0x18, 0xc6, 0x18, 0xc6, 0x18, 0xc6, 0x18, 0xc6, 0x18, 0xc6,
    0x18, 0xc6, 0x18, 0xc6, 0x18, 0xc6, 0x18, 0xc6, 0x18, 0xc6, 0x18, 0xc6,
    0x18, 0xc6, 0x18, 0xc6, 0x18, 0xc6, 0x18, 0xc6, 0x18, 0xc6, 0x18, 0xc6,
    0x18, 0xc6, 0x18, 0xc6, 0x18, 0xc6, 0x18, 0xc6, 0x18, 0xc6, 0x18, 0xc6,
    0x18, 0xc6, 0x18, 0xc6, 0x18, 0xc6, 0x18, 0xc6, 0x18, 0xc6, 0x18, 0xc6,
    0x18, 0xc6, 0xf8, 0xbd, 0x00, 0xc6, 0x00, 0xc6, 0x00, 0xc6, 0x00, 0xc6,
    0x00, 0xc6, 0x00, 0xc6, 0x00, 0xc6, 0x00, 0xc6, 0x00, 0xc6, 0x00, 0xc6,
    0x00, 0xc6, 0x00, 0xc6, 0x00, 0xc6, 0x00, 0xc6, 0x00, 0xc6, 0x00, 0xc6,
    0x00, 0xc6, 0x00, 0xc6, 0x00, 0xc6, 0x00, 0xc6, 0x00, 0xc6, 0x00, 0xc6,
    0x00, 0xc6, 0x00, 0xc6, 0x00, 0xc6, 0x00, 0xc6, 0x00, 0xc6, 0x00, 0xc6,
    0x00, 0xc6, 0x00, 0xc6, 0x00, 0xc6, 0x00, 0xc6, 0x00, 0xc6, 0x00, 0xc6,
    0x00, 0xc6, 0x00, 0xc6, 0x00, 0xc6, 0x00, 0xc6, 0x00, 0xc6, 0x00, 0xc6,
    0x00, 0xc6, 0x00, 0xc6, 0x00, 0xc6, 0x00, 0xc6, 0x00, 0xc6, 0xf8, 0xbd,
    0x18, 0x06, 0x18, 0x06, 0x18, 0x06, 0x18, 0x06, 0x18, 0x06, 0x18, 0x06,
    0x18, 0x06, 0x18, 0x06, 0x18, 0x06, 0x18, 0x06, 0x18, 0x06, 0x18, 0x06,
    0x18, 0x06, 0x18, 0x06, 0x18, 0x06, 0x18, 0x06, 0x18, 0x06, 0x18, 0x06,
    0x18, 0x06, 0x18, 0x06, 0x18, 0x06, 0x18, 0x06, 0x18, 0x06, 0x18, 0x06,
    0x18, 0x06, 0x18, 0x06, 0x18, 0x06, 0x18, 0x06, 0x18, 0x06, 0x18, 0x06,
    0x18, 0x06, 0x18, 0x06, 0x18, 0x06, 0x18, 0x06, 0x18, 0x06, 0x18, 0x06,
    0x18, 0x06, 0x18, 0x06, 0x18, 0x06, 0x18, 0x06, 0x18, 0x06, 0x18, 0x06,
    0x18, 0x06, 0x18, 0x06, 0x18, 0x06, 0xe2, 0x0c, 0x00, 0x06, 0x00, 0x06,
    0x00, 0x06, 0x00, 0x06, 0x00, 0x06, 0x00, 0x06, 0x00, 0x06, 0x00, 0x06,
    0x00, 0x06, 0x00, 0x06, 0x00, 0x06, 0x00, 0x06, 0x00, 0x06, 0x00, 0x06,
    0x00, 0x06, 0x00, 0x06, 0x00, 0x06, 0x00, 0x06, 0x00, 0x06, 0x00, 0x06,
    0x00, 0x06, 0x00, 0x06, 0x00, 0x06, 0x00, 0x06, 0x00, 0x06, 0x00, 0x06,
    0x00, 0x06, 0x00, 0x06, 0x00, 0x06, 0x00, 0x06, 0x00, 0x06, 0x00, 0x06,
    0x00, 0x06, 0x00, 0x06, 0x00, 0x06, 0x00, 0x06, 0x00, 0x06, 0x00, 0x06,
    0x00, 0x06, 0x00, 0x06, 0x00, 0x06, 0x00, 0x06, 0x00, 0x06, 0x00, 0x06,
    0x47, 0x3b, 0x18, 0xc0, 0x18, 0xc0, 0x18, 0xc0, 0x18, 0xc0, 0x18, 0xc0,
    0x18, 0xc0, 0x18, 0xc0, 0x18, 0xc0, 0x18, 0xc0, 0x18, 0xc0, 0x18, 0xc0,
    0x18, 0xc0, 0x18, 0xc0, 0x18, 0xc0, 0x18, 0xc0, 0x18, 0xc0, 0x18, 0xc0,
    0x18, 0xc0, 0x18, 0xc0, 0x18, 0xc0, 0x18, 0xc0, 0x18, 0xc0, 0x18, 0xc0,
    0x18, 0xc0, 0x18, 0xc0, 0x18, 0xc0, 0x18, 0xc0, 0x18, 0xc0, 0x18, 0xc0,
    0x18, 0xc0, 0x18, 0xc0, 0x18, 0xc0, 0x18, 0xc0, 0x18, 0xc0, 0x18, 0xc0,
    0x18, 0xc0, 0x18, 0xc0, 0x18, 0xc0, 0x18, 0xc0, 0x18, 0xc0, 0x18, 0xc0,
    0x18, 0xc0, 0x18, 0xc0, 0x18, 0xc0, 0x18, 0xc0, 0x18, 0xc0, 0x00, 0xc0,
    0x00, 0xc0, 0x00, 0xc0, 0x00, 0xc0, 0x00, 0xc0, 0x00, 0xc0, 0x00, 0xc0,
    0x00, 0xc0, 0x00, 0xc0, 0x00, 0xc0, 0x00, 0xc0, 0x00, 0xc0, 0x00, 0xc0,
    0x00, 0xc0, 0x00, 0xc0, 0x00, 0xc0, 0x00, 0xc0, 0x00, 0xc0, 0x00, 0xc0,
    0x00, 0xc0, 0x00, 0xc0, 0x00, 0xc0, 0x00, 0xc0, 0x00, 0xc0, 0x00, 0xc0,
    0x00, 0xc0, 0x00, 0xc0, 0x00, 0xc0, 0x00, 0xc0, 0x00, 0xc0, 0x00, 0xc0,
    0x00, 0xc0, 0x00, 0xc0, 0x00, 0xc0, 0x00, 0xc0, 0x00, 0xc0, 0x00, 0xc0,
    0x00, 0xc0, 0x00, 0xc0, 0x00, 0xc0, 0x00, 0xc0, 0x00, 0xc0, 0x00, 0xc0,
    0x00, 0xc0, 0x00, 0xc0, 0x0d, 0x30, 0x18, 0x00, 0x18, 0x00, 0x18, 0x00,
    0x18, 0x00, 0x18, 0x00, 0x18, 0x00, 0x18, 0x00, 0x18, 0x00, 0x18, 0x00,
    0x18, 0x00, 0x18, 0x00, 0x18, 0x00, 0x18, 0x00, 0x18, 0x00, 0x18, 0x00,
    0x18, 0x00, 0x18, 0x00, 0x18, 0x00, 0x18, 0x00, 0x18, 0x00, 0x18, 0x00,
    0x18, 0x00, 0x18, 0x00, 0x18, 0x00, 0x18, 0x00, 0x18, 0x00, 0x18, 0x00,
    0x18, 0x00, 0x18, 0x00, 0x18, 0x00, 0x18, 0x00, 0x18, 0x00, 0x18, 0x00,
    0x18, 0x00, 0x18, 0x00, 0x18, 0x00, 0x18, 0x00, 0x18, 0x00, 0x18, 0x00,
    0x18, 0x00, 0x18, 0x00, 0x18, 0x00, 0x18, 0x00, 0x18, 0x00, 0x18, 0x00,
    0x18, 0xc6, 0x18, 0xc6, 0x18, 0xc6, 0x18, 0xc6, 0x18, 0xc6, 0x18, 0xc6,
    0x18, 0xc6, 0x18, 0xc6, 0x18, 0xc6, 0x18, 0xc6, 0x18, 0xc6, 0x18, 0xc6,
    0x18, 0xc6, 0x18, 0xc6, 0x18, 0xc6, 0x18, 0xc6, 0x18, 0xc6, 0x18, 0xc6,
    0x18, 0xc6, 0x18, 0xc6, 0x18, 0xc6, 0x18, 0xc6, 0x18, 0xc6, 0x18, 0xc6,
    0x18, 0xc6, 0x18, 0xc6, 0x18, 0xc6, 0x18, 0xc6, 0x18, 0xc6, 0x18, 0xc6,
    0x18, 0xc6, 0x18, 0xc6, 0x18, 0xc6, 0x18, 0xc6, 0x18, 0xc6, 0x18, 0xc6,
    0x18, 0xc6, 0x18, 0xc6, 0x18, 0xc6, 0x18, 0xc6, 0x18, 0xc6, 0x18, 0xc6,
    0x18, 0xc6, 0x18, 0xc6, 0x18, 0xc6, 0x18, 0xbe, 0x00, 0xc6, 0x00, 0xc6,
    0x00, 0xc6, 0x00, 0xc6, 0x00, 0xc6, 0x00, 0xc6, 0x00, 0xc6, 0x00, 0xc6,
    0x00, 0xc6, 0x00, 0xc6, 0x00, 0xc6, 0x00, 0xc6, 0x00, 0xc6, 0x00, 0xc6,
    0x00, 0xc6, 0x00, 0xc6, 0x00, 0xc6, 0x00, 0xc6, 0x00, 0xc6, 0x00, 0xc6,
    0x00, 0xc6, 0x00, 0xc6, 0x00, 0xc6, 0x00, 0xc6, 0x00, 0xc6, 0x00, 0xc6,
    0x00, 0xc6, 0x00, 0xc6, 0x00, 0xc6, 0x00, 0xc6, 0x00, 0xc6, 0x00, 0xc6,
    0x00, 0xc6, 0x00, 0xc6, 0x00, 0xc6, 0x00, 0xc6, 0x00, 0xc6, 0x00, 0xc6,
    0x00, 0xc6, 0x00, 0xc6, 0x00, 0xc6, 0x00, 0xc6, 0x00, 0xc6, 0x00, 0xc6,
    0x00, 0xc6, 0xf8, 0xc5, 0x18, 0x06, 0x18, 0x06, 0x18, 0x06, 0x18, 0x06,
    0x18, 0x06, 0x18, 0x06, 0x18, 0x06, 0x18, 0x06, 0x18, 0x06, 0x18, 0x06,
    0x18, 0x06, 0x18, 0x06, 0x18, 0x06, 0x18, 0x06, 0x18, 0x06, 0x18, 0x06,
    0x18, 0x06, 0x18, 0x06, 0x18, 0x06, 0x18, 0x06, 0x18, 0x06, 0x18, 0x06,
    0x18, 0x06, 0x18, 0x06, 0x18, 0x06, 0x18, 0x06, 0x18, 0x06, 0x18, 0x06,
    0x18, 0x06, 0x18, 0x06, 0x18, 0x06, 0x18, 0x06, 0x18, 0x06, 0x18, 0x06,
    0x18, 0x06, 0x18, 0x06, 0x18, 0x06, 0x18, 0x06, 0x18, 0x06, 0x18, 0x06,
    0x18, 0x06, 0x18, 0x06, 0x18, 0x06, 0x18, 0x06, 0x18, 0x06, 0xe3, 0x04,
    0x00, 0x06, 0x00, 0x06, 0x00, 0x06, 0x00, 0x06, 0x00, 0x06, 0x00, 0x06,
    0x00, 0x06, 0x00, 0x06, 0x00, 0x06, 0x00, 0x06, 0x00, 0x06, 0x00, 0x06,
    0x00, 0x06, 0x00, 0x06, 0x00, 0x06, 0x00, 0x06, 0x00, 0x06, 0x00, 0x06,
    0x00, 0x06, 0x00, 0x06, 0x00, 0x06, 0x00, 0x06, 0x00, 0x06, 0x00, 0x06,
    0x00, 0x06, 0x00, 0x06, 0x00, 0x06, 0x00, 0x06, 0x00, 0x06, 0x00, 0x06,
    0x00, 0x06, 0x00, 0x06, 0x00, 0x06, 0x00, 0x06, 0x00, 0x06, 0x00, 0x06,
    0x00, 0x06, 0x00, 0x06, 0x00, 0x06, 0x00, 0x06, 0x00, 0x06, 0x00, 0x06,
    0x00, 0x06, 0x00, 0x06, 0x28, 0x43, 0x18, 0xc0, 0x18, 0xc0, 0x18, 0xc0,
    0x18, 0xc0, 0x18, 0xc0, 0x18, 0xc0, 0x18, 0xc0, 0x18, 0xc0, 0x18, 0xc0,
    0x18, 0xc0, 0x18, 0xc0, 0x18, 0xc0, 0x18, 0xc0, 0x18, 0xc0, 0x18, 0xc0,
    0x18, 0xc0, 0x18, 0xc0, 0x18, 0xc0, 0x18, 0xc0, 0x18, 0xc0, 0x18, 0xc0,
    0x18, 0xc0, 0x18, 0xc0, 0x18, 0xc0, 0x18, 0xc0, 0x18, 0xc0, 0x18, 0xc0,
    0x18, 0xc0, 0x18, 0xc0, 0x18, 0xc0, 0x18, 0xc0, 0x18, 0xc0, 0x18, 0xc0,
    0x18, 0xc0, 0x18, 0xc0, 0x18, 0xc0, 0x18, 0xc0, 0x18, 0xc0, 0x18, 0xc0,
    0x18, 0xc0, 0x18, 0xc0, 0x18, 0xc0, 0x18, 0xc0, 0x18, 0xc0, 0x18, 0xc0,
    0x18, 0xc0, 0x00, 0xc0, 0x00, 0xc0, 0x00, 0xc0, 0x00, 0xc0, 0x00, 0xc0,
    0x00, 0xc0, 0x00, 0xc0, 0x00, 0xc0, 0x00, 0xc0, 0x00, 0xc0, 0x00, 0xc0,
    0x00, 0xc0, 0x00, 0xc0, 0x00, 0xc0, 0x00, 0xc0, 0x00, 0xc0, 0x00, 0xc0,
    0x00, 0xc0, 0x00, 0xc0, 0x00, 0xc0, 0x00, 0xc0, 0x00, 0xc0, 0x00, 0xc0,
    0x00, 0xc0, 0x00, 0xc0, 0x00, 0xc0, 0x00, 0xc0, 0x00, 0xc0, 0x00, 0xc0,
    0x00, 0xc0, 0x00, 0xc0, 0x00, 0xc0, 0x00, 0xc0, 0x00, 0xc0, 0x00, 0xc0,
    0x00, 0xc0, 0x00, 0xc0, 0x00, 0xc0, 0x00, 0xc0, 0x00, 0xc0, 0x00, 0xc0,
    0x00, 0xc0, 0x00, 0xc0, 0x00, 0xc0, 0x00, 0xc0, 0x0e, 0x38, 0x18, 0x00,
    0x18, 0x00, 0x18, 0x00, 0x18, 0x00, 0x18, 0x00, 0x18, 0x00, 0x18, 0x00,
    0x18, 0x00, 0x18, 0x00, 0x18, 0x00, 0x18, 0x00, 0x18, 0x00, 0x18, 0x00,
    0x18, 0x00, 0x18, 0x00, 0x18, 0x00, 0x18, 0x00, 0x18, 0x00, 0x18, 0x00,
    0x18, 0x00, 0x18, 0x00, 0x18, 0x00, 0x18, 0x00, 0x18, 0x00, 0x18, 0x00,
    0x18, 0x00, 0x18, 0x00, 0x18, 0x00, 0x18, 0x00, 0x18, 0x00, 0x18, 0x00,
    0x18, 0x00, 0x18, 0x00, 0x18, 0x00, 0x18, 0x00, 0x18, 0x00, 0x18, 0x00,
    0x18, 0x00, 0x18, 0x00, 0x18, 0x00, 0x18, 0x00, 0x18, 0x00, 0x18, 0x00,
    0x18, 0x00, 0x18, 0x00, 0x18, 0xc6, 0x18, 0xc6, 0x18, 0xc6, 0x18, 0xc6,
    0x18, 0xc6, 0x18, 0xc6, 0x18, 0xc6, 0x18, 0xc6, 0x18, 0xc6, 0x18, 0xc6,
    0x18, 0xc6, 0x18, 0xc6, 0x18, 0xc6, 0x18, 0xc6, 0x18, 0xc6, 0x18, 0xc6,
    0x18, 0xc6, 0x18, 0xc6, 0x18, 0xc6, 0x18, 0xc6, 0x18, 0xc6, 0x18, 0xc6,
    0x18, 0xc6, 0x18, 0xc6, 0x18, 0xc6, 0x18, 0xc6, 0x18, 0xc6, 0x18, 0xc6,
    0x18, 0xc6, 0x18, 0xc6, 0x18, 0xc6, 0x18, 0xc6, 0x18, 0xc6, 0x18, 0xc6,
    0x18, 0xc6, 0x18, 0xc6, 0x18, 0xc6, 0x18, 0xc6, 0x18, 0xc6, 0x18, 0xc6,
    0x18, 0xc6, 0x18, 0xc6, 0x18, 0xc6, 0x18, 0xc6, 0x18, 0xc6, 0xf8, 0xc5,
    0x00, 0xc6, 0x00, 0xc6, 0x00, 0xc6, 0x00, 0xc6, 0x00, 0xc6, 0x00, 0xc6,
    0x00, 0xc6, 0x00, 0xc6, 0x00, 0xc6, 0x00, 0xc6, 0x00, 0xc6, 0x00, 0xc6,
    0x00, 0xc6, 0x00, 0xc6, 0x00, 0xc6, 0x00, 0xc6, 0x00, 0xc6, 0x00, 0xc6,
    0x00, 0xc6, 0x00, 0xc6, 0x00, 0xc6, 0x00, 0xc6, 0x00, 0xc6, 0x00, 0xc6,
    0x00, 0xc6, 0x00, 0xc6, 0x00, 0xc6, 0x00, 0xc6, 0x00, 0xc6, 0x00, 0xc6,
    0x00, 0xc6, 0x00, 0xc6, 0x00, 0xc6, 0x00, 0xc6, 0x00, 0xc6, 0x00, 0xc6,
    0x00, 0xc6, 0x00, 0xc6, 0x00, 0xc6, 0x00, 0xc6, 0x00, 0xc6, 0x00, 0xc6,
    0x00, 0xc6, 0x00, 0xc6, 0x00, 0xc6, 0x18, 0xbe, 0x18, 0x06, 0x18, 0x06,
    0x18, 0x06, 0x18, 0x06, 0x18, 0x06, 0x18, 0x06, 0x18, 0x06, 0x18, 0x06,
    0x18, 0x06, 0x18, 0x06, 0x18, 0x06, 0x18, 0x06, 0x18, 0x06, 0x18, 0x06,
    0x18, 0x06, 0x18, 0x06, 0x18, 0x06, 0x18, 0x06, 0x18, 0x06, 0x18, 0x06,
    0x18, 0x06, 0x18, 0x06, 0x18, 0x06, 0x18, 0x06, 0x18, 0x06, 0x18, 0x06,
    0x18, 0x06, 0x18, 0x06, 0x18, 0x06, 0x18, 0x06, 0x18, 0x06, 0x18, 0x06,
    0x18, 0x06, 0x18, 0x06, 0x18, 0x06, 0x18, 0x06, 0x18, 0x06, 0x18, 0x06,
    0x18, 0x06, 0x18, 0x06, 0x18, 0x06, 0x18, 0x06, 0x18, 0x06, 0x18, 0x06,
    0x18, 0x06, 0x02, 0x05, 0x00, 0x06, 0x00, 0x06, 0x00, 0x06, 0x00, 0x06,
    0x00, 0x06, 0x00, 0x06, 0x00, 0x06, 0x00, 0x06, 0x00, 0x06, 0x00, 0x06,
    0x00, 0x06, 0x00, 0x06, 0x00, 0x06, 0x00, 0x06, 0x00, 0x06, 0x00, 0x06,
    0x00, 0x06, 0x00, 0x06, 0x00, 0x06, 0x00, 0x06, 0x00, 0x06, 0x00, 0x06,
    0x00, 0x06, 0x00, 0x06, 0x00, 0x06, 0x00, 0x06, 0x00, 0x06, 0x00, 0x06,
    0x00, 0x06, 0x00, 0x06, 0x00, 0x06, 0x00, 0x06, 0x00, 0x06, 0x00, 0x06,
    0x00, 0x06, 0x00, 0x06, 0x00, 0x06, 0x00, 0x06, 0x00, 0x06, 0x00, 0x06,
    0x00, 0x06, 0x00, 0x06, 0x00, 0x06, 0x00, 0x06, 0x47, 0x3b, 0x18, 0xc0,
    0x18, 0xc0, 0x18, 0xc0, 0x18, 0xc0, 0x18, 0xc0, 0x18, 0xc0, 0x18, 0xc0,
    0x18, 0xc0, 0x18, 0xc0, 0x18, 0xc0, 0x18, 0xc0, 0x18, 0xc0, 0x18, 0xc0,
    0x18, 0xc0, 0x18, 0xc0, 0x18, 0xc0, 0x18, 0xc0, 0x18, 0xc0, 0x18, 0xc0,
    0x18, 0xc0, 0x18, 0xc0, 0x18, 0xc0, 0x18, 0xc0, 0x18, 0xc0, 0x18, 0xc0,
    0x18, 0xc0, 0x18, 0xc0, 0x18, 0xc0, 0x18, 0xc0, 0x18, 0xc0, 0x18, 0xc0,
    0x18, 0xc0, 0x18, 0xc0, 0x18, 0xc0, 0x18, 0xc0, 0x18, 0xc0, 0x18, 0xc0,
    0x18, 0xc0, 0x18, 0xc0, 0x18, 0xc0, 0x18, 0xc0, 0x18, 0xc0, 0x18, 0xc0,
    0x18, 0xc0, 0x18, 0xc0, 0x18, 0xc0, 0x00, 0xc0, 0x00, 0xc0, 0x00, 0xc0,
    0x00, 0xc0, 0x00, 0xc0, 0x00, 0xc0, 0x00, 0xc0, 0x00, 0xc0, 0x00, 0xc0,
    0x00, 0xc0, 0x00, 0xc0, 0x00, 0xc0, 0x00, 0xc0, 0x00, 0xc0, 0x00, 0xc0,
    0x00, 0xc0, 0x00, 0xc0, 0x00, 0xc0, 0x00, 0xc0, 0x00, 0xc0, 0x00, 0xc0,
    0x00, 0xc0, 0x00, 0xc0, 0x00, 0xc0, 0x00, 0xc0, 0x00, 0xc0, 0x00, 0xc0,
    0x00, 0xc0, 0x00, 0xc0, 0x00, 0xc0, 0x00, 0xc0, 0x00, 0xc0, 0x00, 0xc0,
    0x00, 0xc0, 0x00, 0xc0, 0x00, 0xc0, 0x00, 0xc0, 0x00, 0xc0, 0x00, 0xc0,
    0x00, 0xc0, 0x00, 0xc0, 0x00, 0xc0, 0x00, 0xc0, 0x00, 0xc0, 0x00, 0xc0,
    0x0d, 0x30, 0x18, 0x00, 0x18, 0x00, 0x18, 0x00, 0x18, 0x00, 0x18, 0x00,
    0x18, 0x00, 0x18, 0x00, 0x18, 0x00, 0x18, 0x00, 0x18, 0x00, 0x18, 0x00,
    0x18, 0x00, 0x18, 0x00, 0x18, 0x00, 0x18, 0x00, 0x18, 0x00, 0x18, 0x00,
    0x18, 0x00, 0x18, 0x00, 0x18, 0x00, 0x18, 0x00, 0x18, 0x00, 0x18, 0x00,
    0x18, 0x00, 0x18, 0x00, 0x18, 0x00, 0x18, 0x00, 0x18, 0x00, 0x18, 0x00,
    0x18, 0x00, 0x18, 0x00, 0x18, 0x00, 0x18, 0x00, 0x18, 0x00, 0x18, 0x00,
    0x18, 0x00, 0x18, 0x00, 0x18, 0x00, 0x18, 0x00, 0x18, 0x00, 0x18, 0x00,
    0x18, 0x00, 0x18, 0x00, 0x18, 0x00, 0x18, 0x00, 0x18, 0xc6, 0x18, 0xc6,
    0x18, 0xc6, 0x18, 0xc6, 0x18, 0xc6, 0x18, 0xc6, 0x18, 0xc6, 0x18, 0xc6,
    0x18, 0xc6, 0x18, 0xc6, 0x18, 0xc6, 0x18, 0xc6, 0x18, 0xc6, 0x18, 0xc6,
    0x18, 0xc6, 0x18, 0xc6, 0x18, 0xc6, 0x18, 0xc6, 0x18, 0xc6, 0x18, 0xc6,
    0x18, 0xc6, 0x18, 0xc6, 0x18, 0xc6, 0x18, 0xc6, 0x18, 0xc6, 0x18, 0xc6,
    0x18, 0xc6, 0x18, 0xc6, 0x18, 0xc6, 0x18, 0xc6, 0x18, 0xc6, 0x18, 0xc6,
    0x18, 0xc6, 0x18, 0xc6, 0x18, 0xc6, 0x18, 0xc6, 0x18, 0xc6, 0x18, 0xc6,
    0x18, 0xc6, 0x18, 0xc6, 0x18, 0xc6, 0x18, 0xc6, 0x18, 0xc6, 0x18, 0xc6,
    0x18, 0xc6, 0xf8, 0xbd, 0x00, 0xc6, 0x00, 0xc6, 0x00, 0xc6, 0x00, 0xc6,
    0x00, 0xc6, 0x00, 0xc6, 0x00, 0xc6, 0x00, 0xc6, 0x00, 0xc6, 0x00, 0xc6,
    0x00, 0xc6, 0x00, 0xc6, 0x00, 0xc6, 0x00, 0xc6, 0x00, 0xc6, 0x00, 0xc6,
    0x00, 0xc6, 0x00, 0xc6, 0x00, 0xc6, 0x00, 0xc6, 0x00, 0xc6, 0x00, 0xc6,
    0x00, 0xc6, 0x00, 0xc6, 0x00, 0xc6, 0x00, 0xc6, 0x00, 0xc6, 0x00, 0xc6,
    0x00, 0xc6, 0x00, 0xc6, 0x00, 0xc6, 0x00, 0xc6, 0x00, 0xc6, 0x00, 0xc6,
    0x00, 0xc6, 0x00, 0xc6, 0x00, 0xc6, 0x00, 0xc6, 0x00, 0xc6, 0x00, 0xc6,
    0x00, 0xc6, 0x00, 0xc6, 0x00, 0xc6, 0x00, 0xc6, 0x00, 0xc6, 0xf8, 0xbd,
    0x18, 0x06, 0x18, 0x06, 0x18, 0x06, 0x18, 0x06, 0x18, 0x06, 0x18, 0x06,
    0x18, 0x06, 0x18, 0x06, 0x18, 0x06, 0x18, 0x06, 0x18, 0x06, 0x18, 0x06,
    0x18, 0x06, 0x18, 0x06, 0x18, 0x06, 0x18, 0x06, 0x18, 0x06, 0x18, 0x06,
    0x18, 0x06, 0x18, 0x06, 0x18, 0x06, 0x18, 0x06, 0x18, 0x06, 0x18, 0x06,
    0x18, 0x06, 0x18, 0x06, 0x18, 0x06, 0x18, 0x06, 0x18, 0x06, 0x18, 0x06,
    0x18, 0x06, 0x18, 0x06, 0x18, 0x06, 0x18, 0x06, 0x18, 0x06, 0x18, 0x06,
    0x18, 0x06, 0x18, 0x06, 0x18, 0x06, 0x18, 0x06, 0x18, 0x06, 0x18, 0x06,
    0x18, 0x06, 0x18, 0x06, 0x18, 0x06, 0xe2, 0x0c, 0x00, 0x06, 0x00, 0x06,
    0x00, 0x06, 0x00, 0x06, 0x00, 0x06, 0x00, 0x06, 0x00, 0x06, 0x00, 0x06,
    0x00, 0x06, 0x00, 0x06, 0x00, 0x06, 0x00, 0x06, 0x00, 0x06, 0x00, 0x06,
    0x00, 0x06, 0x00, 0x06, 0x00, 0x06, 0x00, 0x06, 0x00, 0x06, 0x00, 0x06,
    0x00, 0x06, 0x00, 0x06, 0x00, 0x06, 0x00, 0x06, 0x00, 0x06, 0x00, 0x06,
    0x00, 0x06, 0x00, 0x06, 0x00, 0x06, 0x00, 0x06, 0x00, 0x06, 0x00, 0x06,
    0x00, 0x06, 0x00, 0x06, 0x00, 0x06, 0x00, 0x06, 0x00, 0x06, 0x00, 0x06,
    0x00, 0x06, 0x00, 0x06, 0x00, 0x06, 0x00, 0x06, 0x00, 0x06, 0x00, 0x06,
    0x27, 0x3b, 0x18, 0xc0, 0x18, 0xc0, 0x18, 0xc0, 0x18, 0xc0, 0x18, 0xc0,
    0x18, 0xc0, 0x18, 0xc0, 0x18, 0xc0, 0x18, 0xc0, 0x18, 0xc0, 0x18, 0xc0,
    0x18, 0xc0, 0x18, 0xc0, 0x18, 0xc0, 0x18, 0xc0, 0x18, 0xc0, 0x18, 0xc0,
    0x18, 0xc0, 0x18, 0xc0, 0x18, 0xc0, 0x18, 0xc0, 0x18, 0xc0, 0x18, 0xc0,
    0x18, 0xc0, 0x18, 0xc0, 0x18, 0xc0, 0x18, 0xc0, 0x18, 0xc0, 0x18, 0xc0,
    0x18, 0xc0, 0x18, 0xc0, 0x18, 0xc0, 0x18, 0xc0, 0x18, 0xc0, 0x18, 0xc0,
    0x18, 0xc0, 0x18, 0xc0, 0x18, 0xc0, 0x18, 0xc0, 0x18, 0xc0, 0x18, 0xc0,
    0x18, 0xc0, 0x18, 0xc0, 0x18, 0xc0, 0x18, 0xc0, 0x18, 0xc0, 0x00, 0xc0,
    0x00, 0xc0, 0x00, 0xc0, 0x00, 0xc0, 0x00, 0xc0, 0x00, 0xc0, 0x00, 0xc0,
    0x00, 0xc0, 0x00, 0xc0, 0x00, 0xc0, 0x00, 0xc0, 0x00, 0xc0, 0x00, 0xc0,
    0x00, 0xc0, 0x00, 0xc0, 0x00, 0xc0, 0x00, 0xc0, 0x00, 0xc0, 0x00, 0xc0,
    0x00, 0xc0, 0x00, 0xc0, 0x00, 0xc0, 0x00, 0xc0, 0x00, 0xc0, 0x00, 0xc0,
    0x00, 0xc0, 0x00, 0xc0, 0x00, 0xc0, 0x00, 0xc0, 0x00, 0xc0, 0x00, 0xc0,
    0x00, 0xc0, 0x00, 0xc0, 0x00, 0xc0, 0x00, 0xc0, 0x00, 0xc0, 0x00, 0xc0,
    0x00, 0xc0, 0x00, 0xc0, 0x00, 0xc0, 0x00, 0xc0, 0x00, 0xc0, 0x00, 0xc0,
    0x00, 0xc0, 0x00, 0xc0, 0x0d, 0x30, 0x18, 0x00, 0x18, 0x00, 0x18, 0x00,
    0x18, 0x00, 0x18, 0x00, 0x18, 0x00, 0x18, 0x00, 0x18, 0x00, 0x18, 0x00,
    0x18, 0x00, 0x18, 0x00, 0x18, 0x00, 0x18, 0x00, 0x18, 0x00, 0x18, 0x00,
    0x18, 0x00, 0x18, 0x00, 0x18, 0x00, 0x18, 0x00, 0x18, 0x00, 0x18, 0x00,
    0x18, 0x00, 0x18, 0x00, 0x18, 0x00, 0x18, 0x00, 0x18, 0x00, 0x18, 0x00,
    0x18, 0x00, 0x18, 0x00, 0x18, 0x00, 0x18, 0x00, 0x18, 0x00, 0x18, 0x00,
    0x18, 0x00, 0x18, 0x00, 0x18, 0x00, 0x18, 0x00, 0x18, 0x00, 0x18, 0x00,
    0x18, 0x00, 0x18, 0x00, 0x18, 0x00, 0x18, 0x00, 0x18, 0x00, 0x18, 0x00,
    0x18, 0xc6, 0x18, 0xc6, 0x18, 0xc6, 0x18, 0xc6, 0x18, 0xc6, 0x18, 0xc6,
    0x18, 0xc6, 0x18, 0xc6, 0x18, 0xc6, 0x18, 0xc6, 0x18, 0xc6, 0x18, 0xc6,
    0x18, 0xc6, 0x18, 0xc6, 0x18, 0xc6, 0x18, 0xc6, 0x18, 0xc6, 0x18, 0xc6,
    0x18, 0xc6, 0x18, 0xc6, 0x18, 0xc6, 0x18, 0xc6, 0x18, 0xc6, 0x18, 0xc6,
    0x18, 0xc6, 0x18, 0xc6, 0x18, 0xc6, 0x18, 0xc6, 0x18, 0xc6, 0x18, 0xc6,
    0x18, 0xc6, 0x18, 0xc6, 0x18, 0xc6, 0x18, 0xc6, 0x18, 0xc6, 0x18, 0xc6,
    0x18, 0xc6, 0x18, 0xc6, 0x18, 0xc6, 0x18, 0xc6, 0x18, 0xc6, 0x18, 0xc6,
    0x18, 0xc6, 0x18, 0xc6, 0x18, 0xc6, 0xf8, 0xbd, 0x00, 0xc6, 0x00, 0xc6,
    0x00, 0xc6, 0x00, 0xc6, 0x00, 0xc6, 0x00, 0xc6, 0x00, 0xc6, 0x00, 0xc6,
    0x00, 0xc6, 0x00, 0xc6, 0x00, 0xc6, 0x00, 0xc6, 0x00, 0xc6, 0x00, 0xc6,
    0x00, 0xc6, 0x00, 0xc6, 0x00, 0xc6, 0x00, 0xc6, 0x00, 0xc6, 0x00, 0xc6,
    0x00, 0xc6, 0x00, 0xc6, 0x00, 0xc6, 0x00, 0xc6, 0x00, 0xc6, 0x00, 0xc6,
    0x00, 0xc6, 0x00, 0xc6, 0x00, 0xc6, 0x00, 0xc6, 0x00, 0xc6, 0x00, 0xc6,
    0x00, 0xc6, 0x00, 0xc6, 0x00, 0xc6, 0x00, 0xc6, 0x00, 0xc6, 0x00, 0xc6,
    0x00, 0xc6, 0x00, 0xc6, 0x00, 0xc6, 0x00, 0xc6, 0x00, 0xc6, 0x00, 0xc6,
    0x00, 0xc6, 0xf8, 0xc5, 0x18, 0x06, 0x18, 0x06, 0x18, 0x06, 0x18, 0x06,
    0x18, 0x06, 0x18, 0x06, 0x18, 0x06, 0x18, 0x06, 0x18, 0x06, 0x18, 0x06,
    0x18, 0x06, 0x18, 0x06, 0x18, 0x06, 0x18, 0x06, 0x18, 0x06, 0x18, 0x06,
    0x18, 0x06, 0x18, 0x06, 0x18, 0x06, 0x18, 0x06, 0x18, 0x06, 0x18, 0x06,
    0x18, 0x06, 0x18, 0x06, 0x18, 0x06, 0x18, 0x06, 0x18, 0x06, 0x18, 0x06,
    0x18, 0x06, 0x18, 0x06, 0x18, 0x06, 0x18, 0x06, 0x18, 0x06, 0x18, 0x06,
    0x18, 0x06, 0x18, 0x06, 0x18, 0x06, 0x18, 0x06, 0x18, 0x06, 0x18, 0x06,
    0x18, 0x06, 0x18, 0x06, 0x18, 0x06, 0x18, 0x06, 0x18, 0x06, 0xe3, 0x0c,
    0x00, 0x06, 0x00, 0x06, 0x00, 0x06, 0x00, 0x06, 0x00, 0x06, 0x00, 0x06,
    0x00, 0x06, 0x00, 0x06, 0x00, 0x06, 0x00, 0x06, 0x00, 0x06, 0x00, 0x06,
    0x00, 0x06, 0x00, 0x06, 0x00, 0x06, 0x00, 0x06, 0x00, 0x06, 0x00, 0x06,
    0x00, 0x06, 0x00, 0x06, 0x00, 0x06, 0x00, 0x06, 0x00, 0x06, 0x00, 0x06,
    0x00, 0x06, 0x00, 0x06, 0x00, 0x06, 0x00, 0x06, 0x00, 0x06, 0x00, 0x06,
    0x00, 0x06, 0x00, 0x06, 0x00, 0x06, 0x00, 0x06, 0x00, 0x06, 0x00, 0x06,
    0x00, 0x06, 0x00, 0x06, 0x00, 0x06, 0x00, 0x06, 0x00, 0x06, 0x00, 0x06,
    0x00, 0x06, 0x00, 0x06, 0x48, 0x43, 0x18, 0xc0, 0x18, 0xc0, 0x18, 0xc0,
    0x18, 0xc0, 0x18, 0xc0, 0x18, 0xc0, 0x18, 0xc0, 0x18, 0xc0, 0x18, 0xc0,
    0x18, 0xc0, 0x18, 0xc0, 0x18, 0xc0, 0x18, 0xc0, 0x18, 0xc0, 0x18, 0xc0,
    0x18, 0xc0, 0x18, 0xc0, 0x18, 0xc0, 0x18, 0xc0, 0x18, 0xc0, 0x18, 0xc0,
    0x18, 0xc0, 0x18, 0xc0, 0x18, 0xc0, 0x18, 0xc0, 0x18, 0xc0, 0x18, 0xc0,
    0x18, 0xc0, 0x18, 0xc0, 0x18, 0xc0, 0x18, 0xc0, 0x18, 0xc0, 0x18, 0xc0,
    0x18, 0xc0, 0x18, 0xc0, 0x18, 0xc0, 0x18, 0xc0, 0x18, 0xc0, 0x18, 0xc0,
    0x18, 0xc0, 0x18, 0xc0, 0x18, 0xc0, 0x18, 0xc0, 0x18, 0xc0, 0x18, 0xc0,
    0x18, 0xc0, 0x00, 0xc0, 0x00, 0xc0, 0x00, 0xc0, 0x00, 0xc0, 0x00, 0xc0,
    0x00, 0xc0, 0x00, 0xc0, 0x00, 0xc0, 0x00, 0xc0, 0x00, 0xc0, 0x00, 0xc0,
    0x00, 0xc0, 0x00, 0xc0, 0x00, 0xc0, 0x00, 0xc0, 0x00, 0xc0, 0x00, 0xc0,
    0x00, 0xc0, 0x00, 0xc0, 0x00, 0xc0, 0x00, 0xc0, 0x00, 0xc0, 0x00, 0xc0,
    0x00, 0xc0, 0x00, 0xc0, 0x00, 0xc0, 0x00, 0xc0, 0x00, 0xc0, 0x00, 0xc0,
    0x00, 0xc0, 0x00, 0xc0, 0x00, 0xc0, 0x00, 0xc0, 0x00, 0xc0, 0x00, 0xc0,
    0x00, 0xc0, 0x00, 0xc0, 0x00, 0xc0, 0x00, 0xc0, 0x00, 0xc0, 0x00, 0xc0,
    0x00, 0xc0, 0x00, 0xc0, 0x00, 0xc0, 0x00, 0xc0, 0x0d, 0x30, 0x18, 0x00,
    0x18, 0x00, 0x18, 0x00, 0x18, 0x00, 0x18, 0x00, 0x18, 0x00, 0x18, 0x00,
    0x18, 0x00, 0x18, 0x00, 0x18, 0x00, 0x18, 0x00, 0x18, 0x00, 0x18, 0x00,
    0x18, 0x00, 0x18, 0x00, 0x18, 0x00, 0x18, 0x00, 0x18, 0x00, 0x18, 0x00,
    0x18, 0x00, 0x18, 0x00, 0x18, 0x00, 0x18, 0x00, 0x18, 0x00, 0x18, 0x00,
    0x18, 0x00, 0x18, 0x00, 0x18, 0x00, 0x18, 0x00, 0x18, 0x00, 0x18, 0x00,
    0x18, 0x00, 0x18, 0x00, 0x18, 0x00, 0x18, 0x00, 0x18, 0x00, 0x18, 0x00,
    0x18, 0x00, 0x18, 0x00, 0x18, 0x00, 0x18, 0x00, 0x18, 0x00, 0x18, 0x00,
    0x18, 0x00, 0x18, 0x00, 0x18, 0xc6, 0x18, 0xc6, 0x18, 0xc6, 0x18, 0xc6,
    0x18, 0xc6, 0x18, 0xc6, 0x18, 0xc6, 0x18, 0xc6, 0x18, 0xc6, 0x18, 0xc6,
    0x18, 0xc6, 0x18, 0xc6, 0x18, 0xc6, 0x18, 0xc6, 0x18, 0xc6, 0x18, 0xc6,
    0x18, 0xc6, 0x18, 0xc6, 0x18, 0xc6, 0x18, 0xc6, 0x18, 0xc6, 0x18, 0xc6,
    0x18, 0xc6, 0x18, 0xc6, 0x18, 0xc6, 0x18, 0xc6, 0x18, 0xc6, 0x18, 0xc6,
    0x18, 0xc6, 0x18, 0xc6, 0x18, 0xc6, 0x18, 0xc6, 0x18, 0xc6, 0x18, 0xc6,
    0x18, 0xc6, 0x18, 0xc6, 0x18, 0xc6, 0x18, 0xc6, 0x18, 0xc6, 0x18, 0xc6,
    0x18, 0xc6, 0x18, 0xc6, 0x18, 0xc6, 0x18, 0xc6, 0x18, 0xc6, 0xf8, 0xc5,
    0x00, 0xc6, 0x00, 0xc6, 0x00, 0xc6, 0x00, 0xc6, 0x00, 0xc6, 0x00, 0xc6,
    0x00, 0xc6, 0x00, 0xc6, 0x00, 0xc6, 0x00, 0xc6, 0x00, 0xc6, 0x00, 0xc6,
    0x00, 0xc6, 0x00, 0xc6, 0x00, 0xc6, 0x00, 0xc6, 0x00, 0xc6, 0x00, 0xc6,
    0x00, 0xc6, 0x00, 0xc6, 0x00, 0xc6, 0x00, 0xc6, 0x00, 0xc6, 0x00, 0xc6,
    0x00, 0xc6, 0x00, 0xc6, 0x00, 0xc6, 0x00, 0xc6, 0x00, 0xc6, 0x00, 0xc6,
    0x00, 0xc6, 0x00, 0xc6, 0x00, 0xc6, 0x00, 0xc6, 0x00, 0xc6, 0x00, 0xc6,
    0x00, 0xc6, 0x00, 0xc6, 0x00, 0xc6, 0x00, 0xc6, 0x00, 0xc6, 0x00, 0xc6,
    0x00, 0xc6, 0x00, 0xc6, 0x00, 0xc6, 0xf8, 0xbd, 0x18, 0x06, 0x18, 0x06,
    0x18, 0x06, 0x18, 0x06, 0x18, 0x06, 0x18, 0x06, 0x18, 0x06, 0x18, 0x06,
    0x18, 0x06, 0x18, 0x06, 0x18, 0x06, 0x18, 0x06, 0x18, 0x06, 0x18, 0x06,
    0x18, 0x06, 0x18, 0x06, 0x18, 0x06, 0x18, 0x06, 0x18, 0x06, 0x18, 0x06,
    0x18, 0x06, 0x18, 0x06, 0x18, 0x06, 0x18, 0x06, 0x18, 0x06, 0x18, 0x06,
    0x18, 0x06, 0x18, 0x06, 0x18, 0x06, 0x18, 0x06, 0x18, 0x06, 0x18, 0x06,
    0x18, 0x06, 0x18, 0x06, 0x18, 0x06, 0x18, 0x06, 0x18, 0x06, 0x18, 0x06,
    0x18, 0x06, 0x18, 0x06, 0x18, 0x06, 0x18, 0x06, 0x18, 0x06, 0x18, 0x06,
    0x18, 0x06, 0xe2, 0x04, 0x00, 0x06, 0x00, 0x06, 0x00, 0x06, 0x00, 0x06,
    0x00, 0x06, 0x00, 0x06, 0x00, 0x06, 0x00, 0x06, 0x00, 0x06, 0x00, 0x06,
    0x00, 0x06, 0x00, 0x06, 0x00, 0x06, 0x00, 0x06, 0x00, 0x06, 0x00, 0x06,
    0x00, 0x06, 0x00, 0x06, 0x00, 0x06, 0x00, 0x06, 0x00, 0x06, 0x00, 0x06,
    0x00, 0x06, 0x00, 0x06, 0x00, 0x06, 0x00, 0x06, 0x00, 0x06, 0x00, 0x06,
    0x00, 0x06, 0x00, 0x06, 0x00, 0x06, 0x00, 0x06, 0x00, 0x06, 0x00, 0x06,
    0x00, 0x06, 0x00, 0x06, 0x00, 0x06, 0x00, 0x06, 0x00, 0x06, 0x00, 0x06,
    0x00, 0x06, 0x00, 0x06, 0x00, 0x06, 0x00, 0x06, 0x27, 0x3b, 0x18, 0xc0,
    0x18, 0xc0, 0x18, 0xc0, 0x18, 0xc0, 0x18, 0xc0, 0x18, 0xc0, 0x18, 0xc0,
    0x18, 0xc0, 0x18, 0xc0, 0x18, 0xc0, 0x18, 0xc0, 0x18, 0xc0, 0x18, 0xc0,
    0x18, 0xc0, 0x18, 0xc0, 0x18, 0xc0, 0x18, 0xc0, 0x18, 0xc0, 0x18, 0xc0,
    0x18, 0xc0, 0x18, 0xc0, 0x18, 0xc0, 0x18, 0xc0, 0x18, 0xc0, 0x18, 0xc0,
    0x18, 0xc0, 0x18, 0xc0, 0x18, 0xc0, 0x18, 0xc0, 0x18, 0xc0, 0x18, 0xc0,
    0x18, 0xc0, 0x18, 0xc0, 0x18, 0xc0, 0x18, 0xc0, 0x18, 0xc0, 0x18, 0xc0,
    0x18, 0xc0, 0x18, 0xc0, 0x18, 0xc0, 0x18, 0xc0, 0x18, 0xc0, 0x18, 0xc0,
    0x18, 0xc0, 0x18, 0xc0, 0x18, 0xc0, 0x00, 0xc0, 0x00, 0xc0, 0x00, 0xc0,
    0x00, 0xc0, 0x00, 0xc0, 0x00, 0xc0, 0x00, 0xc0, 0x00, 0xc0, 0x00, 0xc0,
    0x00, 0xc0, 0x00, 0xc0, 0x00, 0xc0, 0x00, 0xc0, 0x00, 0xc0, 0x00, 0xc0,
    0x00, 0xc0, 0x00, 0xc0, 0x00, 0xc0, 0x00, 0xc0, 0x00, 0xc0, 0x00, 0xc0,
    0x00, 0xc0, 0x00, 0xc0, 0x00, 0xc0, 0x00, 0xc0, 0x00, 0xc0, 0x00, 0xc0,
    0x00, 0xc0, 0x00, 0xc0, 0x00, 0xc0, 0x00, 0xc0, 0x00, 0xc0, 0x00, 0xc0,
    0x00, 0xc0, 0x00, 0xc0, 0x00, 0xc0, 0x00, 0xc0, 0x00, 0xc0, 0x00, 0xc0,
    0x00, 0xc0, 0x00, 0xc0, 0x00, 0xc0, 0x00, 0xc0, 0x00, 0xc0, 0x00, 0xc0,
    0x0d, 0x30, 0x18, 0x00, 0x18, 0x00, 0x18, 0x00, 0x18, 0x00, 0x18, 0x00,
    0x18, 0x00, 0x18, 0x00, 0x18, 0x00, 0x18, 0x00, 0x18, 0x00, 0x18, 0x00,
    0x18, 0x00, 0x18, 0x00, 0x18, 0x00, 0x18, 0x00, 0x18, 0x00, 0x18, 0x00,
    0x18, 0x00, 0x18, 0x00, 0x18, 0x00, 0x18, 0x00, 0x18, 0x00, 0x18, 0x00,
    0x18, 0x00, 0x18, 0x00, 0x18, 0x00, 0x18, 0x00, 0x18, 0x00, 0x18, 0x00,
    0x18, 0x00, 0x18, 0x00, 0x18, 0x00, 0x18, 0x00, 0x18, 0x00, 0x18, 0x00,
    0x18, 0x00, 0x18, 0x00, 0x18, 0x00, 0x18, 0x00, 0x18, 0x00, 0x18, 0x00,
    0x18, 0x00, 0x18, 0x00, 0x18, 0x00, 0x18, 0x00, 0x18, 0xc6, 0x18, 0xc6,
    0x18, 0xc6, 0x18, 0xc6, 0x18, 0xc6, 0x18, 0xc6, 0x18, 0xc6, 0x18, 0xc6,
    0x18, 0xc6, 0x18, 0xc6, 0x18, 0xc6, 0x18, 0xc6, 0x18, 0xc6, 0x18, 0xc6,
    0x18, 0xc6, 0x18, 0xc6, 0x18, 0xc6, 0x18, 0xc6, 0x18, 0xc6, 0x18, 0xc6,
    0x18, 0xc6, 0x18, 0xc6, 0x18, 0xc6, 0x18, 0xc6, 0x18, 0xc6, 0x18, 0xc6,
    0x18, 0xc6, 0x18, 0xc6, 0x18, 0xc6, 0x18, 0xc6, 0x18, 0xc6, 0x18, 0xc6,
    0x18, 0xc6, 0x18, 0xc6, 0x18, 0xc6, 0x18, 0xc6, 0x18, 0xc6, 0x18, 0xc6,
    0x18, 0xc6, 0x18, 0xc6, 0x18, 0xc6, 0x18, 0xc6, 0x18, 0xc6, 0x18, 0xc6,
    0x18, 0xc6, 0xf8, 0xbd, 0x00, 0xc6, 0x00, 0xc6, 0x00, 0xc6, 0x00, 0xc6,
    0x00, 0xc6, 0x00, 0xc6, 0x00, 0xc6, 0x00, 0xc6, 0x00, 0xc6, 0x00, 0xc6,
    0x00, 0xc6, 0x00, 0xc6, 0x00, 0xc6, 0x00, 0xc6, 0x00, 0xc6, 0x00, 0xc6,
    0x00, 0xc6, 0x00, 0xc6, 0x00, 0xc6, 0x00, 0xc6, 0x00, 0xc6, 0x00, 0xc6,
    0x00, 0xc6, 0x00, 0xc6, 0x00, 0xc6, 0x00, 0xc6, 0x00, 0xc6, 0x00, 0xc6,
    0x00, 0xc6, 0x00, 0xc6, 0x00, 0xc6, 0x00, 0xc6, 0x00, 0xc6, 0x00, 0xc6,
    0x00, 0xc6, 0x00, 0xc6, 0x00, 0xc6, 0x00, 0xc6, 0x00, 0xc6, 0x00, 0xc6,
    0x00, 0xc6, 0x00, 0xc6, 0x00, 0xc6, 0x00, 0xc6, 0x00, 0xc6, 0xf8, 0xbd,
    0x18, 0x06, 0x18, 0x06, 0x18, 0x06, 0x18, 0x06, 0x18, 0x06, 0x18, 0x06,
    0x18, 0x06, 0x18, 0x06, 0x18, 0x06, 0x18, 0x06, 0x18, 0x06, 0x18, 0x06,
    0x18, 0x06, 0x18, 0x06, 0x18, 0x06, 0x18, 0x06, 0x18, 0x06, 0x18, 0x06,
    0x18, 0x06, 0x18, 0x06, 0x18, 0x06, 0x18, 0x06, 0x18, 0x06, 0x18, 0x06,
    0x18, 0x06, 0x18, 0x06, 0x18, 0x06, 0x18, 0x06, 0x18, 0x06, 0x18, 0x06,
    0x18, 0x06, 0x18, 0x06, 0x18, 0x06, 0x18, 0x06, 0x18, 0x06, 0x18, 0x06,
    0x18, 0x06, 0x18, 0x06, 0x18, 0x06, 0x18, 0x06, 0x18, 0x06, 0x18, 0x06,
    0x18, 0x06, 0x18, 0x06, 0x18, 0x06, 0xe2, 0x04, 0x00, 0x06, 0x00, 0x06,
    0x00, 0x06, 0x00, 0x06, 0x00, 0x06, 0x00, 0x06, 0x00, 0x06, 0x00, 0x06,
    0x00, 0x06, 0x00, 0x06, 0x00, 0x06, 0x00, 0x06, 0x00, 0x06, 0x00, 0x06,
    0x00, 0x06, 0x00, 0x06, 0x00, 0x06, 0x00, 0x06, 0x00, 0x06, 0x00, 0x06,
    0x00, 0x06, 0x00, 0x06, 0x00, 0x06, 0x00, 0x06, 0x00, 0x06, 0x00, 0x06,
    0x00, 0x06, 0x00, 0x06, 0x00, 0x06, 0x00, 0x06, 0x00, 0x06, 0x00, 0x06,
    0x00, 0x06, 0x00, 0x06, 0x00, 0x06, 0x00, 0x06, 0x00, 0x06, 0x00, 0x06,
    0x00, 0x06, 0x00, 0x06, 0x00, 0x06, 0x00, 0x06, 0x00, 0x06, 0x00, 0x06,
    0x47, 0x3b, 0x18, 0xc0, 0x18, 0xc0, 0x18, 0xc0, 0x18, 0xc0, 0x18, 0xc0,
    0x18, 0xc0, 0x18, 0xc0, 0x18, 0xc0, 0x18, 0xc0, 0x18, 0xc0, 0x18, 0xc0,
    0x18, 0xc0, 0x18, 0xc0, 0x18, 0xc0, 0x18, 0xc0, 0x18, 0xc0, 0x18, 0xc0,
    0x18, 0xc0, 0x18, 0xc0, 0x18, 0xc0, 0x18, 0xc0, 0x18, 0xc0, 0x18, 0xc0,
    0x18, 0xc0, 0x18, 0xc0, 0x18, 0xc0, 0x18, 0xc0, 0x18, 0xc0, 0x18, 0xc0,
    0x18, 0xc0, 0x18, 0xc0, 0x18, 0xc0, 0x18, 0xc0, 0x18, 0xc0, 0x18, 0xc0,
    0x18, 0xc0, 0x18, 0xc0, 0x18, 0xc0, 0x18, 0xc0, 0x18, 0xc0, 0x18, 0xc0,
    0x18, 0xc0, 0x18, 0xc0, 0x18, 0xc0, 0x18, 0xc0, 0x18, 0xc0, 0x00, 0xc0,
    0x00, 0xc0, 0x00, 0xc0, 0x00, 0xc0, 0x00, 0xc0, 0x00, 0xc0, 0x00, 0xc0,
    0x00, 0xc0, 0x00, 0xc0, 0x00, 0xc0, 0x00, 0xc0, 0x00, 0xc0, 0x00, 0xc0,
    0x00, 0xc0, 0x00, 0xc0, 0x00, 0xc0, 0x00, 0xc0, 0x00, 0xc0, 0x00, 0xc0,
    0x00, 0xc0, 0x00, 0xc0, 0x00, 0xc0, 0x00, 0xc0, 0x00, 0xc0, 0x00, 0xc0,
    0x00, 0xc0, 0x00, 0xc0, 0x00, 0xc0, 0x00, 0xc0, 0x00, 0xc0, 0x00, 0xc0,
    0x00, 0xc0, 0x00, 0xc0, 0x00, 0xc0, 0x00, 0xc0, 0x00, 0xc0, 0x00, 0xc0,
    0x00, 0xc0, 0x00, 0xc0, 0x00, 0xc0, 0x00, 0xc0, 0x00, 0xc0, 0x00, 0xc0,
    0x00, 0xc0, 0x00, 0xc0, 0x0d, 0x30, 0x18, 0x00, 0x18, 0x00, 0x18, 0x00,
    0x18, 0x00, 0x18, 0x00, 0x18, 0x00, 0x18, 0x00, 0x18, 0x00, 0x18, 0x00,
    0x18, 0x00, 0x18, 0x00, 0x18, 0x00, 0x18, 0x00, 0x18, 0x00, 0x18, 0x00,
    0x18, 0x00, 0x18, 0x00, 0x18, 0x00, 0x18, 0x00, 0x18, 0x00, 0x18, 0x00,
    0x18, 0x00, 0x18, 0x00, 0x18, 0x00, 0x18, 0x00, 0x18, 0x00, 0x18, 0x00,
    0x18, 0x00, 0x18, 0x00, 0x18, 0x00, 0x18, 0x00, 0x18, 0x00, 0x18, 0x00,
    0x18, 0x00, 0x18, 0x00, 0x18, 0x00, 0x18, 0x00, 0x18, 0x00, 0x18, 0x00,
    0x18, 0x00, 0x18, 0x00, 0x18, 0x00, 0x18, 0x00, 0x18, 0x00, 0x18, 0x00,
    0x18, 0xc6, 0x18, 0xc6, 0x18, 0xc6, 0x18, 0xc6, 0x18, 0xc6, 0x18, 0xc6,
    0x18, 0xc6, 0x18, 0xc6, 0x18, 0xc6, 0x18, 0xc6, 0x18, 0xc6, 0x18, 0xc6,
    0x18, 0xc6, 0x18, 0xc6, 0x18, 0xc6, 0x18, 0xc6, 0x18, 0xc6, 0x18, 0xc6,
    0x18, 0xc6, 0x18, 0xc6, 0x18, 0xc6, 0x18, 0xc6, 0x18, 0xc6, 0x18, 0xc6,
    0x18, 0xc6, 0x18, 0xc6, 0x18, 0xc6, 0x18, 0xc6, 0x18, 0xc6, 0x18, 0xc6,
    0x18, 0xc6, 0x18, 0xc6, 0x18, 0xc6, 0x18, 0xc6, 0x18, 0xc6, 0x18, 0xc6,
    0x18, 0xc6, 0x18, 0xc6, 0x18, 0xc6, 0x18, 0xc6, 0x18, 0xc6, 0x18, 0xc6,
    0x18, 0xc6, 0x18, 0xc6, 0x18, 0xc6, 0xf8, 0xbd, 0x00, 0xc6, 0x00, 0xc6,
    0x00, 0xc6, 0x00, 0xc6, 0x00, 0xc6, 0x00, 0xc6, 0x00, 0xc6, 0x00, 0xc6,
    0x00, 0xc6, 0x00, 0xc6, 0x00, 0xc6, 0x00, 0xc6, 0x00, 0xc6, 0x00, 0xc6,
    0x00, 0xc6, 0x00, 0xc6, 0x00, 0xc6, 0x00, 0xc6, 0x00, 0xc6, 0x00, 0xc6,
    0x00, 0xc6, 0x00, 0xc6, 0x00, 0xc6, 0x00, 0xc6, 0x00, 0xc6, 0x00, 0xc6,
    0x00, 0xc6, 0x00, 0xc6, 0x00, 0xc6, 0x00, 0xc6, 0x00, 0xc6, 0x00, 0xc6,
    0x00, 0xc6, 0x00, 0xc6, 0x00, 0xc6, 0x00, 0xc6, 0x00, 0xc6, 0x00, 0xc6,
    0x00, 0xc6, 0x00, 0xc6, 0x00, 0xc6, 0x00, 0xc6, 0x00, 0xc6, 0x00, 0xc6,
    0x00, 0xc6, 0xf8, 0xc5, 0x18, 0x06, 0x18, 0x06, 0x18, 0x06, 0x18, 0x06,
    0x18, 0x06, 0x18, 0x06, 0x18, 0x06, 0x18, 0x06, 0x18, 0x06, 0x18, 0x06,
    0x18, 0x06, 0x18, 0x06, 0x18, 0x06, 0x18, 0x06, 0x18, 0x06, 0x18, 0x06,
    0x18, 0x06, 0x18, 0x06, 0x18, 0x06, 0x18, 0x06, 0x18, 0x06, 0x18, 0x06,
    0x18, 0x06, 0x18, 0x06, 0x18, 0x06, 0x18, 0x06, 0x18, 0x06, 0x18, 0x06,
    0x18, 0x06, 0x18, 0x06, 0x18, 0x06, 0x18, 0x06, 0x18, 0x06, 0x18, 0x06,
    0x18, 0x06, 0x18, 0x06, 0x18, 0x06, 0x18, 0x06, 0x18, 0x06, 0x18, 0x06,
    0x18, 0x06, 0x18, 0x06, 0x18, 0x06, 0x18, 0x06, 0x18, 0x06, 0xe3, 0x0c,
    0x00, 0x06, 0x00, 0x06, 0x00, 0x06, 0x00, 0x06, 0x00, 0x06, 0x00, 0x06,
    0x00, 0x06, 0x00, 0x06, 0x00, 0x06, 0x00, 0x06, 0x00, 0x06, 0x00, 0x06,
    0x00, 0x06, 0x00, 0x06, 0x00, 0x06, 0x00, 0x06, 0x00, 0x06, 0x00, 0x06,
    0x00, 0x06, 0x00, 0x06, 0x00, 0x06, 0x00, 0x06, 0x00, 0x06, 0x00, 0x06,
    0x00, 0x06, 0x00, 0x06, 0x00, 0x06, 0x00, 0x06, 0x00, 0x06, 0x00, 0x06,
    0x00, 0x06, 0x00, 0x06, 0x00, 0x06, 0x00, 0x06, 0x00, 0x06, 0x00, 0x06,
    0x00, 0x06, 0x00, 0x06, 0x00, 0x06, 0x00, 0x06, 0x00, 0x06, 0x00, 0x06,
    0x00, 0x06, 0x00, 0x06, 0x28, 0x43, 0x18, 0xc0, 0x18, 0xc0, 0x18, 0xc0,
    0x18, 0xc0, 0x18, 0xc0, 0x18, 0xc0, 0x18, 0xc0, 0x18, 0xc0, 0x18, 0xc0,
    0x18, 0xc0, 0x18, 0xc0, 0x18, 0xc0, 0x18, 0xc0, 0x18, 0xc0, 0x18, 0xc0,
    0x18, 0xc0, 0x18, 0xc0, 0x18, 0xc0, 0x18, 0xc0, 0x18, 0xc0, 0x18, 0xc0,
    0x18, 0xc0, 0x18, 0xc0, 0x18, 0xc0, 0x18, 0xc0, 0x18, 0xc0, 0x18, 0xc0,
    0x18, 0xc0, 0x18, 0xc0, 0x18, 0xc0, 0x18, 0xc0, 0x18, 0xc0, 0x18, 0xc0,
    0x18, 0xc0, 0x18, 0xc0, 0x18, 0xc0, 0x18, 0xc0, 0x18, 0xc0, 0x18, 0xc0,
    0x18, 0xc0, 0x18, 0xc0, 0x18, 0xc0, 0x18, 0xc0, 0x18, 0xc0, 0x18, 0xc0,
    0x18, 0xc0, 0x00, 0xc0, 0x00, 0xc0, 0x00, 0xc0, 0x00, 0xc0, 0x00, 0xc0,
    0x00, 0xc0, 0x00, 0xc0, 0x00, 0xc0, 0x00, 0xc0, 0x00, 0xc0, 0x00, 0xc0,
    0x00, 0xc0, 0x00, 0xc0, 0x00, 0xc0, 0x00, 0xc0, 0x00, 0xc0, 0x00, 0xc0,
    0x00, 0xc0, 0x00, 0xc0, 0x00, 0xc0, 0x00, 0xc0, 0x00, 0xc0, 0x00, 0xc0,
    0x00, 0xc0, 0x00, 0xc0, 0x00, 0xc0, 0x00, 0xc0, 0x00, 0xc0, 0x00, 0xc0,
    0x00, 0xc0, 0x00, 0xc0, 0x00, 0xc0, 0x00, 0xc0, 0x00, 0xc0, 0x00, 0xc0,
    0x00, 0xc0, 0x00, 0xc0, 0x00, 0xc0, 0x00, 0xc0, 0x00, 0xc0, 0x00, 0xc0,
    0x00, 0xc0, 0x00, 0xc0, 0x00, 0xc0, 0x00, 0xc0, 0x0d, 0x30, 0x18, 0x00,
    0x18, 0x00, 0x18, 0x00, 0x18, 0x00, 0x18, 0x00, 0x18, 0x00, 0x18, 0x00,
    0x18, 0x00, 0x18, 0x00, 0x18, 0x00, 0x18, 0x00, 0x18, 0x00, 0x18, 0x00,
    0x18, 0x00, 0x18, 0x00, 0x18, 0x00, 0x18, 0x00, 0x18, 0x00, 0x18, 0x00,
    0x18, 0x00, 0x18, 0x00, 0x18, 0x00, 0x18, 0x00, 0x18, 0x00, 0x18, 0x00,
    0x18, 0x00, 0x18, 0x00, 0x18, 0x00, 0x18, 0x00, 0x18, 0x00, 0x18, 0x00,
    0x18, 0x00, 0x18, 0x00, 0x18, 0x00, 0x18, 0x00, 0x18, 0x00, 0x18, 0x00,
    0x18, 0x00, 0x18, 0x00, 0x18, 0x00, 0x18, 0x00, 0x18, 0x00, 0x18, 0x00,
    0x18, 0x00, 0x18, 0x00, 0x18, 0xc6, 0x18, 0xc6, 0x18, 0xc6, 0x18, 0xc6,
    0x18, 0xc6, 0x18, 0xc6, 0x18, 0xc6, 0x18, 0xc6, 0x18, 0xc6, 0x18, 0xc6,
    0x18, 0xc6, 0x18, 0xc6, 0x18, 0xc6, 0x18, 0xc6, 0x18, 0xc6, 0x18, 0xc6,
    0x18, 0xc6, 0x18, 0xc6, 0x18, 0xc6, 0x18, 0xc6, 0x18, 0xc6, 0x18, 0xc6,
    0x18, 0xc6, 0x18, 0xc6, 0x18, 0xc6, 0x18, 0xc6, 0x18, 0xc6, 0x18, 0xc6,
    0x18, 0xc6, 0x18, 0xc6, 0x18, 0xc6, 0x18, 0xc6, 0x18, 0xc6, 0x18, 0xc6,
    0x18, 0xc6, 0x18, 0xc6, 0x18, 0xc6, 0x18, 0xc6, 0x18, 0xc6, 0x18, 0xc6,
    0x18, 0xc6, 0x18, 0xc6, 0x18, 0xc6, 0x18, 0xc6, 0x18, 0xc6, 0xf8, 0xbd,
    0x00, 0xc6, 0x00, 0xc6, 0x00, 0xc6, 0x00, 0xc6, 0x00, 0xc6, 0x00, 0xc6,
    0x00, 0xc6, 0x00, 0xc6, 0x00, 0xc6, 0x00, 0xc6, 0x00, 0xc6, 0x00, 0xc6,
    0x00, 0xc6, 0x00, 0xc6, 0x00, 0xc6, 0x00, 0xc6, 0x00, 0xc6, 0x00, 0xc6,
    0x00, 0xc6, 0x00, 0xc6, 0x00, 0xc6, 0x00, 0xc6, 0x00, 0xc6, 0x00, 0xc6,
    0x00, 0xc6, 0x00, 0xc6, 0x00, 0xc6, 0x00, 0xc6, 0x00, 0xc6, 0x00, 0xc6,
    0x00, 0xc6, 0x00, 0xc6, 0x00, 0xc6, 0x00, 0xc6, 0x00, 0xc6, 0x00, 0xc6,
    0x00, 0xc6, 0x00, 0xc6, 0x00, 0xc6, 0x00, 0xc6, 0x00, 0xc6, 0x00, 0xc6,
    0x00, 0xc6, 0x00, 0xc6, 0x00, 0xc6, 0x18, 0xbe, 0x18, 0x06, 0x18, 0x06,
    0x18, 0x06, 0x18, 0x06, 0x18, 0x06, 0x18, 0x06, 0x18, 0x06, 0x18, 0x06,
    0x18, 0x06, 0x18, 0x06, 0x18, 0x06, 0x18, 0x06, 0x18, 0x06, 0x18, 0x06,
    0x18, 0x06, 0x18, 0x06, 0x18, 0x06, 0x18, 0x06, 0x18, 0x06, 0x18, 0x06,
    0x18, 0x06, 0x18, 0x06, 0x18, 0x06, 0x18, 0x06, 0x18, 0x06, 0x18, 0x06,
    0x18, 0x06, 0x18, 0x06, 0x18, 0x06, 0x18, 0x06, 0x18, 0x06, 0x18, 0x06,
    0x18, 0x06, 0x18, 0x06, 0x18, 0x06, 0x18, 0x06, 0x18, 0x06, 0x18, 0x06,
    0x18, 0x06, 0x18, 0x06, 0x18, 0x06, 0x18, 0x06, 0x18, 0x06, 0x18, 0x06,
    0x18, 0x06, 0x02, 0x0d, 0x00, 0x06, 0x00, 0x06, 0x00, 0x06, 0x00, 0x06,
    0x00, 0x06, 0x00, 0x06, 0x00, 0x06, 0x00, 0x06, 0x00, 0x06, 0x00, 0x06,
    0x00, 0x06, 0x00, 0x06, 0x00, 0x06, 0x00, 0x06, 0x00, 0x06, 0x00, 0x06,
    0x00, 0x06, 0x00, 0x06, 0x00, 0x06, 0x00, 0x06, 0x00, 0x06, 0x00, 0x06,
    0x00, 0x06, 0x00, 0x06, 0x00, 0x06, 0x00, 0x06, 0x00, 0x06, 0x00, 0x06,
    0x00, 0x06, 0x00, 0x06, 0x00, 0x06, 0x00, 0x06, 0x00, 0x06, 0x00, 0x06,
    0x00, 0x06, 0x00, 0x06, 0x00, 0x06, 0x00, 0x06, 0x00, 0x06, 0x00, 0x06,
    0x00, 0x06, 0x00, 0x06, 0x00, 0x06, 0x00, 0x06, 0x47, 0x3b, 0x18, 0xc0,
    0x18, 0xc0, 0x18, 0xc0, 0x18, 0xc0, 0x18, 0xc0, 0x18, 0xc0, 0x18, 0xc0,
    0x18, 0xc0, 0x18, 0xc0, 0x18, 0xc0, 0x18, 0xc0, 0x18, 0xc0, 0x18, 0xc0,
    0x18, 0xc0, 0x18, 0xc0, 0x18, 0xc0, 0x18, 0xc0, 0x18, 0xc0, 0x18, 0xc0,
    0x18, 0xc0, 0x18, 0xc0, 0x18, 0xc0, 0x18, 0xc0, 0x18, 0xc0, 0x18, 0xc0,
    0x18, 0xc0, 0x18, 0xc0, 0x18, 0xc0, 0x18, 0xc0, 0x18, 0xc0, 0x18, 0xc0,
    0x18, 0xc0, 0x18, 0xc0, 0x18, 0xc0, 0x18, 0xc0, 0x18, 0xc0, 0x18, 0xc0,
    0x18, 0xc0, 0x18, 0xc0, 0x18, 0xc0, 0x18, 0xc0, 0x18, 0xc0, 0x18, 0xc0,
    0x18, 0xc0, 0x18, 0xc0, 0x18, 0xc0, 0x00, 0xc0, 0x00, 0xc0, 0x00, 0xc0,
    0x00, 0xc0, 0x00, 0xc0, 0x00, 0xc0, 0x00, 0xc0, 0x00, 0xc0, 0x00, 0xc0,
    0x00, 0xc0, 0x00, 0xc0, 0x00, 0xc0, 0x00, 0xc0, 0x00, 0xc0, 0x00, 0xc0,
    0x00, 0xc0, 0x00, 0xc0, 0x00, 0xc0, 0x00, 0xc0, 0x00, 0xc0, 0x00, 0xc0,
    0x00, 0xc0, 0x00, 0xc0, 0x00, 0xc0, 0x00, 0xc0, 0x00, 0xc0, 0x00, 0xc0,
    0x00, 0xc0, 0x00, 0xc0, 0x00, 0xc0, 0x00, 0xc0, 0x00, 0xc0, 0x00, 0xc0,
    0x00, 0xc0, 0x00, 0xc0, 0x00, 0xc0, 0x00, 0xc0, 0x00, 0xc0, 0x00, 0xc0,
    0x00, 0xc0, 0x00, 0xc0, 0x00, 0xc0, 0x00, 0xc0, 0x00, 0xc0, 0x00, 0xc0,
    0x0e, 0x38, 0x18, 0x00, 0x18, 0x00, 0x18, 0x00, 0x18, 0x00, 0x18, 0x00,
    0x18, 0x00, 0x18, 0x00, 0x18, 0x00, 0x18, 0x00, 0x18, 0x00, 0x18, 0x00,
    0x18, 0x00, 0x18, 0x00, 0x18, 0x00, 0x18, 0x00, 0x18, 0x00, 0x18, 0x00,
    0x18, 0x00, 0x18, 0x00, 0x18, 0x00, 0x18, 0x00, 0x18, 0x00, 0x18, 0x00,
    0x18, 0x00, 0x18, 0x00, 0x18, 0x00, 0x18, 0x00, 0x18, 0x00, 0x18, 0x00,
    0x18, 0x00, 0x18, 0x00, 0x18, 0x00, 0x18, 0x00, 0x18, 0x00, 0x18, 0x00,
    0x18, 0x00, 0x18, 0x00, 0x18, 0x00, 0x18, 0x00, 0x18, 0x00, 0x18, 0x00,
    0x18, 0x00, 0x18, 0x00, 0x18, 0x00, 0x18, 0x00, 0x18, 0xc6, 0x18, 0xc6,
    0x18, 0xc6, 0x18, 0xc6, 0x18, 0xc6, 0x18, 0xc6, 0x18, 0xc6, 0x18, 0xc6,
    0x18, 0xc6, 0x18, 0xc6, 0x18, 0xc6, 0x18, 0xc6, 0x18, 0xc6, 0x18, 0xc6,
    0x18, 0xc6, 0x18, 0xc6, 0x18, 0xc6, 0x18, 0xc6, 0x18, 0xc6, 0x18, 0xc6,
    0x18, 0xc6, 0x18, 0xc6, 0x18, 0xc6, 0x18, 0xc6, 0x18, 0xc6, 0x18, 0xc6,
    0x18, 0xc6, 0x18, 0xc6, 0x18, 0xc6, 0x18, 0xc6, 0x18, 0xc6, 0x18, 0xc6,
    0x18, 0xc6, 0x18, 0xc6, 0x18, 0xc6, 0x18, 0xc6, 0x18, 0xc6, 0x18, 0xc6,
    0x18, 0xc6, 0x18, 0xc6, 0x18, 0xc6, 0x18, 0xc6, 0x18, 0xc6, 0x18, 0xc6,
    0x18, 0xc6, 0xf8, 0xc5, 0x00, 0xc6, 0x00, 0xc6, 0x00, 0xc6, 0x00, 0xc6,
    0x00, 0xc6, 0x00, 0xc6, 0x00, 0xc6, 0x00, 0xc6, 0x00, 0xc6, 0x00, 0xc6,
    0x00, 0xc6, 0x00, 0xc6, 0x00, 0xc6, 0x00, 0xc6, 0x00, 0xc6, 0x00, 0xc6,
    0x00, 0xc6, 0x00, 0xc6, 0x00, 0xc6, 0x00, 0xc6, 0x00, 0xc6, 0x00, 0xc6,
    0x00, 0xc6, 0x00, 0xc6, 0x00, 0xc6, 0x00, 0xc6, 0x00, 0xc6, 0x00, 0xc6,
    0x00, 0xc6, 0x00, 0xc6, 0x00, 0xc6, 0x00, 0xc6, 0x00, 0xc6, 0x00, 0xc6,
    0x00, 0xc6, 0x00, 0xc6, 0x00, 0xc6, 0x00, 0xc6, 0x00, 0xc6, 0x00, 0xc6,
    0x00, 0xc6, 0x00, 0xc6, 0x00, 0xc6, 0x00, 0xc6, 0x00, 0xc6, 0xf8, 0xbd,
    0x18, 0x06, 0x18, 0x06, 0x18, 0x06, 0x18, 0x06, 0x18, 0x06, 0x18, 0x06,
    0x18, 0x06, 0x18, 0x06, 0x18, 0x06, 0x18, 0x06, 0x18, 0x06, 0x18, 0x06,
    0x18, 0x06, 0x18, 0x06, 0x18, 0x06, 0x18, 0x06, 0x18, 0x06, 0x18, 0x06,
    0x18, 0x06, 0x18, 0x06, 0x18, 0x06, 0x18, 0x06, 0x18, 0x06, 0x18, 0x06,
    0x18, 0x06, 0x18, 0x06, 0x18, 0x06, 0x18, 0x06, 0x18, 0x06, 0x18, 0x06,
    0x18, 0x06, 0x18, 0x06, 0x18, 0x06, 0x18, 0x06, 0x18, 0x06, 0x18, 0x06,
    0x18, 0x06, 0x18, 0x06, 0x18, 0x06, 0x18, 0x06, 0x18, 0x06, 0x18, 0x06,
    0x18, 0x06, 0x18, 0x06, 0x18, 0x06, 0xe2, 0x04, 0x00, 0x06, 0x00, 0x06,
    0x00, 0x06, 0x00, 0x06, 0x00, 0x06, 0x00, 0x06, 0x00, 0x06, 0x00, 0x06,
    0x00, 0x06, 0x00, 0x06, 0x00, 0x06, 0x00, 0x06, 0x00, 0x06, 0x00, 0x06,
    0x00, 0x06, 0x00, 0x06, 0x00, 0x06, 0x00, 0x06, 0x00, 0x06, 0x00, 0x06,
    0x00, 0x06, 0x00, 0x06, 0x00, 0x06, 0x00, 0x06, 0x00, 0x06, 0x00, 0x06,
    0x00, 0x06, 0x00, 0x06, 0x00, 0x06, 0x00, 0x06, 0x00, 0x06, 0x00, 0x06,
    0x00, 0x06, 0x00, 0x06, 0x00, 0x06, 0x00, 0x06, 0x00, 0x06, 0x00, 0x06,
    0x00, 0x06, 0x00, 0x06, 0x00, 0x06, 0x00, 0x06, 0x00, 0x06, 0x00, 0x06,
    0x27, 0x3b, 0x18, 0xc0, 0x18, 0xc0, 0x18, 0xc0, 0x18, 0xc0, 0x18, 0xc0,
    0x18, 0xc0, 0x18, 0xc0, 0x18, 0xc0, 0x18, 0xc0, 0x18, 0xc0, 0x18, 0xc0,
    0x18, 0xc0, 0x18, 0xc0, 0x18, 0xc0, 0x18, 0xc0, 0x18, 0xc0, 0x18, 0xc0,
    0x18, 0xc0, 0x18, 0xc0, 0x18, 0xc0, 0x18, 0xc0, 0x18, 0xc0, 0x18, 0xc0,
    0x18, 0xc0, 0x18, 0xc0, 0x18, 0xc0, 0x18, 0xc0, 0x18, 0xc0, 0x18, 0xc0,
    0x18, 0xc0, 0x18, 0xc0, 0x18, 0xc0, 0x18, 0xc0, 0x18, 0xc0, 0x18, 0xc0,
    0x18, 0xc0, 0x18, 0xc0, 0x18, 0xc0, 0x18, 0xc0, 0x18, 0xc0, 0x18, 0xc0,
    0x18, 0xc0, 0x18, 0xc0, 0x18, 0xc0, 0x18, 0xc0, 0x18, 0xc0, 0x00, 0xc0,
    0x00, 0xc0, 0x00, 0xc0, 0x00, 0xc0, 0x00, 0xc0, 0x00, 0xc0, 0x00, 0xc0,
    0x00, 0xc0, 0x00, 0xc0, 0x00, 0xc0, 0x00, 0xc0, 0x00, 0xc0, 0x00, 0xc0,
    0x00, 0xc0, 0x00, 0xc0, 0x00, 0xc0, 0x00, 0xc0, 0x00, 0xc0, 0x00, 0xc0,
    0x00, 0xc0, 0x00, 0xc0, 0x00, 0xc0, 0x00, 0xc0, 0x00, 0xc0, 0x00, 0xc0,
    0x00, 0xc0, 0x00, 0xc0, 0x00, 0xc0, 0x00, 0xc0, 0x00, 0xc0, 0x00, 0xc0,
    0x00, 0xc0, 0x00, 0xc0, 0x00, 0xc0, 0x00, 0xc0, 0x00, 0xc0, 0x00, 0xc0,
    0x00, 0xc0, 0x00, 0xc0, 0x00, 0xc0, 0x00, 0xc0, 0x00, 0xc0, 0x00, 0xc0,
    0x00, 0xc0, 0x00, 0xc0, 0x0d, 0x30, 0x18, 0x00, 0x18, 0x00, 0x18, 0x00,
    0x18, 0x00, 0x18, 0x00, 0x18, 0x00, 0x18, 0x00, 0x18, 0x00, 0x18, 0x00,
    0x18, 0x00, 0x18, 0x00, 0x18, 0x00, 0x18, 0x00, 0x18, 0x00, 0x18, 0x00,
    0x18, 0x00, 0x18, 0x00, 0x18, 0x00, 0x18, 0x00, 0x18, 0x00, 0x18, 0x00,
    0x18, 0x00, 0x18, 0x00, 0x18, 0x00, 0x18, 0x00, 0x18, 0x00, 0x18, 0x00,
    0x18, 0x00, 0x18, 0x00, 0x18, 0x00, 0x18, 0x00, 0x18, 0x00, 0x18, 0x00,
    0x18, 0x00, 0x18, 0x00, 0x18, 0x00, 0x18, 0x00, 0x18, 0x00, 0x18, 0x00,
    0x18, 0x00, 0x18, 0x00, 0x18, 0x00, 0x18, 0x00, 0x18, 0x00, 0x18, 0x00,
    0x18, 0xc6, 0x18, 0xc6, 0x18, 0xc6, 0x18, 0xc6, 0x18, 0xc6, 0x18, 0xc6,
    0x18, 0xc6, 0x18, 0xc6, 0x18, 0xc6, 0x18, 0xc6, 0x18, 0xc6, 0x18, 0xc6,
    0x18, 0xc6, 0x18, 0xc6, 0x18, 0xc6, 0x18, 0xc6, 0x18, 0xc6, 0x18, 0xc6,
    0x18, 0xc6, 0x18, 0xc6, 0x18, 0xc6, 0x18, 0xc6, 0x18, 0xc6, 0x18, 0xc6,
    0x18, 0xc6, 0x18, 0xc6, 0x18, 0xc6, 0x18, 0xc6, 0x18, 0xc6, 0x18, 0xc6,
    0x18, 0xc6, 0x18, 0xc6, 0x18, 0xc6, 0x18, 0xc6, 0x18, 0xc6, 0x18, 0xc6,
    0x18, 0xc6, 0x18, 0xc6, 0x18, 0xc6, 0x18, 0xc6, 0x18, 0xc6, 0x18, 0xc6,
    0x18, 0xc6, 0x18, 0xc6, 0x18, 0xc6, 0x18, 0xbe, 0x00, 0xc6, 0x00, 0xc6,
    0x00, 0xc6, 0x00, 0xc6, 0x00, 0xc6, 0x00, 0xc6, 0x00, 0xc6, 0x00, 0xc6,
    0x00, 0xc6, 0x00, 0xc6, 0x00, 0xc6, 0x00, 0xc6, 0x00, 0xc6, 0x00, 0xc6,
    0x00, 0xc6, 0x00, 0xc6, 0x00, 0xc6, 0x00, 0xc6, 0x00, 0xc6, 0x00, 0xc6,
    0x00, 0xc6, 0x00, 0xc6, 0x00, 0xc6, 0x00, 0xc6, 0x00, 0xc6, 0x00, 0xc6,
    0x00, 0xc6, 0x00, 0xc6, 0x00, 0xc6, 0x00, 0xc6, 0x00, 0xc6, 0x00, 0xc6,
    0x00, 0xc6, 0x00, 0xc6, 0x00, 0xc6, 0x00, 0xc6, 0x00, 0xc6, 0x00, 0xc6,
    0x00, 0xc6, 0x00, 0xc6, 0x00, 0xc6, 0x00, 0xc6, 0x00, 0xc6, 0x00, 0xc6,
    0x00, 0xc6, 0xf8, 0xc5, 0x18, 0x06, 0x18, 0x06, 0x18, 0x06, 0x18, 0x06,
    0x18, 0x06, 0x18, 0x06, 0x18, 0x06, 0x18, 0x06, 0x18, 0x06, 0x18, 0x06,
    0x18, 0x06, 0x18, 0x06, 0x18, 0x06, 0x18, 0x06, 0x18, 0x06, 0x18, 0x06,
    0x18, 0x06, 0x18, 0x06, 0x18, 0x06, 0x18, 0x06, 0x18, 0x06, 0x18, 0x06,
    0x18, 0x06, 0x18, 0x06, 0x18, 0x06, 0x18, 0x06, 0x18, 0x06, 0x18, 0x06,
    0x18, 0x06, 0x18, 0x06, 0x18, 0x06, 0x18, 0x06, 0x18, 0x06, 0x18, 0x06,
    0x18, 0x06, 0x18, 0x06, 0x18, 0x06, 0x18, 0x06, 0x18, 0x06, 0x18, 0x06,
    0x18, 0x06, 0x18, 0x06, 0x18, 0x06, 0x18, 0x06, 0x18, 0x06, 0xe3, 0x04,
    0x00, 0x06, 0x00, 0x06, 0x00, 0x06, 0x00, 0x06, 0x00, 0x06, 0x00, 0x06,
    0x00, 0x06, 0x00, 0x06, 0x00, 0x06, 0x00, 0x06, 0x00, 0x06, 0x00, 0x06,
    0x00, 0x06, 0x00, 0x06, 0x00, 0x06, 0x00, 0x06, 0x00, 0x06, 0x00, 0x06,
    0x00, 0x06, 0x00, 0x06, 0x00, 0x06, 0x00, 0x06, 0x00, 0x06, 0x00, 0x06,
    0x00, 0x06, 0x00, 0x06, 0x00, 0x06, 0x00, 0x06, 0x00, 0x06, 0x00, 0x06,
    0x00, 0x06, 0x00, 0x06, 0x00, 0x06, 0x00, 0x06, 0x00, 0x06, 0x00, 0x06,
    0x00, 0x06, 0x00, 0x06, 0x00, 0x06, 0x00, 0x06, 0x00, 0x06, 0x00, 0x06,
    0x00, 0x06, 0x00, 0x06, 0x48, 0x43, 0x18, 0xc0, 0x18, 0xc0, 0x18, 0xc0,
    0x18, 0xc0, 0x18, 0xc0, 0x18, 0xc0, 0x18, 0xc0, 0x18, 0xc0, 0x18, 0xc0,
    0x18, 0xc0, 0x18, 0xc0, 0x18, 0xc0, 0x18, 0xc0, 0x18, 0xc0, 0x18, 0xc0,
    0x18, 0xc0, 0x18, 0xc0, 0x18, 0xc0, 0x18, 0xc0, 0x18, 0xc0, 0x18, 0xc0,
    0x18, 0xc0, 0x18, 0xc0, 0x18, 0xc0, 0x18, 0xc0, 0x18, 0xc0, 0x18, 0xc0,
    0x18, 0xc0, 0x18, 0xc0, 0x18, 0xc0, 0x18, 0xc0, 0x18, 0xc0, 0x18, 0xc0,
    0x18, 0xc0, 0x18, 0xc0, 0x18, 0xc0, 0x18, 0xc0, 0x18, 0xc0, 0x18, 0xc0,
    0x18, 0xc0, 0x18, 0xc0, 0x18, 0xc0, 0x18, 0xc0, 0x18, 0xc0, 0x18, 0xc0,
    0x18, 0xc0, 0x00, 0xc0, 0x00, 0xc0, 0x00, 0xc0, 0x00, 0xc0, 0x00, 0xc0,
    0x00, 0xc0, 0x00, 0xc0, 0x00, 0xc0, 0x00, 0xc0, 0x00, 0xc0, 0x00, 0xc0,
    0x00, 0xc0, 0x00, 0xc0, 0x00, 0xc0, 0x00, 0xc0, 0x00, 0xc0, 0x00, 0xc0,
    0x00, 0xc0, 0x00, 0xc0, 0x00, 0xc0, 0x00, 0xc0, 0x00, 0xc0, 0x00, 0xc0,
    0x00, 0xc0, 0x00, 0xc0, 0x00, 0xc0, 0x00, 0xc0, 0x00, 0xc0, 0x00, 0xc0,
    0x00, 0xc0, 0x00, 0xc0, 0x00, 0xc0, 0x00, 0xc0, 0x00, 0xc0, 0x00, 0xc0,
    0x00, 0xc0, 0x00, 0xc0, 0x00, 0xc0, 0x00, 0xc0, 0x00, 0xc0, 0x00, 0xc0,
    0x00, 0xc0, 0x00, 0xc0, 0x00, 0xc0, 0x00, 0xc0, 0x0d, 0x30, 0x18, 0x00,
    0x18, 0x00, 0x18, 0x00, 0x18, 0x00, 0x18, 0x00, 0x18, 0x00, 0x18, 0x00,
    0x18, 0x00, 0x18, 0x00, 0x18, 0x00, 0x18, 0x00, 0x18, 0x00, 0x18, 0x00,
    0x18, 0x00, 0x18, 0x00, 0x18, 0x00, 0x18, 0x00, 0x18, 0x00, 0x18, 0x00,
    0x18, 0x00, 0x18, 0x00, 0x18, 0x00, 0x18, 0x00, 0x18, 0x00, 0x18, 0x00,
    0x18, 0x00, 0x18, 0x00, 0x18, 0x00, 0x18, 0x00, 0x18, 0x00, 0x18, 0x00,
    0x18, 0x00, 0x18, 0x00, 0x18, 0x00, 0x18, 0x00, 0x18, 0x00, 0x18, 0x00,
    0x18, 0x00, 0x18, 0x00, 0x18, 0x00, 0x18, 0x00, 0x18, 0x00, 0x18, 0x00,
    0x18, 0x00, 0x18, 0x00, 0x18, 0xc6, 0x18, 0xc6, 0x18, 0xc6, 0x18, 0xc6,
    0x18, 0xc6, 0x18, 0xc6, 0x18, 0xc6, 0x18, 0xc6, 0x18, 0xc6, 0x18, 0xc6,
    0x18, 0xc6, 0x18, 0xc6, 0x18, 0xc6, 0x18, 0xc6, 0x18, 0xc6, 0x18, 0xc6,
    0x18, 0xc6, 0x18, 0xc6, 0x18, 0xc6, 0x18, 0xc6, 0x18, 0xc6, 0x18, 0xc6,
    0x18, 0xc6, 0x18, 0xc6, 0x18, 0xc6, 0x18, 0xc6, 0x18, 0xc6, 0x18, 0xc6,
    0x18, 0xc6, 0x18, 0xc6, 0x18, 0xc6, 0x18, 0xc6, 0x18, 0xc6, 0x18, 0xc6,
    0x18, 0xc6, 0x18, 0xc6, 0x18, 0xc6, 0x18, 0xc6, 0x18, 0xc6, 0x18, 0xc6,
    0x18, 0xc6, 0x18, 0xc6, 0x18, 0xc6, 0x18, 0xc6, 0x18, 0xc6, 0xf8, 0xbd,
    0x00, 0xc6, 0x00, 0xc6, 0x00, 0xc6, 0x00, 0xc6, 0x00, 0xc6, 0x00, 0xc6,
    0x00, 0xc6, 0x00, 0xc6, 0x00, 0xc6, 0x00, 0xc6, 0x00, 0xc6, 0x00, 0xc6,
    0x00, 0xc6, 0x00, 0xc6, 0x00, 0xc6, 0x00, 0xc6, 0x00, 0xc6, 0x00, 0xc6,
    0x00, 0xc6, 0x00, 0xc6, 0x00, 0xc6, 0x00, 0xc6, 0x00, 0xc6, 0x00, 0xc6,
    0x00, 0xc6, 0x00, 0xc6, 0x00, 0xc6, 0x00, 0xc6, 0x00, 0xc6, 0x00, 0xc6,
    0x00, 0xc6, 0x00, 0xc6, 0x00, 0xc6, 0x00, 0xc6, 0x00, 0xc6, 0x00, 0xc6,
    0x00, 0xc6, 0x00, 0xc6, 0x00, 0xc6, 0x00, 0xc6, 0x00, 0xc6, 0x00, 0xc6,
    0x00, 0xc6, 0x00, 0xc6, 0x00, 0xc6, 0xf8, 0xbd, 0x18, 0x06, 0x18, 0x06,
    0x18, 0x06, 0x18, 0x06, 0x18, 0x06, 0x18, 0x06, 0x18, 0x06, 0x18, 0x06,
    0x18, 0x06, 0x18, 0x06, 0x18, 0x06, 0x18, 0x06, 0x18, 0x06, 0x18, 0x06,
    0x18, 0x06, 0x18, 0x06, 0x18, 0x06, 0x18, 0x06, 0x18, 0x06, 0x18, 0x06,
    0x18, 0x06, 0x18, 0x06, 0x18, 0x06, 0x18, 0x06, 0x18, 0x06, 0x18, 0x06,
    0x18, 0x06, 0x18, 0x06, 0x18, 0x06, 0x18, 0x06, 0x18, 0x06, 0x18, 0x06,
    0x18, 0x06, 0x18, 0x06, 0x18, 0x06, 0x18, 0x06, 0x18, 0x06, 0x18, 0x06,
    0x18, 0x06, 0x18, 0x06, 0x18, 0x06, 0x18, 0x06, 0x18, 0x06, 0x18, 0x06,
    0x18, 0x06, 0xe2, 0x0c, 0x00, 0x06, 0x00, 0x06, 0x00, 0x06, 0x00, 0x06,
    0x00, 0x06, 0x00, 0x06, 0x00, 0x06, 0x00, 0x06, 0x00, 0x06, 0x00, 0x06,
    0x00, 0x06, 0x00, 0x06, 0x00, 0x06, 0x00, 0x06, 0x00, 0x06, 0x00, 0x06,
    0x00, 0x06, 0x00, 0x06, 0x00, 0x06, 0x00, 0x06, 0x00, 0x06, 0x00, 0x06,
    0x00, 0x06, 0x00, 0x06, 0x00, 0x06, 0x00, 0x06, 0x00, 0x06, 0x00, 0x06,
    0x00, 0x06, 0x00, 0x06, 0x00, 0x06, 0x00, 0x06, 0x00, 0x06, 0x00, 0x06,
    0x00, 0x06, 0x00, 0x06, 0x00, 0x06, 0x00, 0x06, 0x00, 0x06, 0x00, 0x06,
    0x00, 0x06, 0x00, 0x06, 0x00, 0x06, 0x00, 0x06, 0x27, 0x3b, 0x18, 0xc0,
    0x18, 0xc0, 0x18, 0xc0, 0x18, 0xc0, 0x18, 0xc0, 0x18, 0xc0, 0x18, 0xc0,
    0x18, 0xc0, 0x18, 0xc0, 0x18, 0xc0, 0x18, 0xc0, 0x18, 0xc0, 0x18, 0xc0,
    0x18, 0xc0, 0x18, 0xc0, 0x18, 0xc0, 0x18, 0xc0, 0x18, 0xc0, 0x18, 0xc0,
    0x18, 0xc0, 0x18, 0xc0, 0x18, 0xc0, 0x18, 0xc0, 0x18, 0xc0, 0x18, 0xc0,
    0x18, 0xc0, 0x18, 0xc0, 0x18, 0xc0, 0x18, 0xc0, 0x18, 0xc0, 0x18, 0xc0,
    0x18, 0xc0, 0x18, 0xc0, 0x18, 0xc0, 0x18, 0xc0, 0x18, 0xc0, 0x18, 0xc0,
    0x18, 0xc0, 0x18, 0xc0, 0x18, 0xc0, 0x18, 0xc0, 0x18, 0xc0, 0x18, 0xc0,
    0x18, 0xc0, 0x18, 0xc0, 0x18, 0xc0, 0x00, 0xc0, 0x00, 0xc0, 0x00, 0xc0,
    0x00, 0xc0, 0x00, 0xc0, 0x00, 0xc0, 0x00, 0xc0, 0x00, 0xc0, 0x00, 0xc0,
    0x00, 0xc0, 0x00, 0xc0, 0x00, 0xc0, 0x00, 0xc0, 0x00, 0xc0, 0x00, 0xc0,
    0x00, 0xc0, 0x00, 0xc0, 0x00, 0xc0, 0x00, 0xc0, 0x00, 0xc0, 0x00, 0xc0,
    0x00, 0xc0, 0x00, 0xc0, 0x00, 0xc0, 0x00, 0xc0, 0x00, 0xc0, 0x00, 0xc0,
    0x00, 0xc0, 0x00, 0xc0, 0x00, 0xc0, 0x00, 0xc0, 0x00, 0xc0, 0x00, 0xc0,
    0x00, 0xc0, 0x00, 0xc0, 0x00, 0xc0, 0x00, 0xc0, 0x00, 0xc0, 0x00, 0xc0,
    0x00, 0xc0, 0x00, 0xc0, 0x00, 0xc0, 0x00, 0xc0, 0x00, 0xc0, 0x00, 0xc0,
    0x0d, 0x30, 0x18, 0x00, 0x18, 0x00, 0x18, 0x00, 0x18, 0x00, 0x18, 0x00,
    0x18, 0x00, 0x18, 0x00, 0x18, 0x00, 0x18, 0x00, 0x18, 0x00, 0x18, 0x00,
    0x18, 0x00, 0x18, 0x00, 0x18, 0x00, 0x18, 0x00, 0x18, 0x00, 0x18, 0x00,
    0x18, 0x00, 0x18, 0x00, 0x18, 0x00, 0x18, 0x00, 0x18, 0x00, 0x18, 0x00,
    0x18, 0x00, 0x18, 0x00, 0x18, 0x00, 0x18, 0x00, 0x18, 0x00, 0x18, 0x00,
    0x18, 0x00, 0x18, 0x00, 0x18, 0x00, 0x18, 0x00, 0x18, 0x00, 0x18, 0x00,
    0x18, 0x00, 0x18, 0x00, 0x18, 0x00, 0x18, 0x00, 0x18, 0x00, 0x18, 0x00,
    0x18, 0x00, 0x18, 0x00, 0x18, 0x00, 0x18, 0x00, 0x18, 0xc6, 0x18, 0xc6,
    0x18, 0xc6, 0x18, 0xc6, 0x18, 0xc6, 0x18, 0xc6, 0x18, 0xc6, 0x18, 0xc6,
    0x18, 0xc6, 0x18, 0xc6, 0x18, 0xc6, 0x18, 0xc6, 0x18, 0xc6, 0x18, 0xc6,
    0x18, 0xc6, 0x18, 0xc6, 0x18, 0xc6, 0x18, 0xc6, 0x18, 0xc6, 0x18, 0xc6,
    0x18, 0xc6, 0x18, 0xc6, 0x18, 0xc6, 0x18, 0xc6, 0x18, 0xc6, 0x18, 0xc6,
    0x18, 0xc6, 0x18, 0xc6, 0x18, 0xc6, 0x18, 0xc6, 0x18, 0xc6, 0x18, 0xc6,
    0x18, 0xc6, 0x18, 0xc6, 0x18, 0xc6, 0x18, 0xc6, 0x18, 0xc6, 0x18, 0xc6,
    0x18, 0xc6, 0x18, 0xc6, 0x18, 0xc6, 0x18, 0xc6, 0x18, 0xc6, 0x18, 0xc6,
    0x18, 0xc6, 0xf8, 0xc5, 0x00, 0xc6, 0x00, 0xc6, 0x00, 0xc6, 0x00, 0xc6,
    0x00, 0xc6, 0x00, 0xc6, 0x00, 0xc6, 0x00, 0xc6, 0x00, 0xc6, 0x00, 0xc6,
    0x00, 0xc6, 0x00, 0xc6, 0x00, 0xc6, 0x00, 0xc6, 0x00, 0xc6, 0x00, 0xc6,
    0x00, 0xc6, 0x00, 0xc6, 0x00, 0xc6, 0x00, 0xc6, 0x00, 0xc6, 0x00, 0xc6,
    0x00, 0xc6, 0x00, 0xc6, 0x00, 0xc6, 0x00, 0xc6, 0x00, 0xc6, 0x00, 0xc6,
    0x00, 0xc6, 0x00, 0xc6, 0x00, 0xc6, 0x00, 0xc6, 0x00, 0xc6, 0x00, 0xc6,
    0x00, 0xc6, 0x00, 0xc6, 0x00, 0xc6, 0x00, 0xc6, 0x00, 0xc6, 0x00, 0xc6,
    0x00, 0xc6, 0x00, 0xc6, 0x00, 0xc6, 0x00, 0xc6, 0x00, 0xc6, 0xf8, 0xbd,
    0x18, 0x06, 0x18, 0x06, 0x18, 0x06, 0x18, 0x06, 0x18, 0x06, 0x18, 0x06,
    0x18, 0x06, 0x18, 0x06, 0x18, 0x06, 0x18, 0x06, 0x18, 0x06, 0x18, 0x06,
    0x18, 0x06, 0x18, 0x06, 0x18, 0x06, 0x18, 0x06, 0x18, 0x06, 0x18, 0x06,
    0x18, 0x06, 0x18, 0x06, 0x18, 0x06, 0x18, 0x06, 0x18, 0x06, 0x18, 0x06,
    0x18, 0x06, 0x18, 0x06, 0x18, 0x06, 0x18, 0x06, 0x18, 0x06, 0x18, 0x06,
    0x18, 0x06, 0x18, 0x06, 0x18, 0x06, 0x18, 0x06, 0x18, 0x06, 0x18, 0x06,
    0x18, 0x06, 0x18, 0x06, 0x18, 0x06, 0x18, 0x06, 0x18, 0x06, 0x18, 0x06,
    0x18, 0x06, 0x18, 0x06, 0x18, 0x06, 0xe2, 0x0c, 0x00, 0x06, 0x00, 0x06,
    0x00, 0x06, 0x00, 0x06, 0x00, 0x06, 0x00, 0x06, 0x00, 0x06, 0x00, 0x06,
    0x00, 0x06, 0x00, 0x06, 0x00, 0x06, 0x00, 0x06, 0x00, 0x06, 0x00, 0x06,
    0x00, 0x06, 0x00, 0x06, 0x00, 0x06, 0x00, 0x06, 0x00, 0x06, 0x00, 0x06,
    0x00, 0x06, 0x00, 0x06, 0x00, 0x06, 0x00, 0x06, 0x00, 0x06, 0x00, 0x06,
    0x00, 0x06, 0x00, 0x06, 0x00, 0x06, 0x00, 0x06, 0x00, 0x06, 0x00, 0x06,
    0x00, 0x06, 0x00, 0x06, 0x00, 0x06, 0x00, 0x06, 0x00, 0x06, 0x00, 0x06,
    0x00, 0x06, 0x00, 0x06, 0x00, 0x06, 0x00, 0x06, 0x00, 0x06, 0x00, 0x06,
    0x47, 0x3b, 0x18, 0xc0, 0x18, 0xc0, 0x18, 0xc0, 0x18, 0xc0, 0x18, 0xc0,
    0x18, 0xc0, 0x18, 0xc0, 0x18, 0xc0, 0x18, 0xc0, 0x18, 0xc0, 0x18, 0xc0,
    0x18, 0xc0, 0x18, 0xc0, 0x18, 0xc0, 0x18, 0xc0, 0x18, 0xc0, 0x18, 0xc0,
    0x18, 0xc0, 0x18, 0xc0, 0x18, 0xc0, 0x18, 0xc0, 0x18, 0xc0, 0x18, 0xc0,
    0x18, 0xc0, 0x18, 0xc0, 0x18, 0xc0, 0x18, 0xc0, 0x18, 0xc0, 0x18, 0xc0,
    0x18, 0xc0, 0x18, 0xc0, 0x18, 0xc0, 0x18, 0xc0, 0x18, 0xc0, 0x18, 0xc0,
    0x18, 0xc0, 0x18, 0xc0, 0x18, 0xc0, 0x18, 0xc0, 0x18, 0xc0, 0x18, 0xc0,
    0x18, 0xc0, 0x18, 0xc0, 0x18, 0xc0, 0x18, 0xc0, 0x18, 0xc0, 0x00, 0xc0,
    0x00, 0xc0, 0x00, 0xc0, 0x00, 0xc0, 0x00, 0xc0, 0x00, 0xc0, 0x00, 0xc0,
    0x00, 0xc0, 0x00, 0xc0, 0x00, 0xc0, 0x00, 0xc0, 0x00, 0xc0, 0x00, 0xc0,
    0x00, 0xc0, 0x00, 0xc0, 0x00, 0xc0, 0x00, 0xc0, 0x00, 0xc0, 0x00, 0xc0,
    0x00, 0xc0, 0x00, 0xc0, 0x00, 0xc0, 0x00, 0xc0, 0x00, 0xc0, 0x00, 0xc0,
    0x00, 0xc0, 0x00, 0xc0, 0x00, 0xc0, 0x00, 0xc0, 0x00, 0xc0, 0x00, 0xc0,
    0x00, 0xc0, 0x00, 0xc0, 0x00, 0xc0, 0x00, 0xc0, 0x00, 0xc0, 0x00, 0xc0,
    0x00, 0xc0, 0x00, 0xc0, 0x00, 0xc0, 0x00, 0xc0, 0x00, 0xc0, 0x00, 0xc0,
    0x00, 0xc0, 0x00, 0xc0, 0x0d, 0x30, 0x18, 0x00, 0x18, 0x00, 0x18, 0x00,
    0x18, 0x00, 0x18, 0x00, 0x18, 0x00, 0x18, 0x00, 0x18, 0x00, 0x18, 0x00,
    0x18, 0x00, 0x18, 0x00, 0x18, 0x00, 0x18, 0x00, 0x18, 0x00, 0x18, 0x00,
    0x18, 0x00, 0x18, 0x00, 0x18, 0x00, 0x18, 0x00, 0x18, 0x00, 0x18, 0x00,
    0x18, 0x00, 0x18, 0x00, 0x18, 0x00, 0x18, 0x00, 0x18, 0x00, 0x18, 0x00,
    0x18, 0x00, 0x18, 0x00, 0x18, 0x00, 0x18, 0x00, 0x18, 0x00, 0x18, 0x00,
    0x18, 0x00, 0x18, 0x00, 0x18, 0x00, 0x18, 0x00, 0x18, 0x00, 0x18, 0x00,
    0x18, 0x00, 0x18, 0x00, 0x18, 0x00, 0x18, 0x00, 0x18, 0x00, 0x18, 0x00,
    0x18, 0xc6, 0x18, 0xc6, 0x18, 0xc6, 0x18, 0xc6, 0x18, 0xc6, 0x18, 0xc6,
    0x18, 0xc6, 0x18, 0xc6, 0x18, 0xc6, 0x18, 0xc6, 0x18, 0xc6, 0x18, 0xc6,
    0x18, 0xc6, 0x18, 0xc6, 0x18, 0xc6, 0x18, 0xc6, 0x18, 0xc6, 0x18, 0xc6,
    0x18, 0xc6, 0x18, 0xc6, 0x18, 0xc6, 0x18, 0xc6, 0x18, 0xc6, 0x18, 0xc6,
    0x18, 0xc6, 0x18, 0xc6, 0x18, 0xc6, 0x18, 0xc6, 0x18, 0xc6, 0x18, 0xc6,
    0x18, 0xc6, 0x18, 0xc6, 0x18, 0xc6, 0x18, 0xc6, 0x18, 0xc6, 0x18, 0xc6,
    0x18, 0xc6, 0x18, 0xc6, 0x18, 0xc6, 0x18, 0xc6, 0x18, 0xc6, 0x18, 0xc6,
    0x18, 0xc6, 0x18, 0xc6, 0x18, 0xc6, 0xf8, 0xbd, 0x00, 0xc6, 0x00, 0xc6,
    0x00, 0xc6, 0x00, 0xc6, 0x00, 0xc6, 0x00, 0xc6, 0x00, 0xc6, 0x00, 0xc6,
    0x00, 0xc6, 0x00, 0xc6, 0x00, 0xc6, 0x00, 0xc6, 0x00, 0xc6, 0x00, 0xc6,
    0x00, 0xc6, 0x00, 0xc6, 0x00, 0xc6, 0x00, 0xc6, 0x00, 0xc6, 0x00, 0xc6,
    0x00, 0xc6, 0x00, 0xc6, 0x00, 0xc6, 0x00, 0xc6, 0x00, 0xc6, 0x00, 0xc6,
    0x00, 0xc6, 0x00, 0xc6, 0x00, 0xc6, 0x00, 0xc6, 0x00, 0xc6, 0x00, 0xc6,
    0x00, 0xc6, 0x00, 0xc6, 0x00, 0xc6, 0x00, 0xc6, 0x00, 0xc6, 0x00, 0xc6,
    0x00, 0xc6, 0x00, 0xc6, 0x00, 0xc6, 0x00, 0xc6, 0x00, 0xc6, 0x00, 0xc6,
    0x00, 0xc6, 0xf8, 0xc5, 0x18, 0x06, 0x18, 0x06, 0x18, 0x06, 0x18, 0x06,
    0x18, 0x06, 0x18, 0x06, 0x18, 0x06, 0x18, 0x06, 0x18, 0x06, 0x18, 0x06,
    0x18, 0x06, 0x18, 0x06, 0x18, 0x06, 0x18, 0x06, 0x18, 0x06, 0x18, 0x06,
    0x18, 0x06, 0x18, 0x06, 0x18, 0x06, 0x18, 0x06, 0x18, 0x06, 0x18, 0x06,
    0x18, 0x06, 0x18, 0x06, 0x18, 0x06, 0x18, 0x06, 0x18, 0x06, 0x18, 0x06,
    0x18, 0x06, 0x18, 0x06, 0x18, 0x06, 0x18, 0x06, 0x18, 0x06, 0x18, 0x06,
    0x18, 0x06, 0x18, 0x06, 0x18, 0x06, 0x18, 0x06, 0x18, 0x06, 0x18, 0x06,
    0x18, 0x06, 0x18, 0x06, 0x18, 0x06, 0x18, 0x06, 0x18, 0x06, 0xe3, 0x04,
    0x00, 0x06, 0x00, 0x06, 0x00, 0x06, 0x00, 0x06, 0x00, 0x06, 0x00, 0x06,
    0x00, 0x06, 0x00, 0x06, 0x00, 0x06, 0x00, 0x06, 0x00, 0x06, 0x00, 0x06,
    0x00, 0x06, 0x00, 0x06, 0x00, 0x06, 0x00, 0x06, 0x00, 0x06, 0x00, 0x06,
    0x00, 0x06, 0x00, 0x06, 0x00, 0x06, 0x00, 0x06, 0x00, 0x06, 0x00, 0x06,
    0x00, 0x06, 0x00, 0x06, 0x00, 0x06, 0x00, 0x06, 0x00, 0x06, 0x00, 0x06,
    0x00, 0x06, 0x00, 0x06, 0x00, 0x06, 0x00, 0x06, 0x00, 0x06, 0x00, 0x06,
    0x00, 0x06, 0x00, 0x06, 0x00, 0x06, 0x00, 0x06, 0x00, 0x06, 0x00, 0x06,
    0x00, 0x06, 0x00, 0x06, 0x28, 0x43, 0x18, 0xc0, 0x18, 0xc0, 0x18, 0xc0,
    0x18, 0xc0, 0x18, 0xc0, 0x18, 0xc0, 0x18, 0xc0, 0x18, 0xc0, 0x18, 0xc0,
    0x18, 0xc0, 0x18, 0xc0, 0x18, 0xc0, 0x18, 0xc0, 0x18, 0xc0, 0x18, 0xc0,
    0x18, 0xc0, 0x18, 0xc0, 0x18, 0xc0, 0x18, 0xc0, 0x18, 0xc0, 0x18, 0xc0,
    0x18, 0xc0, 0x18, 0xc0, 0x18, 0xc0, 0x18, 0xc0, 0x18, 0xc0, 0x18, 0xc0,
    0x18, 0xc0, 0x18, 0xc0, 0x18, 0xc0, 0x18, 0xc0, 0x18, 0xc0, 0x18, 0xc0,
    0x18, 0xc0, 0x18, 0xc0, 0x18, 0xc0, 0x18, 0xc0, 0x18, 0xc0, 0x18, 0xc0,
    0x18, 0xc0, 0x18, 0xc0, 0x18, 0xc0, 0x18, 0xc0, 0x18, 0xc0, 0x18, 0xc0,
    0x18, 0xc0, 0x00, 0xc0, 0x00, 0xc0, 0x00, 0xc0, 0x00, 0xc0, 0x00, 0xc0,
    0x00, 0xc0, 0x00, 0xc0, 0x00, 0xc0, 0x00, 0xc0, 0x00, 0xc0, 0x00, 0xc0,
    0x00, 0xc0, 0x00, 0xc0, 0x00, 0xc0, 0x00, 0xc0, 0x00, 0xc0, 0x00, 0xc0,
    0x00, 0xc0, 0x00, 0xc0, 0x00, 0xc0, 0x00, 0xc0, 0x00, 0xc0, 0x00, 0xc0,
    0x00, 0xc0, 0x00, 0xc0, 0x00, 0xc0, 0x00, 0xc0, 0x00, 0xc0, 0x00, 0xc0,
    0x00, 0xc0, 0x00, 0xc0, 0x00, 0xc0, 0x00, 0xc0, 0x00, 0xc0, 0x00, 0xc0,
    0x00, 0xc0, 0x00, 0xc0, 0x00, 0xc0, 0x00, 0xc0, 0x00, 0xc0, 0x00, 0xc0,
    0x00, 0xc0, 0x00, 0xc0, 0x00, 0xc0, 0x00, 0xc0, 0x0d, 0x30, 0x18, 0x00,
    0x18, 0x00, 0x18, 0x00, 0x18, 0x00, 0x18, 0x00, 0x18, 0x00, 0x18, 0x00,
    0x18, 0x00, 0x18, 0x00, 0x18, 0x00, 0x18, 0x00, 0x18, 0x00, 0x18, 0x00,
    0x18, 0x00, 0x18, 0x00, 0x18, 0x00, 0x18, 0x00, 0x18, 0x00, 0x18, 0x00,
    0x18, 0x00, 0x18, 0x00, 0x18, 0x00, 0x18, 0x00, 0x18, 0x00, 0x18, 0x00,
    0x18, 0x00, 0x18, 0x00, 0x18, 0x00, 0x18, 0x00, 0x18, 0x00, 0x18, 0x00,
    0x18, 0x00, 0x18, 0x00, 0x18, 0x00, 0x18, 0x00, 0x18, 0x00, 0x18, 0x00,
    0x18, 0x00, 0x18, 0x00, 0x18, 0x00, 0x18, 0x00, 0x18, 0x00, 0x18, 0x00,
    0x18, 0x00, 0x18, 0x00, 0x18, 0xc6, 0x18, 0xc6, 0x18, 0xc6, 0x18, 0xc6,
    0x18, 0xc6, 0x18, 0xc6, 0x18, 0xc6, 0x18, 0xc6, 0x18, 0xc6, 0x18, 0xc6,
    0x18, 0xc6, 0x18, 0xc6, 0x18, 0xc6, 0x18, 0xc6, 0x18, 0xc6, 0x18, 0xc6,
    0x18, 0xc6, 0x18, 0xc6, 0x18, 0xc6, 0x18, 0xc6, 0x18, 0xc6, 0x18, 0xc6,
    0x18, 0xc6, 0x18, 0xc6, 0x18, 0xc6, 0x18, 0xc6, 0x18, 0xc6, 0x18, 0xc6,
    0x18, 0xc6, 0x18, 0xc6, 0x18, 0xc6, 0x18, 0xc6, 0x18, 0xc6, 0x18, 0xc6,
    0x18, 0xc6, 0x18, 0xc6, 0x18, 0xc6, 0x18, 0xc6, 0x18, 0xc6, 0x18, 0xc6,
    0x18, 0xc6, 0x18, 0xc6, 0x18, 0xc6, 0x18, 0xc6, 0x18, 0xc6, 0xf8, 0xbd,
    0x00, 0xc6, 0x00, 0xc6, 0x00, 0xc6, 0x00, 0xc6, 0x00, 0xc6, 0x00, 0xc6,
    0x00, 0xc6, 0x00, 0xc6, 0x00, 0xc6, 0x00, 0xc6, 0x00, 0xc6, 0x00, 0xc6,
    0x00, 0xc6, 0x00, 0xc6, 0x00, 0xc6, 0x00, 0xc6, 0x00, 0xc6, 0x00, 0xc6,
    0x00, 0xc6, 0x00, 0xc6, 0x00, 0xc6, 0x00, 0xc6, 0x00, 0xc6, 0x00, 0xc6,
    0x00, 0xc6, 0x00, 0xc6, 0x00, 0xc6, 0x00, 0xc6, 0x00, 0xc6, 0x00, 0xc6,
    0x00, 0xc6, 0x00, 0xc6, 0x00, 0xc6, 0x00, 0xc6, 0x00, 0xc6, 0x00, 0xc6,
    0x00, 0xc6, 0x00, 0xc6, 0x00, 0xc6, 0x00, 0xc6, 0x00, 0xc6, 0x00, 0xc6,
    0x00, 0xc6, 0x00, 0xc6, 0x00, 0xc6, 0x18, 0xbe, 0x18, 0x06, 0x18, 0x06,
    0x18, 0x06, 0x18, 0x06, 0x18, 0x06, 0x18, 0x06, 0x18, 0x06, 0x18, 0x06,
    0x18, 0x06, 0x18, 0x06, 0x18, 0x06, 0x18, 0x06, 0x18, 0x06, 0x18, 0x06,
    0x18, 0x06, 0x18, 0x06, 0x18, 0x06, 0x18, 0x06, 0x18, 0x06, 0x18, 0x06,
    0x18, 0x06, 0x18, 0x06, 0x18, 0x06, 0x18, 0x06, 0x18, 0x06, 0x18, 0x06,
    0x18, 0x06, 0x18, 0x06, 0x18, 0x06, 0x18, 0x06, 0x18, 0x06, 0x18, 0x06,
    0x18, 0x06, 0x18, 0x06, 0x18, 0x06, 0x18, 0x06, 0x18, 0x06, 0x18, 0x06,
    0x18, 0x06, 0x18, 0x06, 0x18, 0x06, 0x18, 0x06, 0x18, 0x06, 0x18, 0x06,
    0x18, 0x06, 0x02, 0x05, 0x00, 0x06, 0x00, 0x06, 0x00, 0x06, 0x00, 0x06,
    0x00, 0x06, 0x00, 0x06, 0x00, 0x06, 0x00, 0x06, 0x00, 0x06, 0x00, 0x06,
    0x00, 0x06, 0x00, 0x06, 0x00, 0x06, 0x00, 0x06, 0x00, 0x06, 0x00, 0x06,
    0x00, 0x06, 0x00, 0x06, 0x00, 0x06, 0x00, 0x06, 0x00, 0x06, 0x00, 0x06,
    0x00, 0x06, 0x00, 0x06, 0x00, 0x06, 0x00, 0x06, 0x00, 0x06, 0x00, 0x06,
    0x00, 0x06, 0x00, 0x06, 0x00, 0x06, 0x00, 0x06, 0x00, 0x06, 0x00, 0x06,
    0x00, 0x06, 0x00, 0x06, 0x00, 0x06, 0x00, 0x06, 0x00, 0x06, 0x00, 0x06,
    0x00, 0x06, 0x00, 0x06, 0x00, 0x06, 0x00, 0x06, 0x47, 0x3b, 0x18, 0xc0,
    0x18, 0xc0, 0x18, 0xc0, 0x18, 0xc0, 0x18, 0xc0, 0x18, 0xc0, 0x18, 0xc0,
    0x18, 0xc0, 0x18, 0xc0, 0x18, 0xc0, 0x18, 0xc0, 0x18, 0xc0, 0x18, 0xc0,
    0x18, 0xc0, 0x18, 0xc0, 0x18, 0xc0, 0x18, 0xc0, 0x18, 0xc0, 0x18, 0xc0,
    0x18, 0xc0, 0x18, 0xc0, 0x18, 0xc0, 0x18, 0xc0, 0x18, 0xc0, 0x18, 0xc0,
    0x18, 0xc0, 0x18, 0xc0, 0x18, 0xc0, 0x18, 0xc0, 0x18, 0xc0, 0x18, 0xc0,
    0x18, 0xc0, 0x18, 0xc0, 0x18, 0xc0, 0x18, 0xc0, 0x18, 0xc0, 0x18, 0xc0,
    0x18, 0xc0, 0x18, 0xc0, 0x18, 0xc0, 0x18, 0xc0, 0x18, 0xc0, 0x18, 0xc0,
    0x18, 0xc0, 0x18, 0xc0, 0x18, 0xc0, 0x00, 0xc0, 0x00, 0xc0, 0x00, 0xc0,
    0x00, 0xc0, 0x00, 0xc0, 0x00, 0xc0, 0x00, 0xc0, 0x00, 0xc0, 0x00, 0xc0,
    0x00, 0xc0, 0x00, 0xc0, 0x00, 0xc0, 0x00, 0xc0, 0x00, 0xc0, 0x00, 0xc0,
    0x00, 0xc0, 0x00, 0xc0, 0x00, 0xc0, 0x00, 0xc0, 0x00, 0xc0, 0x00, 0xc0,
    0x00, 0xc0, 0x00, 0xc0, 0x00, 0xc0, 0x00, 0xc0, 0x00, 0xc0, 0x00, 0xc0,
    0x00, 0xc0, 0x00, 0xc0, 0x00, 0xc0, 0x00, 0xc0, 0x00, 0xc0, 0x00, 0xc0,
    0x00, 0xc0, 0x00, 0xc0, 0x00, 0xc0, 0x00, 0xc0, 0x00, 0xc0, 0x00, 0xc0,
    0x00, 0xc0, 0x00, 0xc0, 0x00, 0xc0, 0x00, 0xc0, 0x00, 0xc0, 0x00, 0xc0,
    0x0d, 0x30, 0x18, 0x00, 0x18, 0x00, 0x18, 0x00, 0x18, 0x00, 0x18, 0x00,
    0x18, 0x00, 0x18, 0x00, 0x18, 0x00, 0x18, 0x00, 0x18, 0x00, 0x18, 0x00,
    0x18, 0x00, 0x18, 0x00, 0x18, 0x00, 0x18, 0x00, 0x18, 0x00, 0x18, 0x00,
    0x18, 0x00, 0x18, 0x00, 0x18, 0x00, 0x18, 0x00, 0x18, 0x00, 0x18, 0x00,
    0x18, 0x00, 0x18, 0x00, 0x18, 0x00, 0x18, 0x00, 0x18, 0x00, 0x18, 0x00,
    0x18, 0x00, 0x18, 0x00, 0x18, 0x00, 0x18, 0x00, 0x18, 0x00, 0x18, 0x00,
    0x18, 0x00, 0x18, 0x00, 0x18, 0x00, 0x18, 0x00, 0x18, 0x00, 0x18, 0x00,
    0x18, 0x00, 0x18, 0x00, 0x18, 0x00, 0x18, 0x00, 0x18, 0xc6, 0x18, 0xc6,
    0x18, 0xc6, 0x18, 0xc6, 0x18, 0xc6, 0x18, 0xc6, 0x18, 0xc6, 0x18, 0xc6,
    0x18, 0xc6, 0x18, 0xc6, 0x18, 0xc6, 0x18, 0xc6, 0x18, 0xc6, 0x18, 0xc6,
    0x18, 0xc6, 0x18, 0xc6, 0x18, 0xc6, 0x18, 0xc6, 0x18, 0xc6, 0x18, 0xc6,
    0x18, 0xc6, 0x18, 0xc6, 0x18, 0xc6, 0x18, 0xc6, 0x18, 0xc6, 0x18, 0xc6,
    0x18, 0xc6, 0x18, 0xc6, 0x18, 0xc6, 0x18, 0xc6, 0x18, 0xc6, 0x18, 0xc6,
    0x18, 0xc6, 0x18, 0xc6, 0x18, 0xc6, 0x18, 0xc6, 0x18, 0xc6, 0x18, 0xc6,
    0x18, 0xc6, 0x18, 0xc6, 0x18, 0xc6, 0x18, 0xc6, 0x18, 0xc6, 0x18, 0xc6,
    0x18, 0xc6, 0xf8, 0xc5, 0x00, 0xc6, 0x00, 0xc6, 0x00, 0xc6, 0x00, 0xc6,
    0x00, 0xc6, 0x00, 0xc6, 0x00, 0xc6, 0x00, 0xc6, 0x00, 0xc6, 0x00, 0xc6,
    0x00, 0xc6, 0x00, 0xc6, 0x00, 0xc6, 0x00, 0xc6, 0x00, 0xc6, 0x00, 0xc6,
    0x00, 0xc6, 0x00, 0xc6, 0x00, 0xc6, 0x00, 0xc6, 0x00, 0xc6, 0x00, 0xc6,
    0x00, 0xc6, 0x00, 0xc6, 0x00, 0xc6, 0x00, 0xc6, 0x00, 0xc6, 0x00, 0xc6,
    0x00, 0xc6, 0x00, 0xc6, 0x00, 0xc6, 0x00, 0xc6, 0x00, 0xc6, 0x00, 0xc6,
    0x00, 0xc6, 0x00, 0xc6, 0x00, 0xc6, 0x00, 0xc6, 0x00, 0xc6, 0x00, 0xc6,
    0x00, 0xc6, 0x00, 0xc6, 0x00, 0xc6, 0x00, 0xc6, 0x00, 0xc6, 0xf8, 0xbd,
    0x18, 0x06, 0x18, 0x06, 0x18, 0x06, 0x18, 0x06, 0x18, 0x06, 0x18, 0x06,
    0x18, 0x06, 0x18, 0x06, 0x18, 0x06, 0x18, 0x06, 0x18, 0x06, 0x18, 0x06,
    0x18, 0x06, 0x18, 0x06, 0x18, 0x06, 0x18, 0x06, 0x18, 0x06, 0x18, 0x06,
    0x18, 0x06, 0x18, 0x06, 0x18, 0x06, 0x18, 0x06, 0x18, 0x06, 0x18, 0x06,
    0x18, 0x06, 0x18, 0x06, 0x18, 0x06, 0x18, 0x06, 0x18, 0x06, 0x18, 0x06,
    0x18, 0x06, 0x18, 0x06, 0x18, 0x06, 0x18, 0x06, 0x18, 0x06, 0x18, 0x06,
    0x18, 0x06, 0x18, 0x06, 0x18, 0x06, 0x18, 0x06, 0x18, 0x06, 0x18, 0x06,
    0x18, 0x06, 0x18, 0x06, 0x18, 0x06, 0xe2, 0x0c, 0x00, 0x06, 0x00, 0x06,
    0x00, 0x06, 0x00, 0x06, 0x00, 0x06, 0x00, 0x06, 0x00, 0x06, 0x00, 0x06,
    0x00, 0x06, 0x00, 0x06, 0x00, 0x06, 0x00, 0x06, 0x00, 0x06, 0x00, 0x06,
    0x00, 0x06, 0x00, 0x06, 0x00, 0x06, 0x00, 0x06, 0x00, 0x06, 0x00, 0x06,
    0x00, 0x06, 0x00, 0x06, 0x00, 0x06, 0x00, 0x06, 0x00, 0x06, 0x00, 0x06,
    0x00, 0x06, 0x00, 0x06, 0x00, 0x06, 0x00, 0x06, 0x00, 0x06, 0x00, 0x06,
    0x00, 0x06, 0x00, 0x06, 0x00, 0x06, 0x00, 0x06, 0x00, 0x06, 0x00, 0x06,
    0x00, 0x06, 0x00, 0x06, 0x00, 0x06, 0x00, 0x06, 0x00, 0x06, 0x00, 0x06,
    0x27, 0x3b, 0x18, 0xc0, 0x18, 0xc0, 0x18, 0xc0, 0x18, 0xc0, 0x18, 0xc0,
    0x18, 0xc0, 0x18, 0xc0, 0x18, 0xc0, 0x18, 0xc0, 0x18, 0xc0, 0x18, 0xc0,
    0x18, 0xc0, 0x18, 0xc0, 0x18, 0xc0, 0x18, 0xc0, 0x18, 0xc0, 0x18, 0xc0,
    0x18, 0xc0, 0x18, 0xc0, 0x18, 0xc0, 0x18, 0xc0, 0x18, 0xc0, 0x18, 0xc0,
    0x18, 0xc0, 0x18, 0xc0, 0x18, 0xc0, 0x18, 0xc0, 0x18, 0xc0, 0x18, 0xc0,
    0x18, 0xc0, 0x18, 0xc0, 0x18, 0xc0, 0x18, 0xc0, 0x18, 0xc0, 0x18, 0xc0,
    0x18, 0xc0, 0x18, 0xc0, 0x18, 0xc0, 0x18, 0xc0, 0x18, 0xc0, 0x18, 0xc0,
    0x18, 0xc0, 0x18, 0xc0, 0x18, 0xc0, 0x18, 0xc0, 0x18, 0xc0, 0x00, 0xc0,
    0x00, 0xc0, 0x00, 0xc0, 0x00, 0xc0, 0x00, 0xc0, 0x00, 0xc0, 0x00, 0xc0,
    0x00, 0xc0, 0x00, 0xc0, 0x00, 0xc0, 0x00, 0xc0, 0x00, 0xc0, 0x00, 0xc0,
    0x00, 0xc0, 0x00, 0xc0, 0x00, 0xc0, 0x00, 0xc0, 0x00, 0xc0, 0x00, 0xc0,
    0x00, 0xc0, 0x00, 0xc0, 0x00, 0xc0, 0x00, 0xc0, 0x00, 0xc0, 0x00, 0xc0,
    0x00, 0xc0, 0x00, 0xc0, 0x00, 0xc0, 0x00, 0xc0, 0x00, 0xc0, 0x00, 0xc0,
    0x00, 0xc0, 0x00, 0xc0, 0x00, 0xc0, 0x00, 0xc0, 0x00, 0xc0, 0x00, 0xc0,
    0x00, 0xc0, 0x00, 0xc0, 0x00, 0xc0, 0x00, 0xc0, 0x00, 0xc0, 0x00, 0xc0,
    0x00, 0xc0, 0x00, 0xc0, 0x0e, 0x38, 0x18, 0x00, 0x18, 0x00, 0x18, 0x00,
    0x18, 0x00, 0x18, 0x00, 0x18, 0x00, 0x18, 0x00, 0x18, 0x00, 0x18, 0x00,
    0x18, 0x00, 0x18, 0x00, 0x18, 0x00, 0x18, 0x00, 0x18, 0x00, 0x18, 0x00,
    0x18, 0x00, 0x18, 0x00, 0x18, 0x00, 0x18, 0x00, 0x18, 0x00, 0x18, 0x00,
    0x18, 0x00, 0x18, 0x00, 0x18, 0x00, 0x18, 0x00, 0x18, 0x00, 0x18, 0x00,
    0x18, 0x00, 0x18, 0x00, 0x18, 0x00, 0x18, 0x00, 0x18, 0x00, 0x18, 0x00,
    0x18, 0x00, 0x18, 0x00, 0x18, 0x00, 0x18, 0x00, 0x18, 0x00, 0x18, 0x00,
    0x18, 0x00, 0x18, 0x00, 0x18, 0x00, 0x18, 0x00, 0x18, 0x00, 0x18, 0x00,
    0x18, 0xc6, 0x18, 0xc6, 0x18, 0xc6, 0x18, 0xc6, 0x18, 0xc6, 0x18, 0xc6,
    0x18, 0xc6, 0x18, 0xc6, 0x18, 0xc6, 0x18, 0xc6, 0x18, 0xc6, 0x18, 0xc6,
    0x18, 0xc6, 0x18, 0xc6, 0x18, 0xc6, 0x18, 0xc6, 0x18, 0xc6, 0x18, 0xc6,
    0x18, 0xc6, 0x18, 0xc6, 0x18, 0xc6, 0x18, 0xc6, 0x18, 0xc6, 0x18, 0xc6,
    0x18, 0xc6, 0x18, 0xc6, 0x18, 0xc6, 0x18, 0xc6, 0x18, 0xc6, 0x18, 0xc6,
    0x18, 0xc6, 0x18, 0xc6, 0x18, 0xc6, 0x18, 0xc6, 0x18, 0xc6, 0x18, 0xc6,
    0x18, 0xc6, 0x18, 0xc6, 0x18, 0xc6, 0x18, 0xc6, 0x18, 0xc6, 0x18, 0xc6,
    0x18, 0xc6, 0x18, 0xc6, 0x18, 0xc6, 0xf8, 0xbd, 0x00, 0xc6, 0x00, 0xc6,
    0x00, 0xc6, 0x00, 0xc6, 0x00, 0xc6, 0x00, 0xc6, 0x00, 0xc6, 0x00, 0xc6,
    0x00, 0xc6, 0x00, 0xc6, 0x00, 0xc6, 0x00, 0xc6, 0x00, 0xc6, 0x00, 0xc6,
    0x00, 0xc6, 0x00, 0xc6, 0x00, 0xc6, 0x00, 0xc6, 0x00, 0xc6, 0x00, 0xc6,
    0x00, 0xc6, 0x00, 0xc6, 0x00, 0xc6, 0x00, 0xc6, 0x00, 0xc6, 0x00, 0xc6,
    0x00, 0xc6, 0x00, 0xc6, 0x00, 0xc6, 0x00, 0xc6, 0x00, 0xc6, 0x00, 0xc6,
    0x00, 0xc6, 0x00, 0xc6, 0x00, 0xc6, 0x00, 0xc6, 0x00, 0xc6, 0x00, 0xc6,
    0x00, 0xc6, 0x00, 0xc6, 0x00, 0xc6, 0x00, 0xc6, 0x00, 0xc6, 0x00, 0xc6,
    0x00, 0xc6, 0xf8, 0xc5, 0x18, 0x06, 0x18, 0x06, 0x18, 0x06, 0x18, 0x06,
    0x18, 0x06, 0x18, 0x06, 0x18, 0x06, 0x18, 0x06, 0x18, 0x06, 0x18, 0x06,
    0x18, 0x06, 0x18, 0x06, 0x18, 0x06, 0x18, 0x06, 0x18, 0x06, 0x18, 0x06,
    0x18, 0x06, 0x18, 0x06, 0x18, 0x06, 0x18, 0x06, 0x18, 0x06, 0x18, 0x06,
    0x18, 0x06, 0x18, 0x06, 0x18, 0x06, 0x18, 0x06, 0x18, 0x06, 0x18, 0x06,
    0x18, 0x06, 0x18, 0x06, 0x18, 0x06, 0x18, 0x06, 0x18, 0x06, 0x18, 0x06,
    0x18, 0x06, 0x18, 0x06, 0x18, 0x06, 0x18, 0x06, 0x18, 0x06, 0x18, 0x06,
    0x18, 0x06, 0x18, 0x06, 0x18, 0x06, 0x18, 0x06, 0x18, 0x06, 0xe3, 0x0c,
    0x00, 0x06, 0x00, 0x06, 0x00, 0x06, 0x00, 0x06, 0x00, 0x06, 0x00, 0x06,
    0x00, 0x06, 0x00, 0x06, 0x00, 0x06, 0x00, 0x06, 0x00, 0x06, 0x00, 0x06,
    0x00, 0x06, 0x00, 0x06, 0x00, 0x06, 0x00, 0x06, 0x00, 0x06, 0x00, 0x06,
    0x00, 0x06, 0x00, 0x06, 0x00, 0x06, 0x00, 0x06, 0x00, 0x06, 0x00, 0x06,
    0x00, 0x06, 0x00, 0x06, 0x00, 0x06, 0x00, 0x06, 0x00, 0x06, 0x00, 0x06,
    0x00, 0x06, 0x00, 0x06, 0x00, 0x06, 0x00, 0x06, 0x00, 0x06, 0x00, 0x06,
    0x00, 0x06, 0x00, 0x06, 0x00, 0x06, 0x00, 0x06, 0x00, 0x06, 0x00, 0x06,
    0x00, 0x06, 0x00, 0x06, 0x48, 0x43, 0x18, 0xc0, 0x18, 0xc0, 0x18, 0xc0,
    0x18, 0xc0, 0x18, 0xc0, 0x18, 0xc0, 0x18, 0xc0, 0x18, 0xc0, 0x18, 0xc0,
    0x18, 0xc0, 0x18, 0xc0, 0x18, 0xc0, 0x18, 0xc0, 0x18, 0xc0, 0x18, 0xc0,
    0x18, 0xc0, 0x18, 0xc0, 0x18, 0xc0, 0x18, 0xc0, 0x18, 0xc0, 0x18, 0xc0,
    0x18, 0xc0, 0x18, 0xc0, 0x18, 0xc0, 0x18, 0xc0, 0x18, 0xc0, 0x18, 0xc0,
    0x18, 0xc0, 0x18, 0xc0, 0x18, 0xc0, 0x18, 0xc0, 0x18, 0xc0, 0x18, 0xc0,
    0x18, 0xc0, 0x18, 0xc0, 0x18, 0xc0, 0x18, 0xc0, 0x18, 0xc0, 0x18, 0xc0,
    0x18, 0xc0, 0x18, 0xc0, 0x18, 0xc0, 0x18, 0xc0, 0x18, 0xc0, 0x18, 0xc0,
    0x18, 0xc0, 0x00, 0xc0, 0x00, 0xc0, 0x00, 0xc0, 0x00, 0xc0, 0x00, 0xc0,
    0x00, 0xc0, 0x00, 0xc0, 0x00, 0xc0, 0x00, 0xc0, 0x00, 0xc0, 0x00, 0xc0,
    0x00, 0xc0, 0x00, 0xc0, 0x00, 0xc0, 0x00, 0xc0, 0x00, 0xc0, 0x00, 0xc0,
    0x00, 0xc0, 0x00, 0xc0, 0x00, 0xc0, 0x00, 0xc0, 0x00, 0xc0, 0x00, 0xc0,
    0x00, 0xc0, 0x00, 0xc0, 0x00, 0xc0, 0x00, 0xc0, 0x00, 0xc0, 0x00, 0xc0,
    0x00, 0xc0, 0x00, 0xc0, 0x00, 0xc0, 0x00, 0xc0, 0x00, 0xc0, 0x00, 0xc0,
    0x00, 0xc0, 0x00, 0xc0, 0x00, 0xc0, 0x00, 0xc0, 0x00, 0xc0, 0x00, 0xc0,
    0x00, 0xc0, 0x00, 0xc0, 0x00, 0xc0, 0x00, 0xc0, 0x0d, 0x30, 0x18, 0x00,
    0x18, 0x00, 0x18, 0x00, 0x18, 0x00, 0x18, 0x00, 0x18, 0x00, 0x18, 0x00,
    0x18, 0x00, 0x18, 0x00, 0x18, 0x00, 0x18, 0x00, 0x18, 0x00, 0x18, 0x00,
    0x18, 0x00, 0x18, 0x00, 0x18, 0x00, 0x18, 0x00, 0x18, 0x00, 0x18, 0x00,
    0x18, 0x00, 0x18, 0x00, 0x18, 0x00, 0x18, 0x00, 0x18, 0x00, 0x18, 0x00,
    0x18, 0x00, 0x18, 0x00, 0x18, 0x00, 0x18, 0x00, 0x18, 0x00, 0x18, 0x00,
    0x18, 0x00, 0x18, 0x00, 0x18, 0x00, 0x18, 0x00, 0x18, 0x00, 0x18, 0x00,
    0x18, 0x00, 0x18, 0x00, 0x18, 0x00, 0x18, 0x00, 0x18, 0x00, 0x18, 0x00,
    0x18, 0x00, 0x18, 0x00, 0x18, 0xc6, 0x18, 0xc6, 0x18, 0xc6, 0x18, 0xc6,
    0x18, 0xc6, 0x18, 0xc6, 0x18, 0xc6, 0x18, 0xc6, 0x18, 0xc6, 0x18, 0xc6,
    0x18, 0xc6, 0x18, 0xc6, 0x18, 0xc6, 0x18, 0xc6, 0x18, 0xc6, 0x18, 0xc6,
    0x18, 0xc6, 0x18, 0xc6, 0x18, 0xc6, 0x18, 0xc6, 0x18, 0xc6, 0x18, 0xc6,
    0x18, 0xc6, 0x18, 0xc6, 0x18, 0xc6, 0x18, 0xc6, 0x18, 0xc6, 0x18, 0xc6,
    0x18, 0xc6, 0x18, 0xc6, 0x18, 0xc6, 0x18, 0xc6, 0x18, 0xc6, 0x18, 0xc6,
    0x18, 0xc6, 0x18, 0xc6, 0x18, 0xc6, 0x18, 0xc6, 0x18, 0xc6, 0x18, 0xc6,
    0x18, 0xc6, 0x18, 0xc6, 0x18, 0xc6, 0x18, 0xc6, 0x18, 0xc6, 0xf8, 0xbd,
    0x00, 0xc6, 0x00, 0xc6, 0x00, 0xc6, 0x00, 0xc6, 0x00, 0xc6, 0x00, 0xc6,
    0x00, 0xc6, 0x00, 0xc6, 0x00, 0xc6, 0x00, 0xc6, 0x00, 0xc6, 0x00, 0xc6,
    0x00, 0xc6, 0x00, 0xc6, 0x00, 0xc6, 0x00, 0xc6, 0x00, 0xc6, 0x00, 0xc6,
    0x00, 0xc6, 0x00, 0xc6, 0x00, 0xc6, 0x00, 0xc6, 0x00, 0xc6, 0x00, 0xc6,
    0x00, 0xc6, 0x00, 0xc6, 0x00, 0xc6, 0x00, 0xc6, 0x00, 0xc6, 0x00, 0xc6,
    0x00, 0xc6, 0x00, 0xc6, 0x00, 0xc6, 0x00, 0xc6, 0x00, 0xc6, 0x00, 0xc6,
    0x00, 0xc6, 0x00, 0xc6, 0x00, 0xc6, 0x00, 0xc6, 0x00, 0xc6, 0x00, 0xc6,
    0x00, 0xc6, 0x00, 0xc6, 0x00, 0xc6, 0xf8, 0xbd, 0x18, 0x06, 0x18, 0x06,
    0x18, 0x06, 0x18, 0x06, 0x18, 0x06, 0x18, 0x06, 0x18, 0x06, 0x18, 0x06,
    0x18, 0x06, 0x18, 0x06, 0x18, 0x06, 0x18, 0x06, 0x18, 0x06, 0x18, 0x06,
    0x18, 0x06, 0x18, 0x06, 0x18, 0x06, 0x18, 0x06, 0x18, 0x06, 0x18, 0x06,
    0x18, 0x06, 0x18, 0x06, 0x18, 0x06, 0x18, 0x06, 0x18, 0x06, 0x18, 0x06,
    0x18, 0x06, 0x18, 0x06, 0x18, 0x06, 0x18, 0x06, 0x18, 0x06, 0x18, 0x06,
    0x18, 0x06, 0x18, 0x06, 0x18, 0x06, 0x18, 0x06, 0x18, 0x06, 0x18, 0x06,
    0x18, 0x06, 0x18, 0x06, 0x18, 0x06, 0x18, 0x06, 0x18, 0x06, 0x18, 0x06,
    0x18, 0x06, 0xe2, 0x04, 0x00, 0x06, 0x00, 0x06, 0x00, 0x06, 0x00, 0x06,
    0x00, 0x06, 0x00, 0x06, 0x00, 0x06, 0x00, 0x06, 0x00, 0x06, 0x00, 0x06,
    0x00, 0x06, 0x00, 0x06, 0x00, 0x06, 0x00, 0x06, 0x00, 0x06, 0x00, 0x06,
    0x00, 0x06, 0x00, 0x06, 0x00, 0x06, 0x00, 0x06, 0x00, 0x06, 0x00, 0x06,
    0x00, 0x06, 0x00, 0x06, 0x00, 0x06, 0x00, 0x06, 0x00, 0x06, 0x00, 0x06,
    0x00, 0x06, 0x00, 0x06, 0x00, 0x06, 0x00, 0x06, 0x00, 0x06, 0x00, 0x06,
    0x00, 0x06, 0x00, 0x06, 0x00, 0x06, 0x00, 0x06, 0x00, 0x06, 0x00, 0x06,
    0x00, 0x06, 0x00, 0x06, 0x00, 0x06, 0x00, 0x06, 0x27, 0x3b, 0x18, 0xc0,
    0x18, 0xc0, 0x18, 0xc0, 0x18, 0xc0, 0x18, 0xc0, 0x18, 0xc0, 0x18, 0xc0,
    0x18, 0xc0, 0x18, 0xc0, 0x18, 0xc0, 0x18, 0xc0, 0x18, 0xc0, 0x18, 0xc0,
    0x18, 0xc0, 0x18, 0xc0, 0x18, 0xc0, 0x18, 0xc0, 0x18, 0xc0, 0x18, 0xc0,
    0x18, 0xc0, 0x18, 0xc0, 0x18, 0xc0, 0x18, 0xc0, 0x18, 0xc0, 0x18, 0xc0,
    0x18, 0xc0, 0x18, 0xc0, 0x18, 0xc0, 0x18, 0xc0, 0x18, 0xc0, 0x18, 0xc0,
    0x18, 0xc0, 0x18, 0xc0, 0x18, 0xc0, 0x18, 0xc0, 0x18, 0xc0, 0x18, 0xc0,
    0x18, 0xc0, 0x18, 0xc0, 0x18, 0xc0, 0x18, 0xc0, 0x18, 0xc0, 0x18, 0xc0,
    0x18, 0xc0, 0x18, 0xc0, 0x18, 0xc0, 0x00, 0xc0, 0x00, 0xc0, 0x00, 0xc0,
    0x00, 0xc0, 0x00, 0xc0, 0x00, 0xc0, 0x00, 0xc0, 0x00, 0xc0, 0x00, 0xc0,
    0x00, 0xc0, 0x00, 0xc0, 0x00, 0xc0, 0x00, 0xc0, 0x00, 0xc0, 0x00, 0xc0,
    0x00, 0xc0, 0x00, 0xc0, 0x00, 0xc0, 0x00, 0xc0, 0x00, 0xc0, 0x00, 0xc0,
    0x00, 0xc0, 0x00, 0xc0, 0x00, 0xc0, 0x00, 0xc0, 0x00, 0xc0, 0x00, 0xc0,
    0x00, 0xc0, 0x00, 0xc0, 0x00, 0xc0, 0x00, 0xc0, 0x00, 0xc0, 0x00, 0xc0,
    0x00, 0xc0, 0x00, 0xc0, 0x00, 0xc0, 0x00, 0xc0, 0x00, 0xc0, 0x00, 0xc0,
    0x00, 0xc0, 0x00, 0xc0, 0x00, 0xc0, 0x00, 0xc0, 0x00, 0xc0, 0x00, 0xc0,
    0x0d, 0x30, 0x18, 0x00, 0x18, 0x00, 0x18, 0x00, 0x18, 0x00, 0x18, 0x00,
    0x18, 0x00, 0x18, 0x00, 0x18, 0x00, 0x18, 0x00, 0x18, 0x00, 0x18, 0x00,
    0x18, 0x00, 0x18, 0x00, 0x18, 0x00, 0x18, 0x00, 0x18, 0x00, 0x18, 0x00,
    0x18, 0x00, 0x18, 0x00, 0x18, 0x00, 0x18, 0x00, 0x18, 0x00, 0x18, 0x00,
    0x18, 0x00, 0x18, 0x00, 0x18, 0x00, 0x18, 0x00, 0x18, 0x00, 0x18, 0x00,
    0x18, 0x00, 0x18, 0x00, 0x18, 0x00, 0x18, 0x00, 0x18, 0x00, 0x18, 0x00,
    0x18, 0x00, 0x18, 0x00, 0x18, 0x00, 0x18, 0x00, 0x18, 0x00, 0x18, 0x00,
    0x18, 0x00, 0x18, 0x00, 0x18, 0x00, 0x18, 0x00, 0x18, 0xc6, 0x18, 0xc6,
    0x18, 0xc6, 0x18, 0xc6, 0x18, 0xc6, 0x18, 0xc6, 0x18, 0xc6, 0x18, 0xc6,
    0x18, 0xc6, 0x18, 0xc6, 0x18, 0xc6, 0x18, 0xc6, 0x18, 0xc6, 0x18, 0xc6,
    0x18, 0xc6, 0x18, 0xc6, 0x18, 0xc6, 0x18, 0xc6, 0x18, 0xc6, 0x18, 0xc6,
    0x18, 0xc6, 0x18, 0xc6, 0x18, 0xc6, 0x18, 0xc6, 0x18, 0xc6, 0x18, 0xc6,
    0x18, 0xc6, 0x18, 0xc6, 0x18, 0xc6, 0x18, 0xc6, 0x18, 0xc6, 0x18, 0xc6,
    0x18, 0xc6, 0x18, 0xc6, 0x18, 0xc6, 0x18, 0xc6, 0x18, 0xc6, 0x18, 0xc6,
    0x18, 0xc6, 0x18, 0xc6, 0x18, 0xc6, 0x18, 0xc6, 0x18, 0xc6, 0x18, 0xc6,
    0x18, 0xc6, 0xf8, 0xc5, 0x00, 0xc6, 0x00, 0xc6, 0x00, 0xc6, 0x00, 0xc6,
    0x00, 0xc6, 0x00, 0xc6, 0x00, 0xc6, 0x00, 0xc6, 0x00, 0xc6, 0x00, 0xc6,
    0x00, 0xc6, 0x00, 0xc6, 0x00, 0xc6, 0x00, 0xc6, 0x00, 0xc6, 0x00, 0xc6,
    0x00, 0xc6, 0x00, 0xc6, 0x00, 0xc6, 0x00, 0xc6, 0x00, 0xc6, 0x00, 0xc6,
    0x00, 0xc6, 0x00, 0xc6, 0x00, 0xc6, 0x00, 0xc6, 0x00, 0xc6, 0x00, 0xc6,
    0x00, 0xc6, 0x00, 0xc6, 0x00, 0xc6, 0x00, 0xc6, 0x00, 0xc6, 0x00, 0xc6,
    0x00, 0xc6, 0x00, 0xc6, 0x00, 0xc6, 0x00, 0xc6, 0x00, 0xc6, 0x00, 0xc6,
    0x00, 0xc6, 0x00, 0xc6, 0x00, 0xc6, 0x00, 0xc6, 0x00, 0xc6, 0xf8, 0xbd,
    0x18, 0x06, 0x18, 0x06, 0x18, 0x06, 0x18, 0x06, 0x18, 0x06, 0x18, 0x06,
    0x18, 0x06, 0x18, 0x06, 0x18, 0x06, 0x18, 0x06, 0x18, 0x06, 0x18, 0x06,
    0x18, 0x06, 0x18, 0x06, 0x18, 0x06, 0x18, 0x06, 0x18, 0x06, 0x18, 0x06,
    0x18, 0x06, 0x18, 0x06, 0x18, 0x06, 0x18, 0x06, 0x18, 0x06, 0x18, 0x06,
    0x18, 0x06, 0x18, 0x06, 0x18, 0x06, 0x18, 0x06, 0x18, 0x06, 0x18, 0x06,
    0x18, 0x06, 0x18, 0x06, 0x18, 0x06, 0x18, 0x06, 0x18, 0x06, 0x18, 0x06,
    0x18, 0x06, 0x18, 0x06, 0x18, 0x06, 0x18, 0x06, 0x18, 0x06, 0x18, 0x06,
    0x18, 0x06, 0x18, 0x06, 0x18, 0x06, 0xe2, 0x04, 0x00, 0x06, 0x00, 0x06,
    0x00, 0x06, 0x00, 0x06, 0x00, 0x06, 0x00, 0x06, 0x00, 0x06, 0x00, 0x06,
    0x00, 0x06, 0x00, 0x06, 0x00, 0x06, 0x00, 0x06, 0x00, 0x06, 0x00, 0x06,
    0x00, 0x06, 0x00, 0x06, 0x00, 0x06, 0x00, 0x06, 0x00, 0x06, 0x00, 0x06,
    0x00, 0x06, 0x00, 0x06, 0x00, 0x06, 0x00, 0x06, 0x00, 0x06, 0x00, 0x06,
    0x00, 0x06, 0x00, 0x06, 0x00, 0x06, 0x00, 0x06, 0x00, 0x06, 0x00, 0x06,
    0x00, 0x06, 0x00, 0x06, 0x00, 0x06, 0x00, 0x06, 0x00, 0x06, 0x00, 0x06,
    0x00, 0x06, 0x00, 0x06, 0x00, 0x06, 0x00, 0x06, 0x00, 0x06, 0x00, 0x06,
    0x47, 0x3b, 0x18, 0xc0, 0x18, 0xc0, 0x18, 0xc0, 0x18, 0xc0, 0x18, 0xc0,
    0x18, 0xc0, 0x18, 0xc0, 0x18, 0xc0, 0x18, 0xc0, 0x18, 0xc0, 0x18, 0xc0,
    0x18, 0xc0, 0x18, 0xc0, 0x18, 0xc0, 0x18, 0xc0, 0x18, 0xc0, 0x18, 0xc0,
    0x18, 0xc0, 0x18, 0xc0, 0x18, 0xc0, 0x18, 0xc0, 0x18, 0xc0, 0x18, 0xc0,
    0x18, 0xc0, 0x18, 0xc0, 0x18, 0xc0, 0x18, 0xc0, 0x18, 0xc0, 0x18, 0xc0,
    0x18, 0xc0, 0x18, 0xc0, 0x18, 0xc0, 0x18, 0xc0, 0x18, 0xc0, 0x18, 0xc0,
    0x18, 0xc0, 0x18, 0xc0, 0x18, 0xc0, 0x18, 0xc0, 0x18, 0xc0, 0x18, 0xc0,
    0x18, 0xc0, 0x18, 0xc0, 0x18, 0xc0, 0x18, 0xc0, 0x18, 0xc0, 0x00, 0xc0,
    0x00, 0xc0, 0x00, 0xc0, 0x00, 0xc0, 0x00, 0xc0, 0x00, 0xc0, 0x00, 0xc0,
    0x00, 0xc0, 0x00, 0xc0, 0x00, 0xc0, 0x00, 0xc0, 0x00, 0xc0, 0x00, 0xc0,
    0x00, 0xc0, 0x00, 0xc0, 0x00, 0xc0, 0x00, 0xc0, 0x00, 0xc0, 0x00, 0xc0,
    0x00, 0xc0, 0x00, 0xc0, 0x00, 0xc0, 0x00, 0xc0, 0x00, 0xc0, 0x00, 0xc0,
    0x00, 0xc0, 0x00, 0xc0, 0x00, 0xc0, 0x00, 0xc0, 0x00, 0xc0, 0x00, 0xc0,
    0x00, 0xc0, 0x00, 0xc0, 0x00, 0xc0, 0x00, 0xc0, 0x00, 0xc0, 0x00, 0xc0,
    0x00, 0xc0, 0x00, 0xc0, 0x00, 0xc0, 0x00, 0xc0, 0x00, 0xc0, 0x00, 0xc0,
    0x00, 0xc0, 0x00, 0xc0, 0x0d, 0x30, 0x18, 0x00, 0x18, 0x00, 0x18, 0x00,
    0x18, 0x00, 0x18, 0x00, 0x18, 0x00, 0x18, 0x00, 0x18, 0x00, 0x18, 0x00,
    0x18, 0x00, 0x18, 0x00, 0x18, 0x00, 0x18, 0x00, 0x18, 0x00, 0x18, 0x00,
    0x18, 0x00, 0x18, 0x00, 0x18, 0x00, 0x18, 0x00, 0x18, 0x00, 0x18, 0x00,
    0x18, 0x00, 0x18, 0x00, 0x18, 0x00, 0x18, 0x00, 0x18, 0x00, 0x18, 0x00,
    0x18, 0x00, 0x18, 0x00, 0x18, 0x00, 0x18, 0x00, 0x18, 0x00, 0x18, 0x00,
    0x18, 0x00, 0x18, 0x00, 0x18, 0x00, 0x18, 0x00, 0x18, 0x00, 0x18, 0x00,
    0x18, 0x00, 0x18, 0x00, 0x18, 0x00, 0x18, 0x00, 0x18, 0x00, 0x18, 0x00,
    0x18, 0xc6, 0x18, 0xc6, 0x18, 0xc6, 0x18, 0xc6, 0x18, 0xc6, 0x18, 0xc6,
    0x18, 0xc6, 0x18, 0xc6, 0x18, 0xc6, 0x18, 0xc6, 0x18, 0xc6, 0x18, 0xc6,
    0x18, 0xc6, 0x18, 0xc6, 0x18, 0xc6, 0x18, 0xc6, 0x18, 0xc6, 0x18, 0xc6,
    0x18, 0xc6, 0x18, 0xc6, 0x18, 0xc6, 0x18, 0xc6, 0x18, 0xc6, 0x18, 0xc6,
    0x18, 0xc6, 0x18, 0xc6, 0x18, 0xc6, 0x18, 0xc6, 0x18, 0xc6, 0x18, 0xc6,
    0x18, 0xc6, 0x18, 0xc6, 0x18, 0xc6, 0x18, 0xc6, 0x18, 0xc6, 0x18, 0xc6,
    0x18, 0xc6, 0x18, 0xc6, 0x18, 0xc6, 0x18, 0xc6, 0x18, 0xc6, 0x18, 0xc6,
    0x18, 0xc6, 0x18, 0xc6, 0x18, 0xc6, 0x18, 0xbe, 0x00, 0xc6, 0x00, 0xc6,
    0x00, 0xc6, 0x00, 0xc6, 0x00, 0xc6, 0x00, 0xc6, 0x00, 0xc6, 0x00, 0xc6,
    0x00, 0xc6, 0x00, 0xc6, 0x00, 0xc6, 0x00, 0xc6, 0x00, 0xc6, 0x00, 0xc6,
    0x00, 0xc6, 0x00, 0xc6, 0x00, 0xc6, 0x00, 0xc6, 0x00, 0xc6, 0x00, 0xc6,
    0x00, 0xc6, 0x00, 0xc6, 0x00, 0xc6, 0x00, 0xc6, 0x00, 0xc6, 0x00, 0xc6,
    0x00, 0xc6, 0x00, 0xc6, 0x00, 0xc6, 0x00, 0xc6, 0x00, 0xc6, 0x00, 0xc6,
    0x00, 0xc6, 0x00, 0xc6, 0x00, 0xc6, 0x00, 0xc6, 0x00, 0xc6, 0x00, 0xc6,
    0x00, 0xc6, 0x00, 0xc6, 0x00, 0xc6, 0x00, 0xc6, 0x00, 0xc6, 0x00, 0xc6,
    0x00, 0xc6, 0x18, 0xc6, 0x18, 0x06, 0x18, 0x06, 0x18, 0x06, 0x18, 0x06,
    0x18, 0x06, 0x18, 0x06, 0x18, 0x06, 0x18, 0x06, 0x18, 0x06, 0x18, 0x06,
    0x18, 0x06, 0x18, 0x06, 0x18, 0x06, 0x18, 0x06, 0x18, 0x06, 0x18, 0x06,
    0x18, 0x06, 0x18, 0x06, 0x18, 0x06, 0x18, 0x06, 0x18, 0x06, 0x18, 0x06,
    0x18, 0x06, 0x18, 0x06, 0x18, 0x06, 0x18, 0x06, 0x18, 0x06, 0x18, 0x06,
    0x18, 0x06, 0x18, 0x06, 0x18, 0x06, 0x18, 0x06, 0x18, 0x06, 0x18, 0x06,
    0x18, 0x06, 0x18, 0x06, 0x18, 0x06, 0x18, 0x06, 0x18, 0x06, 0x18, 0x06,
    0x18, 0x06, 0x18, 0x06, 0x18, 0x06, 0x18, 0x06, 0x18, 0x06, 0x03, 0x0d,
    0x00, 0x06, 0x00, 0x06, 0x00, 0x06, 0x00, 0x06, 0x00, 0x06, 0x00, 0x06,
    0x00, 0x06, 0x00, 0x06, 0x00, 0x06, 0x00, 0x06, 0x00, 0x06, 0x00, 0x06,
    0x00, 0x06, 0x00, 0x06, 0x00, 0x06, 0x00, 0x06, 0x00, 0x06, 0x00, 0x06,
    0x00, 0x06, 0x00, 0x06, 0x00, 0x06, 0x00, 0x06, 0x00, 0x06, 0x00, 0x06,
    0x00, 0x06, 0x00, 0x06, 0x00, 0x06, 0x00, 0x06, 0x00, 0x06, 0x00, 0x06,
    0x00, 0x06, 0x00, 0x06, 0x00, 0x06, 0x00, 0x06, 0x00, 0x06, 0x00, 0x06,
    0x00, 0x06, 0x00, 0x06, 0x00, 0x06, 0x00, 0x06, 0x00, 0x06, 0x00, 0x06,
    0x00, 0x06, 0x00, 0x06, 0x48, 0x43, 0x18, 0xc0, 0x18, 0xc0, 0x18, 0xc0,
    0x18, 0xc0, 0x18, 0xc0, 0x18, 0xc0, 0x18, 0xc0, 0x18, 0xc0, 0x18, 0xc0,
    0x18, 0xc0, 0x18, 0xc0, 0x18, 0xc0, 0x18, 0xc0, 0x18, 0xc0, 0x18, 0xc0,
    0x18, 0xc0, 0x18, 0xc0, 0x18, 0xc0, 0x18, 0xc0, 0x18, 0xc0, 0x18, 0xc0,
    0x18, 0xc0, 0x18, 0xc0, 0x18, 0xc0, 0x18, 0xc0, 0x18, 0xc0, 0x18, 0xc0,
    0x18, 0xc0, 0x18, 0xc0, 0x18, 0xc0, 0x18, 0xc0, 0x18, 0xc0, 0x18, 0xc0,
    0x18, 0xc0, 0x18, 0xc0, 0x18, 0xc0, 0x18, 0xc0, 0x18, 0xc0, 0x18, 0xc0,
    0x18, 0xc0, 0x18, 0xc0, 0x18, 0xc0, 0x18, 0xc0, 0x18, 0xc0, 0x18, 0xc0,
    0x18, 0xc0, 0x00, 0xc0, 0x00, 0xc0, 0x00, 0xc0, 0x00, 0xc0, 0x00, 0xc0,
    0x00, 0xc0, 0x00, 0xc0, 0x00, 0xc0, 0x00, 0xc0, 0x00, 0xc0, 0x00, 0xc0,
    0x00, 0xc0, 0x00, 0xc0, 0x00, 0xc0, 0x00, 0xc0, 0x00, 0xc0, 0x00, 0xc0,
    0x00, 0xc0, 0x00, 0xc0, 0x00, 0xc0, 0x00, 0xc0, 0x00, 0xc0, 0x00, 0xc0,
    0x00, 0xc0, 0x00, 0xc0, 0x00, 0xc0, 0x00, 0xc0, 0x00, 0xc0, 0x00, 0xc0,
    0x00, 0xc0, 0x00, 0xc0, 0x00, 0xc0, 0x00, 0xc0, 0x00, 0xc0, 0x00, 0xc0,
    0x00, 0xc0, 0x00, 0xc0, 0x00, 0xc0, 0x00, 0xc0, 0x00, 0xc0, 0x00, 0xc0,
    0x00, 0xc0, 0x00, 0xc0, 0x00, 0xc0, 0x00, 0xc0, 0x0d, 0x30, 0x18, 0x00,
    0x18, 0x00, 0x18, 0x00, 0x18, 0x00, 0x18, 0x00, 0x18, 0x00, 0x18, 0x00,
    0x18, 0x00, 0x18, 0x00, 0x18, 0x00, 0x18, 0x00, 0x18, 0x00, 0x18, 0x00,
    0x18, 0x00, 0x18, 0x00, 0x18, 0x00, 0x18, 0x00, 0x18, 0x00, 0x18, 0x00,
    0x18, 0x00, 0x18, 0x00, 0x18, 0x00, 0x18, 0x00, 0x18, 0x00, 0x18, 0x00,
    0x18, 0x00, 0x18, 0x00, 0x18, 0x00, 0x18, 0x00, 0x18, 0x00, 0x18, 0x00,
    0x18, 0x00, 0x18, 0x00, 0x18, 0x00, 0x18, 0x00, 0x18, 0x00, 0x18, 0x00,
    0x18, 0x00, 0x18, 0x00, 0x18, 0x00, 0x18, 0x00, 0x18, 0x00, 0x18, 0x00,
    0x18, 0x00, 0x18, 0x00, 0x18, 0xc6, 0x18, 0xc6, 0x18, 0xc6, 0x18, 0xc6,
    0x18, 0xc6, 0x18, 0xc6, 0x18, 0xc6, 0x18, 0xc6, 0x18, 0xc6, 0x18, 0xc6,
    0x18, 0xc6, 0x18, 0xc6, 0x18, 0xc6, 0x18, 0xc6, 0x18, 0xc6, 0x18, 0xc6,
    0x18, 0xc6, 0x18, 0xc6, 0x18, 0xc6, 0x18, 0xc6, 0x18, 0xc6, 0x18, 0xc6,
    0x18, 0xc6, 0x18, 0xc6, 0x18, 0xc6, 0x18, 0xc6, 0x18, 0xc6, 0x18, 0xc6,
    0x18, 0xc6, 0x18, 0xc6, 0x18, 0xc6, 0x18, 0xc6, 0x18, 0xc6, 0x18, 0xc6,
    0x18, 0xc6, 0x18, 0xc6, 0x18, 0xc6, 0x18, 0xc6, 0x18, 0xc6, 0x18, 0xc6,
    0x18, 0xc6, 0x18, 0xc6, 0x18, 0xc6, 0x18, 0xc6, 0x18, 0xc6, 0xf8, 0xbd,
    0x00, 0xc6, 0x00, 0xc6, 0x00, 0xc6, 0x00, 0xc6, 0x00, 0xc6, 0x00, 0xc6,
    0x00, 0xc6, 0x00, 0xc6, 0x00, 0xc6, 0x00, 0xc6, 0x00, 0xc6, 0x00, 0xc6,
    0x00, 0xc6, 0x00, 0xc6, 0x00, 0xc6, 0x00, 0xc6, 0x00, 0xc6, 0x00, 0xc6,
    0x00, 0xc6, 0x00, 0xc6, 0x00, 0xc6, 0x00, 0xc6, 0x00, 0xc6, 0x00, 0xc6,
    0x00, 0xc6, 0x00, 0xc6, 0x00, 0xc6, 0x00, 0xc6, 0x00, 0xc6, 0x00, 0xc6,
    0x00, 0xc6, 0x00, 0xc6, 0x00, 0xc6, 0x00, 0xc6, 0x00, 0xc6, 0x00, 0xc6,
    0x00, 0xc6, 0x00, 0xc6, 0x00, 0xc6, 0x00, 0xc6, 0x00, 0xc6, 0x00, 0xc6,
    0x00, 0xc6, 0x00, 0xc6, 0x00, 0xc6, 0xf8, 0xbd, 0x18, 0x06, 0x18, 0x06,
    0x18, 0x06, 0x18, 0x06, 0x18, 0x06, 0x18, 0x06, 0x18, 0x06, 0x18, 0x06,
    0x18, 0x06, 0x18, 0x06, 0x18, 0x06, 0x18, 0x06, 0x18, 0x06, 0x18, 0x06,
    0x18, 0x06, 0x18, 0x06, 0x18, 0x06, 0x18, 0x06, 0x18, 0x06, 0x18, 0x06,
    0x18, 0x06, 0x18, 0x06, 0x18, 0x06, 0x18, 0x06, 0x18, 0x06, 0x18, 0x06,
    0x18, 0x06, 0x18, 0x06, 0x18, 0x06, 0x18, 0x06, 0x18, 0x06, 0x18, 0x06,
    0x18, 0x06, 0x18, 0x06, 0x18, 0x06, 0x18, 0x06, 0x18, 0x06, 0x18, 0x06,
    0x18, 0x06, 0x18, 0x06, 0x18, 0x06, 0x18, 0x06, 0x18, 0x06, 0x18, 0x06,
    0x18, 0x06, 0xe2, 0x0c, 0x00, 0x06, 0x00, 0x06, 0x00, 0x06, 0x00, 0x06,
    0x00, 0x06, 0x00, 0x06, 0x00, 0x06, 0x00, 0x06, 0x00, 0x06, 0x00, 0x06,
    0x00, 0x06, 0x00, 0x06, 0x00, 0x06, 0x00, 0x06, 0x00, 0x06, 0x00, 0x06,
    0x00, 0x06, 0x00, 0x06, 0x00, 0x06, 0x00, 0x06, 0x00, 0x06, 0x00, 0x06,
    0x00, 0x06, 0x00, 0x06, 0x00, 0x06, 0x00, 0x06, 0x00, 0x06, 0x00, 0x06,
    0x00, 0x06, 0x00, 0x06, 0x00, 0x06, 0x00, 0x06, 0x00, 0x06, 0x00, 0x06,
    0x00, 0x06, 0x00, 0x06, 0x00, 0x06, 0x00, 0x06, 0x00, 0x06, 0x00, 0x06,
    0x00, 0x06, 0x00, 0x06, 0x00, 0x06, 0x00, 0x06, 0x27, 0x3b, 0x18, 0xc0,
    0x18, 0xc0, 0x18, 0xc0, 0x18, 0xc0, 0x18, 0xc0, 0x18, 0xc0, 0x18, 0xc0,
    0x18, 0xc0, 0x18, 0xc0, 0x18, 0xc0, 0x18, 0xc0, 0x18, 0xc0, 0x18, 0xc0,
    0x18, 0xc0, 0x18, 0xc0, 0x18, 0xc0, 0x18, 0xc0, 0x18, 0xc0, 0x18, 0xc0,
    0x18, 0xc0, 0x18, 0xc0, 0x18, 0xc0, 0x18, 0xc0, 0x18, 0xc0, 0x18, 0xc0,
    0x18, 0xc0, 0x18, 0xc0, 0x18, 0xc0, 0x18, 0xc0, 0x18, 0xc0, 0x18, 0xc0,
    0x18, 0xc0, 0x18, 0xc0, 0x18, 0xc0, 0x18, 0xc0, 0x18, 0xc0, 0x18, 0xc0,
    0x18, 0xc0, 0x18, 0xc0, 0x18, 0xc0, 0x18, 0xc0, 0x18, 0xc0, 0x18, 0xc0,
    0x18, 0xc0, 0x18, 0xc0, 0x18, 0xc0, 0x00, 0xc0, 0x00, 0xc0, 0x00, 0xc0,
    0x00, 0xc0, 0x00, 0xc0, 0x00, 0xc0, 0x00, 0xc0, 0x00, 0xc0, 0x00, 0xc0,
    0x00, 0xc0, 0x00, 0xc0, 0x00, 0xc0, 0x00, 0xc0, 0x00, 0xc0, 0x00, 0xc0,
    0x00, 0xc0, 0x00, 0xc0, 0x00, 0xc0, 0x00, 0xc0, 0x00, 0xc0, 0x00, 0xc0,
    0x00, 0xc0, 0x00, 0xc0, 0x00, 0xc0, 0x00, 0xc0, 0x00, 0xc0, 0x00, 0xc0,
    0x00, 0xc0, 0x00, 0xc0, 0x00, 0xc0, 0x00, 0xc0, 0x00, 0xc0, 0x00, 0xc0,
    0x00, 0xc0, 0x00, 0xc0, 0x00, 0xc0, 0x00, 0xc0, 0x00, 0xc0, 0x00, 0xc0,
    0x00, 0xc0, 0x00, 0xc0, 0x00, 0xc0, 0x00, 0xc0, 0x00, 0xc0, 0x00, 0xc0,
    0x0d, 0x30, 0x18, 0x00, 0x18, 0x00, 0x18, 0x00, 0x18, 0x00, 0x18, 0x00,
    0x18, 0x00, 0x18, 0x00, 0x18, 0x00, 0x18, 0x00, 0x18, 0x00, 0x18, 0x00,
    0x18, 0x00, 0x18, 0x00, 0x18, 0x00, 0x18, 0x00, 0x18, 0x00, 0x18, 0x00,
    0x18, 0x00, 0x18, 0x00, 0x18, 0x00, 0x18, 0x00, 0x18, 0x00, 0x18, 0x00,
    0x18, 0x00, 0x18, 0x00, 0x18, 0x00, 0x18, 0x00, 0x18, 0x00, 0x18, 0x00,
    0x18, 0x00, 0x18, 0x00, 0x18, 0x00, 0x18, 0x00, 0x18, 0x00, 0x18, 0x00,
    0x18, 0x00, 0x18, 0x00, 0x18, 0x00, 0x18, 0x00, 0x18, 0x00, 0x18, 0x00,
    0x18, 0x00, 0x18, 0x00, 0x18, 0x00, 0x18, 0x00, 0x18, 0xc6, 0x18, 0xc6,
    0x18, 0xc6, 0x18, 0xc6, 0x18, 0xc6, 0x18, 0xc6, 0x18, 0xc6, 0x18, 0xc6,
    0x18, 0xc6, 0x18, 0xc6, 0x18, 0xc6, 0x18, 0xc6, 0x18, 0xc6, 0x18, 0xc6,
    0x18, 0xc6, 0x18, 0xc6, 0x18, 0xc6, 0x18, 0xc6, 0x18, 0xc6, 0x18, 0xc6,
    0x18, 0xc6, 0x18, 0xc6, 0x18, 0xc6, 0x18, 0xc6, 0x18, 0xc6, 0x18, 0xc6,
    0x18, 0xc6, 0x18, 0xc6, 0x18, 0xc6, 0x18, 0xc6, 0x18, 0xc6, 0x18, 0xc6,
    0x18, 0xc6, 0x18, 0xc6, 0x18, 0xc6, 0x18, 0xc6, 0x18, 0xc6, 0x18, 0xc6,
    0x18, 0xc6, 0x18, 0xc6, 0x18, 0xc6, 0x18, 0xc6, 0x18, 0xc6, 0x18, 0xc6,
    0x18, 0xc6, 0xf8, 0xc5, 0x00, 0xc6, 0x00, 0xc6, 0x00, 0xc6, 0x00, 0xc6,
    0x00, 0xc6, 0x00, 0xc6, 0x00, 0xc6, 0x00, 0xc6, 0x00, 0xc6, 0x00, 0xc6,
    0x00, 0xc6, 0x00, 0xc6, 0x00, 0xc6, 0x00, 0xc6, 0x00, 0xc6, 0x00, 0xc6,
    0x00, 0xc6, 0x00, 0xc6, 0x00, 0xc6, 0x00, 0xc6, 0x00, 0xc6, 0x00, 0xc6,
    0x00, 0xc6, 0x00, 0xc6, 0x00, 0xc6, 0x00, 0xc6, 0x00, 0xc6, 0x00, 0xc6,
    0x00, 0xc6, 0x00, 0xc6, 0x00, 0xc6, 0x00, 0xc6, 0x00, 0xc6, 0x00, 0xc6,
    0x00, 0xc6, 0x00, 0xc6, 0x00, 0xc6, 0x00, 0xc6, 0x00, 0xc6, 0x00, 0xc6,
    0x00, 0xc6, 0x00, 0xc6, 0x00, 0xc6, 0x00, 0xc6, 0x00, 0xc6, 0xf8, 0xbd,
    0x18, 0x06, 0x18, 0x06, 0x18, 0x06, 0x18, 0x06, 0x18, 0x06, 0x18, 0x06,
    0x18, 0x06, 0x18, 0x06, 0x18, 0x06, 0x18, 0x06, 0x18, 0x06, 0x18, 0x06,
    0x18, 0x06, 0x18, 0x06, 0x18, 0x06, 0x18, 0x06, 0x18, 0x06, 0x18, 0x06,
    0x18, 0x06, 0x18, 0x06, 0x18, 0x06, 0x18, 0x06, 0x18, 0x06, 0x18, 0x06,
    0x18, 0x06, 0x18, 0x06, 0x18, 0x06, 0x18, 0x06, 0x18, 0x06, 0x18, 0x06,
    0x18, 0x06, 0x18, 0x06, 0x18, 0x06, 0x18, 0x06, 0x18, 0x06, 0x18, 0x06,
    0x18, 0x06, 0x18, 0x06, 0x18, 0x06, 0x18, 0x06, 0x18, 0x06, 0x18, 0x06,
    0x18, 0x06, 0x18, 0x06, 0x18, 0x06, 0xe2, 0x04, 0x00, 0x06, 0x00, 0x06,
    0x00, 0x06, 0x00, 0x06, 0x00, 0x06, 0x00, 0x06, 0x00, 0x06, 0x00, 0x06,
    0x00, 0x06, 0x00, 0x06, 0x00, 0x06, 0x00, 0x06, 0x00, 0x06, 0x00, 0x06,
    0x00, 0x06, 0x00, 0x06, 0x00, 0x06, 0x00, 0x06, 0x00, 0x06, 0x00, 0x06,
    0x00, 0x06, 0x00, 0x06, 0x00, 0x06, 0x00, 0x06, 0x00, 0x06, 0x00, 0x06,
    0x00, 0x06, 0x00, 0x06, 0x00, 0x06, 0x00, 0x06, 0x00, 0x06, 0x00, 0x06,
    0x00, 0x06, 0x00, 0x06, 0x00, 0x06, 0x00, 0x06, 0x00, 0x06, 0x00, 0x06,
    0x00, 0x06, 0x00, 0x06, 0x00, 0x06, 0x00, 0x06, 0x00, 0x06, 0x00, 0x06,
    0x27, 0x3b, 0x18, 0xc0, 0x18, 0xc0, 0x18, 0xc0, 0x18, 0xc0, 0x18, 0xc0,
    0x18, 0xc0, 0x18, 0xc0, 0x18, 0xc0, 0x18, 0xc0, 0x18, 0xc0, 0x18, 0xc0,
    0x18, 0xc0, 0x18, 0xc0, 0x18, 0xc0, 0x18, 0xc0, 0x18, 0xc0, 0x18, 0xc0,
    0x18, 0xc0, 0x18, 0xc0, 0x18, 0xc0, 0x18, 0xc0, 0x18, 0xc0, 0x18, 0xc0,
    0x18, 0xc0, 0x18, 0xc0, 0x18, 0xc0, 0x18, 0xc0, 0x18, 0xc0, 0x18, 0xc0,
    0x18, 0xc0, 0x18, 0xc0, 0x18, 0xc0, 0x18, 0xc0, 0x18, 0xc0, 0x18, 0xc0,
    0x18, 0xc0, 0x18, 0xc0, 0x18, 0xc0, 0x18, 0xc0, 0x18, 0xc0, 0x18, 0xc0,
    0x18, 0xc0, 0x18, 0xc0, 0x18, 0xc0, 0x18, 0xc0, 0x18, 0xc0, 0x00, 0xc0,
    0x00, 0xc0, 0x00, 0xc0, 0x00, 0xc0, 0x00, 0xc0, 0x00, 0xc0, 0x00, 0xc0,
    0x00, 0xc0, 0x00, 0xc0, 0x00, 0xc0, 0x00, 0xc0, 0x00, 0xc0, 0x00, 0xc0,
    0x00, 0xc0, 0x00, 0xc0, 0x00, 0xc0, 0x00, 0xc0, 0x00, 0xc0, 0x00, 0xc0,
    0x00, 0xc0, 0x00, 0xc0, 0x00, 0xc0, 0x00, 0xc0, 0x00, 0xc0, 0x00, 0xc0,
    0x00, 0xc0, 0x00, 0xc0, 0x00, 0xc0, 0x00, 0xc0, 0x00, 0xc0, 0x00, 0xc0,
    0x00, 0xc0, 0x00, 0xc0, 0x00, 0xc0, 0x00, 0xc0, 0x00, 0xc0, 0x00, 0xc0,
    0x00, 0xc0, 0x00, 0xc0, 0x00, 0xc0, 0x00, 0xc0, 0x00, 0xc0, 0x00, 0xc0,
    0x00, 0xc0, 0x00, 0xc0, 0x0d, 0x30, 0x18, 0x00, 0x18, 0x00, 0x18, 0x00,
    0x18, 0x00, 0x18, 0x00, 0x18, 0x00, 0x18, 0x00, 0x18, 0x00, 0x18, 0x00,
    0x18, 0x00, 0x18, 0x00, 0x18, 0x00, 0x18, 0x00, 0x18, 0x00, 0x18, 0x00,
    0x18, 0x00, 0x18, 0x00, 0x18, 0x00, 0x18, 0x00, 0x18, 0x00, 0x18, 0x00,
    0x18, 0x00, 0x18, 0x00, 0x18, 0x00, 0x18, 0x00, 0x18, 0x00, 0x18, 0x00,
    0x18, 0x00, 0x18, 0x00, 0x18, 0x00, 0x18, 0x00, 0x18, 0x00, 0x18, 0x00,
    0x18, 0x00, 0x18, 0x00, 0x18, 0x00, 0x18, 0x00, 0x18, 0x00, 0x18, 0x00,
    0x18, 0x00, 0x18, 0x00, 0x18, 0x00, 0x18, 0x00, 0x18, 0x00, 0x18, 0x00,
    0x18, 0xc6, 0x18, 0xc6, 0x18, 0xc6, 0x18, 0xc6, 0x18, 0xc6, 0x18, 0xc6,
    0x18, 0xc6, 0x18, 0xc6, 0x18, 0xc6, 0x18, 0xc6, 0x18, 0xc6, 0x18, 0xc6,
    0x18, 0xc6, 0x18, 0xc6, 0x18, 0xc6, 0x18, 0xc6, 0x18, 0xc6, 0x18, 0xc6,
    0x18, 0xc6, 0x18, 0xc6, 0x18, 0xc6, 0x18, 0xc6, 0x18, 0xc6, 0x18, 0xc6,
    0x18, 0xc6, 0x18, 0xc6, 0x18, 0xc6, 0x18, 0xc6, 0x18, 0xc6, 0x18, 0xc6,
    0x18, 0xc6, 0x18, 0xc6, 0x18, 0xc6, 0x18, 0xc6, 0x18, 0xc6, 0x18, 0xc6,
    0x18, 0xc6, 0x18, 0xc6, 0x18, 0xc6, 0x18, 0xc6, 0x18, 0xc6, 0x18, 0xc6,
    0x18, 0xc6, 0x18, 0xc6, 0x18, 0xc6, 0xf8, 0xbd, 0x00, 0xc6, 0x00, 0xc6,
    0x00, 0xc6, 0x00, 0xc6, 0x00, 0xc6, 0x00, 0xc6, 0x00, 0xc6, 0x00, 0xc6,
    0x00, 0xc6, 0x00, 0xc6, 0x00, 0xc6, 0x00, 0xc6, 0x00, 0xc6, 0x00, 0xc6,
    0x00, 0xc6, 0x00, 0xc6, 0x00, 0xc6, 0x00, 0xc6, 0x00, 0xc6, 0x00, 0xc6,
    0x00, 0xc6, 0x00, 0xc6, 0x00, 0xc6, 0x00, 0xc6, 0x00, 0xc6, 0x00, 0xc6,
    0x00, 0xc6, 0x00, 0xc6, 0x00, 0xc6, 0x00, 0xc6, 0x00, 0xc6, 0x00, 0xc6,
    0x00, 0xc6, 0x00, 0xc6, 0x00, 0xc6, 0x00, 0xc6, 0x00, 0xc6, 0x00, 0xc6,
    0x00, 0xc6, 0x00, 0xc6, 0x00, 0xc6, 0x00, 0xc6, 0x00, 0xc6, 0x00, 0xc6,
    0x00, 0xc6, 0xf8, 0xc5, 0x18, 0x06, 0x18, 0x06, 0x18, 0x06, 0x18, 0x06,
    0x18, 0x06, 0x18, 0x06, 0x18, 0x06, 0x18, 0x06, 0x18, 0x06, 0x18, 0x06,
    0x18, 0x06, 0x18, 0x06, 0x18, 0x06, 0x18, 0x06, 0x18, 0x06, 0x18, 0x06,
    0x18, 0x06, 0x18, 0x06, 0x18, 0x06, 0x18, 0x06, 0x18, 0x06, 0x18, 0x06,
    0x18, 0x06, 0x18, 0x06, 0x18, 0x06, 0x18, 0x06, 0x18, 0x06, 0x18, 0x06,
    0x18, 0x06, 0x18, 0x06, 0x18, 0x06, 0x18, 0x06, 0x18, 0x06, 0x18, 0x06,
    0x18, 0x06, 0x18, 0x06, 0x18, 0x06, 0x18, 0x06, 0x18, 0x06, 0x18, 0x06,
    0x18, 0x06, 0x18, 0x06, 0x18, 0x06, 0x18, 0x06, 0x18, 0x06, 0xe3, 0x04,
    0x00, 0x06, 0x00, 0x06, 0x00, 0x06, 0x00, 0x06, 0x00, 0x06, 0x00, 0x06,
    0x00, 0x06, 0x00, 0x06, 0x00, 0x06, 0x00, 0x06, 0x00, 0x06, 0x00, 0x06,
    0x00, 0x06, 0x00, 0x06, 0x00, 0x06, 0x00, 0x06, 0x00, 0x06, 0x00, 0x06,
    0x00, 0x06, 0x00, 0x06, 0x00, 0x06, 0x00, 0x06, 0x00, 0x06, 0x00, 0x06,
    0x00, 0x06, 0x00, 0x06, 0x00, 0x06, 0x00, 0x06, 0x00, 0x06, 0x00, 0x06,
    0x00, 0x06, 0x00, 0x06, 0x00, 0x06, 0x00, 0x06, 0x00, 0x06, 0x00, 0x06,
    0x00, 0x06, 0x00, 0x06, 0x00, 0x06, 0x00, 0x06, 0x00, 0x06, 0x00, 0x06,
    0x00, 0x06, 0x00, 0x06, 0x48, 0x43, 0x18, 0xc0, 0x18, 0xc0, 0x18, 0xc0,
    0x18, 0xc0, 0x18, 0xc0, 0x18, 0xc0, 0x18, 0xc0, 0x18, 0xc0, 0x18, 0xc0,
    0x18, 0xc0, 0x18, 0xc0, 0x18, 0xc0, 0x18, 0xc0, 0x18, 0xc0, 0x18, 0xc0,
    0x18, 0xc0, 0x18, 0xc0, 0x18, 0xc0, 0x18, 0xc0, 0x18, 0xc0, 0x18, 0xc0,
    0x18, 0xc0, 0x18, 0xc0, 0x18, 0xc0, 0x18, 0xc0, 0x18, 0xc0, 0x18, 0xc0,
    0x18, 0xc0, 0x18, 0xc0, 0x18, 0xc0, 0x18, 0xc0, 0x18, 0xc0, 0x18, 0xc0,
    0x18, 0xc0, 0x18, 0xc0, 0x18, 0xc0, 0x18, 0xc0, 0x18, 0xc0, 0x18, 0xc0,
    0x18, 0xc0, 0x18, 0xc0, 0x18, 0xc0, 0x18, 0xc0, 0x18, 0xc0, 0x18, 0xc0,
    0x18, 0xc0, 0x00, 0xc0, 0x00, 0xc0, 0x00, 0xc0, 0x00, 0xc0, 0x00, 0xc0,
    0x00, 0xc0, 0x00, 0xc0, 0x00, 0xc0, 0x00, 0xc0, 0x00, 0xc0, 0x00, 0xc0,
    0x00, 0xc0, 0x00, 0xc0, 0x00, 0xc0, 0x00, 0xc0, 0x00, 0xc0, 0x00, 0xc0,
    0x00, 0xc0, 0x00, 0xc0, 0x00, 0xc0, 0x00, 0xc0, 0x00, 0xc0, 0x00, 0xc0,
    0x00, 0xc0, 0x00, 0xc0, 0x00, 0xc0, 0x00, 0xc0, 0x00, 0xc0, 0x00, 0xc0,
    0x00, 0xc0, 0x00, 0xc0, 0x00, 0xc0, 0x00, 0xc0, 0x00, 0xc0, 0x00, 0xc0,
    0x00, 0xc0, 0x00, 0xc0, 0x00, 0xc0, 0x00, 0xc0, 0x00, 0xc0, 0x00, 0xc0,
    0x00, 0xc0, 0x00, 0xc0, 0x00, 0xc0, 0x00, 0xc0, 0x0e, 0x38, 0x18, 0x00,
    0x18, 0x00, 0x18, 0x00, 0x18, 0x00, 0x18, 0x00, 0x18, 0x00, 0x18, 0x00,
    0x18, 0x00, 0x18, 0x00, 0x18, 0x00, 0x18, 0x00, 0x18, 0x00, 0x18, 0x00,
    0x18, 0x00, 0x18, 0x00, 0x18, 0x00, 0x18, 0x00, 0x18, 0x00, 0x18, 0x00,
    0x18, 0x00, 0x18, 0x00, 0x18, 0x00, 0x18, 0x00, 0x18, 0x00, 0x18, 0x00,
    0x18, 0x00, 0x18, 0x00, 0x18, 0x00, 0x18, 0x00, 0x18, 0x00, 0x18, 0x00,
    0x18, 0x00, 0x18, 0x00, 0x18, 0x00, 0x18, 0x00, 0x18, 0x00, 0x18, 0x00,
    0x18, 0x00, 0x18, 0x00, 0x18, 0x00, 0x18, 0x00, 0x18, 0x00, 0x18, 0x00,
    0x18, 0x00, 0x18, 0x00, 0x18, 0xc6, 0x18, 0xc6, 0x18, 0xc6, 0x18, 0xc6,
    0x18, 0xc6, 0x18, 0xc6, 0x18, 0xc6, 0x18, 0xc6, 0x18, 0xc6, 0x18, 0xc6,
    0x18, 0xc6, 0x18, 0xc6, 0x18, 0xc6, 0x18, 0xc6, 0x18, 0xc6, 0x18, 0xc6,
    0x18, 0xc6, 0x18, 0xc6, 0x18, 0xc6, 0x18, 0xc6, 0x18, 0xc6, 0x18, 0xc6,
    0x18, 0xc6, 0x18, 0xc6, 0x18, 0xc6, 0x18, 0xc6, 0x18, 0xc6, 0x18, 0xc6,
    0x18, 0xc6, 0x18, 0xc6, 0x18, 0xc6, 0x18, 0xc6, 0x18, 0xc6, 0x18, 0xc6,
    0x18, 0xc6, 0x18, 0xc6, 0x18, 0xc6, 0x18, 0xc6, 0x18, 0xc6, 0x18, 0xc6,
    0x18, 0xc6, 0x18, 0xc6, 0x18, 0xc6, 0x18, 0xc6, 0x18, 0xc6, 0xf8, 0xbd,
    0x00, 0xc6, 0x00, 0xc6, 0x00, 0xc6, 0x00, 0xc6, 0x00, 0xc6, 0x00, 0xc6,
    0x00, 0xc6, 0x00, 0xc6, 0x00, 0xc6, 0x00, 0xc6, 0x00, 0xc6, 0x00, 0xc6,
    0x00, 0xc6, 0x00, 0xc6, 0x00, 0xc6, 0x00, 0xc6, 0x00, 0xc6, 0x00, 0xc6,
    0x00, 0xc6, 0x00, 0xc6, 0x00, 0xc6, 0x00, 0xc6, 0x00, 0xc6, 0x00, 0xc6,
    0x00, 0xc6, 0x00, 0xc6, 0x00, 0xc6, 0x00, 0xc6, 0x00, 0xc6, 0x00, 0xc6,
    0x00, 0xc6, 0x00, 0xc6, 0x00, 0xc6, 0x00, 0xc6, 0x00, 0xc6, 0x00, 0xc6,
    0x00, 0xc6, 0x00, 0xc6, 0x00, 0xc6, 0x00, 0xc6, 0x00, 0xc6, 0x00, 0xc6,
    0x00, 0xc6, 0x00, 0xc6, 0x00, 0xc6, 0xf8, 0xbd, 0x18, 0x06, 0x18, 0x06,
    0x18, 0x06, 0x18, 0x06, 0x18, 0x06, 0x18, 0x06, 0x18, 0x06, 0x18, 0x06,
    0x18, 0x06, 0x18, 0x06, 0x18, 0x06, 0x18, 0x06, 0x18, 0x06, 0x18, 0x06,
    0x18, 0x06, 0x18, 0x06, 0x18, 0x06, 0x18, 0x06, 0x18, 0x06, 0x18, 0x06,
    0x18, 0x06, 0x18, 0x06, 0x18, 0x06, 0x18, 0x06, 0x18, 0x06, 0x18, 0x06,
    0x18, 0x06, 0x18, 0x06, 0x18, 0x06, 0x18, 0x06, 0x18, 0x06, 0x18, 0x06,
    0x18, 0x06, 0x18, 0x06, 0x18, 0x06, 0x18, 0x06, 0x18, 0x06, 0x18, 0x06,
    0x18, 0x06, 0x18, 0x06, 0x18, 0x06, 0x18, 0x06, 0x18, 0x06, 0x18, 0x06,
    0x18, 0x06, 0xe2, 0x0c, 0x00, 0x06, 0x00, 0x06, 0x00, 0x06, 0x00, 0x06,
    0x00, 0x06, 0x00, 0x06, 0x00, 0x06, 0x00, 0x06, 0x00, 0x06, 0x00, 0x06,
    0x00, 0x06, 0x00, 0x06, 0x00, 0x06, 0x00, 0x06, 0x00, 0x06, 0x00, 0x06,
    0x00, 0x06, 0x00, 0x06, 0x00, 0x06, 0x00, 0x06, 0x00, 0x06, 0x00, 0x06,
    0x00, 0x06, 0x00, 0x06, 0x00, 0x06, 0x00, 0x06, 0x00, 0x06, 0x00, 0x06,
    0x00, 0x06, 0x00, 0x06, 0x00, 0x06, 0x00, 0x06, 0x00, 0x06, 0x00, 0x06,
    0x00, 0x06, 0x00, 0x06, 0x00, 0x06, 0x00, 0x06, 0x00, 0x06, 0x00, 0x06,
    0x00, 0x06, 0x00, 0x06, 0x00, 0x06, 0x00, 0x06, 0x47, 0x3b, 0x18, 0xc0,
    0x18, 0xc0, 0x18, 0xc0, 0x18, 0xc0, 0x18, 0xc0, 0x18, 0xc0, 0x18, 0xc0,
    0x18, 0xc0, 0x18, 0xc0, 0x18, 0xc0, 0x18, 0xc0, 0x18, 0xc0, 0x18, 0xc0,
    0x18, 0xc0, 0x18, 0xc0, 0x18, 0xc0, 0x18, 0xc0, 0x18, 0xc0, 0x18, 0xc0,
    0x18, 0xc0, 0x18, 0xc0, 0x18, 0xc0, 0x18, 0xc0, 0x18, 0xc0, 0x18, 0xc0,
    0x18, 0xc0, 0x18, 0xc0, 0x18, 0xc0, 0x18, 0xc0, 0x18, 0xc0, 0x18, 0xc0,
    0x18, 0xc0, 0x18, 0xc0, 0x18, 0xc0, 0x18, 0xc0, 0x18, 0xc0, 0x18, 0xc0,
    0x18, 0xc0, 0x18, 0xc0, 0x18, 0xc0, 0x18, 0xc0, 0x18, 0xc0, 0x18, 0xc0,
    0x18, 0xc0, 0x18, 0xc0, 0x18, 0xc0, 0x00, 0xc0, 0x00, 0xc0, 0x00, 0xc0,
    0x00, 0xc0, 0x00, 0xc0, 0x00, 0xc0, 0x00, 0xc0, 0x00, 0xc0, 0x00, 0xc0,
    0x00, 0xc0, 0x00, 0xc0, 0x00, 0xc0, 0x00, 0xc0, 0x00, 0xc0, 0x00, 0xc0,
    0x00, 0xc0, 0x00, 0xc0, 0x00, 0xc0, 0x00, 0xc0, 0x00, 0xc0, 0x00, 0xc0,
    0x00, 0xc0, 0x00, 0xc0, 0x00, 0xc0, 0x00, 0xc0, 0x00, 0xc0, 0x00, 0xc0,
    0x00, 0xc0, 0x00, 0xc0, 0x00, 0xc0, 0x00, 0xc0, 0x00, 0xc0, 0x00, 0xc0,
    0x00, 0xc0, 0x00, 0xc0, 0x00, 0xc0, 0x00, 0xc0, 0x00, 0xc0, 0x00, 0xc0,
    0x00, 0xc0, 0x00, 0xc0, 0x00, 0xc0, 0x00, 0xc0, 0x00, 0xc0, 0x00, 0xc0,
    0x0d, 0x30, 0x18, 0x00, 0x18, 0x00, 0x18, 0x00, 0x18, 0x00, 0x18, 0x00,
    0x18, 0x00, 0x18, 0x00, 0x18, 0x00, 0x18, 0x00, 0x18, 0x00, 0x18, 0x00,
    0x18, 0x00, 0x18, 0x00, 0x18, 0x00, 0x18, 0x00, 0x18, 0x00, 0x18, 0x00,
    0x18, 0x00, 0x18, 0x00, 0x18, 0x00, 0x18, 0x00, 0x18, 0x00, 0x18, 0x00,
    0x18, 0x00, 0x18, 0x00, 0x18, 0x00, 0x18, 0x00, 0x18, 0x00, 0x18, 0x00,
    0x18, 0x00, 0x18, 0x00, 0x18, 0x00, 0x18, 0x00, 0x18, 0x00, 0x18, 0x00,
    0x18, 0x00, 0x18, 0x00, 0x18, 0x00, 0x18, 0x00, 0x18, 0x00, 0x18, 0x00,
    0x18, 0x00, 0x18, 0x00, 0x18, 0x00, 0x18, 0x00, 0x18, 0xc6, 0x18, 0xc6,
    0x18, 0xc6, 0x18, 0xc6, 0x18, 0xc6, 0x18, 0xc6, 0x18, 0xc6, 0x18, 0xc6,
    0x18, 0xc6, 0x18, 0xc6, 0x18, 0xc6, 0x18, 0xc6, 0x18, 0xc6, 0x18, 0xc6,
    0x18, 0xc6, 0x18, 0xc6, 0x18, 0xc6, 0x18, 0xc6, 0x18, 0xc6, 0x18, 0xc6,
    0x18, 0xc6, 0x18, 0xc6, 0x18, 0xc6, 0x18, 0xc6, 0x18, 0xc6, 0x18, 0xc6,
    0x18, 0xc6, 0x18, 0xc6, 0x18, 0xc6, 0x18, 0xc6, 0x18, 0xc6, 0x18, 0xc6,
    0x18, 0xc6, 0x18, 0xc6, 0x18, 0xc6, 0x18, 0xc6, 0x18, 0xc6, 0x18, 0xc6,
    0x18, 0xc6, 0x18, 0xc6, 0x18, 0xc6, 0x18, 0xc6, 0x18, 0xc6, 0x18, 0xc6,
    0x18, 0xc6, 0xf8, 0xc5, 0x00, 0xc6, 0x00, 0xc6, 0x00, 0xc6, 0x00, 0xc6,
    0x00, 0xc6, 0x00, 0xc6, 0x00, 0xc6, 0x00, 0xc6, 0x00, 0xc6, 0x00, 0xc6,
    0x00, 0xc6, 0x00, 0xc6, 0x00, 0xc6, 0x00, 0xc6, 0x00, 0xc6, 0x00, 0xc6,
    0x00, 0xc6, 0x00, 0xc6, 0x00, 0xc6, 0x00, 0xc6, 0x00, 0xc6, 0x00, 0xc6,
    0x00, 0xc6, 0x00, 0xc6, 0x00, 0xc6, 0x00, 0xc6, 0x00, 0xc6, 0x00, 0xc6,
    0x00, 0xc6, 0x00, 0xc6, 0x00, 0xc6, 0x00, 0xc6, 0x00, 0xc6, 0x00, 0xc6,
    0x00, 0xc6, 0x00, 0xc6, 0x00, 0xc6, 0x00, 0xc6, 0x00, 0xc6, 0x00, 0xc6,
    0x00, 0xc6, 0x00, 0xc6, 0x00, 0xc6, 0x00, 0xc6, 0x00, 0xc6, 0x18, 0xbe,
    0x18, 0x06, 0x18, 0x06, 0x18, 0x06, 0x18, 0x06, 0x18, 0x06, 0x18, 0x06,
    0x18, 0x06, 0x18, 0x06, 0x18, 0x06, 0x18, 0x06, 0x18, 0x06, 0x18, 0x06,
    0x18, 0x06, 0x18, 0x06, 0x18, 0x06, 0x18, 0x06, 0x18, 0x06, 0x18, 0x06,
    0x18, 0x06, 0x18, 0x06, 0x18, 0x06, 0x18, 0x06, 0x18, 0x06, 0x18, 0x06,
    0x18, 0x06, 0x18, 0x06, 0x18, 0x06, 0x18, 0x06, 0x18, 0x06, 0x18, 0x06,
    0x18, 0x06, 0x18, 0x06, 0x18, 0x06, 0x18, 0x06, 0x18, 0x06, 0x18, 0x06,
    0x18, 0x06, 0x18, 0x06, 0x18, 0x06, 0x18, 0x06, 0x18, 0x06, 0x18, 0x06,
    0x18, 0x06, 0x18, 0x06, 0x18, 0x06, 0x02, 0x0d, 0x00, 0x06, 0x00, 0x06,
    0x00, 0x06, 0x00, 0x06, 0x00, 0x06, 0x00, 0x06, 0x00, 0x06, 0x00, 0x06,
    0x00, 0x06, 0x00, 0x06, 0x00, 0x06, 0x00, 0x06, 0x00, 0x06, 0x00, 0x06,
    0x00, 0x06, 0x00, 0x06, 0x00, 0x06, 0x00, 0x06, 0x00, 0x06, 0x00, 0x06,
    0x00, 0x06, 0x00, 0x06, 0x00, 0x06, 0x00, 0x06, 0x00, 0x06, 0x00, 0x06,
    0x00, 0x06, 0x00, 0x06, 0x00, 0x06, 0x00, 0x06, 0x00, 0x06, 0x00, 0x06,
    0x00, 0x06, 0x00, 0x06, 0x00, 0x06, 0x00, 0x06, 0x00, 0x06, 0x00, 0x06,
    0x00, 0x06, 0x00, 0x06, 0x00, 0x06, 0x00, 0x06, 0x00, 0x06, 0x00, 0x06,
    0x27, 0x3b, 0x18, 0xc0, 0x18, 0xc0, 0x18, 0xc0, 0x18, 0xc0, 0x18, 0xc0,
    0x18, 0xc0, 0x18, 0xc0, 0x18, 0xc0, 0x18, 0xc0, 0x18, 0xc0, 0x18, 0xc0,
    0x18, 0xc0, 0x18, 0xc0, 0x18, 0xc0, 0x18, 0xc0, 0x18, 0xc0, 0x18, 0xc0,
    0x18, 0xc0, 0x18, 0xc0, 0x18, 0xc0, 0x18, 0xc0, 0x18, 0xc0, 0x18, 0xc0,
    0x18, 0xc0, 0x18, 0xc0, 0x18, 0xc0, 0x18, 0xc0, 0x18, 0xc0, 0x18, 0xc0,
    0x18, 0xc0, 0x18, 0xc0, 0x18, 0xc0, 0x18, 0xc0, 0x18, 0xc0, 0x18, 0xc0,
    0x18, 0xc0, 0x18, 0xc0, 0x18, 0xc0, 0x18, 0xc0, 0x18, 0xc0, 0x18, 0xc0,
    0x18, 0xc0, 0x18, 0xc0, 0x18, 0xc0, 0x18, 0xc0, 0x18, 0xc0, 0x00, 0xc0,
    0x00, 0xc0, 0x00, 0xc0, 0x00, 0xc0, 0x00, 0xc0, 0x00, 0xc0, 0x00, 0xc0,
    0x00, 0xc0, 0x00, 0xc0, 0x00, 0xc0, 0x00, 0xc0, 0x00, 0xc0, 0x00, 0xc0,
    0x00, 0xc0, 0x00, 0xc0, 0x00, 0xc0, 0x00, 0xc0, 0x00, 0xc0, 0x00, 0xc0,
    0x00, 0xc0, 0x00, 0xc0, 0x00, 0xc0, 0x00, 0xc0, 0x00, 0xc0, 0x00, 0xc0,
    0x00, 0xc0, 0x00, 0xc0, 0x00, 0xc0, 0x00, 0xc0, 0x00, 0xc0, 0x00, 0xc0,
    0x00, 0xc0, 0x00, 0xc0, 0x00, 0xc0, 0x00, 0xc0, 0x00, 0xc0, 0x00, 0xc0,
    0x00, 0xc0, 0x00, 0xc0, 0x00, 0xc0, 0x00, 0xc0, 0x00, 0xc0, 0x00, 0xc0,
    0x00, 0xc0, 0x00, 0xc0, 0x0d, 0x30, 0x18, 0x00, 0x18, 0x00, 0x18, 0x00,
    0x18, 0x00, 0x18, 0x00, 0x18, 0x00, 0x18, 0x00, 0x18, 0x00, 0x18, 0x00,
    0x18, 0x00, 0x18, 0x00, 0x18, 0x00, 0x18, 0x00, 0x18, 0x00, 0x18, 0x00,
    0x18, 0x00, 0x18, 0x00, 0x18, 0x00, 0x18, 0x00, 0x18, 0x00, 0x18, 0x00,
    0x18, 0x00, 0x18, 0x00, 0x18, 0x00, 0x18, 0x00, 0x18, 0x00, 0x18, 0x00,
    0x18, 0x00, 0x18, 0x00, 0x18, 0x00, 0x18, 0x00, 0x18, 0x00, 0x18, 0x00,
    0x18, 0x00, 0x18, 0x00, 0x18, 0x00, 0x18, 0x00, 0x18, 0x00, 0x18, 0x00,
    0x18, 0x00, 0x18, 0x00, 0x18, 0x00, 0x18, 0x00, 0x18, 0x00, 0x18, 0x00,
    0x18, 0xc6, 0x18, 0xc6, 0x18, 0xc6, 0x18, 0xc6, 0x18, 0xc6, 0x18, 0xc6,
    0x18, 0xc6, 0x18, 0xc6, 0x18, 0xc6, 0x18, 0xc6, 0x18, 0xc6, 0x18, 0xc6,
    0x18, 0xc6, 0x18, 0xc6, 0x18, 0xc6, 0x18, 0xc6, 0x18, 0xc6, 0x18, 0xc6,
    0x18, 0xc6, 0x18, 0xc6, 0x18, 0xc6, 0x18, 0xc6, 0x18, 0xc6, 0x18, 0xc6,
    0x18, 0xc6, 0x18, 0xc6, 0x18, 0xc6, 0x18, 0xc6, 0x18, 0xc6, 0x18, 0xc6,
    0x18, 0xc6, 0x18, 0xc6, 0x18, 0xc6, 0x18, 0xc6, 0x18, 0xc6, 0x18, 0xc6,
    0x18, 0xc6, 0x18, 0xc6, 0x18, 0xc6, 0x18, 0xc6, 0x18, 0xc6, 0x18, 0xc6,
    0x18, 0xc6, 0x18, 0xc6, 0x18, 0xc6, 0xf8, 0xbd, 0x00, 0xc6, 0x00, 0xc6,
    0x00, 0xc6, 0x00, 0xc6, 0x00, 0xc6, 0x00, 0xc6, 0x00, 0xc6, 0x00, 0xc6,
    0x00, 0xc6, 0x00, 0xc6, 0x00, 0xc6, 0x00, 0xc6, 0x00, 0xc6, 0x00, 0xc6,
    0x00, 0xc6, 0x00, 0xc6, 0x00, 0xc6, 0x00, 0xc6, 0x00, 0xc6, 0x00, 0xc6,
    0x00, 0xc6, 0x00, 0xc6, 0x00, 0xc6, 0x00, 0xc6, 0x00, 0xc6, 0x00, 0xc6,
    0x00, 0xc6, 0x00, 0xc6, 0x00, 0xc6, 0x00, 0xc6, 0x00, 0xc6, 0x00, 0xc6,
    0x00, 0xc6, 0x00, 0xc6, 0x00, 0xc6, 0x00, 0xc6, 0x00, 0xc6, 0x00, 0xc6,
    0x00, 0xc6, 0x00, 0xc6, 0x00, 0xc6, 0x00, 0xc6, 0x00, 0xc6, 0x00, 0xc6,
    0x00, 0xc6, 0xf8, 0xc5, 0x18, 0x06, 0x18, 0x06, 0x18, 0x06, 0x18, 0x06,
    0x18, 0x06, 0x18, 0x06, 0x18, 0x06, 0x18, 0x06, 0x18, 0x06, 0x18, 0x06,
    0x18, 0x06, 0x18, 0x06, 0x18, 0x06, 0x18, 0x06, 0x18, 0x06, 0x18, 0x06,
    0x18, 0x06, 0x18, 0x06, 0x18, 0x06, 0x18, 0x06, 0x18, 0x06, 0x18, 0x06,
    0x18, 0x06, 0x18, 0x06, 0x18, 0x06, 0x18, 0x06, 0x18, 0x06, 0x18, 0x06,
    0x18, 0x06, 0x18, 0x06, 0x18, 0x06, 0x18, 0x06, 0x18, 0x06, 0x18, 0x06,
    0x18, 0x06, 0x18, 0x06, 0x18, 0x06, 0x18, 0x06, 0x18, 0x06, 0x18, 0x06,
    0x18, 0x06, 0x18, 0x06, 0x18, 0x06, 0x18, 0x06, 0x18, 0x06, 0xe3, 0x04,
    0x00, 0x06, 0x00, 0x06, 0x00, 0x06, 0x00, 0x06, 0x00, 0x06, 0x00, 0x06,
    0x00, 0x06, 0x00, 0x06, 0x00, 0x06, 0x00, 0x06, 0x00, 0x06, 0x00, 0x06,
    0x00, 0x06, 0x00, 0x06, 0x00, 0x06, 0x00, 0x06, 0x00, 0x06, 0x00, 0x06,
    0x00, 0x06, 0x00, 0x06, 0x00, 0x06, 0x00, 0x06, 0x00, 0x06, 0x00, 0x06,
    0x00, 0x06, 0x00, 0x06, 0x00, 0x06, 0x00, 0x06, 0x00, 0x06, 0x00, 0x06,
    0x00, 0x06, 0x00, 0x06, 0x00, 0x06, 0x00, 0x06, 0x00, 0x06, 0x00, 0x06,
    0x00, 0x06, 0x00, 0x06, 0x00, 0x06, 0x00, 0x06, 0x00, 0x06, 0x00, 0x06,
    0x00, 0x06, 0x00, 0x06, 0x48, 0x43, 0x18, 0xc0, 0x18, 0xc0, 0x18, 0xc0,
    0x18, 0xc0, 0x18, 0xc0, 0x18, 0xc0, 0x18, 0xc0, 0x18, 0xc0, 0x18, 0xc0,
    0x18, 0xc0, 0x18, 0xc0, 0x18, 0xc0, 0x18, 0xc0, 0x18, 0xc0, 0x18, 0xc0,
    0x18, 0xc0, 0x18, 0xc0, 0x18, 0xc0, 0x18, 0xc0, 0x18, 0xc0, 0x18, 0xc0,
    0x18, 0xc0, 0x18, 0xc0, 0x18, 0xc0, 0x18, 0xc0, 0x18, 0xc0, 0x18, 0xc0,
    0x18, 0xc0, 0x18, 0xc0, 0x18, 0xc0, 0x18, 0xc0, 0x18, 0xc0, 0x18, 0xc0,
    0x18, 0xc0, 0x18, 0xc0, 0x18, 0xc0, 0x18, 0xc0, 0x18, 0xc0, 0x18, 0xc0,
    0x18, 0xc0, 0x18, 0xc0, 0x18, 0xc0, 0x18, 0xc0, 0x18, 0xc0, 0x18, 0xc0,
    0x18, 0xc0, 0x00, 0xc0, 0x00, 0xc0, 0x00, 0xc0, 0x00, 0xc0, 0x00, 0xc0,
    0x00, 0xc0, 0x00, 0xc0, 0x00, 0xc0, 0x00, 0xc0, 0x00, 0xc0, 0x00, 0xc0,
    0x00, 0xc0, 0x00, 0xc0, 0x00, 0xc0, 0x00, 0xc0, 0x00, 0xc0, 0x00, 0xc0,
    0x00, 0xc0, 0x00, 0xc0, 0x00, 0xc0, 0x00, 0xc0, 0x00, 0xc0, 0x00, 0xc0,
    0x00, 0xc0, 0x00, 0xc0, 0x00, 0xc0, 0x00, 0xc0, 0x00, 0xc0, 0x00, 0xc0,
    0x00, 0xc0, 0x00, 0xc0, 0x00, 0xc0, 0x00, 0xc0, 0x00, 0xc0, 0x00, 0xc0,
    0x00, 0xc0, 0x00, 0xc0, 0x00, 0xc0, 0x00, 0xc0, 0x00, 0xc0, 0x00, 0xc0,
    0x00, 0xc0, 0x00, 0xc0, 0x00, 0xc0, 0x00, 0xc0, 0x0d, 0x30, 0x18, 0x00,
    0x18, 0x00, 0x18, 0x00, 0x18, 0x00, 0x18, 0x00, 0x18, 0x00, 0x18, 0x00,
    0x18, 0x00, 0x18, 0x00, 0x18, 0x00, 0x18, 0x00, 0x18, 0x00, 0x18, 0x00,
    0x18, 0x00, 0x18, 0x00, 0x18, 0x00, 0x18, 0x00, 0x18, 0x00, 0x18, 0x00,
    0x18, 0x00, 0x18, 0x00, 0x18, 0x00, 0x18, 0x00, 0x18, 0x00, 0x18, 0x00,
    0x18, 0x00, 0x18, 0x00, 0x18, 0x00, 0x18, 0x00, 0x18, 0x00, 0x18, 0x00,
    0x18, 0x00, 0x18, 0x00, 0x18, 0x00, 0x18, 0x00, 0x18, 0x00, 0x18, 0x00,
    0x18, 0x00, 0x18, 0x00, 0x18, 0x00, 0x18, 0x00, 0x18, 0x00, 0x18, 0x00,
    0x18, 0x00, 0x18, 0x00, 0x18, 0xc6, 0x18, 0xc6, 0x18, 0xc6, 0x18, 0xc6,
    0x18, 0xc6, 0x18, 0xc6, 0x18, 0xc6, 0x18, 0xc6, 0x18, 0xc6, 0x18, 0xc6,
    0x18, 0xc6, 0x18, 0xc6, 0x18, 0xc6, 0x18, 0xc6, 0x18, 0xc6, 0x18, 0xc6,
    0x18, 0xc6, 0x18, 0xc6, 0x18, 0xc6, 0x18, 0xc6, 0x18, 0xc6, 0x18, 0xc6,
    0x18, 0xc6, 0x18, 0xc6, 0x18, 0xc6, 0x18, 0xc6, 0x18, 0xc6, 0x18, 0xc6,
    0x18, 0xc6, 0x18, 0xc6, 0x18, 0xc6, 0x18, 0xc6, 0x18, 0xc6, 0x18, 0xc6,
    0x18, 0xc6, 0x18, 0xc6, 0x18, 0xc6, 0x18, 0xc6, 0x18, 0xc6, 0x18, 0xc6,
    0x18, 0xc6, 0x18, 0xc6, 0x18, 0xc6, 0x18, 0xc6, 0x18, 0xc6, 0xf8, 0xbd,
    0x00, 0xc6, 0x00, 0xc6, 0x00, 0xc6, 0x00, 0xc6, 0x00, 0xc6, 0x00, 0xc6,
    0x00, 0xc6, 0x00, 0xc6, 0x00, 0xc6, 0x00, 0xc6, 0x00, 0xc6, 0x00, 0xc6,
    0x00, 0xc6, 0x00, 0xc6, 0x00, 0xc6, 0x00, 0xc6, 0x00, 0xc6, 0x00, 0xc6,
    0x00, 0xc6, 0x00, 0xc6, 0x00, 0xc6, 0x00, 0xc6, 0x00, 0xc6, 0x00, 0xc6,
    0x00, 0xc6, 0x00, 0xc6, 0x00, 0xc6, 0x00, 0xc6, 0x00, 0xc6, 0x00, 0xc6,
    0x00, 0xc6, 0x00, 0xc6, 0x00, 0xc6, 0x00, 0xc6, 0x00, 0xc6, 0x00, 0xc6,
    0x00, 0xc6, 0x00, 0xc6, 0x00, 0xc6, 0x00, 0xc6, 0x00, 0xc6, 0x00, 0xc6,
    0x00, 0xc6, 0x00, 0xc6, 0x00, 0xc6, 0xf8, 0xbd, 0x18, 0x06, 0x18, 0x06,
    0x18, 0x06, 0x18, 0x06, 0x18, 0x06, 0x18, 0x06, 0x18, 0x06, 0x18, 0x06,
    0x18, 0x06, 0x18, 0x06, 0x18, 0x06, 0x18, 0x06, 0x18, 0x06, 0x18, 0x06,
    0x18, 0x06, 0x18, 0x06, 0x18, 0x06, 0x18, 0x06, 0x18, 0x06, 0x18, 0x06,
    0x18, 0x06, 0x18, 0x06, 0x18, 0x06, 0x18, 0x06, 0x18, 0x06, 0x18, 0x06,
    0x18, 0x06, 0x18, 0x06, 0x18, 0x06, 0x18, 0x06, 0x18, 0x06, 0x18, 0x06,
    0x18, 0x06, 0x18, 0x06, 0x18, 0x06, 0x18, 0x06, 0x18, 0x06, 0x18, 0x06,
    0x18, 0x06, 0x18, 0x06, 0x18, 0x06, 0x18, 0x06, 0x18, 0x06, 0x18, 0x06,
    0x18, 0x06, 0xe2, 0x04, 0x00, 0x06, 0x00, 0x06, 0x00, 0x06, 0x00, 0x06,
    0x00, 0x06, 0x00, 0x06, 0x00, 0x06, 0x00, 0x06, 0x00, 0x06, 0x00, 0x06,
    0x00, 0x06, 0x00, 0x06, 0x00, 0x06, 0x00, 0x06, 0x00, 0x06, 0x00, 0x06,
    0x00, 0x06, 0x00, 0x06, 0x00, 0x06, 0x00, 0x06, 0x00, 0x06, 0x00, 0x06,
    0x00, 0x06, 0x00, 0x06, 0x00, 0x06, 0x00, 0x06, 0x00, 0x06, 0x00, 0x06,
    0x00, 0x06, 0x00, 0x06, 0x00, 0x06, 0x00, 0x06, 0x00, 0x06, 0x00, 0x06,
    0x00, 0x06, 0x00, 0x06, 0x00, 0x06, 0x00, 0x06, 0x00, 0x06, 0x00, 0x06,
    0x00, 0x06, 0x00, 0x06, 0x00, 0x06, 0x00, 0x06, 0x27, 0x3b, 0x18, 0xc0,
    0x18, 0xc0, 0x18, 0xc0, 0x18, 0xc0, 0x18, 0xc0, 0x18, 0xc0, 0x18, 0xc0,
    0x18, 0xc0, 0x18, 0xc0, 0x18, 0xc0, 0x18, 0xc0, 0x18, 0xc0, 0x18, 0xc0,
    0x18, 0xc0, 0x18, 0xc0, 0x18, 0xc0, 0x18, 0xc0, 0x18, 0xc0, 0x18, 0xc0,
    0x18, 0xc0, 0x18, 0xc0, 0x18, 0xc0, 0x18, 0xc0, 0x18, 0xc0, 0x18, 0xc0,
    0x18, 0xc0, 0x18, 0xc0, 0x18, 0xc0, 0x18, 0xc0, 0x18, 0xc0, 0x18, 0xc0,
    0x18, 0xc0, 0x18, 0xc0, 0x18, 0xc0, 0x18, 0xc0, 0x18, 0xc0, 0x18, 0xc0,
    0x18, 0xc0, 0x18, 0xc0, 0x18, 0xc0, 0x18, 0xc0, 0x18, 0xc0, 0x18, 0xc0,
    0x18, 0xc0, 0x18, 0xc0, 0x18, 0xc0, 0x00, 0xc0, 0x00, 0xc0, 0x00, 0xc0,
    0x00, 0xc0, 0x00, 0xc0, 0x00, 0xc0, 0x00, 0xc0, 0x00, 0xc0, 0x00, 0xc0,
    0x00, 0xc0, 0x00, 0xc0, 0x00, 0xc0, 0x00, 0xc0, 0x00, 0xc0, 0x00, 0xc0,
    0x00, 0xc0, 0x00, 0xc0, 0x00, 0xc0, 0x00, 0xc0, 0x00, 0xc0, 0x00, 0xc0,
    0x00, 0xc0, 0x00, 0xc0, 0x00, 0xc0, 0x00, 0xc0, 0x00, 0xc0, 0x00, 0xc0,
    0x00, 0xc0, 0x00, 0xc0, 0x00, 0xc0, 0x00, 0xc0, 0x00, 0xc0, 0x00, 0xc0,
    0x00, 0xc0, 0x00, 0xc0, 0x00, 0xc0, 0x00, 0xc0, 0x00, 0xc0, 0x00, 0xc0,
    0x00, 0xc0, 0x00, 0xc0, 0x00, 0xc0, 0x00, 0xc0, 0x00, 0xc0, 0x00, 0xc0,
    0x0d, 0x30, 0x18, 0x00, 0x18, 0x00, 0x18, 0x00, 0x18, 0x00, 0x18, 0x00,
    0x18, 0x00, 0x18, 0x00, 0x18, 0x00, 0x18, 0x00, 0x18, 0x00, 0x18, 0x00,
    0x18, 0x00, 0x18, 0x00, 0x18, 0x00, 0x18, 0x00, 0x18, 0x00, 0x18, 0x00,
    0x18, 0x00, 0x18, 0x00, 0x18, 0x00, 0x18, 0x00, 0x18, 0x00, 0x18, 0x00,
    0x18, 0x00, 0x18, 0x00, 0x18, 0x00, 0x18, 0x00, 0x18, 0x00, 0x18, 0x00,
    0x18, 0x00, 0x18, 0x00, 0x18, 0x00, 0x18, 0x00, 0x18, 0x00, 0x18, 0x00,
    0x18, 0x00, 0x18, 0x00, 0x18, 0x00, 0x18, 0x00, 0x18, 0x00, 0x18, 0x00,
    0x18, 0x00, 0x18, 0x00, 0x18, 0x00, 0x18, 0x00, 0x18, 0xc6, 0x18, 0xc6,
    0x18, 0xc6, 0x18, 0xc6, 0x18, 0xc6, 0x18, 0xc6, 0x18, 0xc6, 0x18, 0xc6,
    0x18, 0xc6, 0x18, 0xc6, 0x18, 0xc6, 0x18, 0xc6, 0x18, 0xc6, 0x18, 0xc6,
    0x18, 0xc6, 0x18, 0xc6, 0x18, 0xc6, 0x18, 0xc6, 0x18, 0xc6, 0x18, 0xc6,
    0x18, 0xc6, 0x18, 0xc6, 0x18, 0xc6, 0x18, 0xc6, 0x18, 0xc6, 0x18, 0xc6,
    0x18, 0xc6, 0x18, 0xc6, 0x18, 0xc6, 0x18, 0xc6, 0x18, 0xc6, 0x18, 0xc6,
    0x18, 0xc6, 0x18, 0xc6, 0x18, 0xc6, 0x18, 0xc6, 0x18, 0xc6, 0x18, 0xc6,
    0x18, 0xc6, 0x18, 0xc6, 0x18, 0xc6, 0x18, 0xc6, 0x18, 0xc6, 0x18, 0xc6,
    0x18, 0xc6, 0xf8, 0xc5, 0x00, 0xc6, 0x00, 0xc6, 0x00, 0xc6, 0x00, 0xc6,
    0x00, 0xc6, 0x00, 0xc6, 0x00, 0xc6, 0x00, 0xc6, 0x00, 0xc6, 0x00, 0xc6,
    0x00, 0xc6, 0x00, 0xc6, 0x00, 0xc6, 0x00, 0xc6, 0x00, 0xc6, 0x00, 0xc6,
    0x00, 0xc6, 0x00, 0xc6, 0x00, 0xc6, 0x00, 0xc6, 0x00, 0xc6, 0x00, 0xc6,
    0x00, 0xc6, 0x00, 0xc6, 0x00, 0xc6, 0x00, 0xc6, 0x00, 0xc6, 0x00, 0xc6,
    0x00, 0xc6, 0x00, 0xc6, 0x00, 0xc6, 0x00, 0xc6, 0x00, 0xc6, 0x00, 0xc6,
    0x00, 0xc6, 0x00, 0xc6, 0x00, 0xc6, 0x00, 0xc6, 0x00, 0xc6, 0x00, 0xc6,
    0x00, 0xc6, 0x00, 0xc6, 0x00, 0xc6, 0x00, 0xc6, 0x00, 0xc6, 0xf8, 0xbd,
    0x18, 0x06, 0x18, 0x06, 0x18, 0x06, 0x18, 0x06, 0x18, 0x06, 0x18, 0x06,
    0x18, 0x06, 0x18, 0x06, 0x18, 0x06, 0x18, 0x06, 0x18, 0x06, 0x18, 0x06,
    0x18, 0x06, 0x18, 0x06, 0x18, 0x06, 0x18, 0x06, 0x18, 0x06, 0x18, 0x06,
    0x18, 0x06, 0x18, 0x06, 0x18, 0x06, 0x18, 0x06, 0x18, 0x06, 0x18, 0x06,
    0x18, 0x06, 0x18, 0x06, 0x18, 0x06, 0x18, 0x06, 0x18, 0x06, 0x18, 0x06,
    0x18, 0x06, 0x18, 0x06, 0x18, 0x06, 0x18, 0x06, 0x18, 0x06, 0x18, 0x06,
    0x18, 0x06, 0x18, 0x06, 0x18, 0x06, 0x18, 0x06, 0x18, 0x06, 0x18, 0x06,
    0x18, 0x06, 0x18, 0x06, 0x18, 0x06, 0xe2, 0x0c, 0x00, 0x06, 0x00, 0x06,
    0x00, 0x06, 0x00, 0x06, 0x00, 0x06, 0x00, 0x06, 0x00, 0x06, 0x00, 0x06,
    0x00, 0x06, 0x00, 0x06, 0x00, 0x06, 0x00, 0x06, 0x00, 0x06, 0x00, 0x06,
    0x00, 0x06, 0x00, 0x06, 0x00, 0x06, 0x00, 0x06, 0x00, 0x06, 0x00, 0x06,
    0x00, 0x06, 0x00, 0x06, 0x00, 0x06, 0x00, 0x06, 0x00, 0x06, 0x00, 0x06,
    0x00, 0x06, 0x00, 0x06, 0x00, 0x06, 0x00, 0x06, 0x00, 0x06, 0x00, 0x06,
    0x00, 0x06, 0x00, 0x06, 0x00, 0x06, 0x00, 0x06, 0x00, 0x06, 0x00, 0x06,
    0x00, 0x06, 0x00, 0x06, 0x00, 0x06, 0x00, 0x06, 0x00, 0x06, 0x00, 0x06,
    0x47, 0x3b, 0x18, 0xc0, 0x18, 0xc0, 0x18, 0xc0, 0x18, 0xc0, 0x18, 0xc0,
    0x18, 0xc0, 0x18, 0xc0, 0x18, 0xc0, 0x18, 0xc0, 0x18, 0xc0, 0x18, 0xc0,
    0x18, 0xc0, 0x18, 0xc0, 0x18, 0xc0, 0x18, 0xc0, 0x18, 0xc0, 0x18, 0xc0,
    0x18, 0xc0, 0x18, 0xc0, 0x18, 0xc0, 0x18, 0xc0, 0x18, 0xc0, 0x18, 0xc0,
    0x18, 0xc0, 0x18, 0xc0, 0x18, 0xc0, 0x18, 0xc0, 0x18, 0xc0, 0x18, 0xc0,
    0x18, 0xc0, 0x18, 0xc0, 0x18, 0xc0, 0x18, 0xc0, 0x18, 0xc0, 0x18, 0xc0,
    0x18, 0xc0, 0x18, 0xc0, 0x18, 0xc0, 0x18, 0xc0, 0x18, 0xc0, 0x18, 0xc0,
    0x18, 0xc0, 0x18, 0xc0, 0x18, 0xc0, 0x18, 0xc0, 0x18, 0xc0, 0x00, 0xc0,
    0x00, 0xc0, 0x00, 0xc0, 0x00, 0xc0, 0x00, 0xc0, 0x00, 0xc0, 0x00, 0xc0,
    0x00, 0xc0, 0x00, 0xc0, 0x00, 0xc0, 0x00, 0xc0, 0x00, 0xc0, 0x00, 0xc0,
    0x00, 0xc0, 0x00, 0xc0, 0x00, 0xc0, 0x00, 0xc0, 0x00, 0xc0, 0x00, 0xc0,
    0x00, 0xc0, 0x00, 0xc0, 0x00, 0xc0, 0x00, 0xc0, 0x00, 0xc0, 0x00, 0xc0,
    0x00, 0xc0, 0x00, 0xc0, 0x00, 0xc0, 0x00, 0xc0, 0x00, 0xc0, 0x00, 0xc0,
    0x00, 0xc0, 0x00, 0xc0, 0x00, 0xc0, 0x00, 0xc0, 0x00, 0xc0, 0x00, 0xc0,
    0x00, 0xc0, 0x00, 0xc0, 0x00, 0xc0, 0x00, 0xc0, 0x00, 0xc0, 0x00, 0xc0,
    0x00, 0xc0, 0x00, 0xc0, 0x0d, 0x30, 0x18, 0x00, 0x18, 0x00, 0x18, 0x00,
    0x18, 0x00, 0x18, 0x00, 0x18, 0x00, 0x18, 0x00, 0x18, 0x00, 0x18, 0x00,
    0x18, 0x00, 0x18, 0x00, 0x18, 0x00, 0x18, 0x00, 0x18, 0x00, 0x18, 0x00,
    0x18, 0x00, 0x18, 0x00, 0x18, 0x00, 0x18, 0x00, 0x18, 0x00, 0x18, 0x00,
    0x18, 0x00, 0x18, 0x00, 0x18, 0x00, 0x18, 0x00, 0x18, 0x00, 0x18, 0x00,
    0x18, 0x00, 0x18, 0x00, 0x18, 0x00, 0x18, 0x00, 0x18, 0x00, 0x18, 0x00,
    0x18, 0x00, 0x18, 0x00, 0x18, 0x00, 0x18, 0x00, 0x18, 0x00, 0x18, 0x00,
    0x18, 0x00, 0x18, 0x00, 0x18, 0x00, 0x18, 0x00, 0x18, 0x00, 0x18, 0x00,
    0x18, 0xc6, 0x18, 0xc6, 0x18, 0xc6, 0x18, 0xc6, 0x18, 0xc6, 0x18, 0xc6,
    0x18, 0xc6, 0x18, 0xc6, 0x18, 0xc6, 0x18, 0xc6, 0x18, 0xc6, 0x18, 0xc6,
    0x18, 0xc6, 0x18, 0xc6, 0x18, 0xc6, 0x18, 0xc6, 0x18, 0xc6, 0x18, 0xc6,
    0x18, 0xc6, 0x18, 0xc6, 0x18, 0xc6, 0x18, 0xc6, 0x18, 0xc6, 0x18, 0xc6,
    0x18, 0xc6, 0x18, 0xc6, 0x18, 0xc6, 0x18, 0xc6, 0x18, 0xc6, 0x18, 0xc6,
    0x18, 0xc6, 0x18, 0xc6, 0x18, 0xc6, 0x18, 0xc6, 0x18, 0xc6, 0x18, 0xc6,
    0x18, 0xc6, 0x18, 0xc6, 0x18, 0xc6, 0x18, 0xc6, 0x18, 0xc6, 0x18, 0xc6,
    0x18, 0xc6, 0x18, 0xc6, 0x18, 0xc6, 0x18, 0xbe, 0x00, 0xc6, 0x00, 0xc6,
    0x00, 0xc6, 0x00, 0xc6, 0x00, 0xc6, 0x00, 0xc6, 0x00, 0xc6, 0x00, 0xc6,
    0x00, 0xc6, 0x00, 0xc6, 0x00, 0xc6, 0x00, 0xc6, 0x00, 0xc6, 0x00, 0xc6,
    0x00, 0xc6, 0x00, 0xc6, 0x00, 0xc6, 0x00, 0xc6, 0x00, 0xc6, 0x00, 0xc6,
    0x00, 0xc6, 0x00, 0xc6, 0x00, 0xc6, 0x00, 0xc6, 0x00, 0xc6, 0x00, 0xc6,
    0x00, 0xc6, 0x00, 0xc6, 0x00, 0xc6, 0x00, 0xc6, 0x00, 0xc6, 0x00, 0xc6,
    0x00, 0xc6, 0x00, 0xc6, 0x00, 0xc6, 0x00, 0xc6, 0x00, 0xc6, 0x00, 0xc6,
    0x00, 0xc6, 0x00, 0xc6, 0x00, 0xc6, 0x00, 0xc6, 0x00, 0xc6, 0x00, 0xc6,
    0x00, 0xc6, 0xf8, 0xc5, 0x18, 0x06, 0x18, 0x06, 0x18, 0x06, 0x18, 0x06,
    0x18, 0x06, 0x18, 0x06, 0x18, 0x06, 0x18, 0x06, 0x18, 0x06, 0x18, 0x06,
    0x18, 0x06, 0x18, 0x06, 0x18, 0x06, 0x18, 0x06, 0x18, 0x06, 0x18, 0x06,
    0x18, 0x06, 0x18, 0x06, 0x18, 0x06, 0x18, 0x06, 0x18, 0x06, 0x18, 0x06,
    0x18, 0x06, 0x18, 0x06, 0x18, 0x06, 0x18, 0x06, 0x18, 0x06, 0x18, 0x06,
    0x18, 0x06, 0x18, 0x06, 0x18, 0x06, 0x18, 0x06, 0x18, 0x06, 0x18, 0x06,
    0x18, 0x06, 0x18, 0x06, 0x18, 0x06, 0x18, 0x06, 0x18, 0x06, 0x18, 0x06,
    0x18, 0x06, 0x18, 0x06, 0x18, 0x06, 0x18, 0x06, 0x18, 0x06, 0xe3, 0x0c,
    0x00, 0x06, 0x00, 0x06, 0x00, 0x06, 0x00, 0x06, 0x00, 0x06, 0x00, 0x06,
    0x00, 0x06, 0x00, 0x06, 0x00, 0x06, 0x00, 0x06, 0x00, 0x06, 0x00, 0x06,
    0x00, 0x06, 0x00, 0x06, 0x00, 0x06, 0x00, 0x06, 0x00, 0x06, 0x00, 0x06,
    0x00, 0x06, 0x00, 0x06, 0x00, 0x06, 0x00, 0x06, 0x00, 0x06, 0x00, 0x06,
    0x00, 0x06, 0x00, 0x06, 0x00, 0x06, 0x00, 0x06, 0x00, 0x06, 0x00, 0x06,
    0x00, 0x06, 0x00, 0x06, 0x00, 0x06, 0x00, 0x06, 0x00, 0x06, 0x00, 0x06,
    0x00, 0x06, 0x00, 0x06, 0x00, 0x06, 0x00, 0x06, 0x00, 0x06, 0x00, 0x06,
    0x00, 0x06, 0x00, 0x06, 0x28, 0x43, 0x18, 0xc0, 0x18, 0xc0, 0x18, 0xc0,
    0x18, 0xc0, 0x18, 0xc0, 0x18, 0xc0, 0x18, 0xc0, 0x18, 0xc0, 0x18, 0xc0,
    0x18, 0xc0, 0x18, 0xc0, 0x18, 0xc0, 0x18, 0xc0, 0x18, 0xc0, 0x18, 0xc0,
    0x18, 0xc0, 0x18, 0xc0, 0x18, 0xc0, 0x18, 0xc0, 0x18, 0xc0, 0x18, 0xc0,
    0x18, 0xc0, 0x18, 0xc0, 0x18, 0xc0, 0x18, 0xc0, 0x18, 0xc0, 0x18, 0xc0,
    0x18, 0xc0, 0x18, 0xc0, 0x18, 0xc0, 0x18, 0xc0, 0x18, 0xc0, 0x18, 0xc0,
    0x18, 0xc0, 0x18, 0xc0, 0x18, 0xc0, 0x18, 0xc0, 0x18, 0xc0, 0x18, 0xc0,
    0x18, 0xc0, 0x18, 0xc0, 0x18, 0xc0, 0x18, 0xc0, 0x18, 0xc0, 0x18, 0xc0,
    0x18, 0xc0, 0x00, 0xc0, 0x00, 0xc0, 0x00, 0xc0, 0x00, 0xc0, 0x00, 0xc0,
    0x00, 0xc0, 0x00, 0xc0, 0x00, 0xc0, 0x00, 0xc0, 0x00, 0xc0, 0x00, 0xc0,
    0x00, 0xc0, 0x00, 0xc0, 0x00, 0xc0, 0x00, 0xc0, 0x00, 0xc0, 0x00, 0xc0,
    0x00, 0xc0, 0x00, 0xc0, 0x00, 0xc0, 0x00, 0xc0, 0x00, 0xc0, 0x00, 0xc0,
    0x00, 0xc0, 0x00, 0xc0, 0x00, 0xc0, 0x00, 0xc0, 0x00, 0xc0, 0x00, 0xc0,
    0x00, 0xc0, 0x00, 0xc0, 0x00, 0xc0, 0x00, 0xc0, 0x00, 0xc0, 0x00, 0xc0,
    0x00, 0xc0, 0x00, 0xc0, 0x00, 0xc0, 0x00, 0xc0, 0x00, 0xc0, 0x00, 0xc0,
    0x00, 0xc0, 0x00, 0xc0, 0x00, 0xc0, 0x00, 0xc0, 0x0d, 0x30, 0x18, 0x00,
    0x18, 0x00, 0x18, 0x00, 0x18, 0x00, 0x18, 0x00, 0x18, 0x00, 0x18, 0x00,
    0x18, 0x00, 0x18, 0x00, 0x18, 0x00, 0x18, 0x00, 0x18, 0x00, 0x18, 0x00,
    0x18, 0x00, 0x18, 0x00, 0x18, 0x00, 0x18, 0x00, 0x18, 0x00, 0x18, 0x00,
    0x18, 0x00, 0x18, 0x00, 0x18, 0x00, 0x18, 0x00, 0x18, 0x00, 0x18, 0x00,
    0x18, 0x00, 0x18, 0x00, 0x18, 0x00, 0x18, 0x00, 0x18, 0x00, 0x18, 0x00,
    0x18, 0x00, 0x18, 0x00, 0x18, 0x00, 0x18, 0x00, 0x18, 0x00, 0x18, 0x00,
    0x18, 0x00, 0x18, 0x00, 0x18, 0x00, 0x18, 0x00, 0x18, 0x00, 0x18, 0x00,
    0x18, 0x00, 0x18, 0x00, 0x18, 0xc6, 0x18, 0xc6, 0x18, 0xc6, 0x18, 0xc6,
    0x18, 0xc6, 0x18, 0xc6, 0x18, 0xc6, 0x18, 0xc6, 0x18, 0xc6, 0x18, 0xc6,
    0x18, 0xc6, 0x18, 0xc6, 0x18, 0xc6, 0x18, 0xc6, 0x18, 0xc6, 0x18, 0xc6,
    0x18, 0xc6, 0x18, 0xc6, 0x18, 0xc6, 0x18, 0xc6, 0x18, 0xc6, 0x18, 0xc6,
    0x18, 0xc6, 0x18, 0xc6, 0x18, 0xc6, 0x18, 0xc6, 0x18, 0xc6, 0x18, 0xc6,
    0x18, 0xc6, 0x18, 0xc6, 0x18, 0xc6, 0x18, 0xc6, 0x18, 0xc6, 0x18, 0xc6,
    0x18, 0xc6, 0x18, 0xc6, 0x18, 0xc6, 0x18, 0xc6, 0x18, 0xc6, 0x18, 0xc6,
    0x18, 0xc6, 0x18, 0xc6, 0x18, 0xc6, 0x18, 0xc6, 0x18, 0xc6, 0xf8, 0xbd,
    0x00, 0xc6, 0x00, 0xc6, 0x00, 0xc6, 0x00, 0xc6, 0x00, 0xc6, 0x00, 0xc6,
    0x00, 0xc6, 0x00, 0xc6, 0x00, 0xc6, 0x00, 0xc6, 0x00, 0xc6, 0x00, 0xc6,
    0x00, 0xc6, 0x00, 0xc6, 0x00, 0xc6, 0x00, 0xc6, 0x00, 0xc6, 0x00, 0xc6,
    0x00, 0xc6, 0x00, 0xc6, 0x00, 0xc6, 0x00, 0xc6, 0x00, 0xc6, 0x00, 0xc6,
    0x00, 0xc6, 0x00, 0xc6, 0x00, 0xc6, 0x00, 0xc6, 0x00, 0xc6, 0x00, 0xc6,
    0x00, 0xc6, 0x00, 0xc6, 0x00, 0xc6, 0x00, 0xc6, 0x00, 0xc6, 0x00, 0xc6,
    0x00, 0xc6, 0x00, 0xc6, 0x00, 0xc6, 0x00, 0xc6, 0x00, 0xc6, 0x00, 0xc6,
    0x00, 0xc6, 0x00, 0xc6, 0x00, 0xc6, 0x18, 0xbe, 0x18, 0x06, 0x18, 0x06,
    0x18, 0x06, 0x18, 0x06, 0x18, 0x06, 0x18, 0x06, 0x18, 0x06, 0x18, 0x06,
    0x18, 0x06, 0x18, 0x06, 0x18, 0x06, 0x18, 0x06, 0x18, 0x06, 0x18, 0x06,
    0x18, 0x06, 0x18, 0x06, 0x18, 0x06, 0x18, 0x06, 0x18, 0x06, 0x18, 0x06,
    0x18, 0x06, 0x18, 0x06, 0x18, 0x06, 0x18, 0x06, 0x18, 0x06, 0x18, 0x06,
    0x18, 0x06, 0x18, 0x06, 0x18, 0x06, 0x18, 0x06, 0x18, 0x06, 0x18, 0x06,
    0x18, 0x06, 0x18, 0x06, 0x18, 0x06, 0x18, 0x06, 0x18, 0x06, 0x18, 0x06,
    0x18, 0x06, 0x18, 0x06, 0x18, 0x06, 0x18, 0x06, 0x18, 0x06, 0x18, 0x06,
    0x18, 0x06, 0x02, 0x05, 0x00, 0x06, 0x00, 0x06, 0x00, 0x06, 0x00, 0x06,
    0x00, 0x06, 0x00, 0x06, 0x00, 0x06, 0x00, 0x06, 0x00, 0x06, 0x00, 0x06,
    0x00, 0x06, 0x00, 0x06, 0x00, 0x06, 0x00, 0x06, 0x00, 0x06, 0x00, 0x06,
    0x00, 0x06, 0x00, 0x06, 0x00, 0x06, 0x00, 0x06, 0x00, 0x06, 0x00, 0x06,
    0x00, 0x06, 0x00, 0x06, 0x00, 0x06, 0x00, 0x06, 0x00, 0x06, 0x00, 0x06,
    0x00, 0x06, 0x00, 0x06, 0x00, 0x06, 0x00, 0x06, 0x00, 0x06, 0x00, 0x06,
    0x00, 0x06, 0x00, 0x06, 0x00, 0x06, 0x00, 0x06, 0x00, 0x06, 0x00, 0x06,
    0x00, 0x06, 0x00, 0x06, 0x00, 0x06, 0x00, 0x06, 0x47, 0x3b, 0x18, 0xc0,
    0x18, 0xc0, 0x18, 0xc0, 0x18, 0xc0, 0x18, 0xc0, 0x18, 0xc0, 0x18, 0xc0,
    0x18, 0xc0, 0x18, 0xc0, 0x18, 0xc0, 0x18, 0xc0, 0x18, 0xc0, 0x18, 0xc0,
    0x18, 0xc0, 0x18, 0xc0, 0x18, 0xc0, 0x18, 0xc0, 0x18, 0xc0, 0x18, 0xc0,
    0x18, 0xc0, 0x18, 0xc0, 0x18, 0xc0, 0x18, 0xc0, 0x18, 0xc0, 0x18, 0xc0,
    0x18, 0xc0, 0x18, 0xc0, 0x18, 0xc0, 0x18, 0xc0, 0x18, 0xc0, 0x18, 0xc0,
    0x18, 0xc0, 0x18, 0xc0, 0x18, 0xc0, 0x18, 0xc0, 0x18, 0xc0, 0x18, 0xc0,
    0x18, 0xc0, 0x18, 0xc0, 0x18, 0xc0, 0x18, 0xc0, 0x18, 0xc0, 0x18, 0xc0,
    0x18, 0xc0, 0x18, 0xc0, 0x18, 0xc0, 0x00, 0xc0, 0x00, 0xc0, 0x00, 0xc0,
    0x00, 0xc0, 0x00, 0xc0, 0x00, 0xc0, 0x00, 0xc0, 0x00, 0xc0, 0x00, 0xc0,
    0x00, 0xc0, 0x00, 0xc0, 0x00, 0xc0, 0x00, 0xc0, 0x00, 0xc0, 0x00, 0xc0,
    0x00, 0xc0, 0x00, 0xc0, 0x00, 0xc0, 0x00, 0xc0, 0x00, 0xc0, 0x00, 0xc0,
    0x00, 0xc0, 0x00, 0xc0, 0x00, 0xc0, 0x00, 0xc0, 0x00, 0xc0, 0x00, 0xc0,
    0x00, 0xc0, 0x00, 0xc0, 0x00, 0xc0, 0x00, 0xc0, 0x00, 0xc0, 0x00, 0xc0,
    0x00, 0xc0, 0x00, 0xc0, 0x00, 0xc0, 0x00, 0xc0, 0x00, 0xc0, 0x00, 0xc0,
    0x00, 0xc0, 0x00, 0xc0, 0x00, 0xc0, 0x00, 0xc0, 0x00, 0xc0, 0x00, 0xc0,
    0x0e, 0x38, 0x18, 0x00, 0x18, 0x00, 0x18, 0x00, 0x18, 0x00, 0x18, 0x00,
    0x18, 0x00, 0x18, 0x00, 0x18, 0x00, 0x18, 0x00, 0x18, 0x00, 0x18, 0x00,
    0x18, 0x00, 0x18, 0x00, 0x18, 0x00, 0x18, 0x00, 0x18, 0x00, 0x18, 0x00,
    0x18, 0x00, 0x18, 0x00, 0x18, 0x00, 0x18, 0x00, 0x18, 0x00, 0x18, 0x00,
    0x18, 0x00, 0x18, 0x00, 0x18, 0x00, 0x18, 0x00, 0x18, 0x00, 0x18, 0x00,
    0x18, 0x00, 0x18, 0x00, 0x18, 0x00, 0x18, 0x00, 0x18, 0x00, 0x18, 0x00,
    0x18, 0x00, 0x18, 0x00, 0x18, 0x00, 0x18, 0x00, 0x18, 0x00, 0x18, 0x00,
    0x18, 0x00, 0x18, 0x00, 0x18, 0x00, 0x18, 0x00, 0x18, 0xc6, 0x18, 0xc6,
    0x18, 0xc6, 0x18, 0xc6, 0x18, 0xc6, 0x18, 0xc6, 0x18, 0xc6, 0x18, 0xc6,
    0x18, 0xc6, 0x18, 0xc6, 0x18, 0xc6, 0x18, 0xc6, 0x18, 0xc6, 0x18, 0xc6,
    0x18, 0xc6, 0x18, 0xc6, 0x18, 0xc6, 0x18, 0xc6, 0x18, 0xc6, 0x18, 0xc6,
    0x18, 0xc6, 0x18, 0xc6, 0x18, 0xc6, 0x18, 0xc6, 0x18, 0xc6, 0x18, 0xc6,
    0x18, 0xc6, 0x18, 0xc6, 0x18, 0xc6, 0x18, 0xc6, 0x18, 0xc6, 0x18, 0xc6,
    0x18, 0xc6, 0x18, 0xc6, 0x18, 0xc6, 0x18, 0xc6, 0x18, 0xc6, 0x18, 0xc6,
    0x18, 0xc6, 0x18, 0xc6, 0x18, 0xc6, 0x18, 0xc6, 0x18, 0xc6, 0x18, 0xc6,
    0x18, 0xc6, 0xf8, 0xc5, 0x00, 0xc6, 0x00, 0xc6, 0x00, 0xc6, 0x00, 0xc6,
    0x00, 0xc6, 0x00, 0xc6, 0x00, 0xc6, 0x00, 0xc6, 0x00, 0xc6, 0x00, 0xc6,
    0x00, 0xc6, 0x00, 0xc6, 0x00, 0xc6, 0x00, 0xc6, 0x00, 0xc6, 0x00, 0xc6,
    0x00, 0xc6, 0x00, 0xc6, 0x00, 0xc6, 0x00, 0xc6, 0x00, 0xc6, 0x00, 0xc6,
    0x00, 0xc6, 0x00, 0xc6, 0x00, 0xc6, 0x00, 0xc6, 0x00, 0xc6, 0x00, 0xc6,
    0x00, 0xc6, 0x00, 0xc6, 0x00, 0xc6, 0x00, 0xc6, 0x00, 0xc6, 0x00, 0xc6,
    0x00, 0xc6, 0x00, 0xc6, 0x00, 0xc6, 0x00, 0xc6, 0x00, 0xc6, 0x00, 0xc6,
    0x00, 0xc6, 0x00, 0xc6, 0x00, 0xc6, 0x00, 0xc6, 0x00, 0xc6, 0xf8, 0xbd,
    0x18, 0x06, 0x18, 0x06, 0x18, 0x06, 0x18, 0x06, 0x18, 0x06, 0x18, 0x06,
    0x18, 0x06, 0x18, 0x06, 0x18, 0x06, 0x18, 0x06, 0x18, 0x06, 0x18, 0x06,
    0x18, 0x06, 0x18, 0x06, 0x18, 0x06, 0x18, 0x06, 0x18, 0x06, 0x18, 0x06,
    0x18, 0x06, 0x18, 0x06, 0x18, 0x06, 0x18, 0x06, 0x18, 0x06, 0x18, 0x06,
    0x18, 0x06, 0x18, 0x06, 0x18, 0x06, 0x18, 0x06, 0x18, 0x06, 0x18, 0x06,
    0x18, 0x06, 0x18, 0x06, 0x18, 0x06, 0x18, 0x06, 0x18, 0x06, 0x18, 0x06,
    0x18, 0x06, 0x18, 0x06, 0x18, 0x06, 0x18, 0x06, 0x18, 0x06, 0x18, 0x06,
    0x18, 0x06, 0x18, 0x06, 0x18, 0x06, 0xe2, 0x04, 0x00, 0x06, 0x00, 0x06,
    0x00, 0x06, 0x00, 0x06, 0x00, 0x06, 0x00, 0x06, 0x00, 0x06, 0x00, 0x06,
    0x00, 0x06, 0x00, 0x06, 0x00, 0x06, 0x00, 0x06, 0x00, 0x06, 0x00, 0x06,
    0x00, 0x06, 0x00, 0x06, 0x00, 0x06, 0x00, 0x06, 0x00, 0x06, 0x00, 0x06,
    0x00, 0x06, 0x00, 0x06, 0x00, 0x06, 0x00, 0x06, 0x00, 0x06, 0x00, 0x06,
    0x00, 0x06, 0x00, 0x06, 0x00, 0x06, 0x00, 0x06, 0x00, 0x06, 0x00, 0x06,
    0x00, 0x06, 0x00, 0x06, 0x00, 0x06, 0x00, 0x06, 0x00, 0x06, 0x00, 0x06,
    0x00, 0x06, 0x00, 0x06, 0x00, 0x06, 0x00, 0x06, 0x00, 0x06, 0x00, 0x06,
    0x47, 0x3b, 0x18, 0xc0, 0x18, 0xc0, 0x18, 0xc0, 0x18, 0xc0, 0x18, 0xc0,
    0x18, 0xc0, 0x18, 0xc0, 0x18, 0xc0, 0x18, 0xc0, 0x18, 0xc0, 0x18, 0xc0,
    0x18, 0xc0, 0x18, 0xc0, 0x18, 0xc0, 0x18, 0xc0, 0x18, 0xc0, 0x18, 0xc0,
    0x18, 0xc0, 0x18, 0xc0, 0x18, 0xc0, 0x18, 0xc0, 0x18, 0xc0, 0x18, 0xc0,
    0x18, 0xc0, 0x18, 0xc0, 0x18, 0xc0, 0x18, 0xc0, 0x18, 0xc0, 0x18, 0xc0,
    0x18, 0xc0, 0x18, 0xc0, 0x18, 0xc0, 0x18, 0xc0, 0x18, 0xc0, 0x18, 0xc0,
    0x18, 0xc0, 0x18, 0xc0, 0x18, 0xc0, 0x18, 0xc0, 0x18, 0xc0, 0x18, 0xc0,
    0x18, 0xc0, 0x18, 0xc0, 0x18, 0xc0, 0x18, 0xc0, 0x18, 0xc0, 0x00, 0xc0,
    0x00, 0xc0, 0x00, 0xc0, 0x00, 0xc0, 0x00, 0xc0, 0x00, 0xc0, 0x00, 0xc0,
    0x00, 0xc0, 0x00, 0xc0, 0x00, 0xc0, 0x00, 0xc0, 0x00, 0xc0, 0x00, 0xc0,
    0x00, 0xc0, 0x00, 0xc0, 0x00, 0xc0, 0x00, 0xc0, 0x00, 0xc0, 0x00, 0xc0,
    0x00, 0xc0, 0x00, 0xc0, 0x00, 0xc0, 0x00, 0xc0, 0x00, 0xc0, 0x00, 0xc0,
    0x00, 0xc0, 0x00, 0xc0, 0x00, 0xc0, 0x00, 0xc0, 0x00, 0xc0, 0x00, 0xc0,
    0x00, 0xc0, 0x00, 0xc0, 0x00, 0xc0, 0x00, 0xc0, 0x00, 0xc0, 0x00, 0xc0,
    0x00, 0xc0, 0x00, 0xc0, 0x00, 0xc0, 0x00, 0xc0, 0x00, 0xc0, 0x00, 0xc0,
    0x00, 0xc0, 0x00, 0xc0, 0x0d, 0x30, 0x18, 0x00, 0x18, 0x00, 0x18, 0x00,
    0x18, 0x00, 0x18, 0x00, 0x18, 0x00, 0x18, 0x00, 0x18, 0x00, 0x18, 0x00,
    0x18, 0x00, 0x18, 0x00, 0x18, 0x00, 0x18, 0x00, 0x18, 0x00, 0x18, 0x00,
    0x18, 0x00, 0x18, 0x00, 0x18, 0x00, 0x18, 0x00, 0x18, 0x00, 0x18, 0x00,
    0x18, 0x00, 0x18, 0x00, 0x18, 0x00, 0x18, 0x00, 0x18, 0x00, 0x18, 0x00,
    0x18, 0x00, 0x18, 0x00, 0x18, 0x00, 0x18, 0x00, 0x18, 0x00, 0x18, 0x00,
    0x18, 0x00, 0x18, 0x00, 0x18, 0x00, 0x18, 0x00, 0x18, 0x00, 0x18, 0x00,
    0x18, 0x00, 0x18, 0x00, 0x18, 0x00, 0x18, 0x00, 0x18, 0x00, 0x18, 0x00,
    0x18, 0xc6, 0x18, 0xc6, 0x18, 0xc6, 0x18, 0xc6, 0x18, 0xc6, 0x18, 0xc6,
    0x18, 0xc6, 0x18, 0xc6, 0x18, 0xc6, 0x18, 0xc6, 0x18, 0xc6, 0x18, 0xc6,
    0x18, 0xc6, 0x18, 0xc6, 0x18, 0xc6, 0x18, 0xc6, 0x18, 0xc6, 0x18, 0xc6,
    0x18, 0xc6, 0x18, 0xc6, 0x18, 0xc6, 0x18, 0xc6, 0x18, 0xc6, 0x18, 0xc6,
    0x18, 0xc6, 0x18, 0xc6, 0x18, 0xc6, 0x18, 0xc6, 0x18, 0xc6, 0x18, 0xc6,
    0x18, 0xc6, 0x18, 0xc6, 0x18, 0xc6, 0x18, 0xc6, 0x18, 0xc6, 0x18, 0xc6,
    0x18, 0xc6, 0x18, 0xc6, 0x18, 0xc6, 0x18, 0xc6, 0x18, 0xc6, 0x18, 0xc6,
    0x18, 0xc6, 0x18, 0xc6, 0x18, 0xc6, 0xf8, 0xbd, 0x00, 0xc6, 0x00, 0xc6,
    0x00, 0xc6, 0x00, 0xc6, 0x00, 0xc6, 0x00, 0xc6, 0x00, 0xc6, 0x00, 0xc6,
    0x00, 0xc6, 0x00, 0xc6, 0x00, 0xc6, 0x00, 0xc6, 0x00, 0xc6, 0x00, 0xc6,
    0x00, 0xc6, 0x00, 0xc6, 0x00, 0xc6, 0x00, 0xc6, 0x00, 0xc6, 0x00, 0xc6,
    0x00, 0xc6, 0x00, 0xc6, 0x00, 0xc6, 0x00, 0xc6, 0x00, 0xc6, 0x00, 0xc6,
    0x00, 0xc6, 0x00, 0xc6, 0x00, 0xc6, 0x00, 0xc6, 0x00, 0xc6, 0x00, 0xc6,
    0x00, 0xc6, 0x00, 0xc6, 0x00, 0xc6, 0x00, 0xc6, 0x00, 0xc6, 0x00, 0xc6,
    0x00, 0xc6, 0x00, 0xc6, 0x00, 0xc6, 0x00, 0xc6, 0x00, 0xc6, 0x00, 0xc6,
    0x00, 0xc6, 0xf8, 0xc5, 0x18, 0x06, 0x18, 0x06, 0x18, 0x06, 0x18, 0x06,
    0x18, 0x06, 0x18, 0x06, 0x18, 0x06, 0x18, 0x06, 0x18, 0x06, 0x18, 0x06,
    0x18, 0x06, 0x18, 0x06, 0x18, 0x06, 0x18, 0x06, 0x18, 0x06, 0x18, 0x06,
    0x18, 0x06, 0x18, 0x06, 0x18, 0x06, 0x18, 0x06, 0x18, 0x06, 0x18, 0x06,
    0x18, 0x06, 0x18, 0x06, 0x18, 0x06, 0x18, 0x06, 0x18, 0x06, 0x18, 0x06,
    0x18, 0x06, 0x18, 0x06, 0x18, 0x06, 0x18, 0x06, 0x18, 0x06, 0x18, 0x06,
    0x18, 0x06, 0x18, 0x06, 0x18, 0x06, 0x18, 0x06, 0x18, 0x06, 0x18, 0x06,
    0x18, 0x06, 0x18, 0x06, 0x18, 0x06, 0x18, 0x06, 0x18, 0x06, 0xe3, 0x0c,
    0x00, 0x06, 0x00, 0x06, 0x00, 0x06, 0x00, 0x06, 0x00, 0x06, 0x00, 0x06,
    0x00, 0x06, 0x00, 0x06, 0x00, 0x06, 0x00, 0x06, 0x00, 0x06, 0x00, 0x06,
    0x00, 0x06, 0x00, 0x06, 0x00, 0x06, 0x00, 0x06, 0x00, 0x06, 0x00, 0x06,
    0x00, 0x06, 0x00, 0x06, 0x00, 0x06, 0x00, 0x06, 0x00, 0x06, 0x00, 0x06,
    0x00, 0x06, 0x00, 0x06, 0x00, 0x06, 0x00, 0x06, 0x00, 0x06, 0x00, 0x06,
    0x00, 0x06, 0x00, 0x06, 0x00, 0x06, 0x00, 0x06, 0x00, 0x06, 0x00, 0x06,
    0x00, 0x06, 0x00, 0x06, 0x00, 0x06, 0x00, 0x06, 0x00, 0x06, 0x00, 0x06,
    0x00, 0x06, 0x00, 0x06, 0x28, 0x43, 0x18, 0xc0, 0x18, 0xc0, 0x18, 0xc0,
    0x18, 0xc0, 0x18, 0xc0, 0x18, 0xc0, 0x18, 0xc0, 0x18, 0xc0, 0x18, 0xc0,
    0x18, 0xc0, 0x18, 0xc0, 0x18, 0xc0, 0x18, 0xc0, 0x18, 0xc0, 0x18, 0xc0,
    0x18, 0xc0, 0x18, 0xc0, 0x18, 0xc0, 0x18, 0xc0, 0x18, 0xc0, 0x18, 0xc0,
    0x18, 0xc0, 0x18, 0xc0, 0x18, 0xc0, 0x18, 0xc0, 0x18, 0xc0, 0x18, 0xc0,
    0x18, 0xc0, 0x18, 0xc0, 0x18, 0xc0, 0x18, 0xc0, 0x18, 0xc0, 0x18, 0xc0,
    0x18, 0xc0, 0x18, 0xc0, 0x18, 0xc0, 0x18, 0xc0, 0x18, 0xc0, 0x18, 0xc0,
    0x18, 0xc0, 0x18, 0xc0, 0x18, 0xc0, 0x18, 0xc0, 0x18, 0xc0, 0x18, 0xc0,
    0x18, 0xc0, 0x00, 0xc0, 0x00, 0xc0, 0x00, 0xc0, 0x00, 0xc0, 0x00, 0xc0,
    0x00, 0xc0, 0x00, 0xc0, 0x00, 0xc0, 0x00, 0xc0, 0x00, 0xc0, 0x00, 0xc0,
    0x00, 0xc0, 0x00, 0xc0, 0x00, 0xc0, 0x00, 0xc0, 0x00, 0xc0, 0x00, 0xc0,
    0x00, 0xc0, 0x00, 0xc0, 0x00, 0xc0, 0x00, 0xc0, 0x00, 0xc0, 0x00, 0xc0,
    0x00, 0xc0, 0x00, 0xc0, 0x00, 0xc0, 0x00, 0xc0, 0x00, 0xc0, 0x00, 0xc0,
    0x00, 0xc0, 0x00, 0xc0, 0x00, 0xc0, 0x00, 0xc0, 0x00, 0xc0, 0x00, 0xc0,
    0x00, 0xc0, 0x00, 0xc0, 0x00, 0xc0, 0x00, 0xc0, 0x00, 0xc0, 0x00, 0xc0,
    0x00, 0xc0, 0x00, 0xc0, 0x00, 0xc0, 0x00, 0xc0, 0x0d, 0x30, 0x18, 0x00,
    0x18, 0x00, 0x18, 0x00, 0x18, 0x00, 0x18, 0x00, 0x18, 0x00, 0x18, 0x00,
    0x18, 0x00, 0x18, 0x00, 0x18, 0x00, 0x18, 0x00, 0x18, 0x00, 0x18, 0x00,
    0x18, 0x00, 0x18, 0x00, 0x18, 0x00, 0x18, 0x00, 0x18, 0x00, 0x18, 0x00,
    0x18, 0x00, 0x18, 0x00, 0x18, 0x00, 0x18, 0x00, 0x18, 0x00, 0x18, 0x00,
    0x18, 0x00, 0x18, 0x00, 0x18, 0x00, 0x18, 0x00, 0x18, 0x00, 0x18, 0x00,
    0x18, 0x00, 0x18, 0x00, 0x18, 0x00, 0x18, 0x00, 0x18, 0x00, 0x18, 0x00,
    0x18, 0x00, 0x18, 0x00, 0x18, 0x00, 0x18, 0x00, 0x18, 0x00, 0x18, 0x00,
    0x18, 0x00, 0x18, 0x00, 0x18, 0xc6, 0x18, 0xc6, 0x18, 0xc6, 0x18, 0xc6,
    0x18, 0xc6, 0x18, 0xc6, 0x18, 0xc6, 0x18, 0xc6, 0x18, 0xc6, 0x18, 0xc6,
    0x18, 0xc6, 0x18, 0xc6, 0x18, 0xc6, 0x18, 0xc6, 0x18, 0xc6, 0x18, 0xc6,
    0x18, 0xc6, 0x18, 0xc6, 0x18, 0xc6, 0x18, 0xc6, 0x18, 0xc6, 0x18, 0xc6,
    0x18, 0xc6, 0x18, 0xc6, 0x18, 0xc6, 0x18, 0xc6, 0x18, 0xc6, 0x18, 0xc6,
    0x18, 0xc6, 0x18, 0xc6, 0x18, 0xc6, 0x18, 0xc6, 0x18, 0xc6, 0x18, 0xc6,
    0x18, 0xc6, 0x18, 0xc6, 0x18, 0xc6, 0x18, 0xc6, 0x18, 0xc6, 0x18, 0xc6,
    0x18, 0xc6, 0x18, 0xc6, 0x18, 0xc6, 0x18, 0xc6, 0x18, 0xc6, 0xf8, 0xbd,
    0x00, 0xc6, 0x00, 0xc6, 0x00, 0xc6, 0x00, 0xc6, 0x00, 0xc6, 0x00, 0xc6,
    0x00, 0xc6, 0x00, 0xc6, 0x00, 0xc6, 0x00, 0xc6, 0x00, 0xc6, 0x00, 0xc6,
    0x00, 0xc6, 0x00, 0xc6, 0x00, 0xc6, 0x00, 0xc6, 0x00, 0xc6, 0x00, 0xc6,
    0x00, 0xc6, 0x00, 0xc6, 0x00, 0xc6, 0x00, 0xc6, 0x00, 0xc6, 0x00, 0xc6,
    0x00, 0xc6, 0x00, 0xc6, 0x00, 0xc6, 0x00, 0xc6, 0x00, 0xc6, 0x00, 0xc6,
    0x00, 0xc6, 0x00, 0xc6, 0x00, 0xc6, 0x00, 0xc6, 0x00, 0xc6, 0x00, 0xc6,
    0x00, 0xc6, 0x00, 0xc6, 0x00, 0xc6, 0x00, 0xc6, 0x00, 0xc6, 0x00, 0xc6,
    0x00, 0xc6, 0x00, 0xc6, 0x00, 0xc6, 0xf8, 0xbd, 0x18, 0x06, 0x18, 0x06,
    0x18, 0x06, 0x18, 0x06, 0x18, 0x06, 0x18, 0x06, 0x18, 0x06, 0x18, 0x06,
    0x18, 0x06, 0x18, 0x06, 0x18, 0x06, 0x18, 0x06, 0x18, 0x06, 0x18, 0x06,
    0x18, 0x06, 0x18, 0x06, 0x18, 0x06, 0x18, 0x06, 0x18, 0x06, 0x18, 0x06,
    0x18, 0x06, 0x18, 0x06, 0x18, 0x06, 0x18, 0x06, 0x18, 0x06, 0x18, 0x06,
    0x18, 0x06, 0x18, 0x06, 0x18, 0x06, 0x18, 0x06, 0x18, 0x06, 0x18, 0x06,
    0x18, 0x06, 0x18, 0x06, 0x18, 0x06, 0x18, 0x06, 0x18, 0x06, 0x18, 0x06,
    0x18, 0x06, 0x18, 0x06, 0x18, 0x06, 0x18, 0x06, 0x18, 0x06, 0x18, 0x06,
    0x18, 0x06, 0xe2, 0x0c, 0x00, 0x06, 0x00, 0x06, 0x00, 0x06, 0x00, 0x06,
    0x00, 0x06, 0x00, 0x06, 0x00, 0x06, 0x00, 0x06, 0x00, 0x06, 0x00, 0x06,
    0x00, 0x06, 0x00, 0x06, 0x00, 0x06, 0x00, 0x06, 0x00, 0x06, 0x00, 0x06,
    0x00, 0x06, 0x00, 0x06, 0x00, 0x06, 0x00, 0x06, 0x00, 0x06, 0x00, 0x06,
    0x00, 0x06, 0x00, 0x06, 0x00, 0x06, 0x00, 0x06, 0x00, 0x06, 0x00, 0x06,
    0x00, 0x06, 0x00, 0x06, 0x00, 0x06, 0x00, 0x06, 0x00, 0x06, 0x00, 0x06,
    0x00, 0x06, 0x00, 0x06, 0x00, 0x06, 0x00, 0x06, 0x00, 0x06, 0x00, 0x06,
    0x00, 0x06, 0x00, 0x06, 0x00, 0x06, 0x00, 0x06, 0x27, 0x3b, 0x18, 0xc0,
    0x18, 0xc0, 0x18, 0xc0, 0x18, 0xc0, 0x18, 0xc0, 0x18, 0xc0, 0x18, 0xc0,
    0x18, 0xc0, 0x18, 0xc0, 0x18, 0xc0, 0x18, 0xc0, 0x18, 0xc0, 0x18, 0xc0,
    0x18, 0xc0, 0x18, 0xc0, 0x18, 0xc0, 0x18, 0xc0, 0x18, 0xc0, 0x18, 0xc0,
    0x18, 0xc0, 0x18, 0xc0, 0x18, 0xc0, 0x18, 0xc0, 0x18, 0xc0, 0x18, 0xc0,
    0x18, 0xc0, 0x18, 0xc0, 0x18, 0xc0, 0x18, 0xc0, 0x18, 0xc0, 0x18, 0xc0,
    0x18, 0xc0, 0x18, 0xc0, 0x18, 0xc0, 0x18, 0xc0, 0x18, 0xc0, 0x18, 0xc0,
    0x18, 0xc0, 0x18, 0xc0, 0x18, 0xc0, 0x18, 0xc0, 0x18, 0xc0, 0x18, 0xc0,
    0x18, 0xc0, 0x18, 0xc0, 0x18, 0xc0, 0x00, 0xc0, 0x00, 0xc0, 0x00, 0xc0,
    0x00, 0xc0, 0x00, 0xc0, 0x00, 0xc0, 0x00, 0xc0, 0x00, 0xc0, 0x00, 0xc0,
    0x00, 0xc0, 0x00, 0xc0, 0x00, 0xc0, 0x00, 0xc0, 0x00, 0xc0, 0x00, 0xc0,
    0x00, 0xc0, 0x00, 0xc0, 0x00, 0xc0, 0x00, 0xc0, 0x00, 0xc0, 0x00, 0xc0,
    0x00, 0xc0, 0x00, 0xc0, 0x00, 0xc0, 0x00, 0xc0, 0x00, 0xc0, 0x00, 0xc0,
    0x00, 0xc0, 0x00, 0xc0, 0x00, 0xc0, 0x00, 0xc0, 0x00, 0xc0, 0x00, 0xc0,
    0x00, 0xc0, 0x00, 0xc0, 0x00, 0xc0, 0x00, 0xc0, 0x00, 0xc0, 0x00, 0xc0,
    0x00, 0xc0, 0x00, 0xc0, 0x00, 0xc0, 0x00, 0xc0, 0x00, 0xc0, 0x00, 0xc0,
    0x0d, 0x30, 0x18, 0x00, 0x18, 0x00, 0x18, 0x00, 0x18, 0x00, 0x18, 0x00,
    0x18, 0x00, 0x18, 0x00, 0x18, 0x00, 0x18, 0x00, 0x18, 0x00, 0x18, 0x00,
    0x18, 0x00, 0x18, 0x00, 0x18, 0x00, 0x18, 0x00, 0x18, 0x00, 0x18, 0x00,
    0x18, 0x00, 0x18, 0x00, 0x18, 0x00, 0x18, 0x00, 0x18, 0x00, 0x18, 0x00,
    0x18, 0x00, 0x18, 0x00, 0x18, 0x00, 0x18, 0x00, 0x18, 0x00, 0x18, 0x00,
    0x18, 0x00, 0x18, 0x00, 0x18, 0x00, 0x18, 0x00, 0x18, 0x00, 0x18, 0x00,
    0x18, 0x00, 0x18, 0x00, 0x18, 0x00, 0x18, 0x00, 0x18, 0x00, 0x18, 0x00,
    0x18, 0x00, 0x18, 0x00, 0x18, 0x00, 0x18, 0x00, 0x18, 0xc6, 0x18, 0xc6,
    0x18, 0xc6, 0x18, 0xc6, 0x18, 0xc6, 0x18, 0xc6, 0x18, 0xc6, 0x18, 0xc6,
    0x18, 0xc6, 0x18, 0xc6, 0x18, 0xc6, 0x18, 0xc6, 0x18, 0xc6, 0x18, 0xc6,
    0x18, 0xc6, 0x18, 0xc6, 0x18, 0xc6, 0x18, 0xc6, 0x18, 0xc6, 0x18, 0xc6,
    0x18, 0xc6, 0x18, 0xc6, 0x18, 0xc6, 0x18, 0xc6, 0x18, 0xc6, 0x18, 0xc6,
    0x18, 0xc6, 0x18, 0xc6, 0x18, 0xc6, 0x18, 0xc6, 0x18, 0xc6, 0x18, 0xc6,
    0x18, 0xc6, 0x18, 0xc6, 0x18, 0xc6, 0x18, 0xc6, 0x18, 0xc6, 0x18, 0xc6,
    0x18, 0xc6, 0x18, 0xc6, 0x18, 0xc6, 0x18, 0xc6, 0x18, 0xc6, 0x18, 0xc6,
    0x18, 0xc6, 0xf8, 0xbd, 0x00, 0xc6, 0x00, 0xc6, 0x00, 0xc6, 0x00, 0xc6,
    0x00, 0xc6, 0x00, 0xc6, 0x00, 0xc6, 0x00, 0xc6, 0x00, 0xc6, 0x00, 0xc6,
    0x00, 0xc6, 0x00, 0xc6, 0x00, 0xc6, 0x00, 0xc6, 0x00, 0xc6, 0x00, 0xc6,
    0x00, 0xc6, 0x00, 0xc6, 0x00, 0xc6, 0x00, 0xc6, 0x00, 0xc6, 0x00, 0xc6,
    0x00, 0xc6, 0x00, 0xc6, 0x00, 0xc6, 0x00, 0xc6, 0x00, 0xc6, 0x00, 0xc6,
    0x00, 0xc6, 0x00, 0xc6, 0x00, 0xc6, 0x00, 0xc6, 0x00, 0xc6, 0x00, 0xc6,
    0x00, 0xc6, 0x00, 0xc6, 0x00, 0xc6, 0x00, 0xc6, 0x00, 0xc6, 0x00, 0xc6,
    0x00, 0xc6, 0x00, 0xc6, 0x00, 0xc6, 0x00, 0xc6, 0x00, 0xc6, 0xf8, 0xbd,
    0x18, 0x06, 0x18, 0x06, 0x18, 0x06, 0x18, 0x06, 0x18, 0x06, 0x18, 0x06,
    0x18, 0x06, 0x18, 0x06, 0x18, 0x06, 0x18, 0x06, 0x18, 0x06, 0x18, 0x06,
    0x18, 0x06, 0x18, 0x06, 0x18, 0x06, 0x18, 0x06, 0x18, 0x06, 0x18, 0x06,
    0x18, 0x06, 0x18, 0x06, 0x18, 0x06, 0x18, 0x06, 0x18, 0x06, 0x18, 0x06,
    0x18, 0x06, 0x18, 0x06, 0x18, 0x06, 0x18, 0x06, 0x18, 0x06, 0x18, 0x06,
    0x18, 0x06, 0x18, 0x06, 0x18, 0x06, 0x18, 0x06, 0x18, 0x06, 0x18, 0x06,
    0x18, 0x06, 0x18, 0x06, 0x18, 0x06, 0x18, 0x06, 0x18, 0x06, 0x18, 0x06,
    0x18, 0x06, 0x18, 0x06, 0x18, 0x06, 0xe3, 0x04, 0x00, 0x06, 0x00, 0x06,
    0x00, 0x06, 0x00, 0x06, 0x00, 0x06, 0x00, 0x06, 0x00, 0x06, 0x00, 0x06,
    0x00, 0x06, 0x00, 0x06, 0x00, 0x06, 0x00, 0x06, 0x00, 0x06, 0x00, 0x06,
    0x00, 0x06, 0x00, 0x06, 0x00, 0x06, 0x00, 0x06, 0x00, 0x06, 0x00, 0x06,
    0x00, 0x06, 0x00, 0x06, 0x00, 0x06, 0x00, 0x06, 0x00, 0x06, 0x00, 0x06,
    0x00, 0x06, 0x00, 0x06, 0x00, 0x06, 0x00, 0x06, 0x00, 0x06, 0x00, 0x06,
    0x00, 0x06, 0x00, 0x06, 0x00, 0x06, 0x00, 0x06, 0x00, 0x06, 0x00, 0x06,
    0x00, 0x06, 0x00, 0x06, 0x00, 0x06, 0x00, 0x06, 0x00, 0x06, 0x00, 0x06,
    0x47, 0x3b, 0x18, 0xc0, 0x18, 0xc0, 0x18, 0xc0, 0x18, 0xc0, 0x18, 0xc0,
    0x18, 0xc0, 0x18, 0xc0, 0x18, 0xc0, 0x18, 0xc0, 0x18, 0xc0, 0x18, 0xc0,
    0x18, 0xc0, 0x18, 0xc0, 0x18, 0xc0, 0x18, 0xc0, 0x18, 0xc0, 0x18, 0xc0,
    0x18, 0xc0, 0x18, 0xc0, 0x18, 0xc0, 0x18, 0xc0, 0x18, 0xc0, 0x18, 0xc0,
    0x18, 0xc0, 0x18, 0xc0, 0x18, 0xc0, 0x18, 0xc0, 0x18, 0xc0, 0x18, 0xc0,
    0x18, 0xc0, 0x18, 0xc0, 0x18, 0xc0, 0x18, 0xc0, 0x18, 0xc0, 0x18, 0xc0,
    0x18, 0xc0, 0x18, 0xc0, 0x18, 0xc0, 0x18, 0xc0, 0x18, 0xc0, 0x18, 0xc0,
    0x18, 0xc0, 0x18, 0xc0, 0x18, 0xc0, 0x18, 0xc0, 0x18, 0xc0, 0x00, 0xc0,
    0x00, 0xc0, 0x00, 0xc0, 0x00, 0xc0, 0x00, 0xc0, 0x00, 0xc0, 0x00, 0xc0,
    0x00, 0xc0, 0x00, 0xc0, 0x00, 0xc0, 0x00, 0xc0, 0x00, 0xc0, 0x00, 0xc0,
    0x00, 0xc0, 0x00, 0xc0, 0x00, 0xc0, 0x00, 0xc0, 0x00, 0xc0, 0x00, 0xc0,
    0x00, 0xc0, 0x00, 0xc0, 0x00, 0xc0, 0x00, 0xc0, 0x00, 0xc0, 0x00, 0xc0,
    0x00, 0xc0, 0x00, 0xc0, 0x00, 0xc0, 0x00, 0xc0, 0x00, 0xc0, 0x00, 0xc0,
    0x00, 0xc0, 0x00, 0xc0, 0x00, 0xc0, 0x00, 0xc0, 0x00, 0xc0, 0x00, 0xc0,
    0x00, 0xc0, 0x00, 0xc0, 0x00, 0xc0, 0x00, 0xc0, 0x00, 0xc0, 0x00, 0xc0,
    0x00, 0xc0, 0x00, 0xc0, 0x0d, 0x30, 0x18, 0x00, 0x18, 0x00, 0x18, 0x00,
    0x18, 0x00, 0x18, 0x00, 0x18, 0x00, 0x18, 0x00, 0x18, 0x00, 0x18, 0x00,
    0x18, 0x00, 0x18, 0x00, 0x18, 0x00, 0x18, 0x00, 0x18, 0x00, 0x18, 0x00,
    0x18, 0x00, 0x18, 0x00, 0x18, 0x00, 0x18, 0x00, 0x18, 0x00, 0x18, 0x00,
    0x18, 0x00, 0x18, 0x00, 0x18, 0x00, 0x18, 0x00, 0x18, 0x00, 0x18, 0x00,
    0x18, 0x00, 0x18, 0x00, 0x18, 0x00, 0x18, 0x00, 0x18, 0x00, 0x18, 0x00,
    0x18, 0x00, 0x18, 0x00, 0x18, 0x00, 0x18, 0x00, 0x18, 0x00, 0x18, 0x00,
    0x18, 0x00, 0x18, 0x00, 0x18, 0x00, 0x18, 0x00, 0x18, 0x00, 0x18, 0x00,
    0x18, 0xc6, 0x18, 0xc6, 0x18, 0xc6, 0x18, 0xc6, 0x18, 0xc6, 0x18, 0xc6,
    0x18, 0xc6, 0x18, 0xc6, 0x18, 0xc6, 0x18, 0xc6, 0x18, 0xc6, 0x18, 0xc6,
    0x18, 0xc6, 0x18, 0xc6, 0x18, 0xc6, 0x18, 0xc6, 0x18, 0xc6, 0x18, 0xc6,
    0x18, 0xc6, 0x18, 0xc6, 0x18, 0xc6, 0x18, 0xc6, 0x18, 0xc6, 0x18, 0xc6,
    0x18, 0xc6, 0x18, 0xc6, 0x18, 0xc6, 0x18, 0xc6, 0x18, 0xc6, 0x18, 0xc6,
    0x18, 0xc6, 0x18, 0xc6, 0x18, 0xc6, 0x18, 0xc6, 0x18, 0xc6, 0x18, 0xc6,
    0x18, 0xc6, 0x18, 0xc6, 0x18, 0xc6, 0x18, 0xc6, 0x18, 0xc6, 0x18, 0xc6,
    0x18, 0xc6, 0x18, 0xc6, 0x18, 0xc6, 0xf8, 0xc5, 0x00, 0xc6, 0x00, 0xc6,
    0x00, 0xc6, 0x00, 0xc6, 0x00, 0xc6, 0x00, 0xc6, 0x00, 0xc6, 0x00, 0xc6,
    0x00, 0xc6, 0x00, 0xc6, 0x00, 0xc6, 0x00, 0xc6, 0x00, 0xc6, 0x00, 0xc6,
    0x00, 0xc6, 0x00, 0xc6, 0x00, 0xc6, 0x00, 0xc6, 0x00, 0xc6, 0x00, 0xc6,
    0x00, 0xc6, 0x00, 0xc6, 0x00, 0xc6, 0x00, 0xc6, 0x00, 0xc6, 0x00, 0xc6,
    0x00, 0xc6, 0x00, 0xc6, 0x00, 0xc6, 0x00, 0xc6, 0x00, 0xc6, 0x00, 0xc6,
    0x00, 0xc6, 0x00, 0xc6, 0x00, 0xc6, 0x00, 0xc6, 0x00, 0xc6, 0x00, 0xc6,
    0x00, 0xc6, 0x00, 0xc6, 0x00, 0xc6, 0x00, 0xc6, 0x00, 0xc6, 0x00, 0xc6,
    0x00, 0xc6, 0x18, 0xc6, 0x18, 0x06, 0x18, 0x06, 0x18, 0x06, 0x18, 0x06,
    0x18, 0x06, 0x18, 0x06, 0x18, 0x06, 0x18, 0x06, 0x18, 0x06, 0x18, 0x06,
    0x18, 0x06, 0x18, 0x06, 0x18, 0x06, 0x18, 0x06, 0x18, 0x06, 0x18, 0x06,
    0x18, 0x06, 0x18, 0x06, 0x18, 0x06, 0x18, 0x06, 0x18, 0x06, 0x18, 0x06,
    0x18, 0x06, 0x18, 0x06, 0x18, 0x06, 0x18, 0x06, 0x18, 0x06, 0x18, 0x06,
    0x18, 0x06, 0x18, 0x06, 0x18, 0x06, 0x18, 0x06, 0x18, 0x06, 0x18, 0x06,
    0x18, 0x06, 0x18, 0x06, 0x18, 0x06, 0x18, 0x06, 0x18, 0x06, 0x18, 0x06,
    0x18, 0x06, 0x18, 0x06, 0x18, 0x06, 0x18, 0x06, 0x18, 0x06, 0x02, 0x0d,
    0x00, 0x06, 0x00, 0x06, 0x00, 0x06, 0x00, 0x06, 0x00, 0x06, 0x00, 0x06,
    0x00, 0x06, 0x00, 0x06, 0x00, 0x06, 0x00, 0x06, 0x00, 0x06, 0x00, 0x06,
    0x00, 0x06, 0x00, 0x06, 0x00, 0x06, 0x00, 0x06, 0x00, 0x06, 0x00, 0x06,
    0x00, 0x06, 0x00, 0x06, 0x00, 0x06, 0x00, 0x06, 0x00, 0x06, 0x00, 0x06,
    0x00, 0x06, 0x00, 0x06, 0x00, 0x06, 0x00, 0x06, 0x00, 0x06, 0x00, 0x06,
    0x00, 0x06, 0x00, 0x06, 0x00, 0x06, 0x00, 0x06, 0x00, 0x06, 0x00, 0x06,
    0x00, 0x06, 0x00, 0x06, 0x00, 0x06, 0x00, 0x06, 0x00, 0x06, 0x00, 0x06,
    0x00, 0x06, 0x00, 0x06, 0x48, 0x43, 0x18, 0xc0, 0x18, 0xc0, 0x18, 0xc0,
    0x18, 0xc0, 0x18, 0xc0, 0x18, 0xc0, 0x18, 0xc0, 0x18, 0xc0, 0x18, 0xc0,
    0x18, 0xc0, 0x18, 0xc0, 0x18, 0xc0, 0x18, 0xc0, 0x18, 0xc0, 0x18, 0xc0,
    0x18, 0xc0, 0x18, 0xc0, 0x18, 0xc0, 0x18, 0xc0, 0x18, 0xc0, 0x18, 0xc0,
    0x18, 0xc0, 0x18, 0xc0, 0x18, 0xc0, 0x18, 0xc0, 0x18, 0xc0, 0x18, 0xc0,
    0x18, 0xc0, 0x18, 0xc0, 0x18, 0xc0, 0x18, 0xc0, 0x18, 0xc0, 0x18, 0xc0,
    0x18, 0xc0, 0x18, 0xc0, 0x18, 0xc0, 0x18, 0xc0, 0x18, 0xc0, 0x18, 0xc0,
    0x18, 0xc0, 0x18, 0xc0, 0x18, 0xc0, 0x18, 0xc0, 0x18, 0xc0, 0x18, 0xc0,
    0x18, 0xc0, 0x00, 0xc0, 0x00, 0xc0, 0x00, 0xc0, 0x00, 0xc0, 0x00, 0xc0,
    0x00, 0xc0, 0x00, 0xc0, 0x00, 0xc0, 0x00, 0xc0, 0x00, 0xc0, 0x00, 0xc0,
    0x00, 0xc0, 0x00, 0xc0, 0x00, 0xc0, 0x00, 0xc0, 0x00, 0xc0, 0x00, 0xc0,
    0x00, 0xc0, 0x00, 0xc0, 0x00, 0xc0, 0x00, 0xc0, 0x00, 0xc0, 0x00, 0xc0,
    0x00, 0xc0, 0x00, 0xc0, 0x00, 0xc0, 0x00, 0xc0, 0x00, 0xc0, 0x00, 0xc0,
    0x00, 0xc0, 0x00, 0xc0, 0x00, 0xc0, 0x00, 0xc0, 0x00, 0xc0, 0x00, 0xc0,
    0x00, 0xc0, 0x00, 0xc0, 0x00, 0xc0, 0x00, 0xc0, 0x00, 0xc0, 0x00, 0xc0,
    0x00, 0xc0, 0x00, 0xc0, 0x00, 0xc0, 0x00, 0xc0, 0x0d, 0x30, 0x18, 0x00,
    0x18, 0x00, 0x18, 0x00, 0x18, 0x00, 0x18, 0x00, 0x18, 0x00, 0x18, 0x00,
    0x18, 0x00, 0x18, 0x00, 0x18, 0x00, 0x18, 0x00, 0x18, 0x00, 0x18, 0x00,
    0x18, 0x00, 0x18, 0x00, 0x18, 0x00, 0x18, 0x00, 0x18, 0x00, 0x18, 0x00,
    0x18, 0x00, 0x18, 0x00, 0x18, 0x00, 0x18, 0x00, 0x18, 0x00, 0x18, 0x00,
    0x18, 0x00, 0x18, 0x00, 0x18, 0x00, 0x18, 0x00, 0x18, 0x00, 0x18, 0x00,
    0x18, 0x00, 0x18, 0x00, 0x18, 0x00, 0x18, 0x00, 0x18, 0x00, 0x18, 0x00,
    0x18, 0x00, 0x18, 0x00, 0x18, 0x00, 0x18, 0x00, 0x18, 0x00, 0x18, 0x00,
    0x18, 0x00, 0x18, 0x00, 0x18, 0xc6, 0x18, 0xc6, 0x18, 0xc6, 0x18, 0xc6,
    0x18, 0xc6, 0x18, 0xc6, 0x18, 0xc6, 0x18, 0xc6, 0x18, 0xc6, 0x18, 0xc6,
    0x18, 0xc6, 0x18, 0xc6, 0x18, 0xc6, 0x18, 0xc6, 0x18, 0xc6, 0x18, 0xc6,
    0x18, 0xc6, 0x18, 0xc6, 0x18, 0xc6, 0x18, 0xc6, 0x18, 0xc6, 0x18, 0xc6,
    0x18, 0xc6, 0x18, 0xc6, 0x18, 0xc6, 0x18, 0xc6, 0x18, 0xc6, 0x18, 0xc6,
    0x18, 0xc6, 0x18, 0xc6, 0x18, 0xc6, 0x18, 0xc6, 0x18, 0xc6, 0x18, 0xc6,
    0x18, 0xc6, 0x18, 0xc6, 0x18, 0xc6, 0x18, 0xc6, 0x18, 0xc6, 0x18, 0xc6,
    0x18, 0xc6, 0x18, 0xc6, 0x18, 0xc6, 0x18, 0xc6, 0x18, 0xc6, 0xf8, 0xbd,
    0x00, 0xc6, 0x00, 0xc6, 0x00, 0xc6, 0x00, 0xc6, 0x00, 0xc6, 0x00, 0xc6,
    0x00, 0xc6, 0x00, 0xc6, 0x00, 0xc6, 0x00, 0xc6, 0x00, 0xc6, 0x00, 0xc6,
    0x00, 0xc6, 0x00, 0xc6, 0x00, 0xc6, 0x00, 0xc6, 0x00, 0xc6, 0x00, 0xc6,
    0x00, 0xc6, 0x00, 0xc6, 0x00, 0xc6, 0x00, 0xc6, 0x00, 0xc6, 0x00, 0xc6,
    0x00, 0xc6, 0x00, 0xc6, 0x00, 0xc6, 0x00, 0xc6, 0x00, 0xc6, 0x00, 0xc6,
    0x00, 0xc6, 0x00, 0xc6, 0x00, 0xc6, 0x00, 0xc6, 0x00, 0xc6, 0x00, 0xc6,
    0x00, 0xc6, 0x00, 0xc6, 0x00, 0xc6, 0x00, 0xc6, 0x00, 0xc6, 0x00, 0xc6,
    0x00, 0xc6, 0x00, 0xc6, 0x00, 0xc6, 0xf8, 0xbd, 0x18, 0x06, 0x18, 0x06,
    0x18, 0x06, 0x18, 0x06, 0x18, 0x06, 0x18, 0x06, 0x18, 0x06, 0x18, 0x06,
    0x18, 0x06, 0x18, 0x06, 0x18, 0x06, 0x18, 0x06, 0x18, 0x06, 0x18, 0x06,
    0x18, 0x06, 0x18, 0x06, 0x18, 0x06, 0x18, 0x06, 0x18, 0x06, 0x18, 0x06,
    0x18, 0x06, 0x18, 0x06, 0x18, 0x06, 0x18, 0x06, 0x18, 0x06, 0x18, 0x06,
    0x18, 0x06, 0x18, 0x06, 0x18, 0x06, 0x18, 0x06, 0x18, 0x06, 0x18, 0x06,
    0x18, 0x06, 0x18, 0x06, 0x18, 0x06, 0x18, 0x06, 0x18, 0x06, 0x18, 0x06,
    0x18, 0x06, 0x18, 0x06, 0x18, 0x06, 0x18, 0x06, 0x18, 0x06, 0x18, 0x06,
    0x18, 0x06, 0xe2, 0x04, 0x00, 0x06, 0x00, 0x06, 0x00, 0x06, 0x00, 0x06,
    0x00, 0x06, 0x00, 0x06, 0x00, 0x06, 0x00, 0x06, 0x00, 0x06, 0x00, 0x06,
    0x00, 0x06, 0x00, 0x06, 0x00, 0x06, 0x00, 0x06, 0x00, 0x06, 0x00, 0x06,
    0x00, 0x06, 0x00, 0x06, 0x00, 0x06, 0x00, 0x06, 0x00, 0x06, 0x00, 0x06,
    0x00, 0x06, 0x00, 0x06, 0x00, 0x06, 0x00, 0x06, 0x00, 0x06, 0x00, 0x06,
    0x00, 0x06, 0x00, 0x06, 0x00, 0x06, 0x00, 0x06, 0x00, 0x06, 0x00, 0x06,
    0x00, 0x06, 0x00, 0x06, 0x00, 0x06, 0x00, 0x06, 0x00, 0x06, 0x00, 0x06,
    0x00, 0x06, 0x00, 0x06, 0x00, 0x06, 0x00, 0x06, 0x27, 0x3b, 0x18, 0xc0,
    0x18, 0xc0, 0x18, 0xc0, 0x18, 0xc0, 0x18, 0xc0, 0x18, 0xc0, 0x18, 0xc0,
    0x18, 0xc0, 0x18, 0xc0, 0x18, 0xc0, 0x18, 0xc0, 0x18, 0xc0, 0x18, 0xc0,
    0x18, 0xc0, 0x18, 0xc0, 0x18, 0xc0, 0x18, 0xc0, 0x18, 0xc0, 0x18, 0xc0,
    0x18, 0xc0, 0x18, 0xc0, 0x18, 0xc0, 0x18, 0xc0, 0x18, 0xc0, 0x18, 0xc0,
    0x18, 0xc0, 0x18, 0xc0, 0x18, 0xc0, 0x18, 0xc0, 0x18, 0xc0, 0x18, 0xc0,
    0x18, 0xc0, 0x18, 0xc0, 0x18, 0xc0, 0x18, 0xc0, 0x18, 0xc0, 0x18, 0xc0,
    0x18, 0xc0, 0x18, 0xc0, 0x18, 0xc0, 0x18, 0xc0, 0x18, 0xc0, 0x18, 0xc0,
    0x18, 0xc0, 0x18, 0xc0, 0x18, 0xc0, 0x00, 0xc0, 0x00, 0xc0, 0x00, 0xc0,
    0x00, 0xc0, 0x00, 0xc0, 0x00, 0xc0, 0x00, 0xc0, 0x00, 0xc0, 0x00, 0xc0,
    0x00, 0xc0, 0x00, 0xc0, 0x00, 0xc0, 0x00, 0xc0, 0x00, 0xc0, 0x00, 0xc0,
    0x00, 0xc0, 0x00, 0xc0, 0x00, 0xc0, 0x00, 0xc0, 0x00, 0xc0, 0x00, 0xc0,
    0x00, 0xc0, 0x00, 0xc0, 0x00, 0xc0, 0x00, 0xc0, 0x00, 0xc0, 0x00, 0xc0,
    0x00, 0xc0, 0x00, 0xc0, 0x00, 0xc0, 0x00, 0xc0, 0x00, 0xc0, 0x00, 0xc0,
    0x00, 0xc0, 0x00, 0xc0, 0x00, 0xc0, 0x00, 0xc0, 0x00, 0xc0, 0x00, 0xc0,
    0x00, 0xc0, 0x00, 0xc0, 0x00, 0xc0, 0x00, 0xc0, 0x00, 0xc0, 0x00, 0xc0,
    0x0d, 0x30, 0x18, 0x00, 0x18, 0x00, 0x18, 0x00, 0x18, 0x00, 0x18, 0x00,
    0x18, 0x00, 0x18, 0x00, 0x18, 0x00, 0x18, 0x00, 0x18, 0x00, 0x18, 0x00,
    0x18, 0x00, 0x18, 0x00, 0x18, 0x00, 0x18, 0x00, 0x18, 0x00, 0x18, 0x00,
    0x18, 0x00, 0x18, 0x00, 0x18, 0x00, 0x18, 0x00, 0x18, 0x00, 0x18, 0x00,
    0x18, 0x00, 0x18, 0x00, 0x18, 0x00, 0x18, 0x00, 0x18, 0x00, 0x18, 0x00,
    0x18, 0x00, 0x18, 0x00, 0x18, 0x00, 0x18, 0x00, 0x18, 0x00, 0x18, 0x00,
    0x18, 0x00, 0x18, 0x00, 0x18, 0x00, 0x18, 0x00, 0x18, 0x00, 0x18, 0x00,
    0x18, 0x00, 0x18, 0x00, 0x18, 0x00, 0x18, 0x00, 0x18, 0xc6, 0x18, 0xc6,
    0x18, 0xc6, 0x18, 0xc6, 0x18, 0xc6, 0x18, 0xc6, 0x18, 0xc6, 0x18, 0xc6,
    0x18, 0xc6, 0x18, 0xc6, 0x18, 0xc6, 0x18, 0xc6, 0x18, 0xc6, 0x18, 0xc6,
    0x18, 0xc6, 0x18, 0xc6, 0x18, 0xc6, 0x18, 0xc6, 0x18, 0xc6, 0x18, 0xc6,
    0x18, 0xc6, 0x18, 0xc6, 0x18, 0xc6, 0x18, 0xc6, 0x18, 0xc6, 0x18, 0xc6,
    0x18, 0xc6, 0x18, 0xc6, 0x18, 0xc6, 0x18, 0xc6, 0x18, 0xc6, 0x18, 0xc6,
    0x18, 0xc6, 0x18, 0xc6, 0x18, 0xc6, 0x18, 0xc6, 0x18, 0xc6, 0x18, 0xc6,
    0x18, 0xc6, 0x18, 0xc6, 0x18, 0xc6, 0x18, 0xc6, 0x18, 0xc6, 0x18, 0xc6,
    0x18, 0xc6, 0xf8, 0xbd, 0x00, 0xc6, 0x00, 0xc6, 0x00, 0xc6, 0x00, 0xc6,
    0x00, 0xc6, 0x00, 0xc6, 0x00, 0xc6, 0x00, 0xc6, 0x00, 0xc6, 0x00, 0xc6,
    0x00, 0xc6, 0x00, 0xc6, 0x00, 0xc6, 0x00, 0xc6, 0x00, 0xc6, 0x00, 0xc6,
    0x00, 0xc6, 0x00, 0xc6, 0x00, 0xc6, 0x00, 0xc6, 0x00, 0xc6, 0x00, 0xc6,
    0x00, 0xc6, 0x00, 0xc6, 0x00, 0xc6, 0x00, 0xc6, 0x00, 0xc6, 0x00, 0xc6,
    0x00, 0xc6, 0x00, 0xc6, 0x00, 0xc6, 0x00, 0xc6, 0x00, 0xc6, 0x00, 0xc6,
    0x00, 0xc6, 0x00, 0xc6, 0x00, 0xc6, 0x00, 0xc6, 0x00, 0xc6, 0x00, 0xc6,
    0x00, 0xc6, 0x00, 0xc6, 0x00, 0xc6, 0x00, 0xc6, 0x00, 0xc6, 0xf8, 0xbd,
    0x18, 0x06, 0x18, 0x06, 0x18, 0x06, 0x18, 0x06, 0x18, 0x06, 0x18, 0x06,
    0x18, 0x06, 0x18, 0x06, 0x18, 0x06, 0x18, 0x06, 0x18, 0x06, 0x18, 0x06,
    0x18, 0x06, 0x18, 0x06, 0x18, 0x06, 0x18, 0x06, 0x18, 0x06, 0x18, 0x06,
    0x18, 0x06, 0x18, 0x06, 0x18, 0x06, 0x18, 0x06, 0x18, 0x06, 0x18, 0x06,
    0x18, 0x06, 0x18, 0x06, 0x18, 0x06, 0x18, 0x06, 0x18, 0x06, 0x18, 0x06,
    0x18, 0x06, 0x18, 0x06, 0x18, 0x06, 0x18, 0x06, 0x18, 0x06, 0x18, 0x06,
    0x18, 0x06, 0x18, 0x06, 0x18, 0x06, 0x18, 0x06, 0x18, 0x06, 0x18, 0x06,
    0x18, 0x06, 0x18, 0x06, 0x18, 0x06, 0xe3, 0x0c, 0x00, 0x06, 0x00, 0x06,
    0x00, 0x06, 0x00, 0x06, 0x00, 0x06, 0x00, 0x06, 0x00, 0x06, 0x00, 0x06,
    0x00, 0x06, 0x00, 0x06, 0x00, 0x06, 0x00, 0x06, 0x00, 0x06, 0x00, 0x06,
    0x00, 0x06, 0x00, 0x06, 0x00, 0x06, 0x00, 0x06, 0x00, 0x06, 0x00, 0x06,
    0x00, 0x06, 0x00, 0x06, 0x00, 0x06, 0x00, 0x06, 0x00, 0x06, 0x00, 0x06,
    0x00, 0x06, 0x00, 0x06, 0x00, 0x06, 0x00, 0x06, 0x00, 0x06, 0x00, 0x06,
    0x00, 0x06, 0x00, 0x06, 0x00, 0x06, 0x00, 0x06, 0x00, 0x06, 0x00, 0x06,
    0x00, 0x06, 0x00, 0x06, 0x00, 0x06, 0x00, 0x06, 0x00, 0x06, 0x00, 0x06,
    0x47, 0x3b, 0x18, 0xc0, 0x18, 0xc0, 0x18, 0xc0, 0x18, 0xc0, 0x18, 0xc0,
    0x18, 0xc0, 0x18, 0xc0, 0x18, 0xc0, 0x18, 0xc0, 0x18, 0xc0, 0x18, 0xc0,
    0x18, 0xc0, 0x18, 0xc0, 0x18, 0xc0, 0x18, 0xc0, 0x18, 0xc0, 0x18, 0xc0,
    0x18, 0xc0, 0x18, 0xc0, 0x18, 0xc0, 0x18, 0xc0, 0x18, 0xc0, 0x18, 0xc0,
    0x18, 0xc0, 0x18, 0xc0, 0x18, 0xc0, 0x18, 0xc0, 0x18, 0xc0, 0x18, 0xc0,
    0x18, 0xc0, 0x18, 0xc0, 0x18, 0xc0, 0x18, 0xc0, 0x18, 0xc0, 0x18, 0xc0,
    0x18, 0xc0, 0x18, 0xc0, 0x18, 0xc0, 0x18, 0xc0, 0x18, 0xc0, 0x18, 0xc0,
    0x18, 0xc0, 0x18, 0xc0, 0x18, 0xc0, 0x18, 0xc0, 0x18, 0xc0, 0x00, 0xc0,
    0x00, 0xc0, 0x00, 0xc0, 0x00, 0xc0, 0x00, 0xc0, 0x00, 0xc0, 0x00, 0xc0,
    0x00, 0xc0, 0x00, 0xc0, 0x00, 0xc0, 0x00, 0xc0, 0x00, 0xc0, 0x00, 0xc0,
    0x00, 0xc0, 0x00, 0xc0, 0x00, 0xc0, 0x00, 0xc0, 0x00, 0xc0, 0x00, 0xc0,
    0x00, 0xc0, 0x00, 0xc0, 0x00, 0xc0, 0x00, 0xc0, 0x00, 0xc0, 0x00, 0xc0,
    0x00, 0xc0, 0x00, 0xc0, 0x00, 0xc0, 0x00, 0xc0, 0x00, 0xc0, 0x00, 0xc0,
    0x00, 0xc0, 0x00, 0xc0, 0x00, 0xc0, 0x00, 0xc0, 0x00, 0xc0, 0x00, 0xc0,
    0x00, 0xc0, 0x00, 0xc0, 0x00, 0xc0, 0x00, 0xc0, 0x00, 0xc0, 0x00, 0xc0,
    0x00, 0xc0, 0x00, 0xc0, 0x0e, 0x38, 0x18, 0x00, 0x18, 0x00, 0x18, 0x00,
    0x18, 0x00, 0x18, 0x00, 0x18, 0x00, 0x18, 0x00, 0x18, 0x00, 0x18, 0x00,
    0x18, 0x00, 0x18, 0x00, 0x18, 0x00, 0x18, 0x00, 0x18, 0x00, 0x18, 0x00,
    0x18, 0x00, 0x18, 0x00, 0x18, 0x00, 0x18, 0x00, 0x18, 0x00, 0x18, 0x00,
    0x18, 0x00, 0x18, 0x00, 0x18, 0x00, 0x18, 0x00, 0x18, 0x00, 0x18, 0x00,
    0x18, 0x00, 0x18, 0x00, 0x18, 0x00, 0x18, 0x00, 0x18, 0x00, 0x18, 0x00,
    0x18, 0x00, 0x18, 0x00, 0x18, 0x00, 0x18, 0x00, 0x18, 0x00, 0x18, 0x00,
    0x18, 0x00, 0x18, 0x00, 0x18, 0x00, 0x18, 0x00, 0x18, 0x00, 0x18, 0x00,
    0x18, 0xc6, 0x18, 0xc6, 0x18, 0xc6, 0x18, 0xc6, 0x18, 0xc6, 0x18, 0xc6,
    0x18, 0xc6, 0x18, 0xc6, 0x18, 0xc6, 0x18, 0xc6, 0x18, 0xc6, 0x18, 0xc6,
    0x18, 0xc6, 0x18, 0xc6, 0x18, 0xc6, 0x18, 0xc6, 0x18, 0xc6, 0x18, 0xc6,
    0x18, 0xc6, 0x18, 0xc6, 0x18, 0xc6, 0x18, 0xc6, 0x18, 0xc6, 0x18, 0xc6,
    0x18, 0xc6, 0x18, 0xc6, 0x18, 0xc6, 0x18, 0xc6, 0x18, 0xc6, 0x18, 0xc6,
    0x18, 0xc6, 0x18, 0xc6, 0x18, 0xc6, 0x18, 0xc6, 0x18, 0xc6, 0x18, 0xc6,
    0x18, 0xc6, 0x18, 0xc6, 0x18, 0xc6, 0x18, 0xc6, 0x18, 0xc6, 0x18, 0xc6,
    0x18, 0xc6, 0x18, 0xc6, 0x18, 0xc6, 0x18, 0xc6, 0x00, 0xc6, 0x00, 0xc6,
    0x00, 0xc6, 0x00, 0xc6, 0x00, 0xc6, 0x00, 0xc6, 0x00, 0xc6, 0x00, 0xc6,
    0x00, 0xc6, 0x00, 0xc6, 0x00, 0xc6, 0x00, 0xc6, 0x00, 0xc6, 0x00, 0xc6,
    0x00, 0xc6, 0x00, 0xc6, 0x00, 0xc6, 0x00, 0xc6, 0x00, 0xc6, 0x00, 0xc6,
    0x00, 0xc6, 0x00, 0xc6, 0x00, 0xc6, 0x00, 0xc6, 0x00, 0xc6, 0x00, 0xc6,
    0x00, 0xc6, 0x00, 0xc6, 0x00, 0xc6, 0x00, 0xc6, 0x00, 0xc6, 0x00, 0xc6,
    0x00, 0xc6, 0x00, 0xc6, 0x00, 0xc6, 0x00, 0xc6, 0x00, 0xc6, 0x00, 0xc6,
    0x00, 0xc6, 0x00, 0xc6, 0x00, 0xc6, 0x00, 0xc6, 0x00, 0xc6, 0x00, 0xc6,
    0x00, 0xc6, 0xf8, 0xc5, 0x18, 0x06, 0x18, 0x06, 0x18, 0x06, 0x18, 0x06,
    0x18, 0x06, 0x18, 0x06, 0x18, 0x06, 0x18, 0x06, 0x18, 0x06, 0x18, 0x06,
    0x18, 0x06, 0x18, 0x06, 0x18, 0x06, 0x18, 0x06, 0x18, 0x06, 0x18, 0x06,
    0x18, 0x06, 0x18, 0x06, 0x18, 0x06, 0x18, 0x06, 0x18, 0x06, 0x18, 0x06,
    0x18, 0x06, 0x18, 0x06, 0x18, 0x06, 0x18, 0x06, 0x18, 0x06, 0x18, 0x06,
    0x18, 0x06, 0x18, 0x06, 0x18, 0x06, 0x18, 0x06, 0x18, 0x06, 0x18, 0x06,
    0x18, 0x06, 0x18, 0x06, 0x18, 0x06, 0x18, 0x06, 0x18, 0x06, 0x18, 0x06,
    0x18, 0x06, 0x18, 0x06, 0x18, 0x06, 0x18, 0x06, 0x18, 0x06, 0xe2, 0x04,
    0x00, 0x06, 0x00, 0x06, 0x00, 0x06, 0x00, 0x06, 0x00, 0x06, 0x00, 0x06,
    0x00, 0x06, 0x00, 0x06, 0x00, 0x06, 0x00, 0x06, 0x00, 0x06, 0x00, 0x06,
    0x00, 0x06, 0x00, 0x06, 0x00, 0x06, 0x00, 0x06, 0x00, 0x06, 0x00, 0x06,
    0x00, 0x06, 0x00, 0x06, 0x00, 0x06, 0x00, 0x06, 0x00, 0x06, 0x00, 0x06,
    0x00, 0x06, 0x00, 0x06, 0x00, 0x06, 0x00, 0x06, 0x00, 0x06, 0x00, 0x06,
    0x00, 0x06, 0x00, 0x06, 0x00, 0x06, 0x00, 0x06, 0x00, 0x06, 0x00, 0x06,
    0x00, 0x06, 0x00, 0x06, 0x00, 0x06, 0x00, 0x06, 0x00, 0x06, 0x00, 0x06,
    0x00, 0x06, 0x00, 0x06, 0x28, 0x43, 0x18, 0xc0, 0x18, 0xc0, 0x18, 0xc0,
    0x18, 0xc0, 0x18, 0xc0, 0x18, 0xc0, 0x18, 0xc0, 0x18, 0xc0, 0x18, 0xc0,
    0x18, 0xc0, 0x18, 0xc0, 0x18, 0xc0, 0x18, 0xc0, 0x18, 0xc0, 0x18, 0xc0,
    0x18, 0xc0, 0x18, 0xc0, 0x18, 0xc0, 0x18, 0xc0, 0x18, 0xc0, 0x18, 0xc0,
    0x18, 0xc0, 0x18, 0xc0, 0x18, 0xc0, 0x18, 0xc0, 0x18, 0xc0, 0x18, 0xc0,
    0x18, 0xc0, 0x18, 0xc0, 0x18, 0xc0, 0x18, 0xc0, 0x18, 0xc0, 0x18, 0xc0,
    0x18, 0xc0, 0x18, 0xc0, 0x18, 0xc0, 0x18, 0xc0, 0x18, 0xc0, 0x18, 0xc0,
    0x18, 0xc0, 0x18, 0xc0, 0x18, 0xc0, 0x18, 0xc0, 0x18, 0xc0, 0x18, 0xc0,
    0x18, 0xc0, 0x00, 0xc0, 0x00, 0xc0, 0x00, 0xc0, 0x00, 0xc0, 0x00, 0xc0,
    0x00, 0xc0, 0x00, 0xc0, 0x00, 0xc0, 0x00, 0xc0, 0x00, 0xc0, 0x00, 0xc0,
    0x00, 0xc0, 0x00, 0xc0, 0x00, 0xc0, 0x00, 0xc0, 0x00, 0xc0, 0x00, 0xc0,
    0x00, 0xc0, 0x00, 0xc0, 0x00, 0xc0, 0x00, 0xc0, 0x00, 0xc0, 0x00, 0xc0,
    0x00, 0xc0, 0x00, 0xc0, 0x00, 0xc0, 0x00, 0xc0, 0x00, 0xc0, 0x00, 0xc0,
    0x00, 0xc0, 0x00, 0xc0, 0x00, 0xc0, 0x00, 0xc0, 0x00, 0xc0, 0x00, 0xc0,
    0x00, 0xc0, 0x00, 0xc0, 0x00, 0xc0, 0x00, 0xc0, 0x00, 0xc0, 0x00, 0xc0,
    0x00, 0xc0, 0x00, 0xc0, 0x00, 0xc0, 0x00, 0xc0, 0x0d, 0x30, 0x18, 0x00,
    0x18, 0x00, 0x18, 0x00, 0x18, 0x00, 0x18, 0x00, 0x18, 0x00, 0x18, 0x00,
    0x18, 0x00, 0x18, 0x00, 0x18, 0x00, 0x18, 0x00, 0x18, 0x00, 0x18, 0x00,
    0x18, 0x00, 0x18, 0x00, 0x18, 0x00, 0x18, 0x00, 0x18, 0x00, 0x18, 0x00,
    0x18, 0x00, 0x18, 0x00, 0x18, 0x00, 0x18, 0x00, 0x18, 0x00, 0x18, 0x00,
    0x18, 0x00, 0x18, 0x00, 0x18, 0x00, 0x18, 0x00, 0x18, 0x00, 0x18, 0x00,
    0x18, 0x00, 0x18, 0x00, 0x18, 0x00, 0x18, 0x00, 0x18, 0x00, 0x18, 0x00,
    0x18, 0x00, 0x18, 0x00, 0x18, 0x00, 0x18, 0x00, 0x18, 0x00, 0x18, 0x00,
    0x18, 0x00, 0x18, 0x00, 0x18, 0xc6, 0x18, 0xc6, 0x18, 0xc6, 0x18, 0xc6,
    0x18, 0xc6, 0x18, 0xc6, 0x18, 0xc6, 0x18, 0xc6, 0x18, 0xc6, 0x18, 0xc6,
    0x18, 0xc6, 0x18, 0xc6, 0x18, 0xc6, 0x18, 0xc6, 0x18, 0xc6, 0x18, 0xc6,
    0x18, 0xc6, 0x18, 0xc6, 0x18, 0xc6, 0x18, 0xc6, 0x18, 0xc6, 0x18, 0xc6,
    0x18, 0xc6, 0x18, 0xc6, 0x18, 0xc6, 0x18, 0xc6, 0x18, 0xc6, 0x18, 0xc6,
    0x18, 0xc6, 0x18, 0xc6, 0x18, 0xc6, 0x18, 0xc6, 0x18, 0xc6, 0x18, 0xc6,
    0x18, 0xc6, 0x18, 0xc6, 0x18, 0xc6, 0x18, 0xc6, 0x18, 0xc6, 0x18, 0xc6,
    0x18, 0xc6, 0x18, 0xc6, 0x18, 0xc6, 0x18, 0xc6, 0x18, 0xc6, 0xf8, 0xbd,
    0x00, 0xc6, 0x00, 0xc6, 0x00, 0xc6, 0x00, 0xc6, 0x00, 0xc6, 0x00, 0xc6,
    0x00, 0xc6, 0x00, 0xc6, 0x00, 0xc6, 0x00, 0xc6, 0x00, 0xc6, 0x00, 0xc6,
    0x00, 0xc6, 0x00, 0xc6, 0x00, 0xc6, 0x00, 0xc6, 0x00, 0xc6, 0x00, 0xc6,
    0x00, 0xc6, 0x00, 0xc6, 0x00, 0xc6, 0x00, 0xc6, 0x00, 0xc6, 0x00, 0xc6,
    0x00, 0xc6, 0x00, 0xc6, 0x00, 0xc6, 0x00, 0xc6, 0x00, 0xc6, 0x00, 0xc6,
    0x00, 0xc6, 0x00, 0xc6, 0x00, 0xc6, 0x00, 0xc6, 0x00, 0xc6, 0x00, 0xc6,
    0x00, 0xc6, 0x00, 0xc6, 0x00, 0xc6, 0x00, 0xc6, 0x00, 0xc6, 0x00, 0xc6,
    0x00, 0xc6, 0x00, 0xc6, 0x00, 0xc6, 0x18, 0xbe, 0x18, 0x06, 0x18, 0x06,
    0x18, 0x06, 0x18, 0x06, 0x18, 0x06, 0x18, 0x06, 0x18, 0x06, 0x18, 0x06,
    0x18, 0x06, 0x18, 0x06, 0x18, 0x06, 0x18, 0x06, 0x18, 0x06, 0x18, 0x06,
    0x18, 0x06, 0x18, 0x06, 0x18, 0x06, 0x18, 0x06, 0x18, 0x06, 0x18, 0x06,
    0x18, 0x06, 0x18, 0x06, 0x18, 0x06, 0x18, 0x06, 0x18, 0x06, 0x18, 0x06,
    0x18, 0x06, 0x18, 0x06, 0x18, 0x06, 0x18, 0x06, 0x18, 0x06, 0x18, 0x06,
    0x18, 0x06, 0x18, 0x06, 0x18, 0x06, 0x18, 0x06, 0x18, 0x06, 0x18, 0x06,
    0x18, 0x06, 0x18, 0x06, 0x18, 0x06, 0x18, 0x06, 0x18, 0x06, 0x18, 0x06,
    0x18, 0x06, 0x02, 0x0d, 0x00, 0x06, 0x00, 0x06, 0x00, 0x06, 0x00, 0x06,
    0x00, 0x06, 0x00, 0x06, 0x00, 0x06, 0x00, 0x06, 0x00, 0x06, 0x00, 0x06,
    0x00, 0x06, 0x00, 0x06, 0x00, 0x06, 0x00, 0x06, 0x00, 0x06, 0x00, 0x06,
    0x00, 0x06, 0x00, 0x06, 0x00, 0x06, 0x00, 0x06, 0x00, 0x06, 0x00, 0x06,
    0x00, 0x06, 0x00, 0x06, 0x00, 0x06, 0x00, 0x06, 0x00, 0x06, 0x00, 0x06,
    0x00, 0x06, 0x00, 0x06, 0x00, 0x06, 0x00, 0x06, 0x00, 0x06, 0x00, 0x06,
    0x00, 0x06, 0x00, 0x06, 0x00, 0x06, 0x00, 0x06, 0x00, 0x06, 0x00, 0x06,
    0x00, 0x06, 0x00, 0x06, 0x00, 0x06, 0x00, 0x06, 0x47, 0x3b, 0x18, 0xc0,
    0x18, 0xc0, 0x18, 0xc0, 0x18, 0xc0, 0x18, 0xc0, 0x18, 0xc0, 0x18, 0xc0,
    0x18, 0xc0, 0x18, 0xc0, 0x18, 0xc0, 0x18, 0xc0, 0x18, 0xc0, 0x18, 0xc0,
    0x18, 0xc0, 0x18, 0xc0, 0x18, 0xc0, 0x18, 0xc0, 0x18, 0xc0, 0x18, 0xc0,
    0x18, 0xc0, 0x18, 0xc0, 0x18, 0xc0, 0x18, 0xc0, 0x18, 0xc0, 0x18, 0xc0,
    0x18, 0xc0, 0x18, 0xc0, 0x18, 0xc0, 0x18, 0xc0, 0x18, 0xc0, 0x18, 0xc0,
    0x18, 0xc0, 0x18, 0xc0, 0x18, 0xc0, 0x18, 0xc0, 0x18, 0xc0, 0x18, 0xc0,
    0x18, 0xc0, 0x18, 0xc0, 0x18, 0xc0, 0x18, 0xc0, 0x18, 0xc0, 0x18, 0xc0,
    0x18, 0xc0, 0x18, 0xc0, 0x18, 0xc0, 0x00, 0xc0, 0x00, 0xc0, 0x00, 0xc0,
    0x00, 0xc0, 0x00, 0xc0, 0x00, 0xc0, 0x00, 0xc0, 0x00, 0xc0, 0x00, 0xc0,
    0x00, 0xc0, 0x00, 0xc0, 0x00, 0xc0, 0x00, 0xc0, 0x00, 0xc0, 0x00, 0xc0,
    0x00, 0xc0, 0x00, 0xc0, 0x00, 0xc0, 0x00, 0xc0, 0x00, 0xc0, 0x00, 0xc0,
    0x00, 0xc0, 0x00, 0xc0, 0x00, 0xc0, 0x00, 0xc0, 0x00, 0xc0, 0x00, 0xc0,
    0x00, 0xc0, 0x00, 0xc0, 0x00, 0xc0, 0x00, 0xc0, 0x00, 0xc0, 0x00, 0xc0,
    0x00, 0xc0, 0x00, 0xc0, 0x00, 0xc0, 0x00, 0xc0, 0x00, 0xc0, 0x00, 0xc0,
    0x00, 0xc0, 0x00, 0xc0, 0x00, 0xc0, 0x00, 0xc0, 0x00, 0xc0, 0x00, 0xc0,
    0x0d, 0x30, 0x18, 0x00, 0x18, 0x00, 0x18, 0x00, 0x18, 0x00, 0x18, 0x00,
    0x18, 0x00, 0x18, 0x00, 0x18, 0x00, 0x18, 0x00, 0x18, 0x00, 0x18, 0x00,
    0x18, 0x00, 0x18, 0x00, 0x18, 0x00, 0x18, 0x00, 0x18, 0x00, 0x18, 0x00,
    0x18, 0x00, 0x18, 0x00, 0x18, 0x00, 0x18, 0x00, 0x18, 0x00, 0x18, 0x00,
    0x18, 0x00, 0x18, 0x00, 0x18, 0x00, 0x18, 0x00, 0x18, 0x00, 0x18, 0x00,
    0x18, 0x00, 0x18, 0x00, 0x18, 0x00, 0x18, 0x00, 0x18, 0x00, 0x18, 0x00,
    0x18, 0x00, 0x18, 0x00, 0x18, 0x00, 0x18, 0x00, 0x18, 0x00, 0x18, 0x00,
    0x18, 0x00, 0x18, 0x00, 0x18, 0x00, 0x18, 0x00, 0x18, 0xc6, 0x18, 0xc6,
    0x18, 0xc6, 0x18, 0xc6, 0x18, 0xc6, 0x18, 0xc6, 0x18, 0xc6, 0x18, 0xc6,
    0x18, 0xc6, 0x18, 0xc6, 0x18, 0xc6, 0x18, 0xc6, 0x18, 0xc6, 0x18, 0xc6,
    0x18, 0xc6, 0x18, 0xc6, 0x18, 0xc6, 0x18, 0xc6, 0x18, 0xc6, 0x18, 0xc6,
    0x18, 0xc6, 0x18, 0xc6, 0x18, 0xc6, 0x18, 0xc6, 0x18, 0xc6, 0x18, 0xc6,
    0x18, 0xc6, 0x18, 0xc6, 0x18, 0xc6, 0x18, 0xc6, 0x18, 0xc6, 0x18, 0xc6,
    0x18, 0xc6, 0x18, 0xc6, 0x18, 0xc6, 0x18, 0xc6, 0x18, 0xc6, 0x18, 0xc6,
    0x18, 0xc6, 0x18, 0xc6, 0x18, 0xc6, 0x18, 0xc6, 0x18, 0xc6, 0x18, 0xc6,
    0x18, 0xc6, 0xf8, 0xbd, 0x00, 0xc6, 0x00, 0xc6, 0x00, 0xc6, 0x00, 0xc6,
    0x00, 0xc6, 0x00, 0xc6, 0x00, 0xc6, 0x00, 0xc6, 0x00, 0xc6, 0x00, 0xc6,
    0x00, 0xc6, 0x00, 0xc6, 0x00, 0xc6, 0x00, 0xc6, 0x00, 0xc6, 0x00, 0xc6,
    0x00, 0xc6, 0x00, 0xc6, 0x00, 0xc6, 0x00, 0xc6, 0x00, 0xc6, 0x00, 0xc6,
    0x00, 0xc6, 0x00, 0xc6, 0x00, 0xc6, 0x00, 0xc6, 0x00, 0xc6, 0x00, 0xc6,
    0x00, 0xc6, 0x00, 0xc6, 0x00, 0xc6, 0x00, 0xc6, 0x00, 0xc6, 0x00, 0xc6,
    0x00, 0xc6, 0x00, 0xc6, 0x00, 0xc6, 0x00, 0xc6, 0x00, 0xc6, 0x00, 0xc6,
    0x00, 0xc6, 0x00, 0xc6, 0x00, 0xc6, 0x00, 0xc6, 0x00, 0xc6, 0xf8, 0xbd,
    0x18, 0x06, 0x18, 0x06, 0x18, 0x06, 0x18, 0x06, 0x18, 0x06, 0x18, 0x06,
    0x18, 0x06, 0x18, 0x06, 0x18, 0x06, 0x18, 0x06, 0x18, 0x06, 0x18, 0x06,
    0x18, 0x06, 0x18, 0x06, 0x18, 0x06, 0x18, 0x06, 0x18, 0x06, 0x18, 0x06,
    0x18, 0x06, 0x18, 0x06, 0x18, 0x06, 0x18, 0x06, 0x18, 0x06, 0x18, 0x06,
    0x18, 0x06, 0x18, 0x06, 0x18, 0x06, 0x18, 0x06, 0x18, 0x06, 0x18, 0x06,
    0x18, 0x06, 0x18, 0x06, 0x18, 0x06, 0x18, 0x06, 0x18, 0x06, 0x18, 0x06,
    0x18, 0x06, 0x18, 0x06, 0x18, 0x06, 0x18, 0x06, 0x18, 0x06, 0x18, 0x06,
    0x18, 0x06, 0x18, 0x06, 0x18, 0x06, 0xe3, 0x04, 0x00, 0x06, 0x00, 0x06,
    0x00, 0x06, 0x00, 0x06, 0x00, 0x06, 0x00, 0x06, 0x00, 0x06, 0x00, 0x06,
    0x00, 0x06, 0x00, 0x06, 0x00, 0x06, 0x00, 0x06, 0x00, 0x06, 0x00, 0x06,
    0x00, 0x06, 0x00, 0x06, 0x00, 0x06, 0x00, 0x06, 0x00, 0x06, 0x00, 0x06,
    0x00, 0x06, 0x00, 0x06, 0x00, 0x06, 0x00, 0x06, 0x00, 0x06, 0x00, 0x06,
    0x00, 0x06, 0x00, 0x06, 0x00, 0x06, 0x00, 0x06, 0x00, 0x06, 0x00, 0x06,
    0x00, 0x06, 0x00, 0x06, 0x00, 0x06, 0x00, 0x06, 0x00, 0x06, 0x00, 0x06,
    0x00, 0x06, 0x00, 0x06, 0x00, 0x06, 0x00, 0x06, 0x00, 0x06, 0x00, 0x06,
    0x47, 0x3b, 0x18, 0xc0, 0x18, 0xc0, 0x18, 0xc0, 0x18, 0xc0, 0x18, 0xc0,
    0x18, 0xc0, 0x18, 0xc0, 0x18, 0xc0, 0x18, 0xc0, 0x18, 0xc0, 0x18, 0xc0,
    0x18, 0xc0, 0x18, 0xc0, 0x18, 0xc0, 0x18, 0xc0, 0x18, 0xc0, 0x18, 0xc0,
    0x18, 0xc0, 0x18, 0xc0, 0x18, 0xc0, 0x18, 0xc0, 0x18, 0xc0, 0x18, 0xc0,
    0x18, 0xc0, 0x18, 0xc0, 0x18, 0xc0, 0x18, 0xc0, 0x18, 0xc0, 0x18, 0xc0,
    0x18, 0xc0, 0x18, 0xc0, 0x18, 0xc0, 0x18, 0xc0, 0x18, 0xc0, 0x18, 0xc0,
    0x18, 0xc0, 0x18, 0xc0, 0x18, 0xc0, 0x18, 0xc0, 0x18, 0xc0, 0x18, 0xc0,
    0x18, 0xc0, 0x18, 0xc0, 0x18, 0xc0, 0x18, 0xc0, 0x18, 0xc0, 0x00, 0xc0,
    0x00, 0xc0, 0x00, 0xc0, 0x00, 0xc0, 0x00, 0xc0, 0x00, 0xc0, 0x00, 0xc0,
    0x00, 0xc0, 0x00, 0xc0, 0x00, 0xc0, 0x00, 0xc0, 0x00, 0xc0, 0x00, 0xc0,
    0x00, 0xc0, 0x00, 0xc0, 0x00, 0xc0, 0x00, 0xc0, 0x00, 0xc0, 0x00, 0xc0,
    0x00, 0xc0, 0x00, 0xc0, 0x00, 0xc0, 0x00, 0xc0, 0x00, 0xc0, 0x00, 0xc0,
    0x00, 0xc0, 0x00, 0xc0, 0x00, 0xc0, 0x00, 0xc0, 0x00, 0xc0, 0x00, 0xc0,
    0x00, 0xc0, 0x00, 0xc0, 0x00, 0xc0, 0x00, 0xc0, 0x00, 0xc0, 0x00, 0xc0,
    0x00, 0xc0, 0x00, 0xc0, 0x00, 0xc0, 0x00, 0xc0, 0x00, 0xc0, 0x00, 0xc0,
    0x00, 0xc0, 0x00, 0xc0, 0x0d, 0x30, 0x18, 0x00, 0x18, 0x00, 0x18, 0x00,
    0x18, 0x00, 0x18, 0x00, 0x18, 0x00, 0x18, 0x00, 0x18, 0x00, 0x18, 0x00,
    0x18, 0x00, 0x18, 0x00, 0x18, 0x00, 0x18, 0x00, 0x18, 0x00, 0x18, 0x00,
    0x18, 0x00, 0x18, 0x00, 0x18, 0x00, 0x18, 0x00, 0x18, 0x00, 0x18, 0x00,
    0x18, 0x00, 0x18, 0x00, 0x18, 0x00, 0x18, 0x00, 0x18, 0x00, 0x18, 0x00,
    0x18, 0x00, 0x18, 0x00, 0x18, 0x00, 0x18, 0x00, 0x18, 0x00, 0x18, 0x00,
    0x18, 0x00, 0x18, 0x00, 0x18, 0x00, 0x18, 0x00, 0x18, 0x00, 0x18, 0x00,
    0x18, 0x00, 0x18, 0x00, 0x18, 0x00, 0x18, 0x00, 0x18, 0x00, 0x18, 0x00,
    0x18, 0xc6, 0x18, 0xc6, 0x18, 0xc6, 0x18, 0xc6, 0x18, 0xc6, 0x18, 0xc6,
    0x18, 0xc6, 0x18, 0xc6, 0x18, 0xc6, 0x18, 0xc6, 0x18, 0xc6, 0x18, 0xc6,
    0x18, 0xc6, 0x18, 0xc6, 0x18, 0xc6, 0x18, 0xc6, 0x18, 0xc6, 0x18, 0xc6,
    0x18, 0xc6, 0x18, 0xc6, 0x18, 0xc6, 0x18, 0xc6, 0x18, 0xc6, 0x18, 0xc6,
    0x18, 0xc6, 0x18, 0xc6, 0x18, 0xc6, 0x18, 0xc6, 0x18, 0xc6, 0x18, 0xc6,
    0x18, 0xc6, 0x18, 0xc6, 0x18, 0xc6, 0x18, 0xc6, 0x18, 0xc6, 0x18, 0xc6,
    0x18, 0xc6, 0x18, 0xc6, 0x18, 0xc6, 0x18, 0xc6, 0x18, 0xc6, 0x18, 0xc6,
    0x18, 0xc6, 0x18, 0xc6, 0x18, 0xc6, 0xf8, 0xc5, 0x00, 0xc6, 0x00, 0xc6,
    0x00, 0xc6, 0x00, 0xc6, 0x00, 0xc6, 0x00, 0xc6, 0x00, 0xc6, 0x00, 0xc6,
    0x00, 0xc6, 0x00, 0xc6, 0x00, 0xc6, 0x00, 0xc6, 0x00, 0xc6, 0x00, 0xc6,
    0x00, 0xc6, 0x00, 0xc6, 0x00, 0xc6, 0x00, 0xc6, 0x00, 0xc6, 0x00, 0xc6,
    0x00, 0xc6, 0x00, 0xc6, 0x00, 0xc6, 0x00, 0xc6, 0x00, 0xc6, 0x00, 0xc6,
    0x00, 0xc6, 0x00, 0xc6, 0x00, 0xc6, 0x00, 0xc6, 0x00, 0xc6, 0x00, 0xc6,
    0x00, 0xc6, 0x00, 0xc6, 0x00, 0xc6, 0x00, 0xc6, 0x00, 0xc6, 0x00, 0xc6,
    0x00, 0xc6, 0x00, 0xc6, 0x00, 0xc6, 0x00, 0xc6, 0x00, 0xc6, 0x00, 0xc6,
    0x00, 0xc6, 0xf8, 0xc5, 0x18, 0x06, 0x18, 0x06, 0x18, 0x06, 0x18, 0x06,
    0x18, 0x06, 0x18, 0x06, 0x18, 0x06, 0x18, 0x06, 0x18, 0x06, 0x18, 0x06,
    0x18, 0x06, 0x18, 0x06, 0x18, 0x06, 0x18, 0x06, 0x18, 0x06, 0x18, 0x06,
    0x18, 0x06, 0x18, 0x06, 0x18, 0x06, 0x18, 0x06, 0x18, 0x06, 0x18, 0x06,
    0x18, 0x06, 0x18, 0x06, 0x18, 0x06, 0x18, 0x06, 0x18, 0x06, 0x18, 0x06,
    0x18, 0x06, 0x18, 0x06, 0x18, 0x06, 0x18, 0x06, 0x18, 0x06, 0x18, 0x06,
    0x18, 0x06, 0x18, 0x06, 0x18, 0x06, 0x18, 0x06, 0x18, 0x06, 0x18, 0x06,
    0x18, 0x06, 0x18, 0x06, 0x18, 0x06, 0x18, 0x06, 0x18, 0x06, 0xe2, 0x0c,
    0x00, 0x06, 0x00, 0x06, 0x00, 0x06, 0x00, 0x06, 0x00, 0x06, 0x00, 0x06,
    0x00, 0x06, 0x00, 0x06, 0x00, 0x06, 0x00, 0x06, 0x00, 0x06, 0x00, 0x06,
    0x00, 0x06, 0x00, 0x06, 0x00, 0x06, 0x00, 0x06, 0x00, 0x06, 0x00, 0x06,
    0x00, 0x06, 0x00, 0x06, 0x00, 0x06, 0x00, 0x06, 0x00, 0x06, 0x00, 0x06,
    0x00, 0x06, 0x00, 0x06, 0x00, 0x06, 0x00, 0x06, 0x00, 0x06, 0x00, 0x06,
    0x00, 0x06, 0x00, 0x06, 0x00, 0x06, 0x00, 0x06, 0x00, 0x06, 0x00, 0x06,
    0x00, 0x06, 0x00, 0x06, 0x00, 0x06, 0x00, 0x06, 0x00, 0x06, 0x00, 0x06,
    0x00, 0x06, 0x00, 0x06, 0x28, 0x43, 0x18, 0xc0, 0x18, 0xc0, 0x18, 0xc0,
    0x18, 0xc0, 0x18, 0xc0, 0x18, 0xc0, 0x18, 0xc0, 0x18, 0xc0, 0x18, 0xc0,
    0x18, 0xc0, 0x18, 0xc0, 0x18, 0xc0, 0x18, 0xc0, 0x18, 0xc0, 0x18, 0xc0,
    0x18, 0xc0, 0x18, 0xc0, 0x18, 0xc0, 0x18, 0xc0, 0x18, 0xc0, 0x18, 0xc0,
    0x18, 0xc0, 0x18, 0xc0, 0x18, 0xc0, 0x18, 0xc0, 0x18, 0xc0, 0x18, 0xc0,
    0x18, 0xc0, 0x18, 0xc0, 0x18, 0xc0, 0x18, 0xc0, 0x18, 0xc0, 0x18, 0xc0,
    0x18, 0xc0, 0x18, 0xc0, 0x18, 0xc0, 0x18, 0xc0, 0x18, 0xc0, 0x18, 0xc0,
    0x18, 0xc0, 0x18, 0xc0, 0x18, 0xc0, 0x18, 0xc0, 0x18, 0xc0, 0x18, 0xc0,
    0x18, 0xc0, 0x00, 0xc0, 0x00, 0xc0, 0x00, 0xc0, 0x00, 0xc0, 0x00, 0xc0,
    0x00, 0xc0, 0x00, 0xc0, 0x00, 0xc0, 0x00, 0xc0, 0x00, 0xc0, 0x00, 0xc0,
    0x00, 0xc0, 0x00, 0xc0, 0x00, 0xc0, 0x00, 0xc0, 0x00, 0xc0, 0x00, 0xc0,
    0x00, 0xc0, 0x00, 0xc0, 0x00, 0xc0, 0x00, 0xc0, 0x00, 0xc0, 0x00, 0xc0,
    0x00, 0xc0, 0x00, 0xc0, 0x00, 0xc0, 0x00, 0xc0, 0x00, 0xc0, 0x00, 0xc0,
    0x00, 0xc0, 0x00, 0xc0, 0x00, 0xc0, 0x00, 0xc0, 0x00, 0xc0, 0x00, 0xc0,
    0x00, 0xc0, 0x00, 0xc0, 0x00, 0xc0, 0x00, 0xc0, 0x00, 0xc0, 0x00, 0xc0,
    0x00, 0xc0, 0x00, 0xc0, 0x00, 0xc0, 0x00, 0xc0, 0x0d, 0x30, 0x18, 0x00,
    0x18, 0x00, 0x18, 0x00, 0x18, 0x00, 0x18, 0x00, 0x18, 0x00, 0x18, 0x00,
    0x18, 0x00, 0x18, 0x00, 0x18, 0x00, 0x18, 0x00, 0x18, 0x00, 0x18, 0x00,
    0x18, 0x00, 0x18, 0x00, 0x18, 0x00, 0x18, 0x00, 0x18, 0x00, 0x18, 0x00,
    0x18, 0x00, 0x18, 0x00, 0x18, 0x00, 0x18, 0x00, 0x18, 0x00, 0x18, 0x00,
    0x18, 0x00, 0x18, 0x00, 0x18, 0x00, 0x18, 0x00, 0x18, 0x00, 0x18, 0x00,
    0x18, 0x00, 0x18, 0x00, 0x18, 0x00, 0x18, 0x00, 0x18, 0x00, 0x18, 0x00,
    0x18, 0x00, 0x18, 0x00, 0x18, 0x00, 0x18, 0x00, 0x18, 0x00, 0x18, 0x00,
    0x18, 0x00, 0x18, 0x00, 0x18, 0xc6, 0x18, 0xc6, 0x18, 0xc6, 0x18, 0xc6,
    0x18, 0xc6, 0x18, 0xc6, 0x18, 0xc6, 0x18, 0xc6, 0x18, 0xc6, 0x18, 0xc6,
    0x18, 0xc6, 0x18, 0xc6, 0x18, 0xc6, 0x18, 0xc6, 0x18, 0xc6, 0x18, 0xc6,
    0x18, 0xc6, 0x18, 0xc6, 0x18, 0xc6, 0x18, 0xc6, 0x18, 0xc6, 0x18, 0xc6,
    0x18, 0xc6, 0x18, 0xc6, 0x18, 0xc6, 0x18, 0xc6, 0x18, 0xc6, 0x18, 0xc6,
    0x18, 0xc6, 0x18, 0xc6, 0x18, 0xc6, 0x18, 0xc6, 0x18, 0xc6, 0x18, 0xc6,
    0x18, 0xc6, 0x18, 0xc6, 0x18, 0xc6, 0x18, 0xc6, 0x18, 0xc6, 0x18, 0xc6,
    0x18, 0xc6, 0x18, 0xc6, 0x18, 0xc6, 0x18, 0xc6, 0x18, 0xc6, 0xf8, 0xbd,
    0x00, 0xc6, 0x00, 0xc6, 0x00, 0xc6, 0x00, 0xc6, 0x00, 0xc6, 0x00, 0xc6,
    0x00, 0xc6, 0x00, 0xc6, 0x00, 0xc6, 0x00, 0xc6, 0x00, 0xc6, 0x00, 0xc6,
    0x00, 0xc6, 0x00, 0xc6, 0x00, 0xc6, 0x00, 0xc6, 0x00, 0xc6, 0x00, 0xc6,
    0x00, 0xc6, 0x00, 0xc6, 0x00, 0xc6, 0x00, 0xc6, 0x00, 0xc6, 0x00, 0xc6,
    0x00, 0xc6, 0x00, 0xc6, 0x00, 0xc6, 0x00, 0xc6, 0x00, 0xc6, 0x00, 0xc6,
    0x00, 0xc6, 0x00, 0xc6, 0x00, 0xc6, 0x00, 0xc6, 0x00, 0xc6, 0x00, 0xc6,
    0x00, 0xc6, 0x00, 0xc6, 0x00, 0xc6, 0x00, 0xc6, 0x00, 0xc6, 0x00, 0xc6,
    0x00, 0xc6, 0x00, 0xc6, 0x00, 0xc6, 0xf8, 0xbd, 0x18, 0x06, 0x18, 0x06,
    0x18, 0x06, 0x18, 0x06, 0x18, 0x06, 0x18, 0x06, 0x18, 0x06, 0x18, 0x06,
    0x18, 0x06, 0x18, 0x06, 0x18, 0x06, 0x18, 0x06, 0x18, 0x06, 0x18, 0x06,
    0x18, 0x06, 0x18, 0x06, 0x18, 0x06, 0x18, 0x06, 0x18, 0x06, 0x18, 0x06,
    0x18, 0x06, 0x18, 0x06, 0x18, 0x06, 0x18, 0x06, 0x18, 0x06, 0x18, 0x06,
    0x18, 0x06, 0x18, 0x06, 0x18, 0x06, 0x18, 0x06, 0x18, 0x06, 0x18, 0x06,
    0x18, 0x06, 0x18, 0x06, 0x18, 0x06, 0x18, 0x06, 0x18, 0x06, 0x18, 0x06,
    0x18, 0x06, 0x18, 0x06, 0x18, 0x06, 0x18, 0x06, 0x18, 0x06, 0x18, 0x06,
    0x18, 0x06, 0xe3, 0x04, 0x00, 0x06, 0x00, 0x06, 0x00, 0x06, 0x00, 0x06,
    0x00, 0x06, 0x00, 0x06, 0x00, 0x06, 0x00, 0x06, 0x00, 0x06, 0x00, 0x06,
    0x00, 0x06, 0x00, 0x06, 0x00, 0x06, 0x00, 0x06, 0x00, 0x06, 0x00, 0x06,
    0x00, 0x06, 0x00, 0x06, 0x00, 0x06, 0x00, 0x06, 0x00, 0x06, 0x00, 0x06,
    0x00, 0x06, 0x00, 0x06, 0x00, 0x06, 0x00, 0x06, 0x00, 0x06, 0x00, 0x06,
    0x00, 0x06, 0x00, 0x06, 0x00, 0x06, 0x00, 0x06, 0x00, 0x06, 0x00, 0x06,
    0x00, 0x06, 0x00, 0x06, 0x00, 0x06, 0x00, 0x06, 0x00, 0x06, 0x00, 0x06,
    0x00, 0x06, 0x00, 0x06, 0x00, 0x06, 0x00, 0x06, 0x47, 0x3b, 0x18, 0xc0,
    0x18, 0xc0, 0x18, 0xc0, 0x18, 0xc0, 0x18, 0xc0, 0x18, 0xc0, 0x18, 0xc0,
    0x18, 0xc0, 0x18, 0xc0, 0x18, 0xc0, 0x18, 0xc0, 0x18, 0xc0, 0x18, 0xc0,
    0x18, 0xc0, 0x18, 0xc0, 0x18, 0xc0, 0x18, 0xc0, 0x18, 0xc0, 0x18, 0xc0,
    0x18, 0xc0, 0x18, 0xc0, 0x18, 0xc0, 0x18, 0xc0, 0x18, 0xc0, 0x18, 0xc0,
    0x18, 0xc0, 0x18, 0xc0, 0x18, 0xc0, 0x18, 0xc0, 0x18, 0xc0, 0x18, 0xc0,
    0x18, 0xc0, 0x18, 0xc0, 0x18, 0xc0, 0x18, 0xc0, 0x18, 0xc0, 0x18, 0xc0,
    0x18, 0xc0, 0x18, 0xc0, 0x18, 0xc0, 0x18, 0xc0, 0x18, 0xc0, 0x18, 0xc0,
    0x18, 0xc0, 0x18, 0xc0, 0x18, 0xc0, 0x00, 0xc0, 0x00, 0xc0, 0x00, 0xc0,
    0x00, 0xc0, 0x00, 0xc0, 0x00, 0xc0, 0x00, 0xc0, 0x00, 0xc0, 0x00, 0xc0,
    0x00, 0xc0, 0x00, 0xc0, 0x00, 0xc0, 0x00, 0xc0, 0x00, 0xc0, 0x00, 0xc0,
    0x00, 0xc0, 0x00, 0xc0, 0x00, 0xc0, 0x00, 0xc0, 0x00, 0xc0, 0x00, 0xc0,
    0x00, 0xc0, 0x00, 0xc0, 0x00, 0xc0, 0x00, 0xc0, 0x00, 0xc0, 0x00, 0xc0,
    0x00, 0xc0, 0x00, 0xc0, 0x00, 0xc0, 0x00, 0xc0, 0x00, 0xc0, 0x00, 0xc0,
    0x00, 0xc0, 0x00, 0xc0, 0x00, 0xc0, 0x00, 0xc0, 0x00, 0xc0, 0x00, 0xc0,
    0x00, 0xc0, 0x00, 0xc0, 0x00, 0xc0, 0x00, 0xc0, 0x00, 0xc0, 0x00, 0xc0,
    0x0d, 0x30, 0x18, 0x00, 0x18, 0x00, 0x18, 0x00, 0x18, 0x00, 0x18, 0x00,
    0x18, 0x00, 0x18, 0x00, 0x18, 0x00, 0x18, 0x00, 0x18, 0x00, 0x18, 0x00,
    0x18, 0x00, 0x18, 0x00, 0x18, 0x00, 0x18, 0x00, 0x18, 0x00, 0x18, 0x00,
    0x18, 0x00, 0x18, 0x00, 0x18, 0x00, 0x18, 0x00, 0x18, 0x00, 0x18, 0x00,
    0x18, 0x00, 0x18, 0x00, 0x18, 0x00, 0x18, 0x00, 0x18, 0x00, 0x18, 0x00,
    0x18, 0x00, 0x18, 0x00, 0x18, 0x00, 0x18, 0x00, 0x18, 0x00, 0x18, 0x00,
    0x18, 0x00, 0x18, 0x00, 0x18, 0x00, 0x18, 0x00, 0x18, 0x00, 0x18, 0x00,
    0x18, 0x00, 0x18, 0x00, 0x18, 0x00, 0x18, 0x00, 0x18, 0xc6, 0x18, 0xc6,
    0x18, 0xc6, 0x18, 0xc6, 0x18, 0xc6, 0x18, 0xc6, 0x18, 0xc6, 0x18, 0xc6,
    0x18, 0xc6, 0x18, 0xc6, 0x18, 0xc6, 0x18, 0xc6, 0x18, 0xc6, 0x18, 0xc6,
    0x18, 0xc6, 0x18, 0xc6, 0x18, 0xc6, 0x18, 0xc6, 0x18, 0xc6, 0x18, 0xc6,
    0x18, 0xc6, 0x18, 0xc6, 0x18, 0xc6, 0x18, 0xc6, 0x18, 0xc6, 0x18, 0xc6,
    0x18, 0xc6, 0x18, 0xc6, 0x18, 0xc6, 0x18, 0xc6, 0x18, 0xc6, 0x18, 0xc6,
    0x18, 0xc6, 0x18, 0xc6, 0x18, 0xc6, 0x18, 0xc6, 0x18, 0xc6, 0x18, 0xc6,
    0x18, 0xc6, 0x18, 0xc6, 0x18, 0xc6, 0x18, 0xc6, 0x18, 0xc6, 0x18, 0xc6,
    0x18, 0xc6, 0xf8, 0xbd, 0x00, 0xc6, 0x00, 0xc6, 0x00, 0xc6, 0x00, 0xc6,
    0x00, 0xc6, 0x00, 0xc6, 0x00, 0xc6, 0x00, 0xc6, 0x00, 0xc6, 0x00, 0xc6,
    0x00, 0xc6, 0x00, 0xc6, 0x00, 0xc6, 0x00, 0xc6, 0x00, 0xc6, 0x00, 0xc6,
    0x00, 0xc6, 0x00, 0xc6, 0x00, 0xc6, 0x00, 0xc6, 0x00, 0xc6, 0x00, 0xc6,
    0x00, 0xc6, 0x00, 0xc6, 0x00, 0xc6, 0x00, 0xc6, 0x00, 0xc6, 0x00, 0xc6,
    0x00, 0xc6, 0x00, 0xc6, 0x00, 0xc6, 0x00, 0xc6, 0x00, 0xc6, 0x00, 0xc6,
    0x00, 0xc6, 0x00, 0xc6, 0x00, 0xc6, 0x00, 0xc6, 0x00, 0xc6, 0x00, 0xc6,
    0x00, 0xc6, 0x00, 0xc6, 0x00, 0xc6, 0x00, 0xc6, 0x00, 0xc6, 0xf8, 0xbd,
    0x18, 0x06, 0x18, 0x06, 0x18, 0x06, 0x18, 0x06, 0x18, 0x06, 0x18, 0x06,
    0x18, 0x06, 0x18, 0x06, 0x18, 0x06, 0x18, 0x06, 0x18, 0x06, 0x18, 0x06,
    0x18, 0x06, 0x18, 0x06, 0x18, 0x06, 0x18, 0x06, 0x18, 0x06, 0x18, 0x06,
    0x18, 0x06, 0x18, 0x06, 0x18, 0x06, 0x18, 0x06, 0x18, 0x06, 0x18, 0x06,
    0x18, 0x06, 0x18, 0x06, 0x18, 0x06, 0x18, 0x06, 0x18, 0x06, 0x18, 0x06,
    0x18, 0x06, 0x18, 0x06, 0x18, 0x06, 0x18, 0x06, 0x18, 0x06, 0x18, 0x06,
    0x18, 0x06, 0x18, 0x06, 0x18, 0x06, 0x18, 0x06, 0x18, 0x06, 0x18, 0x06,
    0x18, 0x06, 0x18, 0x06, 0x18, 0x06, 0xe2, 0x0c, 0x00, 0x06, 0x00, 0x06,
    0x00, 0x06, 0x00, 0x06, 0x00, 0x06, 0x00, 0x06, 0x00, 0x06, 0x00, 0x06,
    0x00, 0x06, 0x00, 0x06, 0x00, 0x06, 0x00, 0x06, 0x00, 0x06, 0x00, 0x06,
    0x00, 0x06, 0x00, 0x06, 0x00, 0x06, 0x00, 0x06, 0x00, 0x06, 0x00, 0x06,
    0x00, 0x06, 0x00, 0x06, 0x00, 0x06, 0x00, 0x06, 0x00, 0x06, 0x00, 0x06,
    0x00, 0x06, 0x00, 0x06, 0x00, 0x06, 0x00, 0x06, 0x00, 0x06, 0x00, 0x06,
    0x00, 0x06, 0x00, 0x06, 0x00, 0x06, 0x00, 0x06, 0x00, 0x06, 0x00, 0x06,
    0x00, 0x06, 0x00, 0x06, 0x00, 0x06, 0x00, 0x06, 0x00, 0x06, 0x00, 0x06,
    0x27, 0x3b, 0x18, 0xc0, 0x18, 0xc0, 0x18, 0xc0, 0x18, 0xc0, 0x18, 0xc0,
    0x18, 0xc0, 0x18, 0xc0, 0x18, 0xc0, 0x18, 0xc0, 0x18, 0xc0, 0x18, 0xc0,
    0x18, 0xc0, 0x18, 0xc0, 0x18, 0xc0, 0x18, 0xc0, 0x18, 0xc0, 0x18, 0xc0,
    0x18, 0xc0, 0x18, 0xc0, 0x18, 0xc0, 0x18, 0xc0, 0x18, 0xc0, 0x18, 0xc0,
    0x18, 0xc0, 0x18, 0xc0, 0x18, 0xc0, 0x18, 0xc0, 0x18, 0xc0, 0x18, 0xc0,
    0x18, 0xc0, 0x18, 0xc0, 0x18, 0xc0, 0x18, 0xc0, 0x18, 0xc0, 0x18, 0xc0,
    0x18, 0xc0, 0x18, 0xc0, 0x18, 0xc0, 0x18, 0xc0, 0x18, 0xc0, 0x18, 0xc0,
    0x18, 0xc0, 0x18, 0xc0, 0x18, 0xc0, 0x18, 0xc0, 0x18, 0xc0, 0x00, 0xc0,
    0x00, 0xc0, 0x00, 0xc0, 0x00, 0xc0, 0x00, 0xc0, 0x00, 0xc0, 0x00, 0xc0,
    0x00, 0xc0, 0x00, 0xc0, 0x00, 0xc0, 0x00, 0xc0, 0x00, 0xc0, 0x00, 0xc0,
    0x00, 0xc0, 0x00, 0xc0, 0x00, 0xc0, 0x00, 0xc0, 0x00, 0xc0, 0x00, 0xc0,
    0x00, 0xc0, 0x00, 0xc0, 0x00, 0xc0, 0x00, 0xc0, 0x00, 0xc0, 0x00, 0xc0,
    0x00, 0xc0, 0x00, 0xc0, 0x00, 0xc0, 0x00, 0xc0, 0x00, 0xc0, 0x00, 0xc0,
    0x00, 0xc0, 0x00, 0xc0, 0x00, 0xc0, 0x00, 0xc0, 0x00, 0xc0, 0x00, 0xc0,
    0x00, 0xc0, 0x00, 0xc0, 0x00, 0xc0, 0x00, 0xc0, 0x00, 0xc0, 0x00, 0xc0,
    0x00, 0xc0, 0x00, 0xc0, 0x0d, 0x30, 0x18, 0x00, 0x18, 0x00, 0x18, 0x00,
    0x18, 0x00, 0x18, 0x00, 0x18, 0x00, 0x18, 0x00, 0x18, 0x00, 0x18, 0x00,
    0x18, 0x00, 0x18, 0x00, 0x18, 0x00, 0x18, 0x00, 0x18, 0x00, 0x18, 0x00,
    0x18, 0x00, 0x18, 0x00, 0x18, 0x00, 0x18, 0x00, 0x18, 0x00, 0x18, 0x00,
    0x18, 0x00, 0x18, 0x00, 0x18, 0x00, 0x18, 0x00, 0x18, 0x00, 0x18, 0x00,
    0x18, 0x00, 0x18, 0x00, 0x18, 0x00, 0x18, 0x00, 0x18, 0x00, 0x18, 0x00,
    0x18, 0x00, 0x18, 0x00, 0x18, 0x00, 0x18, 0x00, 0x18, 0x00, 0x18, 0x00,
    0x18, 0x00, 0x18, 0x00, 0x18, 0x00, 0x18, 0x00, 0x18, 0x00, 0x18, 0x00,
    0x18, 0xc6, 0x18, 0xc6, 0x18, 0xc6, 0x18, 0xc6, 0x18, 0xc6, 0x18, 0xc6,
    0x18, 0xc6, 0x18, 0xc6, 0x18, 0xc6, 0x18, 0xc6, 0x18, 0xc6, 0x18, 0xc6,
    0x18, 0xc6, 0x18, 0xc6, 0x18, 0xc6, 0x18, 0xc6, 0x18, 0xc6, 0x18, 0xc6,
    0x18, 0xc6, 0x18, 0xc6, 0x18, 0xc6, 0x18, 0xc6, 0x18, 0xc6, 0x18, 0xc6,
    0x18, 0xc6, 0x18, 0xc6, 0x18, 0xc6, 0x18, 0xc6, 0x18, 0xc6, 0x18, 0xc6,
    0x18, 0xc6, 0x18, 0xc6, 0x18, 0xc6, 0x18, 0xc6, 0x18, 0xc6, 0x18, 0xc6,
    0x18, 0xc6, 0x18, 0xc6, 0x18, 0xc6, 0x18, 0xc6, 0x18, 0xc6, 0x18, 0xc6,
    0x18, 0xc6, 0x18, 0xc6, 0x18, 0xc6, 0xf8, 0xc5, 0x00, 0xc6, 0x00, 0xc6,
    0x00, 0xc6, 0x00, 0xc6, 0x00, 0xc6, 0x00, 0xc6, 0x00, 0xc6, 0x00, 0xc6,
    0x00, 0xc6, 0x00, 0xc6, 0x00, 0xc6, 0x00, 0xc6, 0x00, 0xc6, 0x00, 0xc6,
    0x00, 0xc6, 0x00, 0xc6, 0x00, 0xc6, 0x00, 0xc6, 0x00, 0xc6, 0x00, 0xc6,
    0x00, 0xc6, 0x00, 0xc6, 0x00, 0xc6, 0x00, 0xc6, 0x00, 0xc6, 0x00, 0xc6,
    0x00, 0xc6, 0x00, 0xc6, 0x00, 0xc6, 0x00, 0xc6, 0x00, 0xc6, 0x00, 0xc6,
    0x00, 0xc6, 0x00, 0xc6, 0x00, 0xc6, 0x00, 0xc6, 0x00, 0xc6, 0x00, 0xc6,
    0x00, 0xc6, 0x00, 0xc6, 0x00, 0xc6, 0x00, 0xc6, 0x00, 0xc6, 0x00, 0xc6,
    0x00, 0xc6, 0x18, 0xc6, 0x18, 0x06, 0x18, 0x06, 0x18, 0x06, 0x18, 0x06,
    0x18, 0x06, 0x18, 0x06, 0x18, 0x06, 0x18, 0x06, 0x18, 0x06, 0x18, 0x06,
    0x18, 0x06, 0x18, 0x06, 0x18, 0x06, 0x18, 0x06, 0x18, 0x06, 0x18, 0x06,
    0x18, 0x06, 0x18, 0x06, 0x18, 0x06, 0x18, 0x06, 0x18, 0x06, 0x18, 0x06,
    0x18, 0x06, 0x18, 0x06, 0x18, 0x06, 0x18, 0x06, 0x18, 0x06, 0x18, 0x06,
    0x18, 0x06, 0x18, 0x06, 0x18, 0x06, 0x18, 0x06, 0x18, 0x06, 0x18, 0x06,
    0x18, 0x06, 0x18, 0x06, 0x18, 0x06, 0x18, 0x06, 0x18, 0x06, 0x18, 0x06,
    0x18, 0x06, 0x18, 0x06, 0x18, 0x06, 0x18, 0x06, 0x18, 0x06, 0x02, 0x05,
    0x00, 0x06, 0x00, 0x06, 0x00, 0x06, 0x00, 0x06, 0x00, 0x06, 0x00, 0x06,
    0x00, 0x06, 0x00, 0x06, 0x00, 0x06, 0x00, 0x06, 0x00, 0x06, 0x00, 0x06,
    0x00, 0x06, 0x00, 0x06, 0x00, 0x06, 0x00, 0x06, 0x00, 0x06, 0x00, 0x06,
    0x00, 0x06, 0x00, 0x06, 0x00, 0x06, 0x00, 0x06, 0x00, 0x06, 0x00, 0x06,
    0x00, 0x06, 0x00, 0x06, 0x00, 0x06, 0x00, 0x06, 0x00, 0x06, 0x00, 0x06,
    0x00, 0x06, 0x00, 0x06, 0x00, 0x06, 0x00, 0x06, 0x00, 0x06, 0x00, 0x06,
    0x00, 0x06, 0x00, 0x06, 0x00, 0x06, 0x00, 0x06, 0x00, 0x06, 0x00, 0x06,
    0x00, 0x06, 0x00, 0x06, 0x48, 0x43, 0x18, 0xc0, 0x18, 0xc0, 0x18, 0xc0,
    0x18, 0xc0, 0x18, 0xc0, 0x18, 0xc0, 0x18, 0xc0, 0x18, 0xc0, 0x18, 0xc0,
    0x18, 0xc0, 0x18, 0xc0, 0x18, 0xc0, 0x18, 0xc0, 0x18, 0xc0, 0x18, 0xc0,
    0x18, 0xc0, 0x18, 0xc0, 0x18, 0xc0, 0x18, 0xc0, 0x18, 0xc0, 0x18, 0xc0,
    0x18, 0xc0, 0x18, 0xc0, 0x18, 0xc0, 0x18, 0xc0, 0x18, 0xc0, 0x18, 0xc0,
    0x18, 0xc0, 0x18, 0xc0, 0x18, 0xc0, 0x18, 0xc0, 0x18, 0xc0, 0x18, 0xc0,
    0x18, 0xc0, 0x18, 0xc0, 0x18, 0xc0, 0x18, 0xc0, 0x18, 0xc0, 0x18, 0xc0,
    0x18, 0xc0, 0x18, 0xc0, 0x18, 0xc0, 0x18, 0xc0, 0x18, 0xc0, 0x18, 0xc0,
    0x18, 0xc0, 0x00, 0xc0, 0x00, 0xc0, 0x00, 0xc0, 0x00, 0xc0, 0x00, 0xc0,
    0x00, 0xc0, 0x00, 0xc0, 0x00, 0xc0, 0x00, 0xc0, 0x00, 0xc0, 0x00, 0xc0,
    0x00, 0xc0, 0x00, 0xc0, 0x00, 0xc0, 0x00, 0xc0, 0x00, 0xc0, 0x00, 0xc0,
    0x00, 0xc0, 0x00, 0xc0, 0x00, 0xc0, 0x00, 0xc0, 0x00, 0xc0, 0x00, 0xc0,
    0x00, 0xc0, 0x00, 0xc0, 0x00, 0xc0, 0x00, 0xc0, 0x00, 0xc0, 0x00, 0xc0,
    0x00, 0xc0, 0x00, 0xc0, 0x00, 0xc0, 0x00, 0xc0, 0x00, 0xc0, 0x00, 0xc0,
    0x00, 0xc0, 0x00, 0xc0, 0x00, 0xc0, 0x00, 0xc0, 0x00, 0xc0, 0x00, 0xc0,
    0x00, 0xc0, 0x00, 0xc0, 0x00, 0xc0, 0x00, 0xc0, 0x0e, 0x38, 0x18, 0x00,
    0x18, 0x00, 0x18, 0x00, 0x18, 0x00, 0x18, 0x00, 0x18, 0x00, 0x18, 0x00,
    0x18, 0x00, 0x18, 0x00, 0x18, 0x00, 0x18, 0x00, 0x18, 0x00, 0x18, 0x00,
    0x18, 0x00, 0x18, 0x00, 0x18, 0x00, 0x18, 0x00, 0x18, 0x00, 0x18, 0x00,
    0x18, 0x00, 0x18, 0x00, 0x18, 0x00, 0x18, 0x00, 0x18, 0x00, 0x18, 0x00,
    0x18, 0x00, 0x18, 0x00, 0x18, 0x00, 0x18, 0x00, 0x18, 0x00, 0x18, 0x00,
    0x18, 0x00, 0x18, 0x00, 0x18, 0x00, 0x18, 0x00, 0x18, 0x00, 0x18, 0x00,
    0x18, 0x00, 0x18, 0x00, 0x18, 0x00, 0x18, 0x00, 0x18, 0x00, 0x18, 0x00,
    0x18, 0x00, 0x18, 0x00, 0x18, 0xc6, 0x18, 0xc6, 0x18, 0xc6, 0x18, 0xc6,
    0x18, 0xc6, 0x18, 0xc6, 0x18, 0xc6, 0x18, 0xc6, 0x18, 0xc6, 0x18, 0xc6,
    0x18, 0xc6, 0x18, 0xc6, 0x18, 0xc6, 0x18, 0xc6, 0x18, 0xc6, 0x18, 0xc6,
    0x18, 0xc6, 0x18, 0xc6, 0x18, 0xc6, 0x18, 0xc6, 0x18, 0xc6, 0x18, 0xc6,
    0x18, 0xc6, 0x18, 0xc6, 0x18, 0xc6, 0x18, 0xc6, 0x18, 0xc6, 0x18, 0xc6,
    0x18, 0xc6, 0x18, 0xc6, 0x18, 0xc6, 0x18, 0xc6, 0x18, 0xc6, 0x18, 0xc6,
    0x18, 0xc6, 0x18, 0xc6, 0x18, 0xc6, 0x18, 0xc6, 0x18, 0xc6, 0x18, 0xc6,
    0x18, 0xc6, 0x18, 0xc6, 0x18, 0xc6, 0x18, 0xc6, 0x18, 0xc6, 0xf8, 0xbd,
    0x00, 0xc6, 0x00, 0xc6, 0x00, 0xc6, 0x00, 0xc6, 0x00, 0xc6, 0x00, 0xc6,
    0x00, 0xc6, 0x00, 0xc6, 0x00, 0xc6, 0x00, 0xc6, 0x00, 0xc6, 0x00, 0xc6,
    0x00, 0xc6, 0x00, 0xc6, 0x00, 0xc6, 0x00, 0xc6, 0x00, 0xc6, 0x00, 0xc6,
    0x00, 0xc6, 0x00, 0xc6, 0x00, 0xc6, 0x00, 0xc6, 0x00, 0xc6, 0x00, 0xc6,
    0x00, 0xc6, 0x00, 0xc6, 0x00, 0xc6, 0x00, 0xc6, 0x00, 0xc6, 0x00, 0xc6,
    0x00, 0xc6, 0x00, 0xc6, 0x00, 0xc6, 0x00, 0xc6, 0x00, 0xc6, 0x00, 0xc6,
    0x00, 0xc6, 0x00, 0xc6, 0x00, 0xc6, 0x00, 0xc6, 0x00, 0xc6, 0x00, 0xc6,
    0x00, 0xc6, 0x00, 0xc6, 0x00, 0xc6, 0xf8, 0xbd, 0x18, 0x06, 0x18, 0x06,
    0x18, 0x06, 0x18, 0x06, 0x18, 0x06, 0x18, 0x06, 0x18, 0x06, 0x18, 0x06,
    0x18, 0x06, 0x18, 0x06, 0x18, 0x06, 0x18, 0x06, 0x18, 0x06, 0x18, 0x06,
    0x18, 0x06, 0x18, 0x06, 0x18, 0x06, 0x18, 0x06, 0x18, 0x06, 0x18, 0x06,
    0x18, 0x06, 0x18, 0x06, 0x18, 0x06, 0x18, 0x06, 0x18, 0x06, 0x18, 0x06,
    0x18, 0x06, 0x18, 0x06, 0x18, 0x06, 0x18, 0x06, 0x18, 0x06, 0x18, 0x06,
    0x18, 0x06, 0x18, 0x06, 0x18, 0x06, 0x18, 0x06, 0x18, 0x06, 0x18, 0x06,
    0x18, 0x06, 0x18, 0x06, 0x18, 0x06, 0x18, 0x06, 0x18, 0x06, 0x18, 0x06,
    0x18, 0x06, 0xe3, 0x0c, 0x00, 0x06, 0x00, 0x06, 0x00, 0x06, 0x00, 0x06,
    0x00, 0x06, 0x00, 0x06, 0x00, 0x06, 0x00, 0x06, 0x00, 0x06, 0x00, 0x06,
    0x00, 0x06, 0x00, 0x06, 0x00, 0x06, 0x00, 0x06, 0x00, 0x06, 0x00, 0x06,
    0x00, 0x06, 0x00, 0x06, 0x00, 0x06, 0x00, 0x06, 0x00, 0x06, 0x00, 0x06,
    0x00, 0x06, 0x00, 0x06, 0x00, 0x06, 0x00, 0x06, 0x00, 0x06, 0x00, 0x06,
    0x00, 0x06, 0x00, 0x06, 0x00, 0x06, 0x00, 0x06, 0x00, 0x06, 0x00, 0x06,
    0x00, 0x06, 0x00, 0x06, 0x00, 0x06, 0x00, 0x06, 0x00, 0x06, 0x00, 0x06,
    0x00, 0x06, 0x00, 0x06, 0x00, 0x06, 0x00, 0x06, 0x27, 0x3b, 0x18, 0xc0,
    0x18, 0xc0, 0x18, 0xc0, 0x18, 0xc0, 0x18, 0xc0, 0x18, 0xc0, 0x18, 0xc0,
    0x18, 0xc0, 0x18, 0xc0, 0x18, 0xc0, 0x18, 0xc0, 0x18, 0xc0, 0x18, 0xc0,
    0x18, 0xc0, 0x18, 0xc0, 0x18, 0xc0, 0x18, 0xc0, 0x18, 0xc0, 0x18, 0xc0,
    0x18, 0xc0, 0x18, 0xc0, 0x18, 0xc0, 0x18, 0xc0, 0x18, 0xc0, 0x18, 0xc0,
    0x18, 0xc0, 0x18, 0xc0, 0x18, 0xc0, 0x18, 0xc0, 0x18, 0xc0, 0x18, 0xc0,
    0x18, 0xc0, 0x18, 0xc0, 0x18, 0xc0, 0x18, 0xc0, 0x18, 0xc0, 0x18, 0xc0,
    0x18, 0xc0, 0x18, 0xc0, 0x18, 0xc0, 0x18, 0xc0, 0x18, 0xc0, 0x18, 0xc0,
    0x18, 0xc0, 0x18, 0xc0, 0x18, 0xc0, 0x00, 0xc0, 0x00, 0xc0, 0x00, 0xc0,
    0x00, 0xc0, 0x00, 0xc0, 0x00, 0xc0, 0x00, 0xc0, 0x00, 0xc0, 0x00, 0xc0,
    0x00, 0xc0, 0x00, 0xc0, 0x00, 0xc0, 0x00, 0xc0, 0x00, 0xc0, 0x00, 0xc0,
    0x00, 0xc0, 0x00, 0xc0, 0x00, 0xc0, 0x00, 0xc0, 0x00, 0xc0, 0x00, 0xc0,
    0x00, 0xc0, 0x00, 0xc0, 0x00, 0xc0, 0x00, 0xc0, 0x00, 0xc0, 0x00, 0xc0,
    0x00, 0xc0, 0x00, 0xc0, 0x00, 0xc0, 0x00, 0xc0, 0x00, 0xc0, 0x00, 0xc0,
    0x00, 0xc0, 0x00, 0xc0, 0x00, 0xc0, 0x00, 0xc0, 0x00, 0xc0, 0x00, 0xc0,
    0x00, 0xc0, 0x00, 0xc0, 0x00, 0xc0, 0x00, 0xc0, 0x00, 0xc0, 0x00, 0xc0,
    0x0d, 0x30, 0x18, 0x00, 0x18, 0x00, 0x18, 0x00, 0x18, 0x00, 0x18, 0x00,
    0x18, 0x00, 0x18, 0x00, 0x18, 0x00, 0x18, 0x00, 0x18, 0x00, 0x18, 0x00,
    0x18, 0x00, 0x18, 0x00, 0x18, 0x00, 0x18, 0x00, 0x18, 0x00, 0x18, 0x00,
    0x18, 0x00, 0x18, 0x00, 0x18, 0x00, 0x18, 0x00, 0x18, 0x00, 0x18, 0x00,
    0x18, 0x00, 0x18, 0x00, 0x18, 0x00, 0x18, 0x00, 0x18, 0x00, 0x18, 0x00,
    0x18, 0x00, 0x18, 0x00, 0x18, 0x00, 0x18, 0x00, 0x18, 0x00, 0x18, 0x00,
    0x18, 0x00, 0x18, 0x00, 0x18, 0x00, 0x18, 0x00, 0x18, 0x00, 0x18, 0x00,
    0x18, 0x00, 0x18, 0x00, 0x18, 0x00, 0x18, 0x00, 0x18, 0xc6, 0x18, 0xc6,
    0x18, 0xc6, 0x18, 0xc6, 0x18, 0xc6, 0x18, 0xc6, 0x18, 0xc6, 0x18, 0xc6,
    0x18, 0xc6, 0x18, 0xc6, 0x18, 0xc6, 0x18, 0xc6, 0x18, 0xc6, 0x18, 0xc6,
    0x18, 0xc6, 0x18, 0xc6, 0x18, 0xc6, 0x18, 0xc6, 0x18, 0xc6, 0x18, 0xc6,
    0x18, 0xc6, 0x18, 0xc6, 0x18, 0xc6, 0x18, 0xc6, 0x18, 0xc6, 0x18, 0xc6,
    0x18, 0xc6, 0x18, 0xc6, 0x18, 0xc6, 0x18, 0xc6, 0x18, 0xc6, 0x18, 0xc6,
    0x18, 0xc6, 0x18, 0xc6, 0x18, 0xc6, 0x18, 0xc6, 0x18, 0xc6, 0x18, 0xc6,
    0x18, 0xc6, 0x18, 0xc6, 0x18, 0xc6, 0x18, 0xc6, 0x18, 0xc6, 0x18, 0xc6,
    0x18, 0xc6, 0xf8, 0xbd, 0x00, 0xc6, 0x00, 0xc6, 0x00, 0xc6, 0x00, 0xc6,
    0x00, 0xc6, 0x00, 0xc6, 0x00, 0xc6, 0x00, 0xc6, 0x00, 0xc6, 0x00, 0xc6,
    0x00, 0xc6, 0x00, 0xc6, 0x00, 0xc6, 0x00, 0xc6, 0x00, 0xc6, 0x00, 0xc6,
    0x00, 0xc6, 0x00, 0xc6, 0x00, 0xc6, 0x00, 0xc6, 0x00, 0xc6, 0x00, 0xc6,
    0x00, 0xc6, 0x00, 0xc6, 0x00, 0xc6, 0x00, 0xc6, 0x00, 0xc6, 0x00, 0xc6,
    0x00, 0xc6, 0x00, 0xc6, 0x00, 0xc6, 0x00, 0xc6, 0x00, 0xc6, 0x00, 0xc6,
    0x00, 0xc6, 0x00, 0xc6, 0x00, 0xc6, 0x00, 0xc6, 0x00, 0xc6, 0x00, 0xc6,
    0x00, 0xc6, 0x00, 0xc6, 0x00, 0xc6, 0x00, 0xc6, 0x00, 0xc6, 0xf9, 0xbd,
    0x18, 0x06, 0x18, 0x06, 0x18, 0x06, 0x18, 0x06, 0x18, 0x06, 0x18, 0x06,
    0x18, 0x06, 0x18, 0x06, 0x18, 0x06, 0x18, 0x06, 0x18, 0x06, 0x18, 0x06,
    0x18, 0x06, 0x18, 0x06, 0x18, 0x06, 0x18, 0x06, 0x18, 0x06, 0x18, 0x06,
    0x18, 0x06, 0x18, 0x06, 0x18, 0x06, 0x18, 0x06, 0x18, 0x06, 0x18, 0x06,
    0x18, 0x06, 0x18, 0x06, 0x18, 0x06, 0x18, 0x06, 0x18, 0x06, 0x18, 0x06,
    0x18, 0x06, 0x18, 0x06, 0x18, 0x06, 0x18, 0x06, 0x18, 0x06, 0x18, 0x06,
    0x18, 0x06, 0x18, 0x06, 0x18, 0x06, 0x18, 0x06, 0x18, 0x06, 0x18, 0x06,
    0x18, 0x06, 0x18, 0x06, 0x18, 0x06, 0xe2, 0x04, 0x00, 0x06, 0x00, 0x06,
    0x00, 0x06, 0x00, 0x06, 0x00, 0x06, 0x00, 0x06, 0x00, 0x06, 0x00, 0x06,
    0x00, 0x06, 0x00, 0x06, 0x00, 0x06, 0x00, 0x06, 0x00, 0x06, 0x00, 0x06,
    0x00, 0x06, 0x00, 0x06, 0x00, 0x06, 0x00, 0x06, 0x00, 0x06, 0x00, 0x06,
    0x00, 0x06, 0x00, 0x06, 0x00, 0x06, 0x00, 0x06, 0x00, 0x06, 0x00, 0x06,
    0x00, 0x06, 0x00, 0x06, 0x00, 0x06, 0x00, 0x06, 0x00, 0x06, 0x00, 0x06,
    0x00, 0x06, 0x00, 0x06, 0x00, 0x06, 0x00, 0x06, 0x00, 0x06, 0x00, 0x06,
    0x00, 0x06, 0x00, 0x06, 0x00, 0x06, 0x00, 0x06, 0x00, 0x06, 0x00, 0x06,
    0x47, 0x3b, 0x18, 0xc0, 0x18, 0xc0, 0x18, 0xc0, 0x18, 0xc0, 0x18, 0xc0,
    0x18, 0xc0, 0x18, 0xc0, 0x18, 0xc0, 0x18, 0xc0, 0x18, 0xc0, 0x18, 0xc0,
    0x18, 0xc0, 0x18, 0xc0, 0x18, 0xc0, 0x18, 0xc0, 0x18, 0xc0, 0x18, 0xc0,
    0x18, 0xc0, 0x18, 0xc0, 0x18, 0xc0, 0x18, 0xc0, 0x18, 0xc0, 0x18, 0xc0,
    0x18, 0xc0, 0x18, 0xc0, 0x18, 0xc0, 0x18, 0xc0, 0x18, 0xc0, 0x18, 0xc0,
    0x18, 0xc0, 0x18, 0xc0, 0x18, 0xc0, 0x18, 0xc0, 0x18, 0xc0, 0x18, 0xc0,
    0x18, 0xc0, 0x18, 0xc0, 0x18, 0xc0, 0x18, 0xc0, 0x18, 0xc0, 0x18, 0xc0,
    0x18, 0xc0, 0x18, 0xc0, 0x18, 0xc0, 0x18, 0xc0, 0x18, 0xc0, 0x00, 0xc0,
    0x00, 0xc0, 0x00, 0xc0, 0x00, 0xc0, 0x00, 0xc0, 0x00, 0xc0, 0x00, 0xc0,
    0x00, 0xc0, 0x00, 0xc0, 0x00, 0xc0, 0x00, 0xc0, 0x00, 0xc0, 0x00, 0xc0,
    0x00, 0xc0, 0x00, 0xc0, 0x00, 0xc0, 0x00, 0xc0, 0x00, 0xc0, 0x00, 0xc0,
    0x00, 0xc0, 0x00, 0xc0, 0x00, 0xc0, 0x00, 0xc0, 0x00, 0xc0, 0x00, 0xc0,
    0x00, 0xc0, 0x00, 0xc0, 0x00, 0xc0, 0x00, 0xc0, 0x00, 0xc0, 0x00, 0xc0,
    0x00, 0xc0, 0x00, 0xc0, 0x00, 0xc0, 0x00, 0xc0, 0x00, 0xc0, 0x00, 0xc0,
    0x00, 0xc0, 0x00, 0xc0, 0x00, 0xc0, 0x00, 0xc0, 0x00, 0xc0, 0x00, 0xc0,
    0x00, 0xc0, 0x00, 0xc0, 0x0d, 0x30, 0x18, 0x00, 0x18, 0x00, 0x18, 0x00,
    0x18, 0x00, 0x18, 0x00, 0x18, 0x00, 0x18, 0x00, 0x18, 0x00, 0x18, 0x00,
    0x18, 0x00, 0x18, 0x00, 0x18, 0x00, 0x18, 0x00, 0x18, 0x00, 0x18, 0x00,
    0x18, 0x00, 0x18, 0x00, 0x18, 0x00, 0x18, 0x00, 0x18, 0x00, 0x18, 0x00,
    0x18, 0x00, 0x18, 0x00, 0x18, 0x00, 0x18, 0x00, 0x18, 0x00, 0x18, 0x00,
    0x18, 0x00, 0x18, 0x00, 0x18, 0x00, 0x18, 0x00, 0x18, 0x00, 0x18, 0x00,
    0x18, 0x00, 0x18, 0x00, 0x18, 0x00, 0x18, 0x00, 0x18, 0x00, 0x18, 0x00,
    0x18, 0x00, 0x18, 0x00, 0x18, 0x00, 0x18, 0x00, 0x18, 0x00, 0x18, 0x00,
    0x18, 0xc6, 0x18, 0xc6, 0x18, 0xc6, 0x18, 0xc6, 0x18, 0xc6, 0x18, 0xc6,
    0x18, 0xc6, 0x18, 0xc6, 0x18, 0xc6, 0x18, 0xc6, 0x18, 0xc6, 0x18, 0xc6,
    0x18, 0xc6, 0x18, 0xc6, 0x18, 0xc6, 0x18, 0xc6, 0x18, 0xc6, 0x18, 0xc6,
    0x18, 0xc6, 0x18, 0xc6, 0x18, 0xc6, 0x18, 0xc6, 0x18, 0xc6, 0x18, 0xc6,
    0x18, 0xc6, 0x18, 0xc6, 0x18, 0xc6, 0x18, 0xc6, 0x18, 0xc6, 0x18, 0xc6,
    0x18, 0xc6, 0x18, 0xc6, 0x18, 0xc6, 0x18, 0xc6, 0x18, 0xc6, 0x18, 0xc6,
    0x18, 0xc6, 0x18, 0xc6, 0x18, 0xc6, 0x18, 0xc6, 0x18, 0xc6, 0x18, 0xc6,
    0x18, 0xc6, 0x18, 0xc6, 0x18, 0xc6, 0x18, 0xc6, 0x00, 0xc6, 0x00, 0xc6,
    0x00, 0xc6, 0x00, 0xc6, 0x00, 0xc6, 0x00, 0xc6, 0x00, 0xc6, 0x00, 0xc6,
    0x00, 0xc6, 0x00, 0xc6, 0x00, 0xc6, 0x00, 0xc6, 0x00, 0xc6, 0x00, 0xc6,
    0x00, 0xc6, 0x00, 0xc6, 0x00, 0xc6, 0x00, 0xc6, 0x00, 0xc6, 0x00, 0xc6,
    0x00, 0xc6, 0x00, 0xc6, 0x00, 0xc6, 0x00, 0xc6, 0x00, 0xc6, 0x00, 0xc6,
    0x00, 0xc6, 0x00, 0xc6, 0x00, 0xc6, 0x00, 0xc6, 0x00, 0xc6, 0x00, 0xc6,
    0x00, 0xc6, 0x00, 0xc6, 0x00, 0xc6, 0x00, 0xc6, 0x00, 0xc6, 0x00, 0xc6,
    0x00, 0xc6, 0x00, 0xc6, 0x00, 0xc6, 0x00, 0xc6, 0x00, 0xc6, 0x00, 0xc6,
    0x00, 0xc6, 0xf8, 0xc5, 0x18, 0x06, 0x18, 0x06, 0x18, 0x06, 0x18, 0x06,
    0x18, 0x06, 0x18, 0x06, 0x18, 0x06, 0x18, 0x06, 0x18, 0x06, 0x18, 0x06,
    0x18, 0x06, 0x18, 0x06, 0x18, 0x06, 0x18, 0x06, 0x18, 0x06, 0x18, 0x06,
    0x18, 0x06, 0x18, 0x06, 0x18, 0x06, 0x18, 0x06, 0x18, 0x06, 0x18, 0x06,
    0x18, 0x06, 0x18, 0x06, 0x18, 0x06, 0x18, 0x06, 0x18, 0x06, 0x18, 0x06,
    0x18, 0x06, 0x18, 0x06, 0x18, 0x06, 0x18, 0x06, 0x18, 0x06, 0x18, 0x06,
    0x18, 0x06, 0x18, 0x06, 0x18, 0x06, 0x18, 0x06, 0x18, 0x06, 0x18, 0x06,
    0x18, 0x06, 0x18, 0x06, 0x18, 0x06, 0x18, 0x06, 0x18, 0x06, 0xe2, 0x0c,
    0x00, 0x06, 0x00, 0x06, 0x00, 0x06, 0x00, 0x06, 0x00, 0x06, 0x00, 0x06,
    0x00, 0x06, 0x00, 0x06, 0x00, 0x06, 0x00, 0x06, 0x00, 0x06, 0x00, 0x06,
    0x00, 0x06, 0x00, 0x06, 0x00, 0x06, 0x00, 0x06, 0x00, 0x06, 0x00, 0x06,
    0x00, 0x06, 0x00, 0x06, 0x00, 0x06, 0x00, 0x06, 0x00, 0x06, 0x00, 0x06,
    0x00, 0x06, 0x00, 0x06, 0x00, 0x06, 0x00, 0x06, 0x00, 0x06, 0x00, 0x06,
    0x00, 0x06, 0x00, 0x06, 0x00, 0x06, 0x00, 0x06, 0x00, 0x06, 0x00, 0x06,
    0x00, 0x06, 0x00, 0x06, 0x00, 0x06, 0x00, 0x06, 0x00, 0x06, 0x00, 0x06,
    0x00, 0x06, 0x00, 0x06, 0x48, 0x43, 0x18, 0xc0, 0x18, 0xc0, 0x18, 0xc0,
    0x18, 0xc0, 0x18, 0xc0, 0x18, 0xc0, 0x18, 0xc0, 0x18, 0xc0, 0x18, 0xc0,
    0x18, 0xc0, 0x18, 0xc0, 0x18, 0xc0, 0x18, 0xc0, 0x18, 0xc0, 0x18, 0xc0,
    0x18, 0xc0, 0x18, 0xc0, 0x18, 0xc0, 0x18, 0xc0, 0x18, 0xc0, 0x18, 0xc0,
    0x18, 0xc0, 0x18, 0xc0, 0x18, 0xc0, 0x18, 0xc0, 0x18, 0xc0, 0x18, 0xc0,
    0x18, 0xc0, 0x18, 0xc0, 0x18, 0xc0, 0x18, 0xc0, 0x18, 0xc0, 0x18, 0xc0,
    0x18, 0xc0, 0x18, 0xc0, 0x18, 0xc0, 0x18, 0xc0, 0x18, 0xc0, 0x18, 0xc0,
    0x18, 0xc0, 0x18, 0xc0, 0x18, 0xc0, 0x18, 0xc0, 0x18, 0xc0, 0x18, 0xc0,
    0x18, 0xc0, 0x00, 0xc0, 0x00, 0xc0, 0x00, 0xc0, 0x00, 0xc0, 0x00, 0xc0,
    0x00, 0xc0, 0x00, 0xc0, 0x00, 0xc0, 0x00, 0xc0, 0x00, 0xc0, 0x00, 0xc0,
    0x00, 0xc0, 0x00, 0xc0, 0x00, 0xc0, 0x00, 0xc0, 0x00, 0xc0, 0x00, 0xc0,
    0x00, 0xc0, 0x00, 0xc0, 0x00, 0xc0, 0x00, 0xc0, 0x00, 0xc0, 0x00, 0xc0,
    0x00, 0xc0, 0x00, 0xc0, 0x00, 0xc0, 0x00, 0xc0, 0x00, 0xc0, 0x00, 0xc0,
    0x00, 0xc0, 0x00, 0xc0, 0x00, 0xc0, 0x00, 0xc0, 0x00, 0xc0, 0x00, 0xc0,
    0x00, 0xc0, 0x00, 0xc0, 0x00, 0xc0, 0x00, 0xc0, 0x00, 0xc0, 0x00, 0xc0,
    0x00, 0xc0, 0x00, 0xc0, 0x00, 0xc0, 0x00, 0xc0, 0x0d, 0x30, 0x18, 0x00,
    0x18, 0x00, 0x18, 0x00, 0x18, 0x00, 0x18, 0x00, 0x18, 0x00, 0x18, 0x00,
    0x18, 0x00, 0x18, 0x00, 0x18, 0x00, 0x18, 0x00, 0x18, 0x00, 0x18, 0x00,
    0x18, 0x00, 0x18, 0x00, 0x18, 0x00, 0x18, 0x00, 0x18, 0x00, 0x18, 0x00,
    0x18, 0x00, 0x18, 0x00, 0x18, 0x00, 0x18, 0x00, 0x18, 0x00, 0x18, 0x00,
    0x18, 0x00, 0x18, 0x00, 0x18, 0x00, 0x18, 0x00, 0x18, 0x00, 0x18, 0x00,
    0x18, 0x00, 0x18, 0x00, 0x18, 0x00, 0x18, 0x00, 0x18, 0x00, 0x18, 0x00,
    0x18, 0x00, 0x18, 0x00, 0x18, 0x00, 0x18, 0x00, 0x18, 0x00, 0x18, 0x00,
    0x18, 0x00, 0x18, 0x00, 0x18, 0xc6, 0x18, 0xc6, 0x18, 0xc6, 0x18, 0xc6,
    0x18, 0xc6, 0x18, 0xc6, 0x18, 0xc6, 0x18, 0xc6, 0x18, 0xc6, 0x18, 0xc6,
    0x18, 0xc6, 0x18, 0xc6, 0x18, 0xc6, 0x18, 0xc6, 0x18, 0xc6, 0x18, 0xc6,
    0x18, 0xc6, 0x18, 0xc6, 0x18, 0xc6, 0x18, 0xc6, 0x18, 0xc6, 0x18, 0xc6,
    0x18, 0xc6, 0x18, 0xc6, 0x18, 0xc6, 0x18, 0xc6, 0x18, 0xc6, 0x18, 0xc6,
    0x18, 0xc6, 0x18, 0xc6, 0x18, 0xc6, 0x18, 0xc6, 0x18, 0xc6, 0x18, 0xc6,
    0x18, 0xc6, 0x18, 0xc6, 0x18, 0xc6, 0x18, 0xc6, 0x18, 0xc6, 0x18, 0xc6,
    0x18, 0xc6, 0x18, 0xc6, 0x18, 0xc6, 0x18, 0xc6, 0x18, 0xc6, 0xf8, 0xbd,
    0x00, 0xc6, 0x00, 0xc6, 0x00, 0xc6, 0x00, 0xc6, 0x00, 0xc6, 0x00, 0xc6,
    0x00, 0xc6, 0x00, 0xc6, 0x00, 0xc6, 0x00, 0xc6, 0x00, 0xc6, 0x00, 0xc6,
    0x00, 0xc6, 0x00, 0xc6, 0x00, 0xc6, 0x00, 0xc6, 0x00, 0xc6, 0x00, 0xc6,
    0x00, 0xc6, 0x00, 0xc6, 0x00, 0xc6, 0x00, 0xc6, 0x00, 0xc6, 0x00, 0xc6,
    0x00, 0xc6, 0x00, 0xc6, 0x00, 0xc6, 0x00, 0xc6, 0x00, 0xc6, 0x00, 0xc6,
    0x00, 0xc6, 0x00, 0xc6, 0x00, 0xc6, 0x00, 0xc6, 0x00, 0xc6, 0x00, 0xc6,
    0x00, 0xc6, 0x00, 0xc6, 0x00, 0xc6, 0x00, 0xc6, 0x00, 0xc6, 0x00, 0xc6,
    0x00, 0xc6, 0x00, 0xc6, 0x00, 0xc6, 0x18, 0xbe, 0x18, 0x06, 0x18, 0x06,
    0x18, 0x06, 0x18, 0x06, 0x18, 0x06, 0x18, 0x06, 0x18, 0x06, 0x18, 0x06,
    0x18, 0x06, 0x18, 0x06, 0x18, 0x06, 0x18, 0x06, 0x18, 0x06, 0x18, 0x06,
    0x18, 0x06, 0x18, 0x06, 0x18, 0x06, 0x18, 0x06, 0x18, 0x06, 0x18, 0x06,
    0x18, 0x06, 0x18, 0x06, 0x18, 0x06, 0x18, 0x06, 0x18, 0x06, 0x18, 0x06,
    0x18, 0x06, 0x18, 0x06, 0x18, 0x06, 0x18, 0x06, 0x18, 0x06, 0x18, 0x06,
    0x18, 0x06, 0x18, 0x06, 0x18, 0x06, 0x18, 0x06, 0x18, 0x06, 0x18, 0x06,
    0x18, 0x06, 0x18, 0x06, 0x18, 0x06, 0x18, 0x06, 0x18, 0x06, 0x18, 0x06,
    0x18, 0x06, 0x03, 0x05, 0x00, 0x06, 0x00, 0x06, 0x00, 0x06, 0x00, 0x06,
    0x00, 0x06, 0x00, 0x06, 0x00, 0x06, 0x00, 0x06, 0x00, 0x06, 0x00, 0x06,
    0x00, 0x06, 0x00, 0x06, 0x00, 0x06, 0x00, 0x06, 0x00, 0x06, 0x00, 0x06,
    0x00, 0x06, 0x00, 0x06, 0x00, 0x06, 0x00, 0x06, 0x00, 0x06, 0x00, 0x06,
    0x00, 0x06, 0x00, 0x06, 0x00, 0x06, 0x00, 0x06, 0x00, 0x06, 0x00, 0x06,
    0x00, 0x06, 0x00, 0x06, 0x00, 0x06, 0x00, 0x06, 0x00, 0x06, 0x00, 0x06,
    0x00, 0x06, 0x00, 0x06, 0x00, 0x06, 0x00, 0x06, 0x00, 0x06, 0x00, 0x06,
    0x00, 0x06, 0x00, 0x06, 0x00, 0x06, 0x00, 0x06, 0x27, 0x3b, 0x18, 0xc0,
    0x18, 0xc0, 0x18, 0xc0, 0x18, 0xc0, 0x18, 0xc0, 0x18, 0xc0, 0x18, 0xc0,
    0x18, 0xc0, 0x18, 0xc0, 0x18, 0xc0, 0x18, 0xc0, 0x18, 0xc0, 0x18, 0xc0,
    0x18, 0xc0, 0x18, 0xc0, 0x18, 0xc0, 0x18, 0xc0, 0x18, 0xc0, 0x18, 0xc0,
    0x18, 0xc0, 0x18, 0xc0, 0x18, 0xc0, 0x18, 0xc0, 0x18, 0xc0, 0x18, 0xc0,
    0x18, 0xc0, 0x18, 0xc0, 0x18, 0xc0, 0x18, 0xc0, 0x18, 0xc0, 0x18, 0xc0,
    0x18, 0xc0, 0x18, 0xc0, 0x18, 0xc0, 0x18, 0xc0, 0x18, 0xc0, 0x18, 0xc0,
    0x18, 0xc0, 0x18, 0xc0, 0x18, 0xc0, 0x18, 0xc0, 0x18, 0xc0, 0x18, 0xc0,
    0x18, 0xc0, 0x18, 0xc0, 0x18, 0xc0, 0x00, 0xc0, 0x00, 0xc0, 0x00, 0xc0,
    0x00, 0xc0, 0x00, 0xc0, 0x00, 0xc0, 0x00, 0xc0, 0x00, 0xc0, 0x00, 0xc0,
    0x00, 0xc0, 0x00, 0xc0, 0x00, 0xc0, 0x00, 0xc0, 0x00, 0xc0, 0x00, 0xc0,
    0x00, 0xc0, 0x00, 0xc0, 0x00, 0xc0, 0x00, 0xc0, 0x00, 0xc0, 0x00, 0xc0,
    0x00, 0xc0, 0x00, 0xc0, 0x00, 0xc0, 0x00, 0xc0, 0x00, 0xc0, 0x00, 0xc0,
    0x00, 0xc0, 0x00, 0xc0, 0x00, 0xc0, 0x00, 0xc0, 0x00, 0xc0, 0x00, 0xc0,
    0x00, 0xc0, 0x00, 0xc0, 0x00, 0xc0, 0x00, 0xc0, 0x00, 0xc0, 0x00, 0xc0,
    0x00, 0xc0, 0x00, 0xc0, 0x00, 0xc0, 0x00, 0xc0, 0x00, 0xc0, 0x00, 0xc0,
    0x0d, 0x30, 0x18, 0x00, 0x18, 0x00, 0x18, 0x00, 0x18, 0x00, 0x18, 0x00,
    0x18, 0x00, 0x18, 0x00, 0x18, 0x00, 0x18, 0x00, 0x18, 0x00, 0x18, 0x00,
    0x18, 0x00, 0x18, 0x00, 0x18, 0x00, 0x18, 0x00, 0x18, 0x00, 0x18, 0x00,
    0x18, 0x00, 0x18, 0x00, 0x18, 0x00, 0x18, 0x00, 0x18, 0x00, 0x18, 0x00,
    0x18, 0x00, 0x18, 0x00, 0x18, 0x00, 0x18, 0x00, 0x18, 0x00, 0x18, 0x00,
    0x18, 0x00, 0x18, 0x00, 0x18, 0x00, 0x18, 0x00, 0x18, 0x00, 0x18, 0x00,
    0x18, 0x00, 0x18, 0x00, 0x18, 0x00, 0x18, 0x00, 0x18, 0x00, 0x18, 0x00,
    0x18, 0x00, 0x18, 0x00, 0x18, 0x00, 0x18, 0x00, 0x18, 0xc6, 0x18, 0xc6,
    0x18, 0xc6, 0x18, 0xc6, 0x18, 0xc6, 0x18, 0xc6, 0x18, 0xc6, 0x18, 0xc6,
    0x18, 0xc6, 0x18, 0xc6, 0x18, 0xc6, 0x18, 0xc6, 0x18, 0xc6, 0x18, 0xc6,
    0x18, 0xc6, 0x18, 0xc6, 0x18, 0xc6, 0x18, 0xc6, 0x18, 0xc6, 0x18, 0xc6,
    0x18, 0xc6, 0x18, 0xc6, 0x18, 0xc6, 0x18, 0xc6, 0x18, 0xc6, 0x18, 0xc6,
    0x18, 0xc6, 0x18, 0xc6, 0x18, 0xc6, 0x18, 0xc6, 0x18, 0xc6, 0x18, 0xc6,
    0x18, 0xc6, 0x18, 0xc6, 0x18, 0xc6, 0x18, 0xc6, 0x18, 0xc6, 0x18, 0xc6,
    0x18, 0xc6, 0x18, 0xc6, 0x18, 0xc6, 0x18, 0xc6, 0x18, 0xc6, 0x18, 0xc6,
    0x18, 0xc6, 0xf8, 0xbd, 0x00, 0xc6, 0x00, 0xc6, 0x00, 0xc6, 0x00, 0xc6,
    0x00, 0xc6, 0x00, 0xc6, 0x00, 0xc6, 0x00, 0xc6, 0x00, 0xc6, 0x00, 0xc6,
    0x00, 0xc6, 0x00, 0xc6, 0x00, 0xc6, 0x00, 0xc6, 0x00, 0xc6, 0x00, 0xc6,
    0x00, 0xc6, 0x00, 0xc6, 0x00, 0xc6, 0x00, 0xc6, 0x00, 0xc6, 0x00, 0xc6,
    0x00, 0xc6, 0x00, 0xc6, 0x00, 0xc6, 0x00, 0xc6, 0x00, 0xc6, 0x00, 0xc6,
    0x00, 0xc6, 0x00, 0xc6, 0x00, 0xc6, 0x00, 0xc6, 0x00, 0xc6, 0x00, 0xc6,
    0x00, 0xc6, 0x00, 0xc6, 0x00, 0xc6, 0x00, 0xc6, 0x00, 0xc6, 0x00, 0xc6,
    0x00, 0xc6, 0x00, 0xc6, 0x00, 0xc6, 0x00, 0xc6, 0x00, 0xc6, 0xf8, 0xbd,
    0x18, 0x06, 0x18, 0x06, 0x18, 0x06, 0x18, 0x06, 0x18, 0x06, 0x18, 0x06,
    0x18, 0x06, 0x18, 0x06, 0x18, 0x06, 0x18, 0x06, 0x18, 0x06, 0x18, 0x06,
    0x18, 0x06, 0x18, 0x06, 0x18, 0x06, 0x18, 0x06, 0x18, 0x06, 0x18, 0x06,
    0x18, 0x06, 0x18, 0x06, 0x18, 0x06, 0x18, 0x06, 0x18, 0x06, 0x18, 0x06,
    0x18, 0x06, 0x18, 0x06, 0x18, 0x06, 0x18, 0x06, 0x18, 0x06, 0x18, 0x06,
    0x18, 0x06, 0x18, 0x06, 0x18, 0x06, 0x18, 0x06, 0x18, 0x06, 0x18, 0x06,
    0x18, 0x06, 0x18, 0x06, 0x18, 0x06, 0x18, 0x06, 0x18, 0x06, 0x18, 0x06,
    0x18, 0x06, 0x18, 0x06, 0x18, 0x06, 0xe2, 0x0c, 0x00, 0x06, 0x00, 0x06,
    0x00, 0x06, 0x00, 0x06, 0x00, 0x06, 0x00, 0x06, 0x00, 0x06, 0x00, 0x06,
    0x00, 0x06, 0x00, 0x06, 0x00, 0x06, 0x00, 0x06, 0x00, 0x06, 0x00, 0x06,
    0x00, 0x06, 0x00, 0x06, 0x00, 0x06, 0x00, 0x06, 0x00, 0x06, 0x00, 0x06,
    0x00, 0x06, 0x00, 0x06, 0x00, 0x06, 0x00, 0x06, 0x00, 0x06, 0x00, 0x06,
    0x00, 0x06, 0x00, 0x06, 0x00, 0x06, 0x00, 0x06, 0x00, 0x06, 0x00, 0x06,
    0x00, 0x06, 0x00, 0x06, 0x00, 0x06, 0x00, 0x06, 0x00, 0x06, 0x00, 0x06,
    0x00, 0x06, 0x00, 0x06, 0x00, 0x06, 0x00, 0x06, 0x00, 0x06, 0x00, 0x06,
    0x47, 0x3b, 0x18, 0xc0, 0x18, 0xc0, 0x18, 0xc0, 0x18, 0xc0, 0x18, 0xc0,
    0x18, 0xc0, 0x18, 0xc0, 0x18, 0xc0, 0x18, 0xc0, 0x18, 0xc0, 0x18, 0xc0,
    0x18, 0xc0, 0x18, 0xc0, 0x18, 0xc0, 0x18, 0xc0, 0x18, 0xc0, 0x18, 0xc0,
    0x18, 0xc0, 0x18, 0xc0, 0x18, 0xc0, 0x18, 0xc0, 0x18, 0xc0, 0x18, 0xc0,
    0x18, 0xc0, 0x18, 0xc0, 0x18, 0xc0, 0x18, 0xc0, 0x18, 0xc0, 0x18, 0xc0,
    0x18, 0xc0, 0x18, 0xc0, 0x18, 0xc0, 0x18, 0xc0, 0x18, 0xc0, 0x18, 0xc0,
    0x18, 0xc0, 0x18, 0xc0, 0x18, 0xc0, 0x18, 0xc0, 0x18, 0xc0, 0x18, 0xc0,
    0x18, 0xc0, 0x18, 0xc0, 0x18, 0xc0, 0x18, 0xc0, 0x18, 0xc0, 0x00, 0xc0,
    0x00, 0xc0, 0x00, 0xc0, 0x00, 0xc0, 0x00, 0xc0, 0x00, 0xc0, 0x00, 0xc0,
    0x00, 0xc0, 0x00, 0xc0, 0x00, 0xc0, 0x00, 0xc0, 0x00, 0xc0, 0x00, 0xc0,
    0x00, 0xc0, 0x00, 0xc0, 0x00, 0xc0, 0x00, 0xc0, 0x00, 0xc0, 0x00, 0xc0,
    0x00, 0xc0, 0x00, 0xc0, 0x00, 0xc0, 0x00, 0xc0, 0x00, 0xc0, 0x00, 0xc0,
    0x00, 0xc0, 0x00, 0xc0, 0x00, 0xc0, 0x00, 0xc0, 0x00, 0xc0, 0x00, 0xc0,
    0x00, 0xc0, 0x00, 0xc0, 0x00, 0xc0, 0x00, 0xc0, 0x00, 0xc0, 0x00, 0xc0,
    0x00, 0xc0, 0x00, 0xc0, 0x00, 0xc0, 0x00, 0xc0, 0x00, 0xc0, 0x00, 0xc0,
    0x00, 0xc0, 0x00, 0xc0, 0x0d, 0x30, 0x18, 0x00, 0x18, 0x00, 0x18, 0x00,
    0x18, 0x00, 0x18, 0x00, 0x18, 0x00, 0x18, 0x00, 0x18, 0x00, 0x18, 0x00,
    0x18, 0x00, 0x18, 0x00, 0x18, 0x00, 0x18, 0x00, 0x18, 0x00, 0x18, 0x00,
    0x18, 0x00, 0x18, 0x00, 0x18, 0x00, 0x18, 0x00, 0x18, 0x00, 0x18, 0x00,
    0x18, 0x00, 0x18, 0x00, 0x18, 0x00, 0x18, 0x00, 0x18, 0x00, 0x18, 0x00,
    0x18, 0x00, 0x18, 0x00, 0x18, 0x00, 0x18, 0x00, 0x18, 0x00, 0x18, 0x00,
    0x18, 0x00, 0x18, 0x00, 0x18, 0x00, 0x18, 0x00, 0x18, 0x00, 0x18, 0x00,
    0x18, 0x00, 0x18, 0x00, 0x18, 0x00, 0x18, 0x00, 0x18, 0x00, 0x18, 0x00,
    0x18, 0xc6, 0x18, 0xc6, 0x18, 0xc6, 0x18, 0xc6, 0x18, 0xc6, 0x18, 0xc6,
    0x18, 0xc6, 0x18, 0xc6, 0x18, 0xc6, 0x18, 0xc6, 0x18, 0xc6, 0x18, 0xc6,
    0x18, 0xc6, 0x18, 0xc6, 0x18, 0xc6, 0x18, 0xc6, 0x18, 0xc6, 0x18, 0xc6,
    0x18, 0xc6, 0x18, 0xc6, 0x18, 0xc6, 0x18, 0xc6, 0x18, 0xc6, 0x18, 0xc6,
    0x18, 0xc6, 0x18, 0xc6, 0x18, 0xc6, 0x18, 0xc6, 0x18, 0xc6, 0x18, 0xc6,
    0x18, 0xc6, 0x18, 0xc6, 0x18, 0xc6, 0x18, 0xc6, 0x18, 0xc6, 0x18, 0xc6,
    0x18, 0xc6, 0x18, 0xc6, 0x18, 0xc6, 0x18, 0xc6, 0x18, 0xc6, 0x18, 0xc6,
    0x18, 0xc6, 0x18, 0xc6, 0x18, 0xc6, 0xf8, 0xc5, 0x00, 0xc6, 0x00, 0xc6,
    0x00, 0xc6, 0x00, 0xc6, 0x00, 0xc6, 0x00, 0xc6, 0x00, 0xc6, 0x00, 0xc6,
    0x00, 0xc6, 0x00, 0xc6, 0x00, 0xc6, 0x00, 0xc6, 0x00, 0xc6, 0x00, 0xc6,
    0x00, 0xc6, 0x00, 0xc6, 0x00, 0xc6, 0x00, 0xc6, 0x00, 0xc6, 0x00, 0xc6,
    0x00, 0xc6, 0x00, 0xc6, 0x00, 0xc6, 0x00, 0xc6, 0x00, 0xc6, 0x00, 0xc6,
    0x00, 0xc6, 0x00, 0xc6, 0x00, 0xc6, 0x00, 0xc6, 0x00, 0xc6, 0x00, 0xc6,
    0x00, 0xc6, 0x00, 0xc6, 0x00, 0xc6, 0x00, 0xc6, 0x00, 0xc6, 0x00, 0xc6,
    0x00, 0xc6, 0x00, 0xc6, 0x00, 0xc6, 0x00, 0xc6, 0x00, 0xc6, 0x00, 0xc6,
    0x00, 0xc6, 0xf8, 0xc5, 0x18, 0x06, 0x18, 0x06, 0x18, 0x06, 0x18, 0x06,
    0x18, 0x06, 0x18, 0x06, 0x18, 0x06, 0x18, 0x06, 0x18, 0x06, 0x18, 0x06,
    0x18, 0x06, 0x18, 0x06, 0x18, 0x06, 0x18, 0x06, 0x18, 0x06, 0x18, 0x06,
    0x18, 0x06, 0x18, 0x06, 0x18, 0x06, 0x18, 0x06, 0x18, 0x06, 0x18, 0x06,
    0x18, 0x06, 0x18, 0x06, 0x18, 0x06, 0x18, 0x06, 0x18, 0x06, 0x18, 0x06,
    0x18, 0x06, 0x18, 0x06, 0x18, 0x06, 0x18, 0x06, 0x18, 0x06, 0x18, 0x06,
    0x18, 0x06, 0x18, 0x06, 0x18, 0x06, 0x18, 0x06, 0x18, 0x06, 0x18, 0x06,
    0x18, 0x06, 0x18, 0x06, 0x18, 0x06, 0x18, 0x06, 0x18, 0x06, 0xe3, 0x0c,
    0x00, 0x06, 0x00, 0x06, 0x00, 0x06, 0x00, 0x06, 0x00, 0x06, 0x00, 0x06,
    0x00, 0x06, 0x00, 0x06, 0x00, 0x06, 0x00, 0x06, 0x00, 0x06, 0x00, 0x06,
    0x00, 0x06, 0x00, 0x06, 0x00, 0x06, 0x00, 0x06, 0x00, 0x06, 0x00, 0x06,
    0x00, 0x06, 0x00, 0x06, 0x00, 0x06, 0x00, 0x06, 0x00, 0x06, 0x00, 0x06,
    0x00, 0x06, 0x00, 0x06, 0x00, 0x06, 0x00, 0x06, 0x00, 0x06, 0x00, 0x06,
    0x00, 0x06, 0x00, 0x06, 0x00, 0x06, 0x00, 0x06, 0x00, 0x06, 0x00, 0x06,
    0x00, 0x06, 0x00, 0x06, 0x00, 0x06, 0x00, 0x06, 0x00, 0x06, 0x00, 0x06,
    0x00, 0x06, 0x00, 0x06, 0x28, 0x43, 0x18, 0xc0, 0x18, 0xc0, 0x18, 0xc0,
    0x18, 0xc0, 0x18, 0xc0, 0x18, 0xc0, 0x18, 0xc0, 0x18, 0xc0, 0x18, 0xc0,
    0x18, 0xc0, 0x18, 0xc0, 0x18, 0xc0, 0x18, 0xc0, 0x18, 0xc0, 0x18, 0xc0,
    0x18, 0xc0, 0x18, 0xc0, 0x18, 0xc0, 0x18, 0xc0, 0x18, 0xc0, 0x18, 0xc0,
    0x18, 0xc0, 0x18, 0xc0, 0x18, 0xc0, 0x18, 0xc0, 0x18, 0xc0, 0x18, 0xc0,
    0x18, 0xc0, 0x18, 0xc0, 0x18, 0xc0, 0x18, 0xc0, 0x18, 0xc0, 0x18, 0xc0,
    0x18, 0xc0, 0x18, 0xc0, 0x18, 0xc0, 0x18, 0xc0, 0x18, 0xc0, 0x18, 0xc0,
    0x18, 0xc0, 0x18, 0xc0, 0x18, 0xc0, 0x18, 0xc0, 0x18, 0xc0, 0x18, 0xc0,
    0x18, 0xc0, 0x00, 0xc0, 0x00, 0xc0, 0x00, 0xc0, 0x00, 0xc0, 0x00, 0xc0,
    0x00, 0xc0, 0x00, 0xc0, 0x00, 0xc0, 0x00, 0xc0, 0x00, 0xc0, 0x00, 0xc0,
    0x00, 0xc0, 0x00, 0xc0, 0x00, 0xc0, 0x00, 0xc0, 0x00, 0xc0, 0x00, 0xc0,
    0x00, 0xc0, 0x00, 0xc0, 0x00, 0xc0, 0x00, 0xc0, 0x00, 0xc0, 0x00, 0xc0,
    0x00, 0xc0, 0x00, 0xc0, 0x00, 0xc0, 0x00, 0xc0, 0x00, 0xc0, 0x00, 0xc0,
    0x00, 0xc0, 0x00, 0xc0, 0x00, 0xc0, 0x00, 0xc0, 0x00, 0xc0, 0x00, 0xc0,
    0x00, 0xc0, 0x00, 0xc0, 0x00, 0xc0, 0x00, 0xc0, 0x00, 0xc0, 0x00, 0xc0,
    0x00, 0xc0, 0x00, 0xc0, 0x00, 0xc0, 0x00, 0xc0, 0x0d, 0x30, 0x18, 0x00,
    0x18, 0x00, 0x18, 0x00, 0x18, 0x00, 0x18, 0x00, 0x18, 0x00, 0x18, 0x00,
    0x18, 0x00, 0x18, 0x00, 0x18, 0x00, 0x18, 0x00, 0x18, 0x00, 0x18, 0x00,
    0x18, 0x00, 0x18, 0x00, 0x18, 0x00, 0x18, 0x00, 0x18, 0x00, 0x18, 0x00,
    0x18, 0x00, 0x18, 0x00, 0x18, 0x00, 0x18, 0x00, 0x18, 0x00, 0x18, 0x00,
    0x18, 0x00, 0x18, 0x00, 0x18, 0x00, 0x18, 0x00, 0x18, 0x00, 0x18, 0x00,
    0x18, 0x00, 0x18, 0x00, 0x18, 0x00, 0x18, 0x00, 0x18, 0x00, 0x18, 0x00,
    0x18, 0x00, 0x18, 0x00, 0x18, 0x00, 0x18, 0x00, 0x18, 0x00, 0x18, 0x00,
    0x18, 0x00, 0x18, 0x00, 0x18, 0xc6, 0x18, 0xc6, 0x18, 0xc6, 0x18, 0xc6,
    0x18, 0xc6, 0x18, 0xc6, 0x18, 0xc6, 0x18, 0xc6, 0x18, 0xc6, 0x18, 0xc6,
    0x18, 0xc6, 0x18, 0xc6, 0x18, 0xc6, 0x18, 0xc6, 0x18, 0xc6, 0x18, 0xc6,
    0x18, 0xc6, 0x18, 0xc6, 0x18, 0xc6, 0x18, 0xc6, 0x18, 0xc6, 0x18, 0xc6,
    0x18, 0xc6, 0x18, 0xc6, 0x18, 0xc6, 0x18, 0xc6, 0x18, 0xc6, 0x18, 0xc6,
    0x18, 0xc6, 0x18, 0xc6, 0x18, 0xc6, 0x18, 0xc6, 0x18, 0xc6, 0x18, 0xc6,
    0x18, 0xc6, 0x18, 0xc6, 0x18, 0xc6, 0x18, 0xc6, 0x18, 0xc6, 0x18, 0xc6,
    0x18, 0xc6, 0x18, 0xc6, 0x18, 0xc6, 0x18, 0xc6, 0x18, 0xc6, 0xf8, 0xbd,
    0x00, 0xc6, 0x00, 0xc6, 0x00, 0xc6, 0x00, 0xc6, 0x00, 0xc6, 0x00, 0xc6,
    0x00, 0xc6, 0x00, 0xc6, 0x00, 0xc6, 0x00, 0xc6, 0x00, 0xc6, 0x00, 0xc6,
    0x00, 0xc6, 0x00, 0xc6, 0x00, 0xc6, 0x00, 0xc6, 0x00, 0xc6, 0x00, 0xc6,
    0x00, 0xc6, 0x00, 0xc6, 0x00, 0xc6, 0x00, 0xc6, 0x00, 0xc6, 0x00, 0xc6,
    0x00, 0xc6, 0x00, 0xc6, 0x00, 0xc6, 0x00, 0xc6, 0x00, 0xc6, 0x00, 0xc6,
    0x00, 0xc6, 0x00, 0xc6, 0x00, 0xc6, 0x00, 0xc6, 0x00, 0xc6, 0x00, 0xc6,
    0x00, 0xc6, 0x00, 0xc6, 0x00, 0xc6, 0x00, 0xc6, 0x00, 0xc6, 0x00, 0xc6,
    0x00, 0xc6, 0x00, 0xc6, 0x00, 0xc6, 0xf8, 0xbd, 0x18, 0x06, 0x18, 0x06,
    0x18, 0x06, 0x18, 0x06, 0x18, 0x06, 0x18, 0x06, 0x18, 0x06, 0x18, 0x06,
    0x18, 0x06, 0x18, 0x06, 0x18, 0x06, 0x18, 0x06, 0x18, 0x06, 0x18, 0x06,
    0x18, 0x06, 0x18, 0x06, 0x18, 0x06, 0x18, 0x06, 0x18, 0x06, 0x18, 0x06,
    0x18, 0x06, 0x18, 0x06, 0x18, 0x06, 0x18, 0x06, 0x18, 0x06, 0x18, 0x06,
    0x18, 0x06, 0x18, 0x06, 0x18, 0x06, 0x18, 0x06, 0x18, 0x06, 0x18, 0x06,
    0x18, 0x06, 0x18, 0x06, 0x18, 0x06, 0x18, 0x06, 0x18, 0x06, 0x18, 0x06,
    0x18, 0x06, 0x18, 0x06, 0x18, 0x06, 0x18, 0x06, 0x18, 0x06, 0x18, 0x06,
    0x18, 0x06, 0xe2, 0x04, 0x00, 0x06, 0x00, 0x06, 0x00, 0x06, 0x00, 0x06,
    0x00, 0x06, 0x00, 0x06, 0x00, 0x06, 0x00, 0x06, 0x00, 0x06, 0x00, 0x06,
    0x00, 0x06, 0x00, 0x06, 0x00, 0x06, 0x00, 0x06, 0x00, 0x06, 0x00, 0x06,
    0x00, 0x06, 0x00, 0x06, 0x00, 0x06, 0x00, 0x06, 0x00, 0x06, 0x00, 0x06,
    0x00, 0x06, 0x00, 0x06, 0x00, 0x06, 0x00, 0x06, 0x00, 0x06, 0x00, 0x06,
    0x00, 0x06, 0x00, 0x06, 0x00, 0x06, 0x00, 0x06, 0x00, 0x06, 0x00, 0x06,
    0x00, 0x06, 0x00, 0x06, 0x00, 0x06, 0x00, 0x06, 0x00, 0x06, 0x00, 0x06,
    0x00, 0x06, 0x00, 0x06, 0x00, 0x06, 0x00, 0x06, 0x47, 0x3b, 0x18, 0xc0,
    0x18, 0xc0, 0x18, 0xc0, 0x18, 0xc0, 0x18, 0xc0, 0x18, 0xc0, 0x18, 0xc0,
    0x18, 0xc0, 0x18, 0xc0, 0x18, 0xc0, 0x18, 0xc0, 0x18, 0xc0, 0x18, 0xc0,
    0x18, 0xc0, 0x18, 0xc0, 0x18, 0xc0, 0x18, 0xc0, 0x18, 0xc0, 0x18, 0xc0,
    0x18, 0xc0, 0x18, 0xc0, 0x18, 0xc0, 0x18, 0xc0, 0x18, 0xc0, 0x18, 0xc0,
    0x18, 0xc0, 0x18, 0xc0, 0x18, 0xc0, 0x18, 0xc0, 0x18, 0xc0, 0x18, 0xc0,
    0x18, 0xc0, 0x18, 0xc0, 0x18, 0xc0, 0x18, 0xc0, 0x18, 0xc0, 0x18, 0xc0,
    0x18, 0xc0, 0x18, 0xc0, 0x18, 0xc0, 0x18, 0xc0, 0x18, 0xc0, 0x18, 0xc0,
    0x18, 0xc0, 0x18, 0xc0, 0x18, 0xc0, 0x00, 0xc0, 0x00, 0xc0, 0x00, 0xc0,
    0x00, 0xc0, 0x00, 0xc0, 0x00, 0xc0, 0x00, 0xc0, 0x00, 0xc0, 0x00, 0xc0,
    0x00, 0xc0, 0x00, 0xc0, 0x00, 0xc0, 0x00, 0xc0, 0x00, 0xc0, 0x00, 0xc0,
    0x00, 0xc0, 0x00, 0xc0, 0x00, 0xc0, 0x00, 0xc0, 0x00, 0xc0, 0x00, 0xc0,
    0x00, 0xc0, 0x00, 0xc0, 0x00, 0xc0, 0x00, 0xc0, 0x00, 0xc0, 0x00, 0xc0,
    0x00, 0xc0, 0x00, 0xc0, 0x00, 0xc0, 0x00, 0xc0, 0x00, 0xc0, 0x00, 0xc0,
    0x00, 0xc0, 0x00, 0xc0, 0x00, 0xc0, 0x00, 0xc0, 0x00, 0xc0, 0x00, 0xc0,
    0x00, 0xc0, 0x00, 0xc0, 0x00, 0xc0, 0x00, 0xc0, 0x00, 0xc0, 0x00, 0xc0,
    0x0e, 0x38, 0x18, 0x00, 0x18, 0x00, 0x18, 0x00, 0x18, 0x00, 0x18, 0x00,
    0x18, 0x00, 0x18, 0x00, 0x18, 0x00, 0x18, 0x00, 0x18, 0x00, 0x18, 0x00,
    0x18, 0x00, 0x18, 0x00, 0x18, 0x00, 0x18, 0x00, 0x18, 0x00, 0x18, 0x00,
    0x18, 0x00, 0x18, 0x00, 0x18, 0x00, 0x18, 0x00, 0x18, 0x00, 0x18, 0x00,
    0x18, 0x00, 0x18, 0x00, 0x18, 0x00, 0x18, 0x00, 0x18, 0x00, 0x18, 0x00,
    0x18, 0x00, 0x18, 0x00, 0x18, 0x00, 0x18, 0x00, 0x18, 0x00, 0x18, 0x00,
    0x18, 0x00, 0x18, 0x00, 0x18, 0x00, 0x18, 0x00, 0x18, 0x00, 0x18, 0x00,
    0x18, 0x00, 0x18, 0x00, 0x18, 0x00, 0x18, 0x00, 0x18, 0xc6, 0x18, 0xc6,
    0x18, 0xc6, 0x18, 0xc6, 0x18, 0xc6, 0x18, 0xc6, 0x18, 0xc6, 0x18, 0xc6,
    0x18, 0xc6, 0x18, 0xc6, 0x18, 0xc6, 0x18, 0xc6, 0x18, 0xc6, 0x18, 0xc6,
    0x18, 0xc6, 0x18, 0xc6, 0x18, 0xc6, 0x18, 0xc6, 0x18, 0xc6, 0x18, 0xc6,
    0x18, 0xc6, 0x18, 0xc6, 0x18, 0xc6, 0x18, 0xc6, 0x18, 0xc6, 0x18, 0xc6,
    0x18, 0xc6, 0x18, 0xc6, 0x18, 0xc6, 0x18, 0xc6, 0x18, 0xc6, 0x18, 0xc6,
    0x18, 0xc6, 0x18, 0xc6, 0x18, 0xc6, 0x18, 0xc6, 0x18, 0xc6, 0x18, 0xc6,
    0x18, 0xc6, 0x18, 0xc6, 0x18, 0xc6, 0x18, 0xc6, 0x18, 0xc6, 0x18, 0xc6,
    0x18, 0xc6, 0xf8, 0xbd, 0x00, 0xc6, 0x00, 0xc6, 0x00, 0xc6, 0x00, 0xc6,
    0x00, 0xc6, 0x00, 0xc6, 0x00, 0xc6, 0x00, 0xc6, 0x00, 0xc6, 0x00, 0xc6,
    0x00, 0xc6, 0x00, 0xc6, 0x00, 0xc6, 0x00, 0xc6, 0x00, 0xc6, 0x00, 0xc6,
    0x00, 0xc6, 0x00, 0xc6, 0x00, 0xc6, 0x00, 0xc6, 0x00, 0xc6, 0x00, 0xc6,
    0x00, 0xc6, 0x00, 0xc6, 0x00, 0xc6, 0x00, 0xc6, 0x00, 0xc6, 0x00, 0xc6,
    0x00, 0xc6, 0x00, 0xc6, 0x00, 0xc6, 0x00, 0xc6, 0x00, 0xc6, 0x00, 0xc6,
    0x00, 0xc6, 0x00, 0xc6, 0x00, 0xc6, 0x00, 0xc6, 0x00, 0xc6, 0x00, 0xc6,
    0x00, 0xc6, 0x00, 0xc6, 0x00, 0xc6, 0x00, 0xc6, 0x00, 0xc6, 0x18, 0xbe,
    0x18, 0x06, 0x18, 0x06, 0x18, 0x06, 0x18, 0x06, 0x18, 0x06, 0x18, 0x06,
    0x18, 0x06, 0x18, 0x06, 0x18, 0x06, 0x18, 0x06, 0x18, 0x06, 0x18, 0x06,
    0x18, 0x06, 0x18, 0x06, 0x18, 0x06, 0x18, 0x06, 0x18, 0x06, 0x18, 0x06,
    0x18, 0x06, 0x18, 0x06, 0x18, 0x06, 0x18, 0x06, 0x18, 0x06, 0x18, 0x06,
    0x18, 0x06, 0x18, 0x06, 0x18, 0x06, 0x18, 0x06, 0x18, 0x06, 0x18, 0x06,
    0x18, 0x06, 0x18, 0x06, 0x18, 0x06, 0x18, 0x06, 0x18, 0x06, 0x18, 0x06,
    0x18, 0x06, 0x18, 0x06, 0x18, 0x06, 0x18, 0x06, 0x18, 0x06, 0x18, 0x06,
    0x18, 0x06, 0x18, 0x06, 0x18, 0x06, 0x02, 0x05, 0x00, 0x06, 0x00, 0x06,
    0x00, 0x06, 0x00, 0x06, 0x00, 0x06, 0x00, 0x06, 0x00, 0x06, 0x00, 0x06,
    0x00, 0x06, 0x00, 0x06, 0x00, 0x06, 0x00, 0x06, 0x00, 0x06, 0x00, 0x06,
    0x00, 0x06, 0x00, 0x06, 0x00, 0x06, 0x00, 0x06, 0x00, 0x06, 0x00, 0x06,
    0x00, 0x06, 0x00, 0x06, 0x00, 0x06, 0x00, 0x06, 0x00, 0x06, 0x00, 0x06,
    0x00, 0x06, 0x00, 0x06, 0x00, 0x06, 0x00, 0x06, 0x00, 0x06, 0x00, 0x06,
    0x00, 0x06, 0x00, 0x06, 0x00, 0x06, 0x00, 0x06, 0x00, 0x06, 0x00, 0x06,
    0x00, 0x06, 0x00, 0x06, 0x00, 0x06, 0x00, 0x06, 0x00, 0x06, 0x00, 0x06,
    0x47, 0x3b, 0x18, 0xc0, 0x18, 0xc0, 0x18, 0xc0, 0x18, 0xc0, 0x18, 0xc0,
    0x18, 0xc0, 0x18, 0xc0, 0x18, 0xc0, 0x18, 0xc0, 0x18, 0xc0, 0x18, 0xc0,
    0x18, 0xc0, 0x18, 0xc0, 0x18, 0xc0, 0x18, 0xc0, 0x18, 0xc0, 0x18, 0xc0,
    0x18, 0xc0, 0x18, 0xc0, 0x18, 0xc0, 0x18, 0xc0, 0x18, 0xc0, 0x18, 0xc0,
    0x18, 0xc0, 0x18, 0xc0, 0x18, 0xc0, 0x18, 0xc0, 0x18, 0xc0, 0x18, 0xc0,
    0x18, 0xc0, 0x18, 0xc0, 0x18, 0xc0, 0x18, 0xc0, 0x18, 0xc0, 0x18, 0xc0,
    0x18, 0xc0, 0x18, 0xc0, 0x18, 0xc0, 0x18, 0xc0, 0x18, 0xc0, 0x18, 0xc0,
    0x18, 0xc0, 0x18, 0xc0, 0x18, 0xc0, 0x18, 0xc0, 0x18, 0xc0, 0x00, 0xc0,
    0x00, 0xc0, 0x00, 0xc0, 0x00, 0xc0, 0x00, 0xc0, 0x00, 0xc0, 0x00, 0xc0,
    0x00, 0xc0, 0x00, 0xc0, 0x00, 0xc0, 0x00, 0xc0, 0x00, 0xc0, 0x00, 0xc0,
    0x00, 0xc0, 0x00, 0xc0, 0x00, 0xc0, 0x00, 0xc0, 0x00, 0xc0, 0x00, 0xc0,
    0x00, 0xc0, 0x00, 0xc0, 0x00, 0xc0, 0x00, 0xc0, 0x00, 0xc0, 0x00, 0xc0,
    0x00, 0xc0, 0x00, 0xc0, 0x00, 0xc0, 0x00, 0xc0, 0x00, 0xc0, 0x00, 0xc0,
    0x00, 0xc0, 0x00, 0xc0, 0x00, 0xc0, 0x00, 0xc0, 0x00, 0xc0, 0x00, 0xc0,
    0x00, 0xc0, 0x00, 0xc0, 0x00, 0xc0, 0x00, 0xc0, 0x00, 0xc0, 0x00, 0xc0,
    0x00, 0xc0, 0x00, 0xc0, 0x0d, 0x30, 0x18, 0x00, 0x18, 0x00, 0x18, 0x00,
    0x18, 0x00, 0x18, 0x00, 0x18, 0x00, 0x18, 0x00, 0x18, 0x00, 0x18, 0x00,
    0x18, 0x00, 0x18, 0x00, 0x18, 0x00, 0x18, 0x00, 0x18, 0x00, 0x18, 0x00,
    0x18, 0x00, 0x18, 0x00, 0x18, 0x00, 0x18, 0x00, 0x18, 0x00, 0x18, 0x00,
    0x18, 0x00, 0x18, 0x00, 0x18, 0x00, 0x18, 0x00, 0x18, 0x00, 0x18, 0x00,
    0x18, 0x00, 0x18, 0x00, 0x18, 0x00, 0x18, 0x00, 0x18, 0x00, 0x18, 0x00,
    0x18, 0x00, 0x18, 0x00, 0x18, 0x00, 0x18, 0x00, 0x18, 0x00, 0x18, 0x00,
    0x18, 0x00, 0x18, 0x00, 0x18, 0x00, 0x18, 0x00, 0x18, 0x00, 0x18, 0x00,
    0x18, 0xc6, 0x18, 0xc6, 0x18, 0xc6, 0x18, 0xc6, 0x18, 0xc6, 0x18, 0xc6,
    0x18, 0xc6, 0x18, 0xc6, 0x18, 0xc6, 0x18, 0xc6, 0x18, 0xc6, 0x18, 0xc6,
    0x18, 0xc6, 0x18, 0xc6, 0x18, 0xc6, 0x18, 0xc6, 0x18, 0xc6, 0x18, 0xc6,
    0x18, 0xc6, 0x18, 0xc6, 0x18, 0xc6, 0x18, 0xc6, 0x18, 0xc6, 0x18, 0xc6,
    0x18, 0xc6, 0x18, 0xc6, 0x18, 0xc6, 0x18, 0xc6, 0x18, 0xc6, 0x18, 0xc6,
    0x18, 0xc6, 0x18, 0xc6, 0x18, 0xc6, 0x18, 0xc6, 0x18, 0xc6, 0x18, 0xc6,
    0x18, 0xc6, 0x18, 0xc6, 0x18, 0xc6, 0x18, 0xc6, 0x18, 0xc6, 0x18, 0xc6,
    0x18, 0xc6, 0x18, 0xc6, 0x18, 0xc6, 0xf8, 0xc5, 0x00, 0xc6, 0x00, 0xc6,
    0x00, 0xc6, 0x00, 0xc6, 0x00, 0xc6, 0x00, 0xc6, 0x00, 0xc6, 0x00, 0xc6,
    0x00, 0xc6, 0x00, 0xc6, 0x00, 0xc6, 0x00, 0xc6, 0x00, 0xc6, 0x00, 0xc6,
    0x00, 0xc6, 0x00, 0xc6, 0x00, 0xc6, 0x00, 0xc6, 0x00, 0xc6, 0x00, 0xc6,
    0x00, 0xc6, 0x00, 0xc6, 0x00, 0xc6, 0x00, 0xc6, 0x00, 0xc6, 0x00, 0xc6,
    0x00, 0xc6, 0x00, 0xc6, 0x00, 0xc6, 0x00, 0xc6, 0x00, 0xc6, 0x00, 0xc6,
    0x00, 0xc6, 0x00, 0xc6, 0x00, 0xc6, 0x00, 0xc6, 0x00, 0xc6, 0x00, 0xc6,
    0x00, 0xc6, 0x00, 0xc6, 0x00, 0xc6, 0x00, 0xc6, 0x00, 0xc6, 0x00, 0xc6,
    0x00, 0xc6, 0xf8, 0xc5, 0x18, 0x06, 0x18, 0x06, 0x18, 0x06, 0x18, 0x06,
    0x18, 0x06, 0x18, 0x06, 0x18, 0x06, 0x18, 0x06, 0x18, 0x06, 0x18, 0x06,
    0x18, 0x06, 0x18, 0x06, 0x18, 0x06, 0x18, 0x06, 0x18, 0x06, 0x18, 0x06,
    0x18, 0x06, 0x18, 0x06, 0x18, 0x06, 0x18, 0x06, 0x18, 0x06, 0x18, 0x06,
    0x18, 0x06, 0x18, 0x06, 0x18, 0x06, 0x18, 0x06, 0x18, 0x06, 0x18, 0x06,
    0x18, 0x06, 0x18, 0x06, 0x18, 0x06, 0x18, 0x06, 0x18, 0x06, 0x18, 0x06,
    0x18, 0x06, 0x18, 0x06, 0x18, 0x06, 0x18, 0x06, 0x18, 0x06, 0x18, 0x06,
    0x18, 0x06, 0x18, 0x06, 0x18, 0x06, 0x18, 0x06, 0x18, 0x06, 0xe3, 0x0c,
    0x00, 0x06, 0x00, 0x06, 0x00, 0x06, 0x00, 0x06, 0x00, 0x06, 0x00, 0x06,
    0x00, 0x06, 0x00, 0x06, 0x00, 0x06, 0x00, 0x06, 0x00, 0x06, 0x00, 0x06,
    0x00, 0x06, 0x00, 0x06, 0x00, 0x06, 0x00, 0x06, 0x00, 0x06, 0x00, 0x06,
    0x00, 0x06, 0x00, 0x06, 0x00, 0x06, 0x00, 0x06, 0x00, 0x06, 0x00, 0x06,
    0x00, 0x06, 0x00, 0x06, 0x00, 0x06, 0x00, 0x06, 0x00, 0x06, 0x00, 0x06,
    0x00, 0x06, 0x00, 0x06, 0x00, 0x06, 0x00, 0x06, 0x00, 0x06, 0x00, 0x06,
    0x00, 0x06, 0x00, 0x06, 0x00, 0x06, 0x00, 0x06, 0x00, 0x06, 0x00, 0x06,
    0x00, 0x06, 0x00, 0x06, 0x28, 0x43, 0x18, 0xc0, 0x18, 0xc0, 0x18, 0xc0,
    0x18, 0xc0, 0x18, 0xc0, 0x18, 0xc0, 0x18, 0xc0, 0x18, 0xc0, 0x18, 0xc0,
    0x18, 0xc0, 0x18, 0xc0, 0x18, 0xc0, 0x18, 0xc0, 0x18, 0xc0, 0x18, 0xc0,
    0x18, 0xc0, 0x18, 0xc0, 0x18, 0xc0, 0x18, 0xc0, 0x18, 0xc0, 0x18, 0xc0,
    0x18, 0xc0, 0x18, 0xc0, 0x18, 0xc0, 0x18, 0xc0, 0x18, 0xc0, 0x18, 0xc0,
    0x18, 0xc0, 0x18, 0xc0, 0x18, 0xc0, 0x18, 0xc0, 0x18, 0xc0, 0x18, 0xc0,
    0x18, 0xc0, 0x18, 0xc0, 0x18, 0xc0, 0x18, 0xc0, 0x18, 0xc0, 0x18, 0xc0,
    0x18, 0xc0, 0x18, 0xc0, 0x18, 0xc0, 0x18, 0xc0, 0x18, 0xc0, 0x18, 0xc0,
    0x18, 0xc0, 0x00, 0xc0, 0x00, 0xc0, 0x00, 0xc0, 0x00, 0xc0, 0x00, 0xc0,
    0x00, 0xc0, 0x00, 0xc0, 0x00, 0xc0, 0x00, 0xc0, 0x00, 0xc0, 0x00, 0xc0,
    0x00, 0xc0, 0x00, 0xc0, 0x00, 0xc0, 0x00, 0xc0, 0x00, 0xc0, 0x00, 0xc0,
    0x00, 0xc0, 0x00, 0xc0, 0x00, 0xc0, 0x00, 0xc0, 0x00, 0xc0, 0x00, 0xc0,
    0x00, 0xc0, 0x00, 0xc0, 0x00, 0xc0, 0x00, 0xc0, 0x00, 0xc0, 0x00, 0xc0,
    0x00, 0xc0, 0x00, 0xc0, 0x00, 0xc0, 0x00, 0xc0, 0x00, 0xc0, 0x00, 0xc0,
    0x00, 0xc0, 0x00, 0xc0, 0x00, 0xc0, 0x00, 0xc0, 0x00, 0xc0, 0x00, 0xc0,
    0x00, 0xc0, 0x00, 0xc0, 0x00, 0xc0, 0x00, 0xc0, 0x0d, 0x30, 0x18, 0x00,
    0x18, 0x00, 0x18, 0x00, 0x18, 0x00, 0x18, 0x00, 0x18, 0x00, 0x18, 0x00,
    0x18, 0x00, 0x18, 0x00, 0x18, 0x00, 0x18, 0x00, 0x18, 0x00, 0x18, 0x00,
    0x18, 0x00, 0x18, 0x00, 0x18, 0x00, 0x18, 0x00, 0x18, 0x00, 0x18, 0x00,
    0x18, 0x00, 0x18, 0x00, 0x18, 0x00, 0x18, 0x00, 0x18, 0x00, 0x18, 0x00,
    0x18, 0x00, 0x18, 0x00, 0x18, 0x00, 0x18, 0x00, 0x18, 0x00, 0x18, 0x00,
    0x18, 0x00, 0x18, 0x00, 0x18, 0x00, 0x18, 0x00, 0x18, 0x00, 0x18, 0x00,
    0x18, 0x00, 0x18, 0x00, 0x18, 0x00, 0x18, 0x00, 0x18, 0x00, 0x18, 0x00,
    0x18, 0x00, 0x18, 0x00, 0x18, 0xc6, 0x18, 0xc6, 0x18, 0xc6, 0x18, 0xc6,
    0x18, 0xc6, 0x18, 0xc6, 0x18, 0xc6, 0x18, 0xc6, 0x18, 0xc6, 0x18, 0xc6,
    0x18, 0xc6, 0x18, 0xc6, 0x18, 0xc6, 0x18, 0xc6, 0x18, 0xc6, 0x18, 0xc6,
    0x18, 0xc6, 0x18, 0xc6, 0x18, 0xc6, 0x18, 0xc6, 0x18, 0xc6, 0x18, 0xc6,
    0x18, 0xc6, 0x18, 0xc6, 0x18, 0xc6, 0x18, 0xc6, 0x18, 0xc6, 0x18, 0xc6,
    0x18, 0xc6, 0x18, 0xc6, 0x18, 0xc6, 0x18, 0xc6, 0x18, 0xc6, 0x18, 0xc6,
    0x18, 0xc6, 0x18, 0xc6, 0x18, 0xc6, 0x18, 0xc6, 0x18, 0xc6, 0x18, 0xc6,
    0x18, 0xc6, 0x18, 0xc6, 0x18, 0xc6, 0x18, 0xc6, 0x18, 0xc6, 0xf8, 0xbd,
    0x00, 0xc6, 0x00, 0xc6, 0x00, 0xc6, 0x00, 0xc6, 0x00, 0xc6, 0x00, 0xc6,
    0x00, 0xc6, 0x00, 0xc6, 0x00, 0xc6, 0x00, 0xc6, 0x00, 0xc6, 0x00, 0xc6,
    0x00, 0xc6, 0x00, 0xc6, 0x00, 0xc6, 0x00, 0xc6, 0x00, 0xc6, 0x00, 0xc6,
    0x00, 0xc6, 0x00, 0xc6, 0x00, 0xc6, 0x00, 0xc6, 0x00, 0xc6, 0x00, 0xc6,
    0x00, 0xc6, 0x00, 0xc6, 0x00, 0xc6, 0x00, 0xc6, 0x00, 0xc6, 0x00, 0xc6,
    0x00, 0xc6, 0x00, 0xc6, 0x00, 0xc6, 0x00, 0xc6, 0x00, 0xc6, 0x00, 0xc6,
    0x00, 0xc6, 0x00, 0xc6, 0x00, 0xc6, 0x00, 0xc6, 0x00, 0xc6, 0x00, 0xc6,
    0x00, 0xc6, 0x00, 0xc6, 0x00, 0xc6, 0xf8, 0xbd, 0x18, 0x06, 0x18, 0x06,
    0x18, 0x06, 0x18, 0x06, 0x18, 0x06, 0x18, 0x06, 0x18, 0x06, 0x18, 0x06,
    0x18, 0x06, 0x18, 0x06, 0x18, 0x06, 0x18, 0x06, 0x18, 0x06, 0x18, 0x06,
    0x18, 0x06, 0x18, 0x06, 0x18, 0x06, 0x18, 0x06, 0x18, 0x06, 0x18, 0x06,
    0x18, 0x06, 0x18, 0x06, 0x18, 0x06, 0x18, 0x06, 0x18, 0x06, 0x18, 0x06,
    0x18, 0x06, 0x18, 0x06, 0x18, 0x06, 0x18, 0x06, 0x18, 0x06, 0x18, 0x06,
    0x18, 0x06, 0x18, 0x06, 0x18, 0x06, 0x18, 0x06, 0x18, 0x06, 0x18, 0x06,
    0x18, 0x06, 0x18, 0x06, 0x18, 0x06, 0x18, 0x06, 0x18, 0x06, 0x18, 0x06,
    0x18, 0x06, 0xe2, 0x0c, 0x00, 0x06, 0x00, 0x06, 0x00, 0x06, 0x00, 0x06,
    0x00, 0x06, 0x00, 0x06, 0x00, 0x06, 0x00, 0x06, 0x00, 0x06, 0x00, 0x06,
    0x00, 0x06, 0x00, 0x06, 0x00, 0x06, 0x00, 0x06, 0x00, 0x06, 0x00, 0x06,
    0x00, 0x06, 0x00, 0x06, 0x00, 0x06, 0x00, 0x06, 0x00, 0x06, 0x00, 0x06,
    0x00, 0x06, 0x00, 0x06, 0x00, 0x06, 0x00, 0x06, 0x00, 0x06, 0x00, 0x06,
    0x00, 0x06, 0x00, 0x06, 0x00, 0x06, 0x00, 0x06, 0x00, 0x06, 0x00, 0x06,
    0x00, 0x06, 0x00, 0x06, 0x00, 0x06, 0x00, 0x06, 0x00, 0x06, 0x00, 0x06,
    0x00, 0x06, 0x00, 0x06, 0x00, 0x06, 0x00, 0x06, 0x47, 0x3b, 0x18, 0xc0,
    0x18, 0xc0, 0x18, 0xc0, 0x18, 0xc0, 0x18, 0xc0, 0x18, 0xc0, 0x18, 0xc0,
    0x18, 0xc0, 0x18, 0xc0, 0x18, 0xc0, 0x18, 0xc0, 0x18, 0xc0, 0x18, 0xc0,
    0x18, 0xc0, 0x18, 0xc0, 0x18, 0xc0, 0x18, 0xc0, 0x18, 0xc0, 0x18, 0xc0,
    0x18, 0xc0, 0x18, 0xc0, 0x18, 0xc0, 0x18, 0xc0, 0x18, 0xc0, 0x18, 0xc0,
    0x18, 0xc0, 0x18, 0xc0, 0x18, 0xc0, 0x18, 0xc0, 0x18, 0xc0, 0x18, 0xc0,
    0x18, 0xc0, 0x18, 0xc0, 0x18, 0xc0, 0x18, 0xc0, 0x18, 0xc0, 0x18, 0xc0,
    0x18, 0xc0, 0x18, 0xc0, 0x18, 0xc0, 0x18, 0xc0, 0x18, 0xc0, 0x18, 0xc0,
    0x18, 0xc0, 0x18, 0xc0, 0x18, 0xc0, 0x00, 0xc0, 0x00, 0xc0, 0x00, 0xc0,
    0x00, 0xc0, 0x00, 0xc0, 0x00, 0xc0, 0x00, 0xc0, 0x00, 0xc0, 0x00, 0xc0,
    0x00, 0xc0, 0x00, 0xc0, 0x00, 0xc0, 0x00, 0xc0, 0x00, 0xc0, 0x00, 0xc0,
    0x00, 0xc0, 0x00, 0xc0, 0x00, 0xc0, 0x00, 0xc0, 0x00, 0xc0, 0x00, 0xc0,
    0x00, 0xc0, 0x00, 0xc0, 0x00, 0xc0, 0x00, 0xc0, 0x00, 0xc0, 0x00, 0xc0,
    0x00, 0xc0, 0x00, 0xc0, 0x00, 0xc0, 0x00, 0xc0, 0x00, 0xc0, 0x00, 0xc0,
    0x00, 0xc0, 0x00, 0xc0, 0x00, 0xc0, 0x00, 0xc0, 0x00, 0xc0, 0x00, 0xc0,
    0x00, 0xc0, 0x00, 0xc0, 0x00, 0xc0, 0x00, 0xc0, 0x00, 0xc0, 0x00, 0xc0,
    0x0d, 0x30, 0x18, 0x00, 0x18, 0x00, 0x18, 0x00, 0x18, 0x00, 0x18, 0x00,
    0x18, 0x00, 0x18, 0x00, 0x18, 0x00, 0x18, 0x00, 0x18, 0x00, 0x18, 0x00,
    0x18, 0x00, 0x18, 0x00, 0x18, 0x00, 0x18, 0x00, 0x18, 0x00, 0x18, 0x00,
    0x18, 0x00, 0x18, 0x00, 0x18, 0x00, 0x18, 0x00, 0x18, 0x00, 0x18, 0x00,
    0x18, 0x00, 0x18, 0x00, 0x18, 0x00, 0x18, 0x00, 0x18, 0x00, 0x18, 0x00,
    0x18, 0x00, 0x18, 0x00, 0x18, 0x00, 0x18, 0x00, 0x18, 0x00, 0x18, 0x00,
    0x18, 0x00, 0x18, 0x00, 0x18, 0x00, 0x18, 0x00, 0x18, 0x00, 0x18, 0x00,
    0x18, 0x00, 0x18, 0x00, 0x18, 0x00, 0x18, 0x00, 0x18, 0xc6, 0x18, 0xc6,
    0x18, 0xc6, 0x18, 0xc6, 0x18, 0xc6, 0x18, 0xc6, 0x18, 0xc6, 0x18, 0xc6,
    0x18, 0xc6, 0x18, 0xc6, 0x18, 0xc6, 0x18, 0xc6, 0x18, 0xc6, 0x18, 0xc6,
    0x18, 0xc6, 0x18, 0xc6, 0x18, 0xc6, 0x18, 0xc6, 0x18, 0xc6, 0x18, 0xc6,
    0x18, 0xc6, 0x18, 0xc6, 0x18, 0xc6, 0x18, 0xc6, 0x18, 0xc6, 0x18, 0xc6,
    0x18, 0xc6, 0x18, 0xc6, 0x18, 0xc6, 0x18, 0xc6, 0x18, 0xc6, 0x18, 0xc6,
    0x18, 0xc6, 0x18, 0xc6, 0x18, 0xc6, 0x18, 0xc6, 0x18, 0xc6, 0x18, 0xc6,
    0x18, 0xc6, 0x18, 0xc6, 0x18, 0xc6, 0x18, 0xc6, 0x18, 0xc6, 0x18, 0xc6,
    0x18, 0xc6, 0xf8, 0xbd, 0x00, 0xc6, 0x00, 0xc6, 0x00, 0xc6, 0x00, 0xc6,
    0x00, 0xc6, 0x00, 0xc6, 0x00, 0xc6, 0x00, 0xc6, 0x00, 0xc6, 0x00, 0xc6,
    0x00, 0xc6, 0x00, 0xc6, 0x00, 0xc6, 0x00, 0xc6, 0x00, 0xc6, 0x00, 0xc6,
    0x00, 0xc6, 0x00, 0xc6, 0x00, 0xc6, 0x00, 0xc6, 0x00, 0xc6, 0x00, 0xc6,
    0x00, 0xc6, 0x00, 0xc6, 0x00, 0xc6, 0x00, 0xc6, 0x00, 0xc6, 0x00, 0xc6,
    0x00, 0xc6, 0x00, 0xc6, 0x00, 0xc6, 0x00, 0xc6, 0x00, 0xc6, 0x00, 0xc6,
    0x00, 0xc6, 0x00, 0xc6, 0x00, 0xc6, 0x00, 0xc6, 0x00, 0xc6, 0x00, 0xc6,
    0x00, 0xc6, 0x00, 0xc6, 0x00, 0xc6, 0x00, 0xc6, 0x00, 0xc6, 0xf8, 0xbd,
    0x18, 0x06, 0x18, 0x06, 0x18, 0x06, 0x18, 0x06, 0x18, 0x06, 0x18, 0x06,
    0x18, 0x06, 0x18, 0x06, 0x18, 0x06, 0x18, 0x06, 0x18, 0x06, 0x18, 0x06,
    0x18, 0x06, 0x18, 0x06, 0x18, 0x06, 0x18, 0x06, 0x18, 0x06, 0x18, 0x06,
    0x18, 0x06, 0x18, 0x06, 0x18, 0x06, 0x18, 0x06, 0x18, 0x06, 0x18, 0x06,
    0x18, 0x06, 0x18, 0x06, 0x18, 0x06, 0x18, 0x06, 0x18, 0x06, 0x18, 0x06,
    0x18, 0x06, 0x18, 0x06, 0x18, 0x06, 0x18, 0x06, 0x18, 0x06, 0x18, 0x06,
    0x18, 0x06, 0x18, 0x06, 0x18, 0x06, 0x18, 0x06, 0x18, 0x06, 0x18, 0x06,
    0x18, 0x06, 0x18, 0x06, 0x18, 0x06, 0xe3, 0x04, 0x00, 0x06, 0x00, 0x06,
    0x00, 0x06, 0x00, 0x06, 0x00, 0x06, 0x00, 0x06, 0x00, 0x06, 0x00, 0x06,
    0x00, 0x06, 0x00, 0x06, 0x00, 0x06, 0x00, 0x06, 0x00, 0x06, 0x00, 0x06,
    0x00, 0x06, 0x00, 0x06, 0x00, 0x06, 0x00, 0x06, 0x00, 0x06, 0x00, 0x06,
    0x00, 0x06, 0x00, 0x06, 0x00, 0x06, 0x00, 0x06, 0x00, 0x06, 0x00, 0x06,
    0x00, 0x06, 0x00, 0x06, 0x00, 0x06, 0x00, 0x06, 0x00, 0x06, 0x00, 0x06,
    0x00, 0x06, 0x00, 0x06, 0x00, 0x06, 0x00, 0x06, 0x00, 0x06, 0x00, 0x06,
    0x00, 0x06, 0x00, 0x06, 0x00, 0x06, 0x00, 0x06, 0x00, 0x06, 0x00, 0x06,
    0x27, 0x3b, 0x18, 0xc0, 0x18, 0xc0, 0x18, 0xc0, 0x18, 0xc0, 0x18, 0xc0,
    0x18, 0xc0, 0x18, 0xc0, 0x18, 0xc0, 0x18, 0xc0, 0x18, 0xc0, 0x18, 0xc0,
    0x18, 0xc0, 0x18, 0xc0, 0x18, 0xc0, 0x18, 0xc0, 0x18, 0xc0, 0x18, 0xc0,
    0x18, 0xc0, 0x18, 0xc0, 0x18, 0xc0, 0x18, 0xc0, 0x18, 0xc0, 0x18, 0xc0,
    0x18, 0xc0, 0x18, 0xc0, 0x18, 0xc0, 0x18, 0xc0, 0x18, 0xc0, 0x18, 0xc0,
    0x18, 0xc0, 0x18, 0xc0, 0x18, 0xc0, 0x18, 0xc0, 0x18, 0xc0, 0x18, 0xc0,
    0x18, 0xc0, 0x18, 0xc0, 0x18, 0xc0, 0x18, 0xc0, 0x18, 0xc0, 0x18, 0xc0,
    0x18, 0xc0, 0x18, 0xc0, 0x18, 0xc0, 0x18, 0xc0, 0x18, 0xc0, 0x00, 0xc0,
    0x00, 0xc0, 0x00, 0xc0, 0x00, 0xc0, 0x00, 0xc0, 0x00, 0xc0, 0x00, 0xc0,
    0x00, 0xc0, 0x00, 0xc0, 0x00, 0xc0, 0x00, 0xc0, 0x00, 0xc0, 0x00, 0xc0,
    0x00, 0xc0, 0x00, 0xc0, 0x00, 0xc0, 0x00, 0xc0, 0x00, 0xc0, 0x00, 0xc0,
    0x00, 0xc0, 0x00, 0xc0, 0x00, 0xc0, 0x00, 0xc0, 0x00, 0xc0, 0x00, 0xc0,
    0x00, 0xc0, 0x00, 0xc0, 0x00, 0xc0, 0x00, 0xc0, 0x00, 0xc0, 0x00, 0xc0,
    0x00, 0xc0, 0x00, 0xc0, 0x00, 0xc0, 0x00, 0xc0, 0x00, 0xc0, 0x00, 0xc0,
    0x00, 0xc0, 0x00, 0xc0, 0x00, 0xc0, 0x00, 0xc0, 0x00, 0xc0, 0x00, 0xc0,
    0x00, 0xc0, 0x00, 0xc0, 0x0d, 0x30, 0x18, 0x00, 0x18, 0x00, 0x18, 0x00,
    0x18, 0x00, 0x18, 0x00, 0x18, 0x00, 0x18, 0x00, 0x18, 0x00, 0x18, 0x00,
    0x18, 0x00, 0x18, 0x00, 0x18, 0x00, 0x18, 0x00, 0x18, 0x00, 0x18, 0x00,
    0x18, 0x00, 0x18, 0x00, 0x18, 0x00, 0x18, 0x00, 0x18, 0x00, 0x18, 0x00,
    0x18, 0x00, 0x18, 0x00, 0x18, 0x00, 0x18, 0x00, 0x18, 0x00, 0x18, 0x00,
    0x18, 0x00, 0x18, 0x00, 0x18, 0x00, 0x18, 0x00, 0x18, 0x00, 0x18, 0x00,
    0x18, 0x00, 0x18, 0x00, 0x18, 0x00, 0x18, 0x00, 0x18, 0x00, 0x18, 0x00,
    0x18, 0x00, 0x18, 0x00, 0x18, 0x00, 0x18, 0x00, 0x18, 0x00, 0x18, 0x00,
    0x18, 0xc6, 0x18, 0xc6, 0x18, 0xc6, 0x18, 0xc6, 0x18, 0xc6, 0x18, 0xc6,
    0x18, 0xc6, 0x18, 0xc6, 0x18, 0xc6, 0x18, 0xc6, 0x18, 0xc6, 0x18, 0xc6,
    0x18, 0xc6, 0x18, 0xc6, 0x18, 0xc6, 0x18, 0xc6, 0x18, 0xc6, 0x18, 0xc6,
    0x18, 0xc6, 0x18, 0xc6, 0x18, 0xc6, 0x18, 0xc6, 0x18, 0xc6, 0x18, 0xc6,
    0x18, 0xc6, 0x18, 0xc6, 0x18, 0xc6, 0x18, 0xc6, 0x18, 0xc6, 0x18, 0xc6,
    0x18, 0xc6, 0x18, 0xc6, 0x18, 0xc6, 0x18, 0xc6, 0x18, 0xc6, 0x18, 0xc6,
    0x18, 0xc6, 0x18, 0xc6, 0x18, 0xc6, 0x18, 0xc6, 0x18, 0xc6, 0x18, 0xc6,
    0x18, 0xc6, 0x18, 0xc6, 0x18, 0xc6, 0x18, 0xc6, 0x00, 0xc6, 0x00, 0xc6,
    0x00, 0xc6, 0x00, 0xc6, 0x00, 0xc6, 0x00, 0xc6, 0x00, 0xc6, 0x00, 0xc6,
    0x00, 0xc6, 0x00, 0xc6, 0x00, 0xc6, 0x00, 0xc6, 0x00, 0xc6, 0x00, 0xc6,
    0x00, 0xc6, 0x00, 0xc6, 0x00, 0xc6, 0x00, 0xc6, 0x00, 0xc6, 0x00, 0xc6,
    0x00, 0xc6, 0x00, 0xc6, 0x00, 0xc6, 0x00, 0xc6, 0x00, 0xc6, 0x00, 0xc6,
    0x00, 0xc6, 0x00, 0xc6, 0x00, 0xc6, 0x00, 0xc6, 0x00, 0xc6, 0x00, 0xc6,
    0x00, 0xc6, 0x00, 0xc6, 0x00, 0xc6, 0x00, 0xc6, 0x00, 0xc6, 0x00, 0xc6,
    0x00, 0xc6, 0x00, 0xc6, 0x00, 0xc6, 0x00, 0xc6, 0x00, 0xc6, 0x00, 0xc6,
    0x00, 0xc6, 0x18, 0xc6, 0x18, 0x06, 0x18, 0x06, 0x18, 0x06, 0x18, 0x06,
    0x18, 0x06, 0x18, 0x06, 0x18, 0x06, 0x18, 0x06, 0x18, 0x06, 0x18, 0x06,
    0x18, 0x06, 0x18, 0x06, 0x18, 0x06, 0x18, 0x06, 0x18, 0x06, 0x18, 0x06,
    0x18, 0x06, 0x18, 0x06, 0x18, 0x06, 0x18, 0x06, 0x18, 0x06, 0x18, 0x06,
    0x18, 0x06, 0x18, 0x06, 0x18, 0x06, 0x18, 0x06, 0x18, 0x06, 0x18, 0x06,
    0x18, 0x06, 0x18, 0x06, 0x18, 0x06, 0x18, 0x06, 0x18, 0x06, 0x18, 0x06,
    0x18, 0x06, 0x18, 0x06, 0x18, 0x06, 0x18, 0x06, 0x18, 0x06, 0x18, 0x06,
    0x18, 0x06, 0x18, 0x06, 0x18, 0x06, 0x18, 0x06, 0x18, 0x06, 0x02, 0x0d,
    0x00, 0x06, 0x00, 0x06, 0x00, 0x06, 0x00, 0x06, 0x00, 0x06, 0x00, 0x06,
    0x00, 0x06, 0x00, 0x06, 0x00, 0x06, 0x00, 0x06, 0x00, 0x06, 0x00, 0x06,
    0x00, 0x06, 0x00, 0x06, 0x00, 0x06, 0x00, 0x06, 0x00, 0x06, 0x00, 0x06,
    0x00, 0x06, 0x00, 0x06, 0x00, 0x06, 0x00, 0x06, 0x00, 0x06, 0x00, 0x06,
    0x00, 0x06, 0x00, 0x06, 0x00, 0x06, 0x00, 0x06, 0x00, 0x06, 0x00, 0x06,
    0x00, 0x06, 0x00, 0x06, 0x00, 0x06, 0x00, 0x06, 0x00, 0x06, 0x00, 0x06,
    0x00, 0x06, 0x00, 0x06, 0x00, 0x06, 0x00, 0x06, 0x00, 0x06, 0x00, 0x06,
    0x00, 0x06, 0x00, 0x06, 0x48, 0x43, 0x18, 0xc0, 0x18, 0xc0, 0x18, 0xc0,
    0x18, 0xc0, 0x18, 0xc0, 0x18, 0xc0, 0x18, 0xc0, 0x18, 0xc0, 0x18, 0xc0,
    0x18, 0xc0, 0x18, 0xc0, 0x18, 0xc0, 0x18, 0xc0, 0x18, 0xc0, 0x18, 0xc0,
    0x18, 0xc0, 0x18, 0xc0, 0x18, 0xc0, 0x18, 0xc0, 0x18, 0xc0, 0x18, 0xc0,
    0x18, 0xc0, 0x18, 0xc0, 0x18, 0xc0, 0x18, 0xc0, 0x18, 0xc0, 0x18, 0xc0,
    0x18, 0xc0, 0x18, 0xc0, 0x18, 0xc0, 0x18, 0xc0, 0x18, 0xc0, 0x18, 0xc0,
    0x18, 0xc0, 0x18, 0xc0, 0x18, 0xc0, 0x18, 0xc0, 0x18, 0xc0, 0x18, 0xc0,
    0x18, 0xc0, 0x18, 0xc0, 0x18, 0xc0, 0x18, 0xc0, 0x18, 0xc0, 0x18, 0xc0,
    0x18, 0xc0, 0x00, 0xc0, 0x00, 0xc0, 0x00, 0xc0, 0x00, 0xc0, 0x00, 0xc0,
    0x00, 0xc0, 0x00, 0xc0, 0x00, 0xc0, 0x00, 0xc0, 0x00, 0xc0, 0x00, 0xc0,
    0x00, 0xc0, 0x00, 0xc0, 0x00, 0xc0, 0x00, 0xc0, 0x00, 0xc0, 0x00, 0xc0,
    0x00, 0xc0, 0x00, 0xc0, 0x00, 0xc0, 0x00, 0xc0, 0x00, 0xc0, 0x00, 0xc0,
    0x00, 0xc0, 0x00, 0xc0, 0x00, 0xc0, 0x00, 0xc0, 0x00, 0xc0, 0x00, 0xc0,
    0x00, 0xc0, 0x00, 0xc0, 0x00, 0xc0, 0x00, 0xc0, 0x00, 0xc0, 0x00, 0xc0,
    0x00, 0xc0, 0x00, 0xc0, 0x00, 0xc0, 0x00, 0xc0, 0x00, 0xc0, 0x00, 0xc0,
    0x00, 0xc0, 0x00, 0xc0, 0x00, 0xc0, 0x00, 0xc0, 0x0d, 0x30, 0x18, 0x00,
    0x18, 0x00, 0x18, 0x00, 0x18, 0x00, 0x18, 0x00, 0x18, 0x00, 0x18, 0x00,
    0x18, 0x00, 0x18, 0x00, 0x18, 0x00, 0x18, 0x00, 0x18, 0x00, 0x18, 0x00,
    0x18, 0x00, 0x18, 0x00, 0x18, 0x00, 0x18, 0x00, 0x18, 0x00, 0x18, 0x00,
    0x18, 0x00, 0x18, 0x00, 0x18, 0x00, 0x18, 0x00, 0x18, 0x00, 0x18, 0x00,
    0x18, 0x00, 0x18, 0x00, 0x18, 0x00, 0x18, 0x00, 0x18, 0x00, 0x18, 0x00,
    0x18, 0x00, 0x18, 0x00, 0x18, 0x00, 0x18, 0x00, 0x18, 0x00, 0x18, 0x00,
    0x18, 0x00, 0x18, 0x00, 0x18, 0x00, 0x18, 0x00, 0x18, 0x00, 0x18, 0x00,
    0x18, 0x00, 0x18, 0x00, 0x18, 0xc6, 0x18, 0xc6, 0x18, 0xc6, 0x18, 0xc6,
    0x18, 0xc6, 0x18, 0xc6, 0x18, 0xc6, 0x18, 0xc6, 0x18, 0xc6, 0x18, 0xc6,
    0x18, 0xc6, 0x18, 0xc6, 0x18, 0xc6, 0x18, 0xc6, 0x18, 0xc6, 0x18, 0xc6,
    0x18, 0xc6, 0x18, 0xc6, 0x18, 0xc6, 0x18, 0xc6, 0x18, 0xc6, 0x18, 0xc6,
    0x18, 0xc6, 0x18, 0xc6, 0x18, 0xc6, 0x18, 0xc6, 0x18, 0xc6, 0x18, 0xc6,
    0x18, 0xc6, 0x18, 0xc6, 0x18, 0xc6, 0x18, 0xc6, 0x18, 0xc6, 0x18, 0xc6,
    0x18, 0xc6, 0x18, 0xc6, 0x18, 0xc6, 0x18, 0xc6, 0x18, 0xc6, 0x18, 0xc6,
    0x18, 0xc6, 0x18, 0xc6, 0x18, 0xc6, 0x18, 0xc6, 0x18, 0xc6, 0xf8, 0xbd,
    0x00, 0xc6, 0x00, 0xc6, 0x00, 0xc6, 0x00, 0xc6, 0x00, 0xc6, 0x00, 0xc6,
    0x00, 0xc6, 0x00, 0xc6, 0x00, 0xc6, 0x00, 0xc6, 0x00, 0xc6, 0x00, 0xc6,
    0x00, 0xc6, 0x00, 0xc6, 0x00, 0xc6, 0x00, 0xc6, 0x00, 0xc6, 0x00, 0xc6,
    0x00, 0xc6, 0x00, 0xc6, 0x00, 0xc6, 0x00, 0xc6, 0x00, 0xc6, 0x00, 0xc6,
    0x00, 0xc6, 0x00, 0xc6, 0x00, 0xc6, 0x00, 0xc6, 0x00, 0xc6, 0x00, 0xc6,
    0x00, 0xc6, 0x00, 0xc6, 0x00, 0xc6, 0x00, 0xc6, 0x00, 0xc6, 0x00, 0xc6,
    0x00, 0xc6, 0x00, 0xc6, 0x00, 0xc6, 0x00, 0xc6, 0x00, 0xc6, 0x00, 0xc6,
    0x00, 0xc6, 0x00, 0xc6, 0x00, 0xc6, 0xf8, 0xbd, 0x18, 0x06, 0x18, 0x06,
    0x18, 0x06, 0x18, 0x06, 0x18, 0x06, 0x18, 0x06, 0x18, 0x06, 0x18, 0x06,
    0x18, 0x06, 0x18, 0x06, 0x18, 0x06, 0x18, 0x06, 0x18, 0x06, 0x18, 0x06,
    0x18, 0x06, 0x18, 0x06, 0x18, 0x06, 0x18, 0x06, 0x18, 0x06, 0x18, 0x06,
    0x18, 0x06, 0x18, 0x06, 0x18, 0x06, 0x18, 0x06, 0x18, 0x06, 0x18, 0x06,
    0x18, 0x06, 0x18, 0x06, 0x18, 0x06, 0x18, 0x06, 0x18, 0x06, 0x18, 0x06,
    0x18, 0x06, 0x18, 0x06, 0x18, 0x06, 0x18, 0x06, 0x18, 0x06, 0x18, 0x06,
    0x18, 0x06, 0x18, 0x06, 0x18, 0x06, 0x18, 0x06, 0x18, 0x06, 0x18, 0x06,
    0x18, 0x06, 0xe2, 0x04, 0x00, 0x06, 0x00, 0x06, 0x00, 0x06, 0x00, 0x06,
    0x00, 0x06, 0x00, 0x06, 0x00, 0x06, 0x00, 0x06, 0x00, 0x06, 0x00, 0x06,
    0x00, 0x06, 0x00, 0x06, 0x00, 0x06, 0x00, 0x06, 0x00, 0x06, 0x00, 0x06,
    0x00, 0x06, 0x00, 0x06, 0x00, 0x06, 0x00, 0x06, 0x00, 0x06, 0x00, 0x06,
    0x00, 0x06, 0x00, 0x06, 0x00, 0x06, 0x00, 0x06, 0x00, 0x06, 0x00, 0x06,
    0x00, 0x06, 0x00, 0x06, 0x00, 0x06, 0x00, 0x06, 0x00, 0x06, 0x00, 0x06,
    0x00, 0x06, 0x00, 0x06, 0x00, 0x06, 0x00, 0x06, 0x00, 0x06, 0x00, 0x06,
    0x00, 0x06, 0x00, 0x06, 0x00, 0x06, 0x00, 0x06, 0x27, 0x3b, 0x18, 0xc0,
    0x18, 0xc0, 0x18, 0xc0, 0x18, 0xc0, 0x18, 0xc0, 0x18, 0xc0, 0x18, 0xc0,
    0x18, 0xc0, 0x18, 0xc0, 0x18, 0xc0, 0x18, 0xc0, 0x18, 0xc0, 0x18, 0xc0,
    0x18, 0xc0, 0x18, 0xc0, 0x18, 0xc0, 0x18, 0xc0, 0x18, 0xc0, 0x18, 0xc0,
    0x18, 0xc0, 0x18, 0xc0, 0x18, 0xc0, 0x18, 0xc0, 0x18, 0xc0, 0x18, 0xc0,
    0x18, 0xc0, 0x18, 0xc0, 0x18, 0xc0, 0x18, 0xc0, 0x18, 0xc0, 0x18, 0xc0,
    0x18, 0xc0, 0x18, 0xc0, 0x18, 0xc0, 0x18, 0xc0, 0x18, 0xc0, 0x18, 0xc0,
    0x18, 0xc0, 0x18, 0xc0, 0x18, 0xc0, 0x18, 0xc0, 0x18, 0xc0, 0x18, 0xc0,
    0x18, 0xc0, 0x18, 0xc0, 0x18, 0xc0, 0x00, 0xc0, 0x00, 0xc0, 0x00, 0xc0,
    0x00, 0xc0, 0x00, 0xc0, 0x00, 0xc0, 0x00, 0xc0, 0x00, 0xc0, 0x00, 0xc0,
    0x00, 0xc0, 0x00, 0xc0, 0x00, 0xc0, 0x00, 0xc0, 0x00, 0xc0, 0x00, 0xc0,
    0x00, 0xc0, 0x00, 0xc0, 0x00, 0xc0, 0x00, 0xc0, 0x00, 0xc0, 0x00, 0xc0,
    0x00, 0xc0, 0x00, 0xc0, 0x00, 0xc0, 0x00, 0xc0, 0x00, 0xc0, 0x00, 0xc0,
    0x00, 0xc0, 0x00, 0xc0, 0x00, 0xc0, 0x00, 0xc0, 0x00, 0xc0, 0x00, 0xc0,
    0x00, 0xc0, 0x00, 0xc0, 0x00, 0xc0, 0x00, 0xc0, 0x00, 0xc0, 0x00, 0xc0,
    0x00, 0xc0, 0x00, 0xc0, 0x00, 0xc0, 0x00, 0xc0, 0x00, 0xc0, 0x00, 0xc0,
    0x0d, 0x30, 0x18, 0x00, 0x18, 0x00, 0x18, 0x00, 0x18, 0x00, 0x18, 0x00,
    0x18, 0x00, 0x18, 0x00, 0x18, 0x00, 0x18, 0x00, 0x18, 0x00, 0x18, 0x00,
    0x18, 0x00, 0x18, 0x00, 0x18, 0x00, 0x18, 0x00, 0x18, 0x00, 0x18, 0x00,
    0x18, 0x00, 0x18, 0x00, 0x18, 0x00, 0x18, 0x00, 0x18, 0x00, 0x18, 0x00,
    0x18, 0x00, 0x18, 0x00, 0x18, 0x00, 0x18, 0x00, 0x18, 0x00, 0x18, 0x00,
    0x18, 0x00, 0x18, 0x00, 0x18, 0x00, 0x18, 0x00, 0x18, 0x00, 0x18, 0x00,
    0x18, 0x00, 0x18, 0x00, 0x18, 0x00, 0x18, 0x00, 0x18, 0x00, 0x18, 0x00,
    0x18, 0x00, 0x18, 0x00, 0x18, 0x00, 0x18, 0x00, 0x18, 0xc6, 0x18, 0xc6,
    0x18, 0xc6, 0x18, 0xc6, 0x18, 0xc6, 0x18, 0xc6, 0x18, 0xc6, 0x18, 0xc6,
    0x18, 0xc6, 0x18, 0xc6, 0x18, 0xc6, 0x18, 0xc6, 0x18, 0xc6, 0x18, 0xc6,
    0x18, 0xc6, 0x18, 0xc6, 0x18, 0xc6, 0x18, 0xc6, 0x18, 0xc6, 0x18, 0xc6,
    0x18, 0xc6, 0x18, 0xc6, 0x18, 0xc6, 0x18, 0xc6, 0x18, 0xc6, 0x18, 0xc6,
    0x18, 0xc6, 0x18, 0xc6, 0x18, 0xc6, 0x18, 0xc6, 0x18, 0xc6, 0x18, 0xc6,
    0x18, 0xc6, 0x18, 0xc6, 0x18, 0xc6, 0x18, 0xc6, 0x18, 0xc6, 0x18, 0xc6,
    0x18, 0xc6, 0x18, 0xc6, 0x18, 0xc6, 0x18, 0xc6, 0x18, 0xc6, 0x18, 0xc6,
    0x18, 0xc6, 0xf8, 0xbd, 0x00, 0xc6, 0x00, 0xc6, 0x00, 0xc6, 0x00, 0xc6,
    0x00, 0xc6, 0x00, 0xc6, 0x00, 0xc6, 0x00, 0xc6, 0x00, 0xc6, 0x00, 0xc6,
    0x00, 0xc6, 0x00, 0xc6, 0x00, 0xc6, 0x00, 0xc6, 0x00, 0xc6, 0x00, 0xc6,
    0x00, 0xc6, 0x00, 0xc6, 0x00, 0xc6, 0x00, 0xc6, 0x00, 0xc6, 0x00, 0xc6,
    0x00, 0xc6, 0x00, 0xc6, 0x00, 0xc6, 0x00, 0xc6, 0x00, 0xc6, 0x00, 0xc6,
    0x00, 0xc6, 0x00, 0xc6, 0x00, 0xc6, 0x00, 0xc6, 0x00, 0xc6, 0x00, 0xc6,
    0x00, 0xc6, 0x00, 0xc6, 0x00, 0xc6, 0x00, 0xc6, 0x00, 0xc6, 0x00, 0xc6,
    0x00, 0xc6, 0x00, 0xc6, 0x00, 0xc6, 0x00, 0xc6, 0x00, 0xc6, 0xf8, 0xbd,
    0x18, 0x06, 0x18, 0x06, 0x18, 0x06, 0x18, 0x06, 0x18, 0x06, 0x18, 0x06,
    0x18, 0x06, 0x18, 0x06, 0x18, 0x06, 0x18, 0x06, 0x18, 0x06, 0x18, 0x06,
    0x18, 0x06, 0x18, 0x06, 0x18, 0x06, 0x18, 0x06, 0x18, 0x06, 0x18, 0x06,
    0x18, 0x06, 0x18, 0x06, 0x18, 0x06, 0x18, 0x06, 0x18, 0x06, 0x18, 0x06,
    0x18, 0x06, 0x18, 0x06, 0x18, 0x06, 0x18, 0x06, 0x18, 0x06, 0x18, 0x06,
    0x18, 0x06, 0x18, 0x06, 0x18, 0x06, 0x18, 0x06, 0x18, 0x06, 0x18, 0x06,
    0x18, 0x06, 0x18, 0x06, 0x18, 0x06, 0x18, 0x06, 0x18, 0x06, 0x18, 0x06,
    0x18, 0x06, 0x18, 0x06, 0x18, 0x06, 0xe3, 0x0c, 0x00, 0x06, 0x00, 0x06,
    0x00, 0x06, 0x00, 0x06, 0x00, 0x06, 0x00, 0x06, 0x00, 0x06, 0x00, 0x06,
    0x00, 0x06, 0x00, 0x06, 0x00, 0x06, 0x00, 0x06, 0x00, 0x06, 0x00, 0x06,
    0x00, 0x06, 0x00, 0x06, 0x00, 0x06, 0x00, 0x06, 0x00, 0x06, 0x00, 0x06,
    0x00, 0x06, 0x00, 0x06, 0x00, 0x06, 0x00, 0x06, 0x00, 0x06, 0x00, 0x06,
    0x00, 0x06, 0x00, 0x06, 0x00, 0x06, 0x00, 0x06, 0x00, 0x06, 0x00, 0x06,
    0x00, 0x06, 0x00, 0x06, 0x00, 0x06, 0x00, 0x06, 0x00, 0x06, 0x00, 0x06,
    0x00, 0x06, 0x00, 0x06, 0x00, 0x06, 0x00, 0x06, 0x00, 0x06, 0x00, 0x06,
    0x47, 0x3b, 0x18, 0xc0, 0x18, 0xc0, 0x18, 0xc0, 0x18, 0xc0, 0x18, 0xc0,
    0x18, 0xc0, 0x18, 0xc0, 0x18, 0xc0, 0x18, 0xc0, 0x18, 0xc0, 0x18, 0xc0,
    0x18, 0xc0, 0x18, 0xc0, 0x18, 0xc0, 0x18, 0xc0, 0x18, 0xc0, 0x18, 0xc0,
    0x18, 0xc0, 0x18, 0xc0, 0x18, 0xc0, 0x18, 0xc0, 0x18, 0xc0, 0x18, 0xc0,
    0x18, 0xc0, 0x18, 0xc0, 0x18, 0xc0, 0x18, 0xc0, 0x18, 0xc0, 0x18, 0xc0,
    0x18, 0xc0, 0x18, 0xc0, 0x18, 0xc0, 0x18, 0xc0, 0x18, 0xc0, 0x18, 0xc0,
    0x18, 0xc0, 0x18, 0xc0, 0x18, 0xc0, 0x18, 0xc0, 0x18, 0xc0, 0x18, 0xc0,
    0x18, 0xc0, 0x18, 0xc0, 0x18, 0xc0, 0x18, 0xc0, 0x18, 0xc0, 0x00, 0xc0,
    0x00, 0xc0, 0x00, 0xc0, 0x00, 0xc0, 0x00, 0xc0, 0x00, 0xc0, 0x00, 0xc0,
    0x00, 0xc0, 0x00, 0xc0, 0x00, 0xc0, 0x00, 0xc0, 0x00, 0xc0, 0x00, 0xc0,
    0x00, 0xc0, 0x00, 0xc0, 0x00, 0xc0, 0x00, 0xc0, 0x00, 0xc0, 0x00, 0xc0,
    0x00, 0xc0, 0x00, 0xc0, 0x00, 0xc0, 0x00, 0xc0, 0x00, 0xc0, 0x00, 0xc0,
    0x00, 0xc0, 0x00, 0xc0, 0x00, 0xc0, 0x00, 0xc0, 0x00, 0xc0, 0x00, 0xc0,
    0x00, 0xc0, 0x00, 0xc0, 0x00, 0xc0, 0x00, 0xc0, 0x00, 0xc0, 0x00, 0xc0,
    0x00, 0xc0, 0x00, 0xc0, 0x00, 0xc0, 0x00, 0xc0, 0x00, 0xc0, 0x00, 0xc0,
    0x00, 0xc0, 0x00, 0xc0, 0x0e, 0x38, 0x18, 0x00, 0x18, 0x00, 0x18, 0x00,
    0x18, 0x00, 0x18, 0x00, 0x18, 0x00, 0x18, 0x00, 0x18, 0x00, 0x18, 0x00,
    0x18, 0x00, 0x18, 0x00, 0x18, 0x00, 0x18, 0x00, 0x18, 0x00, 0x18, 0x00,
    0x18, 0x00, 0x18, 0x00, 0x18, 0x00, 0x18, 0x00, 0x18, 0x00, 0x18, 0x00,
    0x18, 0x00, 0x18, 0x00, 0x18, 0x00, 0x18, 0x00, 0x18, 0x00, 0x18, 0x00,
    0x18, 0x00, 0x18, 0x00, 0x18, 0x00, 0x18, 0x00, 0x18, 0x00, 0x18, 0x00,
    0x18, 0x00, 0x18, 0x00, 0x18, 0x00, 0x18, 0x00, 0x18, 0x00, 0x18, 0x00,
    0x18, 0x00, 0x18, 0x00, 0x18, 0x00, 0x18, 0x00, 0x18, 0x00, 0x18, 0x00,
    0x18, 0xc6, 0x18, 0xc6, 0x18, 0xc6, 0x18, 0xc6, 0x18, 0xc6, 0x18, 0xc6,
    0x18, 0xc6, 0x18, 0xc6, 0x18, 0xc6, 0x18, 0xc6, 0x18, 0xc6, 0x18, 0xc6,
    0x18, 0xc6, 0x18, 0xc6, 0x18, 0xc6, 0x18, 0xc6, 0x18, 0xc6, 0x18, 0xc6,
    0x18, 0xc6, 0x18, 0xc6, 0x18, 0xc6, 0x18, 0xc6, 0x18, 0xc6, 0x18, 0xc6,
    0x18, 0xc6, 0x18, 0xc6, 0x18, 0xc6, 0x18, 0xc6, 0x18, 0xc6, 0x18, 0xc6,
    0x18, 0xc6, 0x18, 0xc6, 0x18, 0xc6, 0x18, 0xc6, 0x18, 0xc6, 0x18, 0xc6,
    0x18, 0xc6, 0x18, 0xc6, 0x18, 0xc6, 0x18, 0xc6, 0x18, 0xc6, 0x18, 0xc6,
    0x18, 0xc6, 0x18, 0xc6, 0x18, 0xc6, 0xf8, 0xbd, 0x00, 0xc6, 0x00, 0xc6,
    0x00, 0xc6, 0x00, 0xc6, 0x00, 0xc6, 0x00, 0xc6, 0x00, 0xc6, 0x00, 0xc6,
    0x00, 0xc6, 0x00, 0xc6, 0x00, 0xc6, 0x00, 0xc6, 0x00, 0xc6, 0x00, 0xc6,
    0x00, 0xc6, 0x00, 0xc6, 0x00, 0xc6, 0x00, 0xc6, 0x00, 0xc6, 0x00, 0xc6,
    0x00, 0xc6, 0x00, 0xc6, 0x00, 0xc6, 0x00, 0xc6, 0x00, 0xc6, 0x00, 0xc6,
    0x00, 0xc6, 0x00, 0xc6, 0x00, 0xc6, 0x00, 0xc6, 0x00, 0xc6, 0x00, 0xc6,
    0x00, 0xc6, 0x00, 0xc6, 0x00, 0xc6, 0x00, 0xc6, 0x00, 0xc6, 0x00, 0xc6,
    0x00, 0xc6, 0x00, 0xc6, 0x00, 0xc6, 0x00, 0xc6, 0x00, 0xc6, 0x00, 0xc6,
    0x00, 0xc6, 0xf8, 0xc5, 0x18, 0x06, 0x18, 0x06, 0x18, 0x06, 0x18, 0x06,
    0x18, 0x06, 0x18, 0x06, 0x18, 0x06, 0x18, 0x06, 0x18, 0x06, 0x18, 0x06,
    0x18, 0x06, 0x18, 0x06, 0x18, 0x06, 0x18, 0x06, 0x18, 0x06, 0x18, 0x06,
    0x18, 0x06, 0x18, 0x06, 0x18, 0x06, 0x18, 0x06, 0x18, 0x06, 0x18, 0x06,
    0x18, 0x06, 0x18, 0x06, 0x18, 0x06, 0x18, 0x06, 0x18, 0x06, 0x18, 0x06,
    0x18, 0x06, 0x18, 0x06, 0x18, 0x06, 0x18, 0x06, 0x18, 0x06, 0x18, 0x06,
    0x18, 0x06, 0x18, 0x06, 0x18, 0x06, 0x18, 0x06, 0x18, 0x06, 0x18, 0x06,
    0x18, 0x06, 0x18, 0x06, 0x18, 0x06, 0x18, 0x06, 0x18, 0x06, 0xe2, 0x04,
    0x00, 0x06, 0x00, 0x06, 0x00, 0x06, 0x00, 0x06, 0x00, 0x06, 0x00, 0x06,
    0x00, 0x06, 0x00, 0x06, 0x00, 0x06, 0x00, 0x06, 0x00, 0x06, 0x00, 0x06,
    0x00, 0x06, 0x00, 0x06, 0x00, 0x06, 0x00, 0x06, 0x00, 0x06, 0x00, 0x06,
    0x00, 0x06, 0x00, 0x06, 0x00, 0x06, 0x00, 0x06, 0x00, 0x06, 0x00, 0x06,
    0x00, 0x06, 0x00, 0x06, 0x00, 0x06, 0x00, 0x06, 0x00, 0x06, 0x00, 0x06,
    0x00, 0x06, 0x00, 0x06, 0x00, 0x06, 0x00, 0x06, 0x00, 0x06, 0x00, 0x06,
    0x00, 0x06, 0x00, 0x06, 0x00, 0x06, 0x00, 0x06, 0x00, 0x06, 0x00, 0x06,
    0x00, 0x06, 0x00, 0x06, 0x48, 0x43, 0x18, 0xc0, 0x18, 0xc0, 0x18, 0xc0,
    0x18, 0xc0, 0x18, 0xc0, 0x18, 0xc0, 0x18, 0xc0, 0x18, 0xc0, 0x18, 0xc0,
    0x18, 0xc0, 0x18, 0xc0, 0x18, 0xc0, 0x18, 0xc0, 0x18, 0xc0, 0x18, 0xc0,
    0x18, 0xc0, 0x18, 0xc0, 0x18, 0xc0, 0x18, 0xc0, 0x18, 0xc0, 0x18, 0xc0,
    0x18, 0xc0, 0x18, 0xc0, 0x18, 0xc0, 0x18, 0xc0, 0x18, 0xc0, 0x18, 0xc0,
    0x18, 0xc0, 0x18, 0xc0, 0x18, 0xc0, 0x18, 0xc0, 0x18, 0xc0, 0x18, 0xc0,
    0x18, 0xc0, 0x18, 0xc0, 0x18, 0xc0, 0x18, 0xc0, 0x18, 0xc0, 0x18, 0xc0,
    0x18, 0xc0, 0x18, 0xc0, 0x18, 0xc0, 0x18, 0xc0, 0x18, 0xc0, 0x18, 0xc0,
    0x18, 0xc0, 0x00, 0xc0, 0x00, 0xc0, 0x00, 0xc0, 0x00, 0xc0, 0x00, 0xc0,
    0x00, 0xc0, 0x00, 0xc0, 0x00, 0xc0, 0x00, 0xc0, 0x00, 0xc0, 0x00, 0xc0,
    0x00, 0xc0, 0x00, 0xc0, 0x00, 0xc0, 0x00, 0xc0, 0x00, 0xc0, 0x00, 0xc0,
    0x00, 0xc0, 0x00, 0xc0, 0x00, 0xc0, 0x00, 0xc0, 0x00, 0xc0, 0x00, 0xc0,
    0x00, 0xc0, 0x00, 0xc0, 0x00, 0xc0, 0x00, 0xc0, 0x00, 0xc0, 0x00, 0xc0,
    0x00, 0xc0, 0x00, 0xc0, 0x00, 0xc0, 0x00, 0xc0, 0x00, 0xc0, 0x00, 0xc0,
    0x00, 0xc0, 0x00, 0xc0, 0x00, 0xc0, 0x00, 0xc0, 0x00, 0xc0, 0x00, 0xc0,
    0x00, 0xc0, 0x00, 0xc0, 0x00, 0xc0, 0x00, 0xc0, 0x0d, 0x30, 0x18, 0x00,
    0x18, 0x00, 0x18, 0x00, 0x18, 0x00, 0x18, 0x00, 0x18, 0x00, 0x18, 0x00,
    0x18, 0x00, 0x18, 0x00, 0x18, 0x00, 0x18, 0x00, 0x18, 0x00, 0x18, 0x00,
    0x18, 0x00, 0x18, 0x00, 0x18, 0x00, 0x18, 0x00, 0x18, 0x00, 0x18, 0x00,
    0x18, 0x00, 0x18, 0x00, 0x18, 0x00, 0x18, 0x00, 0x18, 0x00, 0x18, 0x00,
    0x18, 0x00, 0x18, 0x00, 0x18, 0x00, 0x18, 0x00, 0x18, 0x00, 0x18, 0x00,
    0x18, 0x00, 0x18, 0x00, 0x18, 0x00, 0x18, 0x00, 0x18, 0x00, 0x18, 0x00,
    0x18, 0x00, 0x18, 0x00, 0x18, 0x00, 0x18, 0x00, 0x18, 0x00, 0x18, 0x00,
    0x18, 0x00, 0x18, 0x00, 0x18, 0xc6, 0x18, 0xc6, 0x18, 0xc6, 0x18, 0xc6,
    0x18, 0xc6, 0x18, 0xc6, 0x18, 0xc6, 0x18, 0xc6, 0x18, 0xc6, 0x18, 0xc6,
    0x18, 0xc6, 0x18, 0xc6, 0x18, 0xc6, 0x18, 0xc6, 0x18, 0xc6, 0x18, 0xc6,
    0x18, 0xc6, 0x18, 0xc6, 0x18, 0xc6, 0x18, 0xc6, 0x18, 0xc6, 0x18, 0xc6,
    0x18, 0xc6, 0x18, 0xc6, 0x18, 0xc6, 0x18, 0xc6, 0x18, 0xc6, 0x18, 0xc6,
    0x18, 0xc6, 0x18, 0xc6, 0x18, 0xc6, 0x18, 0xc6, 0x18, 0xc6, 0x18, 0xc6,
    0x18, 0xc6, 0x18, 0xc6, 0x18, 0xc6, 0x18, 0xc6, 0x18, 0xc6, 0x18, 0xc6,
    0x18, 0xc6, 0x18, 0xc6, 0x18, 0xc6, 0x18, 0xc6, 0x18, 0xc6, 0xf8, 0xc5,
    0x00, 0xc6, 0x00, 0xc6, 0x00, 0xc6, 0x00, 0xc6, 0x00, 0xc6, 0x00, 0xc6,
    0x00, 0xc6, 0x00, 0xc6, 0x00, 0xc6, 0x00, 0xc6, 0x00, 0xc6, 0x00, 0xc6,
    0x00, 0xc6, 0x00, 0xc6, 0x00, 0xc6, 0x00, 0xc6, 0x00, 0xc6, 0x00, 0xc6,
    0x00, 0xc6, 0x00, 0xc6, 0x00, 0xc6, 0x00, 0xc6, 0x00, 0xc6, 0x00, 0xc6,
    0x00, 0xc6, 0x00, 0xc6, 0x00, 0xc6, 0x00, 0xc6, 0x00, 0xc6, 0x00, 0xc6,
    0x00, 0xc6, 0x00, 0xc6, 0x00, 0xc6, 0x00, 0xc6, 0x00, 0xc6, 0x00, 0xc6,
    0x00, 0xc6, 0x00, 0xc6, 0x00, 0xc6, 0x00, 0xc6, 0x00, 0xc6, 0x00, 0xc6,
    0x00, 0xc6, 0x00, 0xc6, 0x00, 0xc6, 0x18, 0xbe, 0x18, 0x06, 0x18, 0x06,
    0x18, 0x06, 0x18, 0x06, 0x18, 0x06, 0x18, 0x06, 0x18, 0x06, 0x18, 0x06,
    0x18, 0x06, 0x18, 0x06, 0x18, 0x06, 0x18, 0x06, 0x18, 0x06, 0x18, 0x06,
    0x18, 0x06, 0x18, 0x06, 0x18, 0x06, 0x18, 0x06, 0x18, 0x06, 0x18, 0x06,
    0x18, 0x06, 0x18, 0x06, 0x18, 0x06, 0x18, 0x06, 0x18, 0x06, 0x18, 0x06,
    0x18, 0x06, 0x18, 0x06, 0x18, 0x06, 0x18, 0x06, 0x18, 0x06, 0x18, 0x06,
    0x18, 0x06, 0x18, 0x06, 0x18, 0x06, 0x18, 0x06, 0x18, 0x06, 0x18, 0x06,
    0x18, 0x06, 0x18, 0x06, 0x18, 0x06, 0x18, 0x06, 0x18, 0x06, 0x18, 0x06,
    0x18, 0x06, 0x03, 0x0d, 0x00, 0x06, 0x00, 0x06, 0x00, 0x06, 0x00, 0x06,
    0x00, 0x06, 0x00, 0x06, 0x00, 0x06, 0x00, 0x06, 0x00, 0x06, 0x00, 0x06,
    0x00, 0x06, 0x00, 0x06, 0x00, 0x06, 0x00, 0x06, 0x00, 0x06, 0x00, 0x06,
    0x00, 0x06, 0x00, 0x06, 0x00, 0x06, 0x00, 0x06, 0x00, 0x06, 0x00, 0x06,
    0x00, 0x06, 0x00, 0x06, 0x00, 0x06, 0x00, 0x06, 0x00, 0x06, 0x00, 0x06,
    0x00, 0x06, 0x00, 0x06, 0x00, 0x06, 0x00, 0x06, 0x00, 0x06, 0x00, 0x06,
    0x00, 0x06, 0x00, 0x06, 0x00, 0x06, 0x00, 0x06, 0x00, 0x06, 0x00, 0x06,
    0x00, 0x06, 0x00, 0x06, 0x00, 0x06, 0x00, 0x06, 0x27, 0x3b, 0x18, 0xc0,
    0x18, 0xc0, 0x18, 0xc0, 0x18, 0xc0, 0x18, 0xc0, 0x18, 0xc0, 0x18, 0xc0,
    0x18, 0xc0, 0x18, 0xc0, 0x18, 0xc0, 0x18, 0xc0, 0x18, 0xc0, 0x18, 0xc0,
    0x18, 0xc0, 0x18, 0xc0, 0x18, 0xc0, 0x18, 0xc0, 0x18, 0xc0, 0x18, 0xc0,
    0x18, 0xc0, 0x18, 0xc0, 0x18, 0xc0, 0x18, 0xc0, 0x18, 0xc0, 0x18, 0xc0,
    0x18, 0xc0, 0x18, 0xc0, 0x18, 0xc0, 0x18, 0xc0, 0x18, 0xc0, 0x18, 0xc0,
    0x18, 0xc0, 0x18, 0xc0, 0x18, 0xc0, 0x18, 0xc0, 0x18, 0xc0, 0x18, 0xc0,
    0x18, 0xc0, 0x18, 0xc0, 0x18, 0xc0, 0x18, 0xc0, 0x18, 0xc0, 0x18, 0xc0,
    0x18, 0xc0, 0x18, 0xc0, 0x18, 0xc0, 0x00, 0xc0, 0x00, 0xc0, 0x00, 0xc0,
    0x00, 0xc0, 0x00, 0xc0, 0x00, 0xc0, 0x00, 0xc0, 0x00, 0xc0, 0x00, 0xc0,
    0x00, 0xc0, 0x00, 0xc0, 0x00, 0xc0, 0x00, 0xc0, 0x00, 0xc0, 0x00, 0xc0,
    0x00, 0xc0, 0x00, 0xc0, 0x00, 0xc0, 0x00, 0xc0, 0x00, 0xc0, 0x00, 0xc0,
    0x00, 0xc0, 0x00, 0xc0, 0x00, 0xc0, 0x00, 0xc0, 0x00, 0xc0, 0x00, 0xc0,
    0x00, 0xc0, 0x00, 0xc0, 0x00, 0xc0, 0x00, 0xc0, 0x00, 0xc0, 0x00, 0xc0,
    0x00, 0xc0, 0x00, 0xc0, 0x00, 0xc0, 0x00, 0xc0, 0x00, 0xc0, 0x00, 0xc0,
    0x00, 0xc0, 0x00, 0xc0, 0x00, 0xc0, 0x00, 0xc0, 0x00, 0xc0, 0x00, 0xc0,
    0x0d, 0x30, 0x18, 0x00, 0x18, 0x00, 0x18, 0x00, 0x18, 0x00, 0x18, 0x00,
    0x18, 0x00, 0x18, 0x00, 0x18, 0x00, 0x18, 0x00, 0x18, 0x00, 0x18, 0x00,
    0x18, 0x00, 0x18, 0x00, 0x18, 0x00, 0x18, 0x00, 0x18, 0x00, 0x18, 0x00,
    0x18, 0x00, 0x18, 0x00, 0x18, 0x00, 0x18, 0x00, 0x18, 0x00, 0x18, 0x00,
    0x18, 0x00, 0x18, 0x00, 0x18, 0x00, 0x18, 0x00, 0x18, 0x00, 0x18, 0x00,
    0x18, 0x00, 0x18, 0x00, 0x18, 0x00, 0x18, 0x00, 0x18, 0x00, 0x18, 0x00,
    0x18, 0x00, 0x18, 0x00, 0x18, 0x00, 0x18, 0x00, 0x18, 0x00, 0x18, 0x00,
    0x18, 0x00, 0x18, 0x00, 0x18, 0x00, 0x18, 0x00, 0x18, 0xc6, 0x18, 0xc6,
    0x18, 0xc6, 0x18, 0xc6, 0x18, 0xc6, 0x18, 0xc6, 0x18, 0xc6, 0x18, 0xc6,
    0x18, 0xc6, 0x18, 0xc6, 0x18, 0xc6, 0x18, 0xc6, 0x18, 0xc6, 0x18, 0xc6,
    0x18, 0xc6, 0x18, 0xc6, 0x18, 0xc6, 0x18, 0xc6, 0x18, 0xc6, 0x18, 0xc6,
    0x18, 0xc6, 0x18, 0xc6, 0x18, 0xc6, 0x18, 0xc6, 0x18, 0xc6, 0x18, 0xc6,
    0x18, 0xc6, 0x18, 0xc6, 0x18, 0xc6, 0x18, 0xc6, 0x18, 0xc6, 0x18, 0xc6,
    0x18, 0xc6, 0x18, 0xc6, 0x18, 0xc6, 0x18, 0xc6, 0x18, 0xc6, 0x18, 0xc6,
    0x18, 0xc6, 0x18, 0xc6, 0x18, 0xc6, 0x18, 0xc6, 0x18, 0xc6, 0x18, 0xc6,
    0x18, 0xc6, 0xf8, 0xbd, 0x00, 0xc6, 0x00, 0xc6, 0x00, 0xc6, 0x00, 0xc6,
    0x00, 0xc6, 0x00, 0xc6, 0x00, 0xc6, 0x00, 0xc6, 0x00, 0xc6, 0x00, 0xc6,
    0x00, 0xc6, 0x00, 0xc6, 0x00, 0xc6, 0x00, 0xc6, 0x00, 0xc6, 0x00, 0xc6,
    0x00, 0xc6, 0x00, 0xc6, 0x00, 0xc6, 0x00, 0xc6, 0x00, 0xc6, 0x00, 0xc6,
    0x00, 0xc6, 0x00, 0xc6, 0x00, 0xc6, 0x00, 0xc6, 0x00, 0xc6, 0x00, 0xc6,
    0x00, 0xc6, 0x00, 0xc6, 0x00, 0xc6, 0x00, 0xc6, 0x00, 0xc6, 0x00, 0xc6,
    0x00, 0xc6, 0x00, 0xc6, 0x00, 0xc6, 0x00, 0xc6, 0x00, 0xc6, 0x00, 0xc6,
    0x00, 0xc6, 0x00, 0xc6, 0x00, 0xc6, 0x00, 0xc6, 0x00, 0xc6, 0xf9, 0xbd,
    0x18, 0x06, 0x18, 0x06, 0x18, 0x06, 0x18, 0x06, 0x18, 0x06, 0x18, 0x06,
    0x18, 0x06, 0x18, 0x06, 0x18, 0x06, 0x18, 0x06, 0x18, 0x06, 0x18, 0x06,
    0x18, 0x06, 0x18, 0x06, 0x18, 0x06, 0x18, 0x06, 0x18, 0x06, 0x18, 0x06,
    0x18, 0x06, 0x18, 0x06, 0x18, 0x06, 0x18, 0x06, 0x18, 0x06, 0x18, 0x06,
    0x18, 0x06, 0x18, 0x06, 0x18, 0x06, 0x18, 0x06, 0x18, 0x06, 0x18, 0x06,
    0x18, 0x06, 0x18, 0x06, 0x18, 0x06, 0x18, 0x06, 0x18, 0x06, 0x18, 0x06,
    0x18, 0x06, 0x18, 0x06, 0x18, 0x06, 0x18, 0x06, 0x18, 0x06, 0x18, 0x06,
    0x18, 0x06, 0x18, 0x06, 0x18, 0x06, 0xe2, 0x04, 0x00, 0x06, 0x00, 0x06,
    0x00, 0x06, 0x00, 0x06, 0x00, 0x06, 0x00, 0x06, 0x00, 0x06, 0x00, 0x06,
    0x00, 0x06, 0x00, 0x06, 0x00, 0x06, 0x00, 0x06, 0x00, 0x06, 0x00, 0x06,
    0x00, 0x06, 0x00, 0x06, 0x00, 0x06, 0x00, 0x06, 0x00, 0x06, 0x00, 0x06,
    0x00, 0x06, 0x00, 0x06, 0x00, 0x06, 0x00, 0x06, 0x00, 0x06, 0x00, 0x06,
    0x00, 0x06, 0x00, 0x06, 0x00, 0x06, 0x00, 0x06, 0x00, 0x06, 0x00, 0x06,
    0x00, 0x06, 0x00, 0x06, 0x00, 0x06, 0x00, 0x06, 0x00, 0x06, 0x00, 0x06,
    0x00, 0x06, 0x00, 0x06, 0x00, 0x06, 0x00, 0x06, 0x00, 0x06, 0x00, 0x06,
    0x47, 0x3b, 0x18, 0xc0, 0x18, 0xc0, 0x18, 0xc0, 0x18, 0xc0, 0x18, 0xc0,
    0x18, 0xc0, 0x18, 0xc0, 0x18, 0xc0, 0x18, 0xc0, 0x18, 0xc0, 0x18, 0xc0,
    0x18, 0xc0, 0x18, 0xc0, 0x18, 0xc0, 0x18, 0xc0, 0x18, 0xc0, 0x18, 0xc0,
    0x18, 0xc0, 0x18, 0xc0, 0x18, 0xc0, 0x18, 0xc0, 0x18, 0xc0, 0x18, 0xc0,
    0x18, 0xc0, 0x18, 0xc0, 0x18, 0xc0, 0x18, 0xc0, 0x18, 0xc0, 0x18, 0xc0,
    0x18, 0xc0, 0x18, 0xc0, 0x18, 0xc0, 0x18, 0xc0, 0x18, 0xc0, 0x18, 0xc0,
    0x18, 0xc0, 0x18, 0xc0, 0x18, 0xc0, 0x18, 0xc0, 0x18, 0xc0, 0x18, 0xc0,
    0x18, 0xc0, 0x18, 0xc0, 0x18, 0xc0, 0x18, 0xc0, 0x18, 0xc0, 0x00, 0xc0,
    0x00, 0xc0, 0x00, 0xc0, 0x00, 0xc0, 0x00, 0xc0, 0x00, 0xc0, 0x00, 0xc0,
    0x00, 0xc0, 0x00, 0xc0, 0x00, 0xc0, 0x00, 0xc0, 0x00, 0xc0, 0x00, 0xc0,
    0x00, 0xc0, 0x00, 0xc0, 0x00, 0xc0, 0x00, 0xc0, 0x00, 0xc0, 0x00, 0xc0,
    0x00, 0xc0, 0x00, 0xc0, 0x00, 0xc0, 0x00, 0xc0, 0x00, 0xc0, 0x00, 0xc0,
    0x00, 0xc0, 0x00, 0xc0, 0x00, 0xc0, 0x00, 0xc0, 0x00, 0xc0, 0x00, 0xc0,
    0x00, 0xc0, 0x00, 0xc0, 0x00, 0xc0, 0x00, 0xc0, 0x00, 0xc0, 0x00, 0xc0,
    0x00, 0xc0, 0x00, 0xc0, 0x00, 0xc0, 0x00, 0xc0, 0x00, 0xc0, 0x00, 0xc0,
    0x00, 0xc0, 0x00, 0xc0, 0x0d, 0x30, 0x18, 0x00, 0x18, 0x00, 0x18, 0x00,
    0x18, 0x00, 0x18, 0x00, 0x18, 0x00, 0x18, 0x00, 0x18, 0x00, 0x18, 0x00,
    0x18, 0x00, 0x18, 0x00, 0x18, 0x00, 0x18, 0x00, 0x18, 0x00, 0x18, 0x00,
    0x18, 0x00, 0x18, 0x00, 0x18, 0x00, 0x18, 0x00, 0x18, 0x00, 0x18, 0x00,
    0x18, 0x00, 0x18, 0x00, 0x18, 0x00, 0x18, 0x00, 0x18, 0x00, 0x18, 0x00,
    0x18, 0x00, 0x18, 0x00, 0x18, 0x00, 0x18, 0x00, 0x18, 0x00, 0x18, 0x00,
    0x18, 0x00, 0x18, 0x00, 0x18, 0x00, 0x18, 0x00, 0x18, 0x00, 0x18, 0x00,
    0x18, 0x00, 0x18, 0x00, 0x18, 0x00, 0x18, 0x00, 0x18, 0x00, 0x18, 0x00,
    0x18, 0xc6, 0x18, 0xc6, 0x18, 0xc6, 0x18, 0xc6, 0x18, 0xc6, 0x18, 0xc6,
    0x18, 0xc6, 0x18, 0xc6, 0x18, 0xc6, 0x18, 0xc6, 0x18, 0xc6, 0x18, 0xc6,
    0x18, 0xc6, 0x18, 0xc6, 0x18, 0xc6, 0x18, 0xc6, 0x18, 0xc6, 0x18, 0xc6,
    0x18, 0xc6, 0x18, 0xc6, 0x18, 0xc6, 0x18, 0xc6, 0x18, 0xc6, 0x18, 0xc6,
    0x18, 0xc6, 0x18, 0xc6, 0x18, 0xc6, 0x18, 0xc6, 0x18, 0xc6, 0x18, 0xc6,
    0x18, 0xc6, 0x18, 0xc6, 0x18, 0xc6, 0x18, 0xc6, 0x18, 0xc6, 0x18, 0xc6,
    0x18, 0xc6, 0x18, 0xc6, 0x18, 0xc6, 0x18, 0xc6, 0x18, 0xc6, 0x18, 0xc6,
    0x18, 0xc6, 0x18, 0xc6, 0x18, 0xc6, 0xf8, 0xbd, 0x00, 0xc6, 0x00, 0xc6,
    0x00, 0xc6, 0x00, 0xc6, 0x00, 0xc6, 0x00, 0xc6, 0x00, 0xc6, 0x00, 0xc6,
    0x00, 0xc6, 0x00, 0xc6, 0x00, 0xc6, 0x00, 0xc6, 0x00, 0xc6, 0x00, 0xc6,
    0x00, 0xc6, 0x00, 0xc6, 0x00, 0xc6, 0x00, 0xc6, 0x00, 0xc6, 0x00, 0xc6,
    0x00, 0xc6, 0x00, 0xc6, 0x00, 0xc6, 0x00, 0xc6, 0x00, 0xc6, 0x00, 0xc6,
    0x00, 0xc6, 0x00, 0xc6, 0x00, 0xc6, 0x00, 0xc6, 0x00, 0xc6, 0x00, 0xc6,
    0x00, 0xc6, 0x00, 0xc6, 0x00, 0xc6, 0x00, 0xc6, 0x00, 0xc6, 0x00, 0xc6,
    0x00, 0xc6, 0x00, 0xc6, 0x00, 0xc6, 0x00, 0xc6, 0x00, 0xc6, 0x00, 0xc6,
    0x00, 0xc6, 0xf8, 0xc5, 0x18, 0x06, 0x18, 0x06, 0x18, 0x06, 0x18, 0x06,
    0x18, 0x06, 0x18, 0x06, 0x18, 0x06, 0x18, 0x06, 0x18, 0x06, 0x18, 0x06,
    0x18, 0x06, 0x18, 0x06, 0x18, 0x06, 0x18, 0x06, 0x18, 0x06, 0x18, 0x06,
    0x18, 0x06, 0x18, 0x06, 0x18, 0x06, 0x18, 0x06, 0x18, 0x06, 0x18, 0x06,
    0x18, 0x06, 0x18, 0x06, 0x18, 0x06, 0x18, 0x06, 0x18, 0x06, 0x18, 0x06,
    0x18, 0x06, 0x18, 0x06, 0x18, 0x06, 0x18, 0x06, 0x18, 0x06, 0x18, 0x06,
    0x18, 0x06, 0x18, 0x06, 0x18, 0x06, 0x18, 0x06, 0x18, 0x06, 0x18, 0x06,
    0x18, 0x06, 0x18, 0x06, 0x18, 0x06, 0x18, 0x06, 0x18, 0x06, 0xe2, 0x0c,
    0x00, 0x06, 0x00, 0x06, 0x00, 0x06, 0x00, 0x06, 0x00, 0x06, 0x00, 0x06,
    0x00, 0x06, 0x00, 0x06, 0x00, 0x06, 0x00, 0x06, 0x00, 0x06, 0x00, 0x06,
    0x00, 0x06, 0x00, 0x06, 0x00, 0x06, 0x00, 0x06, 0x00, 0x06, 0x00, 0x06,
    0x00, 0x06, 0x00, 0x06, 0x00, 0x06, 0x00, 0x06, 0x00, 0x06, 0x00, 0x06,
    0x00, 0x06, 0x00, 0x06, 0x00, 0x06, 0x00, 0x06, 0x00, 0x06, 0x00, 0x06,
    0x00, 0x06, 0x00, 0x06, 0x00, 0x06, 0x00, 0x06, 0x00, 0x06, 0x00, 0x06,
    0x00, 0x06, 0x00, 0x06, 0x00, 0x06, 0x00, 0x06, 0x00, 0x06, 0x00, 0x06,
    0x00, 0x06, 0x00, 0x06, 0x28, 0x43, 0x18, 0xc0, 0x18, 0xc0, 0x18, 0xc0,
    0x18, 0xc0, 0x18, 0xc0, 0x18, 0xc0, 0x18, 0xc0, 0x18, 0xc0, 0x18, 0xc0,
    0x18, 0xc0, 0x18, 0xc0, 0x18, 0xc0, 0x18, 0xc0, 0x18, 0xc0, 0x18, 0xc0,
    0x18, 0xc0, 0x18, 0xc0, 0x18, 0xc0, 0x18, 0xc0, 0x18, 0xc0, 0x18, 0xc0,
    0x18, 0xc0, 0x18, 0xc0, 0x18, 0xc0, 0x18, 0xc0, 0x18, 0xc0, 0x18, 0xc0,
    0x18, 0xc0, 0x18, 0xc0, 0x18, 0xc0, 0x18, 0xc0, 0x18, 0xc0, 0x18, 0xc0,
    0x18, 0xc0, 0x18, 0xc0, 0x18, 0xc0, 0x18, 0xc0, 0x18, 0xc0, 0x18, 0xc0,
    0x18, 0xc0, 0x18, 0xc0, 0x18, 0xc0, 0x18, 0xc0, 0x18, 0xc0, 0x18, 0xc0,
    0x18, 0xc0, 0x00, 0xc0, 0x00, 0xc0, 0x00, 0xc0, 0x00, 0xc0, 0x00, 0xc0,
    0x00, 0xc0, 0x00, 0xc0, 0x00, 0xc0, 0x00, 0xc0, 0x00, 0xc0, 0x00, 0xc0,
    0x00, 0xc0, 0x00, 0xc0, 0x00, 0xc0, 0x00, 0xc0, 0x00, 0xc0, 0x00, 0xc0,
    0x00, 0xc0, 0x00, 0xc0, 0x00, 0xc0, 0x00, 0xc0, 0x00, 0xc0, 0x00, 0xc0,
    0x00, 0xc0, 0x00, 0xc0, 0x00, 0xc0, 0x00, 0xc0, 0x00, 0xc0, 0x00, 0xc0,
    0x00, 0xc0, 0x00, 0xc0, 0x00, 0xc0, 0x00, 0xc0, 0x00, 0xc0, 0x00, 0xc0,
    0x00, 0xc0, 0x00, 0xc0, 0x00, 0xc0, 0x00, 0xc0, 0x00, 0xc0, 0x00, 0xc0,
    0x00, 0xc0, 0x00, 0xc0, 0x00, 0xc0, 0x00, 0xc0, 0x0d, 0x30, 0x18, 0x00,
    0x18, 0x00, 0x18, 0x00, 0x18, 0x00, 0x18, 0x00, 0x18, 0x00, 0x18, 0x00,
    0x18, 0x00, 0x18, 0x00, 0x18, 0x00, 0x18, 0x00, 0x18, 0x00, 0x18, 0x00,
    0x18, 0x00, 0x18, 0x00, 0x18, 0x00, 0x18, 0x00, 0x18, 0x00, 0x18, 0x00,
    0x18, 0x00, 0x18, 0x00, 0x18, 0x00, 0x18, 0x00, 0x18, 0x00, 0x18, 0x00,
    0x18, 0x00, 0x18, 0x00, 0x18, 0x00, 0x18, 0x00, 0x18, 0x00, 0x18, 0x00,
    0x18, 0x00, 0x18, 0x00, 0x18, 0x00, 0x18, 0x00, 0x18, 0x00, 0x18, 0x00,
    0x18, 0x00, 0x18, 0x00, 0x18, 0x00, 0x18, 0x00, 0x18, 0x00, 0x18, 0x00,
    0x18, 0x00, 0x18, 0x00, 0x18, 0xc6, 0x18, 0xc6, 0x18, 0xc6, 0x18, 0xc6,
    0x18, 0xc6, 0x18, 0xc6, 0x18, 0xc6, 0x18, 0xc6, 0x18, 0xc6, 0x18, 0xc6,
    0x18, 0xc6, 0x18, 0xc6, 0x18, 0xc6, 0x18, 0xc6, 0x18, 0xc6, 0x18, 0xc6,
    0x18, 0xc6, 0x18, 0xc6, 0x18, 0xc6, 0x18, 0xc6, 0x18, 0xc6, 0x18, 0xc6,
    0x18, 0xc6, 0x18, 0xc6, 0x18, 0xc6, 0x18, 0xc6, 0x18, 0xc6, 0x18, 0xc6,
    0x18, 0xc6, 0x18, 0xc6, 0x18, 0xc6, 0x18, 0xc6, 0x18, 0xc6, 0x18, 0xc6,
    0x18, 0xc6, 0x18, 0xc6, 0x18, 0xc6, 0x18, 0xc6, 0x18, 0xc6, 0x18, 0xc6,
    0x18, 0xc6, 0x18, 0xc6, 0x18, 0xc6, 0x18, 0xc6, 0x18, 0xc6, 0xf8, 0xc5,
    0x00, 0xc6, 0x00, 0xc6, 0x00, 0xc6, 0x00, 0xc6, 0x00, 0xc6, 0x00, 0xc6,
    0x00, 0xc6, 0x00, 0xc6, 0x00, 0xc6, 0x00, 0xc6, 0x00, 0xc6, 0x00, 0xc6,
    0x00, 0xc6, 0x00, 0xc6, 0x00, 0xc6, 0x00, 0xc6, 0x00, 0xc6, 0x00, 0xc6,
    0x00, 0xc6, 0x00, 0xc6, 0x00, 0xc6, 0x00, 0xc6, 0x00, 0xc6, 0x00, 0xc6,
    0x00, 0xc6, 0x00, 0xc6, 0x00, 0xc6, 0x00, 0xc6, 0x00, 0xc6, 0x00, 0xc6,
    0x00, 0xc6, 0x00, 0xc6, 0x00, 0xc6, 0x00, 0xc6, 0x00, 0xc6, 0x00, 0xc6,
    0x00, 0xc6, 0x00, 0xc6, 0x00, 0xc6, 0x00, 0xc6, 0x00, 0xc6, 0x00, 0xc6,
    0x00, 0xc6, 0x00, 0xc6, 0x00, 0xc6, 0xf8, 0xbd, 0x18, 0x06, 0x18, 0x06,
    0x18, 0x06, 0x18, 0x06, 0x18, 0x06, 0x18, 0x06, 0x18, 0x06, 0x18, 0x06,
    0x18, 0x06, 0x18, 0x06, 0x18, 0x06, 0x18, 0x06, 0x18, 0x06, 0x18, 0x06,
    0x18, 0x06, 0x18, 0x06, 0x18, 0x06, 0x18, 0x06, 0x18, 0x06, 0x18, 0x06,
    0x18, 0x06, 0x18, 0x06, 0x18, 0x06, 0x18, 0x06, 0x18, 0x06, 0x18, 0x06,
    0x18, 0x06, 0x18, 0x06, 0x18, 0x06, 0x18, 0x06, 0x18, 0x06, 0x18, 0x06,
    0x18, 0x06, 0x18, 0x06, 0x18, 0x06, 0x18, 0x06, 0x18, 0x06, 0x18, 0x06,
    0x18, 0x06, 0x18, 0x06, 0x18, 0x06, 0x18, 0x06, 0x18, 0x06, 0x18, 0x06,
    0x18, 0x06, 0xe3, 0x04, 0x00, 0x06, 0x00, 0x06, 0x00, 0x06, 0x00, 0x06,
    0x00, 0x06, 0x00, 0x06, 0x00, 0x06, 0x00, 0x06, 0x00, 0x06, 0x00, 0x06,
    0x00, 0x06, 0x00, 0x06, 0x00, 0x06, 0x00, 0x06, 0x00, 0x06, 0x00, 0x06,
    0x00, 0x06, 0x00, 0x06, 0x00, 0x06, 0x00, 0x06, 0x00, 0x06, 0x00, 0x06,
    0x00, 0x06, 0x00, 0x06, 0x00, 0x06, 0x00, 0x06, 0x00, 0x06, 0x00, 0x06,
    0x00, 0x06, 0x00, 0x06, 0x00, 0x06, 0x00, 0x06, 0x00, 0x06, 0x00, 0x06,
    0x00, 0x06, 0x00, 0x06, 0x00, 0x06, 0x00, 0x06, 0x00, 0x06, 0x00, 0x06,
    0x00, 0x06, 0x00, 0x06, 0x00, 0x06, 0x00, 0x06, 0x47, 0x3b, 0x18, 0xc0,
    0x18, 0xc0, 0x18, 0xc0, 0x18, 0xc0, 0x18, 0xc0, 0x18, 0xc0, 0x18, 0xc0,
    0x18, 0xc0, 0x18, 0xc0, 0x18, 0xc0, 0x18, 0xc0, 0x18, 0xc0, 0x18, 0xc0,
    0x18, 0xc0, 0x18, 0xc0, 0x18, 0xc0, 0x18, 0xc0, 0x18, 0xc0, 0x18, 0xc0,
    0x18, 0xc0, 0x18, 0xc0, 0x18, 0xc0, 0x18, 0xc0, 0x18, 0xc0, 0x18, 0xc0,
    0x18, 0xc0, 0x18, 0xc0, 0x18, 0xc0, 0x18, 0xc0, 0x18, 0xc0, 0x18, 0xc0,
    0x18, 0xc0, 0x18, 0xc0, 0x18, 0xc0, 0x18, 0xc0, 0x18, 0xc0, 0x18, 0xc0,
    0x18, 0xc0, 0x18, 0xc0, 0x18, 0xc0, 0x18, 0xc0, 0x18, 0xc0, 0x18, 0xc0,
    0x18, 0xc0, 0x18, 0xc0, 0x18, 0xc0, 0x00, 0xc0, 0x00, 0xc0, 0x00, 0xc0,
    0x00, 0xc0, 0x00, 0xc0, 0x00, 0xc0, 0x00, 0xc0, 0x00, 0xc0, 0x00, 0xc0,
    0x00, 0xc0, 0x00, 0xc0, 0x00, 0xc0, 0x00, 0xc0, 0x00, 0xc0, 0x00, 0xc0,
    0x00, 0xc0, 0x00, 0xc0, 0x00, 0xc0, 0x00, 0xc0, 0x00, 0xc0, 0x00, 0xc0,
    0x00, 0xc0, 0x00, 0xc0, 0x00, 0xc0, 0x00, 0xc0, 0x00, 0xc0, 0x00, 0xc0,
    0x00, 0xc0, 0x00, 0xc0, 0x00, 0xc0, 0x00, 0xc0, 0x00, 0xc0, 0x00, 0xc0,
    0x00, 0xc0, 0x00, 0xc0, 0x00, 0xc0, 0x00, 0xc0, 0x00, 0xc0, 0x00, 0xc0,
    0x00, 0xc0, 0x00, 0xc0, 0x00, 0xc0, 0x00, 0xc0, 0x00, 0xc0, 0x00, 0xc0,
    0x0d, 0x30, 0x18, 0x00, 0x18, 0x00, 0x18, 0x00, 0x18, 0x00, 0x18, 0x00,
    0x18, 0x00, 0x18, 0x00, 0x18, 0x00, 0x18, 0x00, 0x18, 0x00, 0x18, 0x00,
    0x18, 0x00, 0x18, 0x00, 0x18, 0x00, 0x18, 0x00, 0x18, 0x00, 0x18, 0x00,
    0x18, 0x00, 0x18, 0x00, 0x18, 0x00, 0x18, 0x00, 0x18, 0x00, 0x18, 0x00,
    0x18, 0x00, 0x18, 0x00, 0x18, 0x00, 0x18, 0x00, 0x18, 0x00, 0x18, 0x00,
    0x18, 0x00, 0x18, 0x00, 0x18, 0x00, 0x18, 0x00, 0x18, 0x00, 0x18, 0x00,
    0x18, 0x00, 0x18, 0x00, 0x18, 0x00, 0x18, 0x00, 0x18, 0x00, 0x18, 0x00,
    0x18, 0x00, 0x18, 0x00, 0x18, 0x00, 0x18, 0x00, 0x18, 0xc6, 0x18, 0xc6,
    0x18, 0xc6, 0x18, 0xc6, 0x18, 0xc6, 0x18, 0xc6, 0x18, 0xc6, 0x18, 0xc6,
    0x18, 0xc6, 0x18, 0xc6, 0x18, 0xc6, 0x18, 0xc6, 0x18, 0xc6, 0x18, 0xc6,
    0x18, 0xc6, 0x18, 0xc6, 0x18, 0xc6, 0x18, 0xc6, 0x18, 0xc6, 0x18, 0xc6,
    0x18, 0xc6, 0x18, 0xc6, 0x18, 0xc6, 0x18, 0xc6, 0x18, 0xc6, 0x18, 0xc6,
    0x18, 0xc6, 0x18, 0xc6, 0x18, 0xc6, 0x18, 0xc6, 0x18, 0xc6, 0x18, 0xc6,
    0x18, 0xc6, 0x18, 0xc6, 0x18, 0xc6, 0x18, 0xc6, 0x18, 0xc6, 0x18, 0xc6,
    0x18, 0xc6, 0x18, 0xc6, 0x18, 0xc6, 0x18, 0xc6, 0x18, 0xc6, 0x18, 0xc6,
    0x18, 0xc6, 0xf8, 0xbd, 0x00, 0xc6, 0x00, 0xc6, 0x00, 0xc6, 0x00, 0xc6,
    0x00, 0xc6, 0x00, 0xc6, 0x00, 0xc6, 0x00, 0xc6, 0x00, 0xc6, 0x00, 0xc6,
    0x00, 0xc6, 0x00, 0xc6, 0x00, 0xc6, 0x00, 0xc6, 0x00, 0xc6, 0x00, 0xc6,
    0x00, 0xc6, 0x00, 0xc6, 0x00, 0xc6, 0x00, 0xc6, 0x00, 0xc6, 0x00, 0xc6,
    0x00, 0xc6, 0x00, 0xc6, 0x00, 0xc6, 0x00, 0xc6, 0x00, 0xc6, 0x00, 0xc6,
    0x00, 0xc6, 0x00, 0xc6, 0x00, 0xc6, 0x00, 0xc6, 0x00, 0xc6, 0x00, 0xc6,
    0x00, 0xc6, 0x00, 0xc6, 0x00, 0xc6, 0x00, 0xc6, 0x00, 0xc6, 0x00, 0xc6,
    0x00, 0xc6, 0x00, 0xc6, 0x00, 0xc6, 0x00, 0xc6, 0x00, 0xc6, 0x18, 0xbe,
    0x18, 0x06, 0x18, 0x06, 0x18, 0x06, 0x18, 0x06, 0x18, 0x06, 0x18, 0x06,
    0x18, 0x06, 0x18, 0x06, 0x18, 0x06, 0x18, 0x06, 0x18, 0x06, 0x18, 0x06,
    0x18, 0x06, 0x18, 0x06, 0x18, 0x06, 0x18, 0x06, 0x18, 0x06, 0x18, 0x06,
    0x18, 0x06, 0x18, 0x06, 0x18, 0x06, 0x18, 0x06, 0x18, 0x06, 0x18, 0x06,
    0x18, 0x06, 0x18, 0x06, 0x18, 0x06, 0x18, 0x06, 0x18, 0x06, 0x18, 0x06,
    0x18, 0x06, 0x18, 0x06, 0x18, 0x06, 0x18, 0x06, 0x18, 0x06, 0x18, 0x06,
    0x18, 0x06, 0x18, 0x06, 0x18, 0x06, 0x18, 0x06, 0x18, 0x06, 0x18, 0x06,
    0x18, 0x06, 0x18, 0x06, 0x18, 0x06, 0x02, 0x0d, 0x00, 0x06, 0x00, 0x06,
    0x00, 0x06, 0x00, 0x06, 0x00, 0x06, 0x00, 0x06, 0x00, 0x06, 0x00, 0x06,
    0x00, 0x06, 0x00, 0x06, 0x00, 0x06, 0x00, 0x06, 0x00, 0x06, 0x00, 0x06,
    0x00, 0x06, 0x00, 0x06, 0x00, 0x06, 0x00, 0x06, 0x00, 0x06, 0x00, 0x06,
    0x00, 0x06, 0x00, 0x06, 0x00, 0x06, 0x00, 0x06, 0x00, 0x06, 0x00, 0x06,
    0x00, 0x06, 0x00, 0x06, 0x00, 0x06, 0x00, 0x06, 0x00, 0x06, 0x00, 0x06,
    0x00, 0x06, 0x00, 0x06, 0x00, 0x06, 0x00, 0x06, 0x00, 0x06, 0x00, 0x06,
    0x00, 0x06, 0x00, 0x06, 0x00, 0x06, 0x00, 0x06, 0x00, 0x06, 0x00, 0x06,
    0x47, 0x3b, 0x18, 0xc0, 0x18, 0xc0, 0x18, 0xc0, 0x18, 0xc0, 0x18, 0xc0,
    0x18, 0xc0, 0x18, 0xc0, 0x18, 0xc0, 0x18, 0xc0, 0x18, 0xc0, 0x18, 0xc0,
    0x18, 0xc0, 0x18, 0xc0, 0x18, 0xc0, 0x18, 0xc0, 0x18, 0xc0, 0x18, 0xc0,
    0x18, 0xc0, 0x18, 0xc0, 0x18, 0xc0, 0x18, 0xc0, 0x18, 0xc0, 0x18, 0xc0,
    0x18, 0xc0, 0x18, 0xc0, 0x18, 0xc0, 0x18, 0xc0, 0x18, 0xc0, 0x18, 0xc0,
    0x18, 0xc0, 0x18, 0xc0, 0x18, 0xc0, 0x18, 0xc0, 0x18, 0xc0, 0x18, 0xc0,
    0x18, 0xc0, 0x18, 0xc0, 0x18, 0xc0, 0x18, 0xc0, 0x18, 0xc0, 0x18, 0xc0,
    0x18, 0xc0, 0x18, 0xc0, 0x18, 0xc0, 0x18, 0xc0, 0x18, 0xc0, 0x00, 0xc0,
    0x00, 0xc0, 0x00, 0xc0, 0x00, 0xc0, 0x00, 0xc0, 0x00, 0xc0, 0x00, 0xc0,
    0x00, 0xc0, 0x00, 0xc0, 0x00, 0xc0, 0x00, 0xc0, 0x00, 0xc0, 0x00, 0xc0,
    0x00, 0xc0, 0x00, 0xc0, 0x00, 0xc0, 0x00, 0xc0, 0x00, 0xc0, 0x00, 0xc0,
    0x00, 0xc0, 0x00, 0xc0, 0x00, 0xc0, 0x00, 0xc0, 0x00, 0xc0, 0x00, 0xc0,
    0x00, 0xc0, 0x00, 0xc0, 0x00, 0xc0, 0x00, 0xc0, 0x00, 0xc0, 0x00, 0xc0,
    0x00, 0xc0, 0x00, 0xc0, 0x00, 0xc0, 0x00, 0xc0, 0x00, 0xc0, 0x00, 0xc0,
    0x00, 0xc0, 0x00, 0xc0, 0x00, 0xc0, 0x00, 0xc0, 0x00, 0xc0, 0x00, 0xc0,
    0x00, 0xc0, 0x00, 0xc0, 0x0d, 0x30, 0x18, 0x00, 0x18, 0x00, 0x18, 0x00,
    0x18, 0x00, 0x18, 0x00, 0x18, 0x00, 0x18, 0x00, 0x18, 0x00, 0x18, 0x00,
    0x18, 0x00, 0x18, 0x00, 0x18, 0x00, 0x18, 0x00, 0x18, 0x00, 0x18, 0x00,
    0x18, 0x00, 0x18, 0x00, 0x18, 0x00, 0x18, 0x00, 0x18, 0x00, 0x18, 0x00,
    0x18, 0x00, 0x18, 0x00, 0x18, 0x00, 0x18, 0x00, 0x18, 0x00, 0x18, 0x00,
    0x18, 0x00, 0x18, 0x00, 0x18, 0x00, 0x18, 0x00, 0x18, 0x00, 0x18, 0x00,
    0x18, 0x00, 0x18, 0x00, 0x18, 0x00, 0x18, 0x00, 0x18, 0x00, 0x18, 0x00,
    0x18, 0x00, 0x18, 0x00, 0x18, 0x00, 0x18, 0x00, 0x18, 0x00, 0x18, 0x00,
    0x18, 0xc6, 0x18, 0xc6, 0x18, 0xc6, 0x18, 0xc6, 0x18, 0xc6, 0x18, 0xc6,
    0x18, 0xc6, 0x18, 0xc6, 0x18, 0xc6, 0x18, 0xc6, 0x18, 0xc6, 0x18, 0xc6,
    0x18, 0xc6, 0x18, 0xc6, 0x18, 0xc6, 0x18, 0xc6, 0x18, 0xc6, 0x18, 0xc6,
    0x18, 0xc6, 0x18, 0xc6, 0x18, 0xc6, 0x18, 0xc6, 0x18, 0xc6, 0x18, 0xc6,
    0x18, 0xc6, 0x18, 0xc6, 0x18, 0xc6, 0x18, 0xc6, 0x18, 0xc6, 0x18, 0xc6,
    0x18, 0xc6, 0x18, 0xc6, 0x18, 0xc6, 0x18, 0xc6, 0x18, 0xc6, 0x18, 0xc6,
    0x18, 0xc6, 0x18, 0xc6, 0x18, 0xc6, 0x18, 0xc6, 0x18, 0xc6, 0x18, 0xc6,
    0x18, 0xc6, 0x18, 0xc6, 0x18, 0xc6, 0x18, 0xbe, 0x00, 0xc6, 0x00, 0xc6,
    0x00, 0xc6, 0x00, 0xc6, 0x00, 0xc6, 0x00, 0xc6, 0x00, 0xc6, 0x00, 0xc6,
    0x00, 0xc6, 0x00, 0xc6, 0x00, 0xc6, 0x00, 0xc6, 0x00, 0xc6, 0x00, 0xc6,
    0x00, 0xc6, 0x00, 0xc6, 0x00, 0xc6, 0x00, 0xc6, 0x00, 0xc6, 0x00, 0xc6,
    0x00, 0xc6, 0x00, 0xc6, 0x00, 0xc6, 0x00, 0xc6, 0x00, 0xc6, 0x00, 0xc6,
    0x00, 0xc6, 0x00, 0xc6, 0x00, 0xc6, 0x00, 0xc6, 0x00, 0xc6, 0x00, 0xc6,
    0x00, 0xc6, 0x00, 0xc6, 0x00, 0xc6, 0x00, 0xc6, 0x00, 0xc6, 0x00, 0xc6,
    0x00, 0xc6, 0x00, 0xc6, 0x00, 0xc6, 0x00, 0xc6, 0x00, 0xc6, 0x00, 0xc6,
    0x00, 0xc6, 0xf8, 0xc5, 0x18, 0x06, 0x18, 0x06, 0x18, 0x06, 0x18, 0x06,
    0x18, 0x06, 0x18, 0x06, 0x18, 0x06, 0x18, 0x06, 0x18, 0x06, 0x18, 0x06,
    0x18, 0x06, 0x18, 0x06, 0x18, 0x06, 0x18, 0x06, 0x18, 0x06, 0x18, 0x06,
    0x18, 0x06, 0x18, 0x06, 0x18, 0x06, 0x18, 0x06, 0x18, 0x06, 0x18, 0x06,
    0x18, 0x06, 0x18, 0x06, 0x18, 0x06, 0x18, 0x06, 0x18, 0x06, 0x18, 0x06,
    0x18, 0x06, 0x18, 0x06, 0x18, 0x06, 0x18, 0x06, 0x18, 0x06, 0x18, 0x06,
    0x18, 0x06, 0x18, 0x06, 0x18, 0x06, 0x18, 0x06, 0x18, 0x06, 0x18, 0x06,
    0x18, 0x06, 0x18, 0x06, 0x18, 0x06, 0x18, 0x06, 0x18, 0x06, 0xe3, 0x04,
    0x00, 0x06, 0x00, 0x06, 0x00, 0x06, 0x00, 0x06, 0x00, 0x06, 0x00, 0x06,
    0x00, 0x06, 0x00, 0x06, 0x00, 0x06, 0x00, 0x06, 0x00, 0x06, 0x00, 0x06,
    0x00, 0x06, 0x00, 0x06, 0x00, 0x06, 0x00, 0x06, 0x00, 0x06, 0x00, 0x06,
    0x00, 0x06, 0x00, 0x06, 0x00, 0x06, 0x00, 0x06, 0x00, 0x06, 0x00, 0x06,
    0x00, 0x06, 0x00, 0x06, 0x00, 0x06, 0x00, 0x06, 0x00, 0x06, 0x00, 0x06,
    0x00, 0x06, 0x00, 0x06, 0x00, 0x06, 0x00, 0x06, 0x00, 0x06, 0x00, 0x06,
    0x00, 0x06, 0x00, 0x06, 0x00, 0x06, 0x00, 0x06, 0x00, 0x06, 0x00, 0x06,
    0x00, 0x06, 0x00, 0x06, 0x28, 0x43, 0x18, 0xc0, 0x18, 0xc0, 0x18, 0xc0,
    0x18, 0xc0, 0x18, 0xc0, 0x18, 0xc0, 0x18, 0xc0, 0x18, 0xc0, 0x18, 0xc0,
    0x18, 0xc0, 0x18, 0xc0, 0x18, 0xc0, 0x18, 0xc0, 0x18, 0xc0, 0x18, 0xc0,
    0x18, 0xc0, 0x18, 0xc0, 0x18, 0xc0, 0x18, 0xc0, 0x18, 0xc0, 0x18, 0xc0,
    0x18, 0xc0, 0x18, 0xc0, 0x18, 0xc0, 0x18, 0xc0, 0x18, 0xc0, 0x18, 0xc0,
    0x18, 0xc0, 0x18, 0xc0, 0x18, 0xc0, 0x18, 0xc0, 0x18, 0xc0, 0x18, 0xc0,
    0x18, 0xc0, 0x18, 0xc0, 0x18, 0xc0, 0x18, 0xc0, 0x18, 0xc0, 0x18, 0xc0,
    0x18, 0xc0, 0x18, 0xc0, 0x18, 0xc0, 0x18, 0xc0, 0x18, 0xc0, 0x18, 0xc0,
    0x18, 0xc0, 0x00, 0xc0, 0x00, 0xc0, 0x00, 0xc0, 0x00, 0xc0, 0x00, 0xc0,
    0x00, 0xc0, 0x00, 0xc0, 0x00, 0xc0, 0x00, 0xc0, 0x00, 0xc0, 0x00, 0xc0,
    0x00, 0xc0, 0x00, 0xc0, 0x00, 0xc0, 0x00, 0xc0, 0x00, 0xc0, 0x00, 0xc0,
    0x00, 0xc0, 0x00, 0xc0, 0x00, 0xc0, 0x00, 0xc0, 0x00, 0xc0, 0x00, 0xc0,
    0x00, 0xc0, 0x00, 0xc0, 0x00, 0xc0, 0x00, 0xc0, 0x00, 0xc0, 0x00, 0xc0,
    0x00, 0xc0, 0x00, 0xc0, 0x00, 0xc0, 0x00, 0xc0, 0x00, 0xc0, 0x00, 0xc0,
    0x00, 0xc0, 0x00, 0xc0, 0x00, 0xc0, 0x00, 0xc0, 0x00, 0xc0, 0x00, 0xc0,
    0x00, 0xc0, 0x00, 0xc0, 0x00, 0xc0, 0x00, 0xc0, 0x0e, 0x38, 0x18, 0x00,
    0x18, 0x00, 0x18, 0x00, 0x18, 0x00, 0x18, 0x00, 0x18, 0x00, 0x18, 0x00,
    0x18, 0x00, 0x18, 0x00, 0x18, 0x00, 0x18, 0x00, 0x18, 0x00, 0x18, 0x00,
    0x18, 0x00, 0x18, 0x00, 0x18, 0x00, 0x18, 0x00, 0x18, 0x00, 0x18, 0x00,
    0x18, 0x00, 0x18, 0x00, 0x18, 0x00, 0x18, 0x00, 0x18, 0x00, 0x18, 0x00,
    0x18, 0x00, 0x18, 0x00, 0x18, 0x00, 0x18, 0x00, 0x18, 0x00, 0x18, 0x00,
    0x18, 0x00, 0x18, 0x00, 0x18, 0x00, 0x18, 0x00, 0x18, 0x00, 0x18, 0x00,
    0x18, 0x00, 0x18, 0x00, 0x18, 0x00, 0x18, 0x00, 0x18, 0x00, 0x18, 0x00,
    0x18, 0x00, 0x18, 0x00, 0x18, 0xc6, 0x18, 0xc6, 0x18, 0xc6, 0x18, 0xc6,
    0x18, 0xc6, 0x18, 0xc6, 0x18, 0xc6, 0x18, 0xc6, 0x18, 0xc6, 0x18, 0xc6,
    0x18, 0xc6, 0x18, 0xc6, 0x18, 0xc6, 0x18, 0xc6, 0x18, 0xc6, 0x18, 0xc6,
    0x18, 0xc6, 0x18, 0xc6, 0x18, 0xc6, 0x18, 0xc6, 0x18, 0xc6, 0x18, 0xc6,
    0x18, 0xc6, 0x18, 0xc6, 0x18, 0xc6, 0x18, 0xc6, 0x18, 0xc6, 0x18, 0xc6,
    0x18, 0xc6, 0x18, 0xc6, 0x18, 0xc6, 0x18, 0xc6, 0x18, 0xc6, 0x18, 0xc6,
    0x18, 0xc6, 0x18, 0xc6, 0x18, 0xc6, 0x18, 0xc6, 0x18, 0xc6, 0x18, 0xc6,
    0x18, 0xc6, 0x18, 0xc6, 0x18, 0xc6, 0x18, 0xc6, 0x18, 0xc6, 0xf8, 0xc5,
    0x00, 0xc6, 0x00, 0xc6, 0x00, 0xc6, 0x00, 0xc6, 0x00, 0xc6, 0x00, 0xc6,
    0x00, 0xc6, 0x00, 0xc6, 0x00, 0xc6, 0x00, 0xc6, 0x00, 0xc6, 0x00, 0xc6,
    0x00, 0xc6, 0x00, 0xc6, 0x00, 0xc6, 0x00, 0xc6, 0x00, 0xc6, 0x00, 0xc6,
    0x00, 0xc6, 0x00, 0xc6, 0x00, 0xc6, 0x00, 0xc6, 0x00, 0xc6, 0x00, 0xc6,
    0x00, 0xc6, 0x00, 0xc6, 0x00, 0xc6, 0x00, 0xc6, 0x00, 0xc6, 0x00, 0xc6,
    0x00, 0xc6, 0x00, 0xc6, 0x00, 0xc6, 0x00, 0xc6, 0x00, 0xc6, 0x00, 0xc6,
    0x00, 0xc6, 0x00, 0xc6, 0x00, 0xc6, 0x00, 0xc6, 0x00, 0xc6, 0x00, 0xc6,
    0x00, 0xc6, 0x00, 0xc6, 0x00, 0xc6, 0xf8, 0xbd, 0x18, 0x06, 0x18, 0x06,
    0x18, 0x06, 0x18, 0x06, 0x18, 0x06, 0x18, 0x06, 0x18, 0x06, 0x18, 0x06,
    0x18, 0x06, 0x18, 0x06, 0x18, 0x06, 0x18, 0x06, 0x18, 0x06, 0x18, 0x06,
    0x18, 0x06, 0x18, 0x06, 0x18, 0x06, 0x18, 0x06, 0x18, 0x06, 0x18, 0x06,
    0x18, 0x06, 0x18, 0x06, 0x18, 0x06, 0x18, 0x06, 0x18, 0x06, 0x18, 0x06,
    0x18, 0x06, 0x18, 0x06, 0x18, 0x06, 0x18, 0x06, 0x18, 0x06, 0x18, 0x06,
    0x18, 0x06, 0x18, 0x06, 0x18, 0x06, 0x18, 0x06, 0x18, 0x06, 0x18, 0x06,
    0x18, 0x06, 0x18, 0x06, 0x18, 0x06, 0x18, 0x06, 0x18, 0x06, 0x18, 0x06,
    0x18, 0x06, 0xe2, 0x0c, 0x00, 0x06, 0x00, 0x06, 0x00, 0x06, 0x00, 0x06,
    0x00, 0x06, 0x00, 0x06, 0x00, 0x06, 0x00, 0x06, 0x00, 0x06, 0x00, 0x06,
    0x00, 0x06, 0x00, 0x06, 0x00, 0x06, 0x00, 0x06, 0x00, 0x06, 0x00, 0x06,
    0x00, 0x06, 0x00, 0x06, 0x00, 0x06, 0x00, 0x06, 0x00, 0x06, 0x00, 0x06,
    0x00, 0x06, 0x00, 0x06, 0x00, 0x06, 0x00, 0x06, 0x00, 0x06, 0x00, 0x06,
    0x00, 0x06, 0x00, 0x06, 0x00, 0x06, 0x00, 0x06, 0x00, 0x06, 0x00, 0x06,
    0x00, 0x06, 0x00, 0x06, 0x00, 0x06, 0x00, 0x06, 0x00, 0x06, 0x00, 0x06,
    0x00, 0x06, 0x00, 0x06, 0x00, 0x06, 0x00, 0x06, 0x47, 0x3b, 0x18, 0xc0,
    0x18, 0xc0, 0x18, 0xc0, 0x18, 0xc0, 0x18, 0xc0, 0x18, 0xc0, 0x18, 0xc0,
    0x18, 0xc0, 0x18, 0xc0, 0x18, 0xc0, 0x18, 0xc0, 0x18, 0xc0, 0x18, 0xc0,
    0x18, 0xc0, 0x18, 0xc0, 0x18, 0xc0, 0x18, 0xc0, 0x18, 0xc0, 0x18, 0xc0,
    0x18, 0xc0, 0x18, 0xc0, 0x18, 0xc0, 0x18, 0xc0, 0x18, 0xc0, 0x18, 0xc0,
    0x18, 0xc0, 0x18, 0xc0, 0x18, 0xc0, 0x18, 0xc0, 0x18, 0xc0, 0x18, 0xc0,
    0x18, 0xc0, 0x18, 0xc0, 0x18, 0xc0, 0x18, 0xc0, 0x18, 0xc0, 0x18, 0xc0,
    0x18, 0xc0, 0x18, 0xc0, 0x18, 0xc0, 0x18, 0xc0, 0x18, 0xc0, 0x18, 0xc0,
    0x18, 0xc0, 0x18, 0xc0, 0x18, 0xc0, 0x00, 0xc0, 0x00, 0xc0, 0x00, 0xc0,
    0x00, 0xc0, 0x00, 0xc0, 0x00, 0xc0, 0x00, 0xc0, 0x00, 0xc0, 0x00, 0xc0,
    0x00, 0xc0, 0x00, 0xc0, 0x00, 0xc0, 0x00, 0xc0, 0x00, 0xc0, 0x00, 0xc0,
    0x00, 0xc0, 0x00, 0xc0, 0x00, 0xc0, 0x00, 0xc0, 0x00, 0xc0, 0x00, 0xc0,
    0x00, 0xc0, 0x00, 0xc0, 0x00, 0xc0, 0x00, 0xc0, 0x00, 0xc0, 0x00, 0xc0,
    0x00, 0xc0, 0x00, 0xc0, 0x00, 0xc0, 0x00, 0xc0, 0x00, 0xc0, 0x00, 0xc0,
    0x00, 0xc0, 0x00, 0xc0, 0x00, 0xc0, 0x00, 0xc0, 0x00, 0xc0, 0x00, 0xc0,
    0x00, 0xc0, 0x00, 0xc0, 0x00, 0xc0, 0x00, 0xc0, 0x00, 0xc0, 0x00, 0xc0,
    0x0d, 0x30, 0x18, 0x00, 0x18, 0x00, 0x18, 0x00, 0x18, 0x00, 0x18, 0x00,
    0x18, 0x00, 0x18, 0x00, 0x18, 0x00, 0x18, 0x00, 0x18, 0x00, 0x18, 0x00,
    0x18, 0x00, 0x18, 0x00, 0x18, 0x00, 0x18, 0x00, 0x18, 0x00, 0x18, 0x00,
    0x18, 0x00, 0x18, 0x00, 0x18, 0x00, 0x18, 0x00, 0x18, 0x00, 0x18, 0x00,
    0x18, 0x00, 0x18, 0x00, 0x18, 0x00, 0x18, 0x00, 0x18, 0x00, 0x18, 0x00,
    0x18, 0x00, 0x18, 0x00, 0x18, 0x00, 0x18, 0x00, 0x18, 0x00, 0x18, 0x00,
    0x18, 0x00, 0x18, 0x00, 0x18, 0x00, 0x18, 0x00, 0x18, 0x00, 0x18, 0x00,
    0x18, 0x00, 0x18, 0x00, 0x18, 0x00, 0x18, 0x00, 0x18, 0xc6, 0x18, 0xc6,
    0x18, 0xc6, 0x18, 0xc6, 0x18, 0xc6, 0x18, 0xc6, 0x18, 0xc6, 0x18, 0xc6,
    0x18, 0xc6, 0x18, 0xc6, 0x18, 0xc6, 0x18, 0xc6, 0x18, 0xc6, 0x18, 0xc6,
    0x18, 0xc6, 0x18, 0xc6, 0x18, 0xc6, 0x18, 0xc6, 0x18, 0xc6, 0x18, 0xc6,
    0x18, 0xc6, 0x18, 0xc6, 0x18, 0xc6, 0x18, 0xc6, 0x18, 0xc6, 0x18, 0xc6,
    0x18, 0xc6, 0x18, 0xc6, 0x18, 0xc6, 0x18, 0xc6, 0x18, 0xc6, 0x18, 0xc6,
    0x18, 0xc6, 0x18, 0xc6, 0x18, 0xc6, 0x18, 0xc6, 0x18, 0xc6, 0x18, 0xc6,
    0x18, 0xc6, 0x18, 0xc6, 0x18, 0xc6, 0x18, 0xc6, 0x18, 0xc6, 0x18, 0xc6,
    0x18, 0xc6, 0xf8, 0xbd, 0x00, 0xc6, 0x00, 0xc6, 0x00, 0xc6, 0x00, 0xc6,
    0x00, 0xc6, 0x00, 0xc6, 0x00, 0xc6, 0x00, 0xc6, 0x00, 0xc6, 0x00, 0xc6,
    0x00, 0xc6, 0x00, 0xc6, 0x00, 0xc6, 0x00, 0xc6, 0x00, 0xc6, 0x00, 0xc6,
    0x00, 0xc6, 0x00, 0xc6, 0x00, 0xc6, 0x00, 0xc6, 0x00, 0xc6, 0x00, 0xc6,
    0x00, 0xc6, 0x00, 0xc6, 0x00, 0xc6, 0x00, 0xc6, 0x00, 0xc6, 0x00, 0xc6,
    0x00, 0xc6, 0x00, 0xc6, 0x00, 0xc6, 0x00, 0xc6, 0x00, 0xc6, 0x00, 0xc6,
    0x00, 0xc6, 0x00, 0xc6, 0x00, 0xc6, 0x00, 0xc6, 0x00, 0xc6, 0x00, 0xc6,
    0x00, 0xc6, 0x00, 0xc6, 0x00, 0xc6, 0x00, 0xc6, 0x00, 0xc6, 0xf8, 0xbd,
    0x18, 0x06, 0x18, 0x06, 0x18, 0x06, 0x18, 0x06, 0x18, 0x06, 0x18, 0x06,
    0x18, 0x06, 0x18, 0x06, 0x18, 0x06, 0x18, 0x06, 0x18, 0x06, 0x18, 0x06,
    0x18, 0x06, 0x18, 0x06, 0x18, 0x06, 0x18, 0x06, 0x18, 0x06, 0x18, 0x06,
    0x18, 0x06, 0x18, 0x06, 0x18, 0x06, 0x18, 0x06, 0x18, 0x06, 0x18, 0x06,
    0x18, 0x06, 0x18, 0x06, 0x18, 0x06, 0x18, 0x06, 0x18, 0x06, 0x18, 0x06,
    0x18, 0x06, 0x18, 0x06, 0x18, 0x06, 0x18, 0x06, 0x18, 0x06, 0x18, 0x06,
    0x18, 0x06, 0x18, 0x06, 0x18, 0x06, 0x18, 0x06, 0x18, 0x06, 0x18, 0x06,
    0x18, 0x06, 0x18, 0x06, 0x18, 0x06, 0xe2, 0x0c, 0x00, 0x06, 0x00, 0x06,
    0x00, 0x06, 0x00, 0x06, 0x00, 0x06, 0x00, 0x06, 0x00, 0x06, 0x00, 0x06,
    0x00, 0x06, 0x00, 0x06, 0x00, 0x06, 0x00, 0x06, 0x00, 0x06, 0x00, 0x06,
    0x00, 0x06, 0x00, 0x06, 0x00, 0x06, 0x00, 0x06, 0x00, 0x06, 0x00, 0x06,
    0x00, 0x06, 0x00, 0x06, 0x00, 0x06, 0x00, 0x06, 0x00, 0x06, 0x00, 0x06,
    0x00, 0x06, 0x00, 0x06, 0x00, 0x06, 0x00, 0x06, 0x00, 0x06, 0x00, 0x06,
    0x00, 0x06, 0x00, 0x06, 0x00, 0x06, 0x00, 0x06, 0x00, 0x06, 0x00, 0x06,
    0x00, 0x06, 0x00, 0x06, 0x00, 0x06, 0x00, 0x06, 0x00, 0x06, 0x00, 0x06,
    0x27, 0x3b, 0x18, 0xc0, 0x18, 0xc0, 0x18, 0xc0, 0x18, 0xc0, 0x18, 0xc0,
    0x18, 0xc0, 0x18, 0xc0, 0x18, 0xc0, 0x18, 0xc0, 0x18, 0xc0, 0x18, 0xc0,
    0x18, 0xc0, 0x18, 0xc0, 0x18, 0xc0, 0x18, 0xc0, 0x18, 0xc0, 0x18, 0xc0,
    0x18, 0xc0, 0x18, 0xc0, 0x18, 0xc0, 0x18, 0xc0, 0x18, 0xc0, 0x18, 0xc0,
    0x18, 0xc0, 0x18, 0xc0, 0x18, 0xc0, 0x18, 0xc0, 0x18, 0xc0, 0x18, 0xc0,
    0x18, 0xc0, 0x18, 0xc0, 0x18, 0xc0, 0x18, 0xc0, 0x18, 0xc0, 0x18, 0xc0,
    0x18, 0xc0, 0x18, 0xc0, 0x18, 0xc0, 0x18, 0xc0, 0x18, 0xc0, 0x18, 0xc0,
    0x18, 0xc0, 0x18, 0xc0, 0x18, 0xc0, 0x18, 0xc0, 0x18, 0xc0, 0x00, 0xc0,
    0x00, 0xc0, 0x00, 0xc0, 0x00, 0xc0, 0x00, 0xc0, 0x00, 0xc0, 0x00, 0xc0,
    0x00, 0xc0, 0x00, 0xc0, 0x00, 0xc0, 0x00, 0xc0, 0x00, 0xc0, 0x00, 0xc0,
    0x00, 0xc0, 0x00, 0xc0, 0x00, 0xc0, 0x00, 0xc0, 0x00, 0xc0, 0x00, 0xc0,
    0x00, 0xc0, 0x00, 0xc0, 0x00, 0xc0, 0x00, 0xc0, 0x00, 0xc0, 0x00, 0xc0,
    0x00, 0xc0, 0x00, 0xc0, 0x00, 0xc0, 0x00, 0xc0, 0x00, 0xc0, 0x00, 0xc0,
    0x00, 0xc0, 0x00, 0xc0, 0x00, 0xc0, 0x00, 0xc0, 0x00, 0xc0, 0x00, 0xc0,
    0x00, 0xc0, 0x00, 0xc0, 0x00, 0xc0, 0x00, 0xc0, 0x00, 0xc0, 0x00, 0xc0,
    0x00, 0xc0, 0x00, 0xc0, 0x0d, 0x30, 0x18, 0x00, 0x18, 0x00, 0x18, 0x00,
    0x18, 0x00, 0x18, 0x00, 0x18, 0x00, 0x18, 0x00, 0x18, 0x00, 0x18, 0x00,
    0x18, 0x00, 0x18, 0x00, 0x18, 0x00, 0x18, 0x00, 0x18, 0x00, 0x18, 0x00,
    0x18, 0x00, 0x18, 0x00, 0x18, 0x00, 0x18, 0x00, 0x18, 0x00, 0x18, 0x00,
    0x18, 0x00, 0x18, 0x00, 0x18, 0x00, 0x18, 0x00, 0x18, 0x00, 0x18, 0x00,
    0x18, 0x00, 0x18, 0x00, 0x18, 0x00, 0x18, 0x00, 0x18, 0x00, 0x18, 0x00,
    0x18, 0x00, 0x18, 0x00, 0x18, 0x00, 0x18, 0x00, 0x18, 0x00, 0x18, 0x00,
    0x18, 0x00, 0x18, 0x00, 0x18, 0x00, 0x18, 0x00, 0x18, 0x00, 0x18, 0x00,
    0x18, 0xc6, 0x18, 0xc6, 0x18, 0xc6, 0x18, 0xc6, 0x18, 0xc6, 0x18, 0xc6,
    0x18, 0xc6, 0x18, 0xc6, 0x18, 0xc6, 0x18, 0xc6, 0x18, 0xc6, 0x18, 0xc6,
    0x18, 0xc6, 0x18, 0xc6, 0x18, 0xc6, 0x18, 0xc6, 0x18, 0xc6, 0x18, 0xc6,
    0x18, 0xc6, 0x18, 0xc6, 0x18, 0xc6, 0x18, 0xc6, 0x18, 0xc6, 0x18, 0xc6,
    0x18, 0xc6, 0x18, 0xc6, 0x18, 0xc6, 0x18, 0xc6, 0x18, 0xc6, 0x18, 0xc6,
    0x18, 0xc6, 0x18, 0xc6, 0x18, 0xc6, 0x18, 0xc6, 0x18, 0xc6, 0x18, 0xc6,
    0x18, 0xc6, 0x18, 0xc6, 0x18, 0xc6, 0x18, 0xc6, 0x18, 0xc6, 0x18, 0xc6,
    0x18, 0xc6, 0x18, 0xc6, 0x18, 0xc6, 0xf8, 0xbd, 0x00, 0xc6, 0x00, 0xc6,
    0x00, 0xc6, 0x00, 0xc6, 0x00, 0xc6, 0x00, 0xc6, 0x00, 0xc6, 0x00, 0xc6,
    0x00, 0xc6, 0x00, 0xc6, 0x00, 0xc6, 0x00, 0xc6, 0x00, 0xc6, 0x00, 0xc6,
    0x00, 0xc6, 0x00, 0xc6, 0x00, 0xc6, 0x00, 0xc6, 0x00, 0xc6, 0x00, 0xc6,
    0x00, 0xc6, 0x00, 0xc6, 0x00, 0xc6, 0x00, 0xc6, 0x00, 0xc6, 0x00, 0xc6,
    0x00, 0xc6, 0x00, 0xc6, 0x00, 0xc6, 0x00, 0xc6, 0x00, 0xc6, 0x00, 0xc6,
    0x00, 0xc6, 0x00, 0xc6, 0x00, 0xc6, 0x00, 0xc6, 0x00, 0xc6, 0x00, 0xc6,
    0x00, 0xc6, 0x00, 0xc6, 0x00, 0xc6, 0x00, 0xc6, 0x00, 0xc6, 0x00, 0xc6,
    0x00, 0xc6, 0x18, 0xc6, 0x18, 0x06, 0x18, 0x06, 0x18, 0x06, 0x18, 0x06,
    0x18, 0x06, 0x18, 0x06, 0x18, 0x06, 0x18, 0x06, 0x18, 0x06, 0x18, 0x06,
    0x18, 0x06, 0x18, 0x06, 0x18, 0x06, 0x18, 0x06, 0x18, 0x06, 0x18, 0x06,
    0x18, 0x06, 0x18, 0x06, 0x18, 0x06, 0x18, 0x06, 0x18, 0x06, 0x18, 0x06,
    0x18, 0x06, 0x18, 0x06, 0x18, 0x06, 0x18, 0x06, 0x18, 0x06, 0x18, 0x06,
    0x18, 0x06, 0x18, 0x06, 0x18, 0x06, 0x18, 0x06, 0x18, 0x06, 0x18, 0x06,
    0x18, 0x06, 0x18, 0x06, 0x18, 0x06, 0x18, 0x06, 0x18, 0x06, 0x18, 0x06,
    0x18, 0x06, 0x18, 0x06, 0x18, 0x06, 0x18, 0x06, 0x18, 0x06, 0x03, 0x05,
    0x00, 0x06, 0x00, 0x06, 0x00, 0x06, 0x00, 0x06, 0x00, 0x06, 0x00, 0x06,
    0x00, 0x06, 0x00, 0x06, 0x00, 0x06, 0x00, 0x06, 0x00, 0x06, 0x00, 0x06,
    0x00, 0x06, 0x00, 0x06, 0x00, 0x06, 0x00, 0x06, 0x00, 0x06, 0x00, 0x06,
    0x00, 0x06, 0x00, 0x06, 0x00, 0x06, 0x00, 0x06, 0x00, 0x06, 0x00, 0x06,
    0x00, 0x06, 0x00, 0x06, 0x00, 0x06, 0x00, 0x06, 0x00, 0x06, 0x00, 0x06,
    0x00, 0x06, 0x00, 0x06, 0x00, 0x06, 0x00, 0x06, 0x00, 0x06, 0x00, 0x06,
    0x00, 0x06, 0x00, 0x06, 0x00, 0x06, 0x00, 0x06, 0x00, 0x06, 0x00, 0x06,
    0x00, 0x06, 0x00, 0x06, 0x48, 0x43, 0x18, 0xc0, 0x18, 0xc0, 0x18, 0xc0,
    0x18, 0xc0, 0x18, 0xc0, 0x18, 0xc0, 0x18, 0xc0, 0x18, 0xc0, 0x18, 0xc0,
    0x18, 0xc0, 0x18, 0xc0, 0x18, 0xc0, 0x18, 0xc0, 0x18, 0xc0, 0x18, 0xc0,
    0x18, 0xc0, 0x18, 0xc0, 0x18, 0xc0, 0x18, 0xc0, 0x18, 0xc0, 0x18, 0xc0,
    0x18, 0xc0, 0x18, 0xc0, 0x18, 0xc0, 0x18, 0xc0, 0x18, 0xc0, 0x18, 0xc0,
    0x18, 0xc0, 0x18, 0xc0, 0x18, 0xc0, 0x18, 0xc0, 0x18, 0xc0, 0x18, 0xc0,
    0x18, 0xc0, 0x18, 0xc0, 0x18, 0xc0, 0x18, 0xc0, 0x18, 0xc0, 0x18, 0xc0,
    0x18, 0xc0, 0x18, 0xc0, 0x18, 0xc0, 0x18, 0xc0, 0x18, 0xc0, 0x18, 0xc0,
    0x18, 0xc0, 0x00, 0xc0, 0x00, 0xc0, 0x00, 0xc0, 0x00, 0xc0, 0x00, 0xc0,
    0x00, 0xc0, 0x00, 0xc0, 0x00, 0xc0, 0x00, 0xc0, 0x00, 0xc0, 0x00, 0xc0,
    0x00, 0xc0, 0x00, 0xc0, 0x00, 0xc0, 0x00, 0xc0, 0x00, 0xc0, 0x00, 0xc0,
    0x00, 0xc0, 0x00, 0xc0, 0x00, 0xc0, 0x00, 0xc0, 0x00, 0xc0, 0x00, 0xc0,
    0x00, 0xc0, 0x00, 0xc0, 0x00, 0xc0, 0x00, 0xc0, 0x00, 0xc0, 0x00, 0xc0,
    0x00, 0xc0, 0x00, 0xc0, 0x00, 0xc0, 0x00, 0xc0, 0x00, 0xc0, 0x00, 0xc0,
    0x00, 0xc0, 0x00, 0xc0, 0x00, 0xc0, 0x00, 0xc0, 0x00, 0xc0, 0x00, 0xc0,
    0x00, 0xc0, 0x00, 0xc0, 0x00, 0xc0, 0x00, 0xc0, 0x0d, 0x30, 0x18, 0x00,
    0x18, 0x00, 0x18, 0x00, 0x18, 0x00, 0x18, 0x00, 0x18, 0x00, 0x18, 0x00,
    0x18, 0x00, 0x18, 0x00, 0x18, 0x00, 0x18, 0x00, 0x18, 0x00, 0x18, 0x00,
    0x18, 0x00, 0x18, 0x00, 0x18, 0x00, 0x18, 0x00, 0x18, 0x00, 0x18, 0x00,
    0x18, 0x00, 0x18, 0x00, 0x18, 0x00, 0x18, 0x00, 0x18, 0x00, 0x18, 0x00,
    0x18, 0x00, 0x18, 0x00, 0x18, 0x00, 0x18, 0x00, 0x18, 0x00, 0x18, 0x00,
    0x18, 0x00, 0x18, 0x00, 0x18, 0x00, 0x18, 0x00, 0x18, 0x00, 0x18, 0x00,
    0x18, 0x00, 0x18, 0x00, 0x18, 0x00, 0x18, 0x00, 0x18, 0x00, 0x18, 0x00,
    0x18, 0x00, 0x18, 0x00, 0x18, 0xc6, 0x18, 0xc6, 0x18, 0xc6, 0x18, 0xc6,
    0x18, 0xc6, 0x18, 0xc6, 0x18, 0xc6, 0x18, 0xc6, 0x18, 0xc6, 0x18, 0xc6,
    0x18, 0xc6, 0x18, 0xc6, 0x18, 0xc6, 0x18, 0xc6, 0x18, 0xc6, 0x18, 0xc6,
    0x18, 0xc6, 0x18, 0xc6, 0x18, 0xc6, 0x18, 0xc6, 0x18, 0xc6, 0x18, 0xc6,
    0x18, 0xc6, 0x18, 0xc6, 0x18, 0xc6, 0x18, 0xc6, 0x18, 0xc6, 0x18, 0xc6,
    0x18, 0xc6, 0x18, 0xc6, 0x18, 0xc6, 0x18, 0xc6, 0x18, 0xc6, 0x18, 0xc6,
    0x18, 0xc6, 0x18, 0xc6, 0x18, 0xc6, 0x18, 0xc6, 0x18, 0xc6, 0x18, 0xc6,
    0x18, 0xc6, 0x18, 0xc6, 0x18, 0xc6, 0x18, 0xc6, 0x18, 0xc6, 0xf8, 0xc5,
    0x00, 0xc6, 0x00, 0xc6, 0x00, 0xc6, 0x00, 0xc6, 0x00, 0xc6, 0x00, 0xc6,
    0x00, 0xc6, 0x00, 0xc6, 0x00, 0xc6, 0x00, 0xc6, 0x00, 0xc6, 0x00, 0xc6,
    0x00, 0xc6, 0x00, 0xc6, 0x00, 0xc6, 0x00, 0xc6, 0x00, 0xc6, 0x00, 0xc6,
    0x00, 0xc6, 0x00, 0xc6, 0x00, 0xc6, 0x00, 0xc6, 0x00, 0xc6, 0x00, 0xc6,
    0x00, 0xc6, 0x00, 0xc6, 0x00, 0xc6, 0x00, 0xc6, 0x00, 0xc6, 0x00, 0xc6,
    0x00, 0xc6, 0x00, 0xc6, 0x00, 0xc6, 0x00, 0xc6, 0x00, 0xc6, 0x00, 0xc6,
    0x00, 0xc6, 0x00, 0xc6, 0x00, 0xc6, 0x00, 0xc6, 0x00, 0xc6, 0x00, 0xc6,
    0x00, 0xc6, 0x00, 0xc6, 0x00, 0xc6, 0xf8, 0xbd, 0x18, 0x06, 0x18, 0x06,
    0x18, 0x06, 0x18, 0x06, 0x18, 0x06, 0x18, 0x06, 0x18, 0x06, 0x18, 0x06,
    0x18, 0x06, 0x18, 0x06, 0x18, 0x06, 0x18, 0x06, 0x18, 0x06, 0x18, 0x06,
    0x18, 0x06, 0x18, 0x06, 0x18, 0x06, 0x18, 0x06, 0x18, 0x06, 0x18, 0x06,
    0x18, 0x06, 0x18, 0x06, 0x18, 0x06, 0x18, 0x06, 0x18, 0x06, 0x18, 0x06,
    0x18, 0x06, 0x18, 0x06, 0x18, 0x06, 0x18, 0x06, 0x18, 0x06, 0x18, 0x06,
    0x18, 0x06, 0x18, 0x06, 0x18, 0x06, 0x18, 0x06, 0x18, 0x06, 0x18, 0x06,
    0x18, 0x06, 0x18, 0x06, 0x18, 0x06, 0x18, 0x06, 0x18, 0x06, 0x18, 0x06,
    0x18, 0x06, 0xe2, 0x04, 0x00, 0x06, 0x00, 0x06, 0x00, 0x06, 0x00, 0x06,
    0x00, 0x06, 0x00, 0x06, 0x00, 0x06, 0x00, 0x06, 0x00, 0x06, 0x00, 0x06,
    0x00, 0x06, 0x00, 0x06, 0x00, 0x06, 0x00, 0x06, 0x00, 0x06, 0x00, 0x06,
    0x00, 0x06, 0x00, 0x06, 0x00, 0x06, 0x00, 0x06, 0x00, 0x06, 0x00, 0x06,
    0x00, 0x06, 0x00, 0x06, 0x00, 0x06, 0x00, 0x06, 0x00, 0x06, 0x00, 0x06,
    0x00, 0x06, 0x00, 0x06, 0x00, 0x06, 0x00, 0x06, 0x00, 0x06, 0x00, 0x06,
    0x00, 0x06, 0x00, 0x06, 0x00, 0x06, 0x00, 0x06, 0x00, 0x06, 0x00, 0x06,
    0x00, 0x06, 0x00, 0x06, 0x00, 0x06, 0x00, 0x06, 0x47, 0x3b, 0x18, 0xc0,
    0x18, 0xc0, 0x18, 0xc0, 0x18, 0xc0, 0x18, 0xc0, 0x18, 0xc0, 0x18, 0xc0,
    0x18, 0xc0, 0x18, 0xc0, 0x18, 0xc0, 0x18, 0xc0, 0x18, 0xc0, 0x18, 0xc0,
    0x18, 0xc0, 0x18, 0xc0, 0x18, 0xc0, 0x18, 0xc0, 0x18, 0xc0, 0x18, 0xc0,
    0x18, 0xc0, 0x18, 0xc0, 0x18, 0xc0, 0x18, 0xc0, 0x18, 0xc0, 0x18, 0xc0,
    0x18, 0xc0, 0x18, 0xc0, 0x18, 0xc0, 0x18, 0xc0, 0x18, 0xc0, 0x18, 0xc0,
    0x18, 0xc0, 0x18, 0xc0, 0x18, 0xc0, 0x18, 0xc0, 0x18, 0xc0, 0x18, 0xc0,
    0x18, 0xc0, 0x18, 0xc0, 0x18, 0xc0, 0x18, 0xc0, 0x18, 0xc0, 0x18, 0xc0,
    0x18, 0xc0, 0x18, 0xc0, 0x18, 0xc0, 0x00, 0xc0, 0x00, 0xc0, 0x00, 0xc0,
    0x00, 0xc0, 0x00, 0xc0, 0x00, 0xc0, 0x00, 0xc0, 0x00, 0xc0, 0x00, 0xc0,
    0x00, 0xc0, 0x00, 0xc0, 0x00, 0xc0, 0x00, 0xc0, 0x00, 0xc0, 0x00, 0xc0,
    0x00, 0xc0, 0x00, 0xc0, 0x00, 0xc0, 0x00, 0xc0, 0x00, 0xc0, 0x00, 0xc0,
    0x00, 0xc0, 0x00, 0xc0, 0x00, 0xc0, 0x00, 0xc0, 0x00, 0xc0, 0x00, 0xc0,
    0x00, 0xc0, 0x00, 0xc0, 0x00, 0xc0, 0x00, 0xc0, 0x00, 0xc0, 0x00, 0xc0,
    0x00, 0xc0, 0x00, 0xc0, 0x00, 0xc0, 0x00, 0xc0, 0x00, 0xc0, 0x00, 0xc0,
    0x00, 0xc0, 0x00, 0xc0, 0x00, 0xc0, 0x00, 0xc0, 0x00, 0xc0, 0x00, 0xc0,
    0x0d, 0x30, 0x18, 0x00, 0x18, 0x00, 0x18, 0x00, 0x18, 0x00, 0x18, 0x00,
    0x18, 0x00, 0x18, 0x00, 0x18, 0x00, 0x18, 0x00, 0x18, 0x00, 0x18, 0x00,
    0x18, 0x00, 0x18, 0x00, 0x18, 0x00, 0x18, 0x00, 0x18, 0x00, 0x18, 0x00,
    0x18, 0x00, 0x18, 0x00, 0x18, 0x00, 0x18, 0x00, 0x18, 0x00, 0x18, 0x00,
    0x18, 0x00, 0x18, 0x00, 0x18, 0x00, 0x18, 0x00, 0x18, 0x00, 0x18, 0x00,
    0x18, 0x00, 0x18, 0x00, 0x18, 0x00, 0x18, 0x00, 0x18, 0x00, 0x18, 0x00,
    0x18, 0x00, 0x18, 0x00, 0x18, 0x00, 0x18, 0x00, 0x18, 0x00, 0x18, 0x00,
    0x18, 0x00, 0x18, 0x00, 0x18, 0x00, 0x18, 0x00, 0x18, 0xc6, 0x18, 0xc6,
    0x18, 0xc6, 0x18, 0xc6, 0x18, 0xc6, 0x18, 0xc6, 0x18, 0xc6, 0x18, 0xc6,
    0x18, 0xc6, 0x18, 0xc6, 0x18, 0xc6, 0x18, 0xc6, 0x18, 0xc6, 0x18, 0xc6,
    0x18, 0xc6, 0x18, 0xc6, 0x18, 0xc6, 0x18, 0xc6, 0x18, 0xc6, 0x18, 0xc6,
    0x18, 0xc6, 0x18, 0xc6, 0x18, 0xc6, 0x18, 0xc6, 0x18, 0xc6, 0x18, 0xc6,
    0x18, 0xc6, 0x18, 0xc6, 0x18, 0xc6, 0x18, 0xc6, 0x18, 0xc6, 0x18, 0xc6,
    0x18, 0xc6, 0x18, 0xc6, 0x18, 0xc6, 0x18, 0xc6, 0x18, 0xc6, 0x18, 0xc6,
    0x18, 0xc6, 0x18, 0xc6, 0x18, 0xc6, 0x18, 0xc6, 0x18, 0xc6, 0x18, 0xc6,
    0x18, 0xc6, 0xf8, 0xbd, 0x00, 0xc6, 0x00, 0xc6, 0x00, 0xc6, 0x00, 0xc6,
    0x00, 0xc6, 0x00, 0xc6, 0x00, 0xc6, 0x00, 0xc6, 0x00, 0xc6, 0x00, 0xc6,
    0x00, 0xc6, 0x00, 0xc6, 0x00, 0xc6, 0x00, 0xc6, 0x00, 0xc6, 0x00, 0xc6,
    0x00, 0xc6, 0x00, 0xc6, 0x00, 0xc6, 0x00, 0xc6, 0x00, 0xc6, 0x00, 0xc6,
    0x00, 0xc6, 0x00, 0xc6, 0x00, 0xc6, 0x00, 0xc6, 0x00, 0xc6, 0x00, 0xc6,
    0x00, 0xc6, 0x00, 0xc6, 0x00, 0xc6, 0x00, 0xc6, 0x00, 0xc6, 0x00, 0xc6,
    0x00, 0xc6, 0x00, 0xc6, 0x00, 0xc6, 0x00, 0xc6, 0x00, 0xc6, 0x00, 0xc6,
    0x00, 0xc6, 0x00, 0xc6, 0x00, 0xc6, 0x00, 0xc6, 0x00, 0xc6, 0xf8, 0xbd,
    0x18, 0x06, 0x18, 0x06, 0x18, 0x06, 0x18, 0x06, 0x18, 0x06, 0x18, 0x06,
    0x18, 0x06, 0x18, 0x06, 0x18, 0x06, 0x18, 0x06, 0x18, 0x06, 0x18, 0x06,
    0x18, 0x06, 0x18, 0x06, 0x18, 0x06, 0x18, 0x06, 0x18, 0x06, 0x18, 0x06,
    0x18, 0x06, 0x18, 0x06, 0x18, 0x06, 0x18, 0x06, 0x18, 0x06, 0x18, 0x06,
    0x18, 0x06, 0x18, 0x06, 0x18, 0x06, 0x18, 0x06, 0x18, 0x06, 0x18, 0x06,
    0x18, 0x06, 0x18, 0x06, 0x18, 0x06, 0x18, 0x06, 0x18, 0x06, 0x18, 0x06,
    0x18, 0x06, 0x18, 0x06, 0x18, 0x06, 0x18, 0x06, 0x18, 0x06, 0x18, 0x06,
    0x18, 0x06, 0x18, 0x06, 0x18, 0x06, 0xe3, 0x0c, 0x00, 0x06, 0x00, 0x06,
    0x00, 0x06, 0x00, 0x06, 0x00, 0x06, 0x00, 0x06, 0x00, 0x06, 0x00, 0x06,
    0x00, 0x06, 0x00, 0x06, 0x00, 0x06, 0x00, 0x06, 0x00, 0x06, 0x00, 0x06,
    0x00, 0x06, 0x00, 0x06, 0x00, 0x06, 0x00, 0x06, 0x00, 0x06, 0x00, 0x06,
    0x00, 0x06, 0x00, 0x06, 0x00, 0x06, 0x00, 0x06, 0x00, 0x06, 0x00, 0x06,
    0x00, 0x06, 0x00, 0x06, 0x00, 0x06, 0x00, 0x06, 0x00, 0x06, 0x00, 0x06,
    0x00, 0x06, 0x00, 0x06, 0x00, 0x06, 0x00, 0x06, 0x00, 0x06, 0x00, 0x06,
    0x00, 0x06, 0x00, 0x06, 0x00, 0x06, 0x00, 0x06, 0x00, 0x06, 0x00, 0x06,
    0x28, 0x3b, 0x18, 0xc0, 0x18, 0xc0, 0x18, 0xc0, 0x18, 0xc0, 0x18, 0xc0,
    0x18, 0xc0, 0x18, 0xc0, 0x18, 0xc0, 0x18, 0xc0, 0x18, 0xc0, 0x18, 0xc0,
    0x18, 0xc0, 0x18, 0xc0, 0x18, 0xc0, 0x18, 0xc0, 0x18, 0xc0, 0x18, 0xc0,
    0x18, 0xc0, 0x18, 0xc0, 0x18, 0xc0, 0x18, 0xc0, 0x18, 0xc0, 0x18, 0xc0,
    0x18, 0xc0, 0x18, 0xc0, 0x18, 0xc0, 0x18, 0xc0, 0x18, 0xc0, 0x18, 0xc0,
    0x18, 0xc0, 0x18, 0xc0, 0x18, 0xc0, 0x18, 0xc0, 0x18, 0xc0, 0x18, 0xc0,
    0x18, 0xc0, 0x18, 0xc0, 0x18, 0xc0, 0x18, 0xc0, 0x18, 0xc0, 0x18, 0xc0,
    0x18, 0xc0, 0x18, 0xc0, 0x18, 0xc0, 0x18, 0xc0, 0x18, 0xc0, 0x00, 0xc0,
    0x00, 0xc0, 0x00, 0xc0, 0x00, 0xc0, 0x00, 0xc0, 0x00, 0xc0, 0x00, 0xc0,
    0x00, 0xc0, 0x00, 0xc0, 0x00, 0xc0, 0x00, 0xc0, 0x00, 0xc0, 0x00, 0xc0,
    0x00, 0xc0, 0x00, 0xc0, 0x00, 0xc0, 0x00, 0xc0, 0x00, 0xc0, 0x00, 0xc0,
    0x00, 0xc0, 0x00, 0xc0, 0x00, 0xc0, 0x00, 0xc0, 0x00, 0xc0, 0x00, 0xc0,
    0x00, 0xc0, 0x00, 0xc0, 0x00, 0xc0, 0x00, 0xc0, 0x00, 0xc0, 0x00, 0xc0,
    0x00, 0xc0, 0x00, 0xc0, 0x00, 0xc0, 0x00, 0xc0, 0x00, 0xc0, 0x00, 0xc0,
    0x00, 0xc0, 0x00, 0xc0, 0x00, 0xc0, 0x00, 0xc0, 0x00, 0xc0, 0x00, 0xc0,
    0x00, 0xc0, 0x00, 0xc0, 0x0d, 0x30, 0x18, 0x00, 0x18, 0x00, 0x18, 0x00,
    0x18, 0x00, 0x18, 0x00, 0x18, 0x00, 0x18, 0x00, 0x18, 0x00, 0x18, 0x00,
    0x18, 0x00, 0x18, 0x00, 0x18, 0x00, 0x18, 0x00, 0x18, 0x00, 0x18, 0x00,
    0x18, 0x00, 0x18, 0x00, 0x18, 0x00, 0x18, 0x00, 0x18, 0x00, 0x18, 0x00,
    0x18, 0x00, 0x18, 0x00, 0x18, 0x00, 0x18, 0x00, 0x18, 0x00, 0x18, 0x00,
    0x18, 0x00, 0x18, 0x00, 0x18, 0x00, 0x18, 0x00, 0x18, 0x00, 0x18, 0x00,
    0x18, 0x00, 0x18, 0x00, 0x18, 0x00, 0x18, 0x00, 0x18, 0x00, 0x18, 0x00,
    0x18, 0x00, 0x18, 0x00, 0x18, 0x00, 0x18, 0x00, 0x18, 0x00, 0x18, 0x00,
    0x18, 0xc6, 0x18, 0xc6, 0x18, 0xc6, 0x18, 0xc6, 0x18, 0xc6, 0x18, 0xc6,
    0x18, 0xc6, 0x18, 0xc6, 0x18, 0xc6, 0x18, 0xc6, 0x18, 0xc6, 0x18, 0xc6,
    0x18, 0xc6, 0x18, 0xc6, 0x18, 0xc6, 0x18, 0xc6, 0x18, 0xc6, 0x18, 0xc6,
    0x18, 0xc6, 0x18, 0xc6, 0x18, 0xc6, 0x18, 0xc6, 0x18, 0xc6, 0x18, 0xc6,
    0x18, 0xc6, 0x18, 0xc6, 0x18, 0xc6, 0x18, 0xc6, 0x18, 0xc6, 0x18, 0xc6,
    0x18, 0xc6, 0x18, 0xc6, 0x18, 0xc6, 0x18, 0xc6, 0x18, 0xc6, 0x18, 0xc6,
    0x18, 0xc6, 0x18, 0xc6, 0x18, 0xc6, 0x18, 0xc6, 0x18, 0xc6, 0x18, 0xc6,
    0x18, 0xc6, 0x18, 0xc6, 0x18, 0xc6, 0xf8, 0xbd, 0x00, 0xc6, 0x00, 0xc6,
    0x00, 0xc6, 0x00, 0xc6, 0x00, 0xc6, 0x00, 0xc6, 0x00, 0xc6, 0x00, 0xc6,
    0x00, 0xc6, 0x00, 0xc6, 0x00, 0xc6, 0x00, 0xc6, 0x00, 0xc6, 0x00, 0xc6,
    0x00, 0xc6, 0x00, 0xc6, 0x00, 0xc6, 0x00, 0xc6, 0x00, 0xc6, 0x00, 0xc6,
    0x00, 0xc6, 0x00, 0xc6, 0x00, 0xc6, 0x00, 0xc6, 0x00, 0xc6, 0x00, 0xc6,
    0x00, 0xc6, 0x00, 0xc6, 0x00, 0xc6, 0x00, 0xc6, 0x00, 0xc6, 0x00, 0xc6,
    0x00, 0xc6, 0x00, 0xc6, 0x00, 0xc6, 0x00, 0xc6, 0x00, 0xc6, 0x00, 0xc6,
    0x00, 0xc6, 0x00, 0xc6, 0x00, 0xc6, 0x00, 0xc6, 0x00, 0xc6, 0x00, 0xc6,
    0x00, 0xc6, 0xf8, 0xc5, 0x18, 0x06, 0x18, 0x06, 0x18, 0x06, 0x18, 0x06,
    0x18, 0x06, 0x18, 0x06, 0x18, 0x06, 0x18, 0x06, 0x18, 0x06, 0x18, 0x06,
    0x18, 0x06, 0x18, 0x06, 0x18, 0x06, 0x18, 0x06, 0x18, 0x06, 0x18, 0x06,
    0x18, 0x06, 0x18, 0x06, 0x18, 0x06, 0x18, 0x06, 0x18, 0x06, 0x18, 0x06,
    0x18, 0x06, 0x18, 0x06, 0x18, 0x06, 0x18, 0x06, 0x18, 0x06, 0x18, 0x06,
    0x18, 0x06, 0x18, 0x06, 0x18, 0x06, 0x18, 0x06, 0x18, 0x06, 0x18, 0x06,
    0x18, 0x06, 0x18, 0x06, 0x18, 0x06, 0x18, 0x06, 0x18, 0x06, 0x18, 0x06,
    0x18, 0x06, 0x18, 0x06, 0x18, 0x06, 0x18, 0x06, 0x18, 0x06, 0xe2, 0x0c,
    0x00, 0x06, 0x00, 0x06, 0x00, 0x06, 0x00, 0x06, 0x00, 0x06, 0x00, 0x06,
    0x00, 0x06, 0x00, 0x06, 0x00, 0x06, 0x00, 0x06, 0x00, 0x06, 0x00, 0x06,
    0x00, 0x06, 0x00, 0x06, 0x00, 0x06, 0x00, 0x06, 0x00, 0x06, 0x00, 0x06,
    0x00, 0x06, 0x00, 0x06, 0x00, 0x06, 0x00, 0x06, 0x00, 0x06, 0x00, 0x06,
    0x00, 0x06, 0x00, 0x06, 0x00, 0x06, 0x00, 0x06, 0x00, 0x06, 0x00, 0x06,
    0x00, 0x06, 0x00, 0x06, 0x00, 0x06, 0x00, 0x06, 0x00, 0x06, 0x00, 0x06,
    0x00, 0x06, 0x00, 0x06, 0x00, 0x06, 0x00, 0x06, 0x00, 0x06, 0x00, 0x06,
    0x00, 0x06, 0x00, 0x06, 0x47, 0x43, 0x18, 0xc0, 0x18, 0xc0, 0x18, 0xc0,
    0x18, 0xc0, 0x18, 0xc0, 0x18, 0xc0, 0x18, 0xc0, 0x18, 0xc0, 0x18, 0xc0,
    0x18, 0xc0, 0x18, 0xc0, 0x18, 0xc0, 0x18, 0xc0, 0x18, 0xc0, 0x18, 0xc0,
    0x18, 0xc0, 0x18, 0xc0, 0x18, 0xc0, 0x18, 0xc0, 0x18, 0xc0, 0x18, 0xc0,
    0x18, 0xc0, 0x18, 0xc0, 0x18, 0xc0, 0x18, 0xc0, 0x18, 0xc0, 0x18, 0xc0,
    0x18, 0xc0, 0x18, 0xc0, 0x18, 0xc0, 0x18, 0xc0, 0x18, 0xc0, 0x18, 0xc0,
    0x18, 0xc0, 0x18, 0xc0, 0x18, 0xc0, 0x18, 0xc0, 0x18, 0xc0, 0x18, 0xc0,
    0x18, 0xc0, 0x18, 0xc0, 0x18, 0xc0, 0x18, 0xc0, 0x18, 0xc0, 0x18, 0xc0,
    0x18, 0xc0, 0x00, 0xc0, 0x00, 0xc0, 0x00, 0xc0, 0x00, 0xc0, 0x00, 0xc0,
    0x00, 0xc0, 0x00, 0xc0, 0x00, 0xc0, 0x00, 0xc0, 0x00, 0xc0, 0x00, 0xc0,
    0x00, 0xc0, 0x00, 0xc0, 0x00, 0xc0, 0x00, 0xc0, 0x00, 0xc0, 0x00, 0xc0,
    0x00, 0xc0, 0x00, 0xc0, 0x00, 0xc0, 0x00, 0xc0, 0x00, 0xc0, 0x00, 0xc0,
    0x00, 0xc0, 0x00, 0xc0, 0x00, 0xc0, 0x00, 0xc0, 0x00, 0xc0, 0x00, 0xc0,
    0x00, 0xc0, 0x00, 0xc0, 0x00, 0xc0, 0x00, 0xc0, 0x00, 0xc0, 0x00, 0xc0,
    0x00, 0xc0, 0x00, 0xc0, 0x00, 0xc0, 0x00, 0xc0, 0x00, 0xc0, 0x00, 0xc0,
    0x00, 0xc0, 0x00, 0xc0, 0x00, 0xc0, 0x00, 0xc0, 0x0d, 0x30, 0x18, 0x00,
    0x18, 0x00, 0x18, 0x00, 0x18, 0x00, 0x18, 0x00, 0x18, 0x00, 0x18, 0x00,
    0x18, 0x00, 0x18, 0x00, 0x18, 0x00, 0x18, 0x00, 0x18, 0x00, 0x18, 0x00,
    0x18, 0x00, 0x18, 0x00, 0x18, 0x00, 0x18, 0x00, 0x18, 0x00, 0x18, 0x00,
    0x18, 0x00, 0x18, 0x00, 0x18, 0x00, 0x18, 0x00, 0x18, 0x00, 0x18, 0x00,
    0x18, 0x00, 0x18, 0x00, 0x18, 0x00, 0x18, 0x00, 0x18, 0x00, 0x18, 0x00,
    0x18, 0x00, 0x18, 0x00, 0x18, 0x00, 0x18, 0x00, 0x18, 0x00, 0x18, 0x00,
    0x18, 0x00, 0x18, 0x00, 0x18, 0x00, 0x18, 0x00, 0x18, 0x00, 0x18, 0x00,
    0x18, 0x00, 0x18, 0x00, 0x18, 0x00, 0x18, 0x00, 0x18, 0x00, 0x18, 0x00,
    0x18, 0x00, 0x18, 0x00, 0x18, 0x00, 0x18, 0x00, 0x18, 0x00, 0x18, 0x00,
    0x18, 0x00, 0x18, 0x00, 0x18, 0x00, 0x18, 0x00, 0x18, 0x00, 0x18, 0x00,
    0x18, 0x00, 0x18, 0x00, 0x18, 0x00, 0x18, 0x00, 0x18, 0x00, 0x18, 0x00,
    0x18, 0x00, 0x18, 0x00, 0x18, 0x00, 0x18, 0x00, 0x18, 0x00, 0x18, 0x00,
    0x18, 0x00, 0x18, 0x00, 0x18, 0x00, 0x18, 0x00, 0x18, 0x00, 0x18, 0x00,
    0x18, 0x00, 0x18, 0x00, 0x18, 0x00, 0x18, 0x00, 0x18, 0x00, 0x18, 0x00,
    0x18, 0x00, 0x18, 0x00, 0x18, 0x00, 0x18, 0x00, 0x18, 0x00, 0x18, 0x00,
    0xe3, 0x18, 0xc3, 0x18, 0xc3, 0x18, 0xe3, 0x18, 0xc3, 0x18, 0xc3, 0x18,
    0xe3, 0x18, 0xc3, 0x18, 0xc3, 0x18, 0xe3, 0x18, 0xc3, 0x18, 0xc3, 0x18,
    0xe3, 0x18, 0xc3, 0x18, 0xc3, 0x18, 0xe3, 0x18, 0xc3, 0x18, 0xc3, 0x18,
    0xe3, 0x18, 0xc3, 0x18, 0xc3, 0x18, 0xe3, 0x18, 0xc3, 0x18, 0xc3, 0x18,
    0xe3, 0x18, 0xc3, 0x18, 0xc3, 0x18, 0xe3, 0x18, 0xc3, 0x18, 0xc3, 0x18,
    0xe3, 0x18, 0xc3, 0x18, 0xc3, 0x18, 0xe3, 0x18, 0xc3, 0x18, 0xc3, 0x18,
    0xe3, 0x18, 0xc3, 0x18, 0xc3, 0x18, 0xe3, 0x18, 0xc3, 0x18, 0xc3, 0x18,
    0xe3, 0x18, 0xc3, 0x18, 0xc3, 0x18, 0x18, 0xc0, 0x18, 0xc0, 0x18, 0xc0,
    0x18, 0xc0, 0x18, 0xc0, 0x18, 0xc0, 0x18, 0xc0, 0x18, 0xc0, 0x18, 0xc0,
    0x18, 0xc0, 0x18, 0xc0, 0x18, 0xc0, 0x18, 0xc0, 0x18, 0xc0, 0x18, 0xc0,
    0x18, 0xc0, 0x18, 0xc0, 0x18, 0xc0, 0x18, 0xc0, 0x18, 0xc0, 0x18, 0xc0,
    0x18, 0xc0, 0x18, 0xc0, 0x18, 0xc0, 0x18, 0xc0, 0x18, 0xc0, 0x18, 0xc0,
    0x18, 0xc0, 0x18, 0xc0, 0x18, 0xc0, 0x18, 0xc0, 0x18, 0xc0, 0x18, 0xc0,
    0x18, 0xc0, 0x18, 0xc0, 0x18, 0xc0, 0x18, 0xc0, 0x18, 0xc0, 0x18, 0xc0,
    0x18, 0xc0, 0x18, 0xc0, 0x18, 0xc0, 0x18, 0xc0, 0x18, 0xc0, 0x18, 0xc0,
    0x18, 0xc0, 0x89, 0x48, 0xc3, 0x18, 0xc3, 0x18, 0xe3, 0x18, 0xc3, 0x18,
    0xc3, 0x18, 0xc3, 0x18, 0xe3, 0x18, 0xc3, 0x18, 0xc3, 0x18, 0xc3, 0x18,
    0xe3, 0x18, 0xc3, 0x18, 0xc3, 0x18, 0xe3, 0x18, 0xc3, 0x18, 0xc3, 0x18,
    0xe3, 0x18, 0xc3, 0x18, 0xc3, 0x18, 0xe3, 0x18, 0xc3, 0x18, 0xc3, 0x18,
    0xe3, 0x18, 0xc3, 0x18, 0xc3, 0x18, 0xe3, 0x18, 0xc3, 0x18, 0xc3, 0x18,
    0xe3, 0x18, 0xc3, 0x18, 0xc3, 0x18, 0xe3, 0x18, 0xc3, 0x18, 0xc3, 0x18,
    0xe3, 0x18, 0xc3, 0x18, 0xc3, 0x18, 0xe3, 0x18, 0xc3, 0x18, 0xc3, 0x18,
    0xc3, 0x18, 0xc3, 0x18, 0xc3, 0x18, 0xc3, 0x18, 0x29, 0x12, 0x18, 0x06,
    0x18, 0x06, 0x18, 0x06, 0x18, 0x06, 0x18, 0x06, 0x18, 0x06, 0x18, 0x06,
    0x18, 0x06, 0x18, 0x06, 0x18, 0x06, 0x18, 0x06, 0x18, 0x06, 0x18, 0x06,
    0x18, 0x06, 0x18, 0x06, 0x18, 0x06, 0x18, 0x06, 0x18, 0x06, 0x18, 0x06,
    0x18, 0x06, 0x18, 0x06, 0x18, 0x06, 0x18, 0x06, 0x18, 0x06, 0x18, 0x06,
    0x18, 0x06, 0x18, 0x06, 0x18, 0x06, 0x18, 0x06, 0x18, 0x06, 0x18, 0x06,
    0x18, 0x06, 0x18, 0x06, 0x18, 0x06, 0x18, 0x06, 0x18, 0x06, 0x18, 0x06,
    0x18, 0x06, 0x18, 0x06, 0x18, 0x06, 0x18, 0x06, 0x18, 0x06, 0x18, 0x06,
    0x18, 0x06, 0x18, 0x06, 0x18, 0x06, 0xc3, 0x18, 0xc3, 0x18, 0xc3, 0x18,
    0xc3, 0x18, 0xc3, 0x18, 0xc3, 0x18, 0xc3, 0x18, 0xc3, 0x18, 0xc3, 0x18,
    0xc3, 0x18, 0xc3, 0x18, 0xc3, 0x18, 0xc3, 0x18, 0xc3, 0x18, 0xc3, 0x18,
    0xc3, 0x18, 0xc3, 0x18, 0xc3, 0x18, 0xc3, 0x18, 0xc3, 0x18, 0xc3, 0x18,
    0xc3, 0x18, 0xc3, 0x18, 0xc3, 0x18, 0xc3, 0x18, 0xc3, 0x18, 0xc3, 0x18,
    0xc3, 0x18, 0xc3, 0x18, 0xc3, 0x18, 0xc3, 0x18, 0xc3, 0x18, 0xc3, 0x18,
    0xc3, 0x18, 0xc3, 0x18, 0xc3, 0x18, 0xc3, 0x18, 0xc3, 0x18, 0xc3, 0x18,
    0xc3, 0x18, 0xc3, 0x18, 0xc3, 0x18, 0xc3, 0x18, 0xc3, 0x18, 0xa3, 0x18,
    0xf8, 0xc5, 0x18, 0xc6, 0x18, 0xc6, 0x18, 0xc6, 0x18, 0xc6, 0x18, 0xc6,
    0x18, 0xc6, 0x18, 0xc6, 0x18, 0xc6, 0x18, 0xc6, 0x18, 0xc6, 0x18, 0xc6,
    0x18, 0xc6, 0x18, 0xc6, 0x18, 0xc6, 0x18, 0xc6, 0x18, 0xc6, 0x18, 0xc6,
    0x18, 0xc6, 0x18, 0xc6, 0x18, 0xc6, 0x18, 0xc6, 0x18, 0xc6, 0x18, 0xc6,
    0x18, 0xc6, 0x18, 0xc6, 0x18, 0xc6, 0x18, 0xc6, 0x18, 0xc6, 0x18, 0xc6,
    0x18, 0xc6, 0x18, 0xc6, 0x18, 0xc6, 0x18, 0xc6, 0x18, 0xc6, 0x18, 0xc6,
    0x18, 0xc6, 0x18, 0xc6, 0x18, 0xc6, 0x18, 0xc6, 0x18, 0xc6, 0x18, 0xc6,
    0x18, 0xc6, 0x18, 0xc6, 0x18, 0xc6, 0x18, 0xc6, 0x18, 0x00, 0x18, 0x00,
    0x18, 0x00, 0x18, 0x00, 0x18, 0x00, 0x18, 0x00, 0x18, 0x00, 0x18, 0x00,
    0x18, 0x00, 0x18, 0x00, 0x18, 0x00, 0x18, 0x00, 0x18, 0x00, 0x18, 0x00,
    0x18, 0x00, 0x18, 0x00, 0x18, 0x00, 0x18, 0x00, 0x18, 0x00, 0x18, 0x00,
    0x18, 0x00, 0x18, 0x00, 0x18, 0x00, 0x18, 0x00, 0x18, 0x00, 0x18, 0x00,
    0x18, 0x00, 0x18, 0x00, 0x18, 0x00, 0x18, 0x00, 0x18, 0x00, 0x18, 0x00,
    0x18, 0x00, 0x18, 0x00, 0x18, 0x00, 0x18, 0x00, 0x18, 0x00, 0x18, 0x00,
    0x18, 0x00, 0x18, 0x00, 0x18, 0x00, 0x18, 0x00, 0x18, 0x00, 0x18, 0x00,
    0x18, 0x00, 0x18, 0x00, 0xa3, 0x18, 0xa3, 0x10, 0xa3, 0x18, 0xa3, 0x18,
    0xa3, 0x10, 0xa3, 0x18, 0xa3, 0x18, 0xa3, 0x10, 0xa3, 0x18, 0xa3, 0x18,
    0xa3, 0x10, 0xa3, 0x18, 0xa3, 0x10, 0xa3, 0x18, 0xa3, 0x18, 0xa3, 0x10,
    0xa3, 0x18, 0xa3, 0x10, 0xa3, 0x18, 0xa3, 0x18, 0xa3, 0x10, 0xa3, 0x18,
    0xa3, 0x10, 0xa3, 0x18, 0xa3, 0x18, 0xa3, 0x10, 0xa3, 0x18, 0xa3, 0x10,
    0xa3, 0x18, 0xa3, 0x18, 0xa3, 0x10, 0xa3, 0x18, 0xa3, 0x10, 0xa3, 0x18,
    0xa3, 0x18, 0xa3, 0x10, 0xa3, 0x18, 0xa3, 0x10, 0xa3, 0x18, 0xa3, 0x18,
    0xa3, 0x10, 0xa3, 0x18, 0xa3, 0x18, 0xa3, 0x10, 0xa3, 0x10, 0x18, 0xc0,
    0x18, 0xc0, 0x18, 0xc0, 0x18, 0xc0, 0x18, 0xc0, 0x18, 0xc0, 0x18, 0xc0,
    0x18, 0xc0, 0x18, 0xc0, 0x18, 0xc0, 0x18, 0xc0, 0x18, 0xc0, 0x18, 0xc0,
    0x18, 0xc0, 0x18, 0xc0, 0x18, 0xc0, 0x18, 0xc0, 0x18, 0xc0, 0x18, 0xc0,
    0x18, 0xc0, 0x18, 0xc0, 0x18, 0xc0, 0x18, 0xc0, 0x18, 0xc0, 0x18, 0xc0,
    0x18, 0xc0, 0x18, 0xc0, 0x18, 0xc0, 0x18, 0xc0, 0x18, 0xc0, 0x18, 0xc0,
    0x18, 0xc0, 0x18, 0xc0, 0x18, 0xc0, 0x18, 0xc0, 0x18, 0xc0, 0x18, 0xc0,
    0x18, 0xc0, 0x18, 0xc0, 0x18, 0xc0, 0x18, 0xc0, 0x18, 0xc0, 0x18, 0xc0,
    0x18, 0xc0, 0x18, 0xc0, 0x18, 0xc0, 0x89, 0x40, 0xa2, 0x10, 0xa3, 0x10,
    0xa3, 0x18, 0xa2, 0x10, 0xa3, 0x10, 0xa3, 0x18, 0xa2, 0x10, 0xa3, 0x10,
    0xa3, 0x18, 0xa2, 0x10, 0xa3, 0x10, 0xa3, 0x18, 0xa2, 0x10, 0xa3, 0x10,
    0xa3, 0x18, 0xa2, 0x10, 0xa3, 0x10, 0xa3, 0x18, 0xa2, 0x10, 0xa3, 0x10,
    0xa3, 0x18, 0xa2, 0x10, 0xa3, 0x10, 0xa3, 0x18, 0xa2, 0x10, 0xa3, 0x10,
    0xa3, 0x18, 0xa2, 0x10, 0xa3, 0x10, 0xa3, 0x18, 0xa2, 0x10, 0xa3, 0x10,
    0xa2, 0x18, 0xa3, 0x10, 0xa3, 0x10, 0xa2, 0x18, 0xa3, 0x10, 0xa2, 0x10,
    0xa3, 0x18, 0xa3, 0x10, 0xa2, 0x10, 0xa3, 0x18, 0xa2, 0x10, 0xa2, 0x10,
    0x29, 0x12, 0x18, 0x06, 0x18, 0x06, 0x18, 0x06, 0x18, 0x06, 0x18, 0x06,
    0x18, 0x06, 0x18, 0x06, 0x18, 0x06, 0x18, 0x06, 0x18, 0x06, 0x18, 0x06,
    0x18, 0x06, 0x18, 0x06, 0x18, 0x06, 0x18, 0x06, 0x18, 0x06, 0x18, 0x06,
    0x18, 0x06, 0x18, 0x06, 0x18, 0x06, 0x18, 0x06, 0x18, 0x06, 0x18, 0x06,
    0x18, 0x06, 0x18, 0x06, 0x18, 0x06, 0x18, 0x06, 0x18, 0x06, 0x18, 0x06,
    0x18, 0x06, 0x18, 0x06, 0x18, 0x06, 0x18, 0x06, 0x18, 0x06, 0x18, 0x06,
    0x18, 0x06, 0x18, 0x06, 0x18, 0x06, 0x18, 0x06, 0x18, 0x06, 0x18, 0x06,
    0x18, 0x06, 0x18, 0x06, 0x18, 0x06, 0x18, 0x06, 0x18, 0x06, 0xa2, 0x10,
    0xa3, 0x18, 0xa2, 0x10, 0xa3, 0x18, 0xa2, 0x10, 0xa3, 0x10, 0xa2, 0x18,
    0xa2, 0x10, 0xa3, 0x18, 0xa2, 0x10, 0xa2, 0x10, 0xa3, 0x18, 0xa2, 0x10,
    0xa2, 0x10, 0xa3, 0x18, 0xa2, 0x10, 0xa2, 0x10, 0xa3, 0x18, 0xa2, 0x10,
    0xa2, 0x10, 0xa3, 0x18, 0xa2, 0x10, 0xa2, 0x10, 0xa3, 0x18, 0xa2, 0x10,
    0xa2, 0x10, 0xa3, 0x18, 0xa2, 0x10, 0xa2, 0x10, 0xa3, 0x18, 0xa2, 0x10,
    0xa2, 0x10, 0xa3, 0x18, 0xa2, 0x10, 0xa2, 0x10, 0xa3, 0x18, 0xa2, 0x10,
    0xa2, 0x10, 0xa3, 0x18, 0xa2, 0x10, 0xa2, 0x10, 0xa3, 0x18, 0xa2, 0x10,
    0xa2, 0x10, 0xa3, 0x10, 0xf8, 0xc5, 0x18, 0xc6, 0x18, 0xc6, 0x18, 0xc6,
    0x18, 0xc6, 0x18, 0xc6, 0x18, 0xc6, 0x18, 0xc6, 0x18, 0xc6, 0x18, 0xc6,
    0x18, 0xc6, 0x18, 0xc6, 0x18, 0xc6, 0x18, 0xc6, 0x18, 0xc6, 0x18, 0xc6,
    0x18, 0xc6, 0x18, 0xc6, 0x18, 0xc6, 0x18, 0xc6, 0x18, 0xc6, 0x18, 0xc6,
    0x18, 0xc6, 0x18, 0xc6, 0x18, 0xc6, 0x18, 0xc6, 0x18, 0xc6, 0x18, 0xc6,
    0x18, 0xc6, 0x18, 0xc6, 0x18, 0xc6, 0x18, 0xc6, 0x18, 0xc6, 0x18, 0xc6,
    0x18, 0xc6, 0x18, 0xc6, 0x18, 0xc6, 0x18, 0xc6, 0x18, 0xc6, 0x18, 0xc6,
    0x18, 0xc6, 0x18, 0xc6, 0x18, 0xc6, 0x18, 0xc6, 0x18, 0xc6, 0x18, 0xc6,
    0x18, 0x00, 0x18, 0x00, 0x18, 0x00, 0x18, 0x00, 0x18, 0x00, 0x18, 0x00,
    0x18, 0x00, 0x18, 0x00, 0x18, 0x00, 0x18, 0x00, 0x18, 0x00, 0x18, 0x00,
    0x18, 0x00, 0x18, 0x00, 0x18, 0x00, 0x18, 0x00, 0x18, 0x00, 0x18, 0x00,
    0x18, 0x00, 0x18, 0x00, 0x18, 0x00, 0x18, 0x00, 0x18, 0x00, 0x18, 0x00,
    0x18, 0x00, 0x18, 0x00, 0x18, 0x00, 0x18, 0x00, 0x18, 0x00, 0x18, 0x00,
    0x18, 0x00, 0x18, 0x00, 0x18, 0x00, 0x18, 0x00, 0x18, 0x00, 0x18, 0x00,
    0x18, 0x00, 0x18, 0x00, 0x18, 0x00, 0x18, 0x00, 0x18, 0x00, 0x18, 0x00,
    0x18, 0x00, 0x18, 0x00, 0x18, 0x00, 0x18, 0x00, 0xa2, 0x10, 0xa2, 0x10,
    0xa2, 0x10, 0xa2, 0x10, 0xa2, 0x10, 0xa2, 0x10, 0xa2, 0x10, 0xa2, 0x10,
    0xa2, 0x10, 0xa2, 0x10, 0xa2, 0x18, 0xa2, 0x10, 0xa2, 0x10, 0xa2, 0x10,
    0xa2, 0x10, 0xa2, 0x18, 0xa2, 0x10, 0xa2, 0x10, 0xa2, 0x10, 0xa2, 0x10,
    0xa2, 0x18, 0xa2, 0x10, 0xa2, 0x10, 0xa2, 0x10, 0xa2, 0x10, 0xa2, 0x18,
    0xa2, 0x10, 0xa2, 0x10, 0xa2, 0x10, 0xa2, 0x10, 0xa2, 0x18, 0xa2, 0x10,
    0xa2, 0x10, 0xa2, 0x10, 0xa2, 0x10, 0xa2, 0x18, 0xa2, 0x10, 0xa2, 0x10,
    0xa2, 0x10, 0xa2, 0x10, 0xa2, 0x10, 0xa2, 0x10, 0xa2, 0x18, 0xa2, 0x10,
    0xa2, 0x18, 0x18, 0xc0, 0x18, 0xc0, 0x18, 0xc0, 0x18, 0xc0, 0x18, 0xc0,
    0x18, 0xc0, 0x18, 0xc0, 0x18, 0xc0, 0x18, 0xc0, 0x18, 0xc0, 0x18, 0xc0,
    0x18, 0xc0, 0x18, 0xc0, 0x18, 0xc0, 0x18, 0xc0, 0x18, 0xc0, 0x18, 0xc0,
    0x18, 0xc0, 0x18, 0xc0, 0x18, 0xc0, 0x18, 0xc0, 0x18, 0xc0, 0x18, 0xc0,
    0x18, 0xc0, 0x18, 0xc0, 0x18, 0xc0, 0x18, 0xc0, 0x18, 0xc0, 0x18, 0xc0,
    0x18, 0xc0, 0x18, 0xc0, 0x18, 0xc0, 0x18, 0xc0, 0x18, 0xc0, 0x18, 0xc0,
    0x18, 0xc0, 0x18, 0xc0, 0x18, 0xc0, 0x18, 0xc0, 0x18, 0xc0, 0x18, 0xc0,
    0x18, 0xc0, 0x18, 0xc0, 0x18, 0xc0, 0x18, 0xc0, 0x18, 0xc0, 0x89, 0x48,
    0xa2, 0x10, 0xa2, 0x18, 0xa2, 0x10, 0xa2, 0x10, 0xa2, 0x18, 0xa2, 0x10,
    0xa2, 0x18, 0xa3, 0x10, 0xa2, 0x18, 0xa2, 0x10, 0xa2, 0x10, 0xa2, 0x18,
    0xa2, 0x10, 0xa3, 0x18, 0xa2, 0x10, 0xa2, 0x18, 0xa2, 0x10, 0xa2, 0x18,
    0xa2, 0x10, 0xa2, 0x18, 0xa2, 0x10, 0xa2, 0x18, 0xa2, 0x10, 0xa2, 0x18,
    0xa2, 0x10, 0xa2, 0x18, 0xa2, 0x10, 0xa2, 0x18, 0xa2, 0x10, 0xa2, 0x18,
    0xa3, 0x10, 0xa2, 0x18, 0xa2, 0x10, 0xa2, 0x18, 0xa2, 0x10, 0xa3, 0x18,
    0xa2, 0x10, 0xa2, 0x18, 0xa2, 0x10, 0xa2, 0x18, 0xa3, 0x10, 0xa2, 0x18,
    0xa3, 0x10, 0xa2, 0x10, 0x29, 0x12, 0x18, 0x06, 0x18, 0x06, 0x18, 0x06,
    0x18, 0x06, 0x18, 0x06, 0x18, 0x06, 0x18, 0x06, 0x18, 0x06, 0x18, 0x06,
    0x18, 0x06, 0x18, 0x06, 0x18, 0x06, 0x18, 0x06, 0x18, 0x06, 0x18, 0x06,
    0x18, 0x06, 0x18, 0x06, 0x18, 0x06, 0x18, 0x06, 0x18, 0x06, 0x18, 0x06,
    0x18, 0x06, 0x18, 0x06, 0x18, 0x06, 0x18, 0x06, 0x18, 0x06, 0x18, 0x06,
    0x18, 0x06, 0x18, 0x06, 0x18, 0x06, 0x18, 0x06, 0x18, 0x06, 0x18, 0x06,
    0x18, 0x06, 0x18, 0x06, 0x18, 0x06, 0x18, 0x06, 0x18, 0x06, 0x18, 0x06,
    0x18, 0x06, 0x18, 0x06, 0x18, 0x06, 0x18, 0x06, 0x18, 0x06, 0x18, 0x06,
    0x18, 0x06, 0xa3, 0x18, 0xa2, 0x10, 0xa2, 0x10, 0xa3, 0x18, 0xa2, 0x10,
    0xa2, 0x18, 0xa3, 0x10, 0xa2, 0x10, 0xa3, 0x18, 0xa2, 0x10, 0xa3, 0x18,
    0xa3, 0x18, 0xa2, 0x10, 0xa3, 0x18, 0xa2, 0x10, 0xa3, 0x18, 0xa2, 0x10,
    0xa3, 0x18, 0xa2, 0x10, 0xa3, 0x18, 0xa2, 0x10, 0xa2, 0x10, 0xa3, 0x18,
    0xa2, 0x10, 0xa3, 0x18, 0xa2, 0x10, 0xa2, 0x10, 0xa3, 0x18, 0xa2, 0x10,
    0xa3, 0x18, 0xa2, 0x10, 0xa2, 0x10, 0xa3, 0x18, 0xa2, 0x10, 0xa2, 0x10,
    0xa3, 0x18, 0xa2, 0x10, 0xa2, 0x10, 0xa3, 0x18, 0xa2, 0x10, 0xa2, 0x10,
    0xa3, 0x18, 0xa2, 0x18, 0xa2, 0x10, 0xa3, 0x10, 0xf8, 0xbd, 0x18, 0xc6,
    0x18, 0xc6, 0x18, 0xc6, 0x18, 0xc6, 0x18, 0xc6, 0x18, 0xc6, 0x18, 0xc6,
    0x18, 0xc6, 0x18, 0xc6, 0x18, 0xc6, 0x18, 0xc6, 0x18, 0xc6, 0x18, 0xc6,
    0x18, 0xc6, 0x18, 0xc6, 0x18, 0xc6, 0x18, 0xc6, 0x18, 0xc6, 0x18, 0xc6,
    0x18, 0xc6, 0x18, 0xc6, 0x18, 0xc6, 0x18, 0xc6, 0x18, 0xc6, 0x18, 0xc6,
    0x18, 0xc6, 0x18, 0xc6, 0x18, 0xc6, 0x18, 0xc6, 0x18, 0xc6, 0x18, 0xc6,
    0x18, 0xc6, 0x18, 0xc6, 0x18, 0xc6, 0x18, 0xc6, 0x18, 0xc6, 0x18, 0xc6,
    0x18, 0xc6, 0x18, 0xc6, 0x18, 0xc6, 0x18, 0xc6, 0x18, 0xc6, 0x18, 0xc6,
    0x18, 0xc6, 0x18, 0xc6, 0x18, 0x00, 0x18, 0x00, 0x18, 0x00, 0x18, 0x00,
    0x18, 0x00, 0x18, 0x00, 0x18, 0x00, 0x18, 0x00, 0x18, 0x00, 0x18, 0x00,
    0x18, 0x00, 0x18, 0x00, 0x18, 0x00, 0x18, 0x00, 0x18, 0x00, 0x18, 0x00,
    0x18, 0x00, 0x18, 0x00, 0x18, 0x00, 0x18, 0x00, 0x18, 0x00, 0x18, 0x00,
    0x18, 0x00, 0x18, 0x00, 0x18, 0x00, 0x18, 0x00, 0x18, 0x00, 0x18, 0x00,
    0x18, 0x00, 0x18, 0x00, 0x18, 0x00, 0x18, 0x00, 0x18, 0x00, 0x18, 0x00,
    0x18, 0x00, 0x18, 0x00, 0x18, 0x00, 0x18, 0x00, 0x18, 0x00, 0x18, 0x00,
    0x18, 0x00, 0x18, 0x00, 0x18, 0x00, 0x18, 0x00, 0x18, 0x00, 0x18, 0x00,
    0xa2, 0x18, 0xa3, 0x10, 0x82, 0x18, 0xa2, 0x18, 0xa3, 0x10, 0x82, 0x18,
    0xa2, 0x18, 0xa3, 0x10, 0x82, 0x18, 0xa2, 0x10, 0xa3, 0x10, 0x82, 0x18,
    0xa2, 0x18, 0xa3, 0x10, 0x82, 0x10, 0xa2, 0x18, 0xa3, 0x10, 0x82, 0x18,
    0xa2, 0x10, 0xa3, 0x10, 0x82, 0x18, 0xa2, 0x10, 0xa3, 0x18, 0x82, 0x10,
    0xa2, 0x10, 0xa3, 0x18, 0x82, 0x10, 0xa2, 0x18, 0xa3, 0x10, 0x82, 0x10,
    0xa2, 0x18, 0x83, 0x10, 0xa2, 0x18, 0xa2, 0x10, 0x83, 0x10, 0xa2, 0x18,
    0x82, 0x10, 0xa3, 0x18, 0x82, 0x18, 0xa2, 0x10, 0x82, 0x18, 0xa3, 0x10,
    0xa2, 0x10, 0x82, 0x18, 0xa3, 0x10, 0x18, 0xc0, 0x18, 0xc0, 0x18, 0xc0,
    0x18, 0xc0, 0x18, 0xc0, 0x18, 0xc0, 0x18, 0xc0, 0x18, 0xc0, 0x18, 0xc0,
    0x18, 0xc0, 0x18, 0xc0, 0x18, 0xc0, 0x18, 0xc0, 0x18, 0xc0, 0x18, 0xc0,
    0x18, 0xc0, 0x18, 0xc0, 0x18, 0xc0, 0x18, 0xc0, 0x18, 0xc0, 0x18, 0xc0,
    0x18, 0xc0, 0x18, 0xc0, 0x18, 0xc0, 0x18, 0xc0, 0x18, 0xc0, 0x18, 0xc0,
    0x18, 0xc0, 0x18, 0xc0, 0x18, 0xc0, 0x18, 0xc0, 0x18, 0xc0, 0x18, 0xc0,
    0x18, 0xc0, 0x18, 0xc0, 0x18, 0xc0, 0x18, 0xc0, 0x18, 0xc0, 0x18, 0xc0,
    0x18, 0xc0, 0x18, 0xc0, 0x18, 0xc0, 0x18, 0xc0, 0x18, 0xc0, 0x18, 0xc0,
    0x18, 0xc0, 0x69, 0x48, 0xa2, 0x10, 0xa3, 0x10, 0x82, 0x18, 0xa3, 0x10,
    0xa3, 0x10, 0x82, 0x18, 0xa2, 0x10, 0xa3, 0x10, 0x82, 0x18, 0xa2, 0x10,
    0xa3, 0x18, 0x82, 0x10, 0xa2, 0x10, 0x83, 0x18, 0xa2, 0x10, 0x82, 0x10,
    0xa3, 0x18, 0x83, 0x10, 0xa2, 0x10, 0x83, 0x10, 0xa3, 0x18, 0x82, 0x10,
    0xa3, 0x10, 0x83, 0x10, 0xa2, 0x18, 0x83, 0x10, 0xa3, 0x10, 0x82, 0x10,
    0xa3, 0x18, 0x82, 0x10, 0xa2, 0x10, 0x83, 0x18, 0xa3, 0x10, 0x82, 0x10,
    0xa2, 0x18, 0x83, 0x10, 0xa2, 0x10, 0x83, 0x18, 0xa2, 0x10, 0xa2, 0x10,
    0x82, 0x18, 0xa3, 0x10, 0xa2, 0x18, 0xa2, 0x10, 0x29, 0x12, 0x18, 0x06,
    0x18, 0x06, 0x18, 0x06, 0x18, 0x06, 0x18, 0x06, 0x18, 0x06, 0x18, 0x06,
    0x18, 0x06, 0x18, 0x06, 0x18, 0x06, 0x18, 0x06, 0x18, 0x06, 0x18, 0x06,
    0x18, 0x06, 0x18, 0x06, 0x18, 0x06, 0x18, 0x06, 0x18, 0x06, 0x18, 0x06,
    0x18, 0x06, 0x18, 0x06, 0x18, 0x06, 0x18, 0x06, 0x18, 0x06, 0x18, 0x06,
    0x18, 0x06, 0x18, 0x06, 0x18, 0x06, 0x18, 0x06, 0x18, 0x06, 0x18, 0x06,
    0x18, 0x06, 0x18, 0x06, 0x18, 0x06, 0x18, 0x06, 0x18, 0x06, 0x18, 0x06,
    0x18, 0x06, 0x18, 0x06, 0x18, 0x06, 0x18, 0x06, 0x18, 0x06, 0x18, 0x06,
    0x18, 0x06, 0x18, 0x06, 0x18, 0x06, 0xa2, 0x10, 0xa2, 0x10, 0x83, 0x18,
    0xa2, 0x10, 0xa2, 0x10, 0x83, 0x18, 0xa2, 0x10, 0xa2, 0x10, 0x83, 0x18,
    0xa2, 0x10, 0xa2, 0x10, 0x82, 0x10, 0xa2, 0x10, 0xa3, 0x10, 0x82, 0x18,
    0xa2, 0x10, 0xa3, 0x10, 0x82, 0x10, 0xa2, 0x18, 0xa3, 0x10, 0x82, 0x10,
    0xa3, 0x18, 0x82, 0x10, 0xa2, 0x10, 0x83, 0x18, 0xa2, 0x10, 0x82, 0x10,
    0xa3, 0x18, 0x82, 0x10, 0xa2, 0x10, 0x83, 0x18, 0xa2, 0x10, 0x83, 0x18,
    0xa2, 0x10, 0x83, 0x18, 0xa2, 0x10, 0x83, 0x18, 0xa2, 0x10, 0x83, 0x18,
    0xa2, 0x10, 0x83, 0x10, 0x82, 0x18, 0xa3, 0x10, 0x82, 0x18, 0xa2, 0x18,
    0xf8, 0xbd, 0x18, 0xc6, 0x18, 0xc6, 0x18, 0xc6, 0x18, 0xc6, 0x18, 0xc6,
    0x18, 0xc6, 0x18, 0xc6, 0x18, 0xc6, 0x18, 0xc6, 0x18, 0xc6, 0x18, 0xc6,
    0x18, 0xc6, 0x18, 0xc6, 0x18, 0xc6, 0x18, 0xc6, 0x18, 0xc6, 0x18, 0xc6,
    0x18, 0xc6, 0x18, 0xc6, 0x18, 0xc6, 0x18, 0xc6, 0x18, 0xc6, 0x18, 0xc6,
    0x18, 0xc6, 0x18, 0xc6, 0x18, 0xc6, 0x18, 0xc6, 0x18, 0xc6, 0x18, 0xc6,
    0x18, 0xc6, 0x18, 0xc6, 0x18, 0xc6, 0x18, 0xc6, 0x18, 0xc6, 0x18, 0xc6,
    0x18, 0xc6, 0x18, 0xc6, 0x18, 0xc6, 0x18, 0xc6, 0x18, 0xc6, 0x18, 0xc6,
    0x18, 0xc6, 0x18, 0xc6, 0x18, 0xc6, 0x18, 0xc6, 0x18, 0x00, 0x18, 0x00,
    0x18, 0x00, 0x18, 0x00, 0x18, 0x00, 0x18, 0x00, 0x18, 0x00, 0x18, 0x00,
    0x18, 0x00, 0x18, 0x00, 0x18, 0x00, 0x18, 0x00, 0x18, 0x00, 0x18, 0x00,
    0x18, 0x00, 0x18, 0x00, 0x18, 0x00, 0x18, 0x00, 0x18, 0x00, 0x18, 0x00,
    0x18, 0x00, 0x18, 0x00, 0x18, 0x00, 0x18, 0x00, 0x18, 0x00, 0x18, 0x00,
    0x18, 0x00, 0x18, 0x00, 0x18, 0x00, 0x18, 0x00, 0x18, 0x00, 0x18, 0x00,
    0x18, 0x00, 0x18, 0x00, 0x18, 0x00, 0x18, 0x00, 0x18, 0x00, 0x18, 0x00,
    0x18, 0x00, 0x18, 0x00, 0x18, 0x00, 0x18, 0x00, 0x18, 0x00, 0x18, 0x00,
    0x18, 0x00, 0x18, 0x00, 0xa3, 0x10, 0xa2, 0x18, 0x83, 0x10, 0xa3, 0x10,
    0xa2, 0x18, 0x83, 0x10, 0xa3, 0x10, 0xa2, 0x18, 0x83, 0x10, 0xa3, 0x18,
    0xa2, 0x10, 0x83, 0x10, 0xa3, 0x18, 0xa2, 0x10, 0x83, 0x18, 0xa3, 0x10,
    0xa2, 0x10, 0x83, 0x18, 0xa3, 0x18, 0xa2, 0x10, 0x83, 0x10, 0xa3, 0x18,
    0xa2, 0x10, 0x83, 0x18, 0xa3, 0x18, 0xa2, 0x10, 0x83, 0x10, 0xa3, 0x18,
    0xa2, 0x18, 0x83, 0x10, 0xa2, 0x10, 0xa3, 0x18, 0x83, 0x10, 0xa2, 0x18,
    0xa3, 0x10, 0xa2, 0x10, 0xa3, 0x18, 0x83, 0x10, 0xa2, 0x10, 0xa3, 0x18,
    0xa3, 0x10, 0x82, 0x18, 0xa3, 0x10, 0xa3, 0x10, 0xa2, 0x18, 0x18, 0xc0,
    0x18, 0xc0, 0x18, 0xc0, 0x18, 0xc0, 0x18, 0xc0, 0x18, 0xc0, 0x18, 0xc0,
    0x18, 0xc0, 0x18, 0xc0, 0x18, 0xc0, 0x18, 0xc0, 0x18, 0xc0, 0x18, 0xc0,
    0x18, 0xc0, 0x18, 0xc0, 0x18, 0xc0, 0x18, 0xc0, 0x18, 0xc0, 0x18, 0xc0,
    0x18, 0xc0, 0x18, 0xc0, 0x18, 0xc0, 0x18, 0xc0, 0x18, 0xc0, 0x18, 0xc0,
    0x18, 0xc0, 0x18, 0xc0, 0x18, 0xc0, 0x18, 0xc0, 0x18, 0xc0, 0x18, 0xc0,
    0x18, 0xc0, 0x18, 0xc0, 0x18, 0xc0, 0x18, 0xc0, 0x18, 0xc0, 0x18, 0xc0,
    0x18, 0xc0, 0x18, 0xc0, 0x18, 0xc0, 0x18, 0xc0, 0x18, 0xc0, 0x18, 0xc0,
    0x18, 0xc0, 0x18, 0xc0, 0x18, 0xc0, 0x69, 0x48, 0xa2, 0x10, 0xa2, 0x10,
    0x83, 0x18, 0xa2, 0x10, 0xa3, 0x10, 0x82, 0x18, 0xa3, 0x10, 0xa2, 0x10,
    0x83, 0x18, 0xa3, 0x10, 0xa2, 0x10, 0x83, 0x18, 0xa3, 0x10, 0xa2, 0x10,
    0xa2, 0x18, 0xa3, 0x10, 0x82, 0x10, 0xa2, 0x18, 0xa3, 0x10, 0xa2, 0x18,
    0xa2, 0x10, 0xa3, 0x10, 0x82, 0x18, 0xa2, 0x10, 0xa3, 0x10, 0xa2, 0x18,
    0xa2, 0x10, 0xa3, 0x18, 0x82, 0x10, 0xa3, 0x10, 0xa2, 0x18, 0xa2, 0x10,
    0xa3, 0x10, 0xa2, 0x18, 0x83, 0x10, 0xa2, 0x10, 0xa2, 0x18, 0xa3, 0x10,
    0x83, 0x10, 0xa2, 0x18, 0xa3, 0x10, 0xa2, 0x10, 0xa2, 0x18, 0xa3, 0x10,
    0x29, 0x12, 0x18, 0x06, 0x18, 0x06, 0x18, 0x06, 0x18, 0x06, 0x18, 0x06,
    0x18, 0x06, 0x18, 0x06, 0x18, 0x06, 0x18, 0x06, 0x18, 0x06, 0x18, 0x06,
    0x18, 0x06, 0x18, 0x06, 0x18, 0x06, 0x18, 0x06, 0x18, 0x06, 0x18, 0x06,
    0x18, 0x06, 0x18, 0x06, 0x18, 0x06, 0x18, 0x06, 0x18, 0x06, 0x18, 0x06,
    0x18, 0x06, 0x18, 0x06, 0x18, 0x06, 0x18, 0x06, 0x18, 0x06, 0x18, 0x06,
    0x18, 0x06, 0x18, 0x06, 0x18, 0x06, 0x18, 0x06, 0x18, 0x06, 0x18, 0x06,
    0x18, 0x06, 0x18, 0x06, 0x18, 0x06, 0x18, 0x06, 0x18, 0x06, 0x18, 0x06,
    0x18, 0x06, 0x18, 0x06, 0x18, 0x06, 0x18, 0x06, 0x18, 0x06, 0xa2, 0x10,
    0xa3, 0x18, 0x82, 0x10, 0xa2, 0x10, 0xa3, 0x18, 0x83, 0x10, 0xa2, 0x18,
    0xa2, 0x10, 0x83, 0x10, 0xa2, 0x18, 0xa2, 0x10, 0x83, 0x18, 0xa2, 0x10,
    0xa2, 0x18, 0x83, 0x10, 0xa2, 0x10, 0xa2, 0x18, 0x83, 0x10, 0xa2, 0x18,
    0xa2, 0x10, 0xa3, 0x18, 0x82, 0x18, 0xa2, 0x10, 0xa3, 0x10, 0xa2, 0x18,
    0xa3, 0x10, 0xa2, 0x18, 0xa3, 0x10, 0xa2, 0x10, 0xa2, 0x18, 0xa3, 0x10,
    0x82, 0x10, 0xa2, 0x10, 0xa3, 0x18, 0xa2, 0x10, 0xa2, 0x10, 0xa2, 0x10,
    0x83, 0x18, 0xa2, 0x10, 0xa2, 0x18, 0xa3, 0x10, 0xa2, 0x10, 0xa2, 0x10,
    0xa3, 0x10, 0xa3, 0x18, 0xf8, 0xbd, 0x18, 0xc6, 0x18, 0xc6, 0x18, 0xc6,
    0x18, 0xc6, 0x18, 0xc6, 0x18, 0xc6, 0x18, 0xc6, 0x18, 0xc6, 0x18, 0xc6,
    0x18, 0xc6, 0x18, 0xc6, 0x18, 0xc6, 0x18, 0xc6, 0x18, 0xc6, 0x18, 0xc6,
    0x18, 0xc6, 0x18, 0xc6, 0x18, 0xc6, 0x18, 0xc6, 0x18, 0xc6, 0x18, 0xc6,
    0x18, 0xc6, 0x18, 0xc6, 0x18, 0xc6, 0x18, 0xc6, 0x18, 0xc6, 0x18, 0xc6,
    0x18, 0xc6, 0x18, 0xc6, 0x18, 0xc6, 0x18, 0xc6, 0x18, 0xc6, 0x18, 0xc6,
    0x18, 0xc6, 0x18, 0xc6, 0x18, 0xc6, 0x18, 0xc6, 0x18, 0xc6, 0x18, 0xc6,
    0x18, 0xc6, 0x18, 0xc6, 0x18, 0xc6, 0x18, 0xc6, 0x18, 0xc6, 0x18, 0xc6,
    0x18, 0x00, 0x18, 0x00, 0x18, 0x00, 0x18, 0x00, 0x18, 0x00, 0x18, 0x00,
    0x18, 0x00, 0x18, 0x00, 0x18, 0x00, 0x18, 0x00, 0x18, 0x00, 0x18, 0x00,
    0x18, 0x00, 0x18, 0x00, 0x18, 0x00, 0x18, 0x00, 0x18, 0x00, 0x18, 0x00,
    0x18, 0x00, 0x18, 0x00, 0x18, 0x00, 0x18, 0x00, 0x18, 0x00, 0x18, 0x00,
    0x18, 0x00, 0x18, 0x00, 0x18, 0x00, 0x18, 0x00, 0x18, 0x00, 0x18, 0x00,
    0x18, 0x00, 0x18, 0x00, 0x18, 0x00, 0x18, 0x00, 0x18, 0x00, 0x18, 0x00,
    0x18, 0x00, 0x18, 0x00, 0x18, 0x00, 0x18, 0x00, 0x18, 0x00, 0x18, 0x00,
    0x18, 0x00, 0x18, 0x00, 0x18, 0x00, 0x18, 0x00, 0xa2, 0x10, 0xa2, 0x10,
    0xa2, 0x18, 0xa2, 0x10, 0xa2, 0x10, 0xa2, 0x10, 0xa2, 0x18, 0xa2, 0x10,
    0xa2, 0x10, 0xa2, 0x18, 0xa2, 0x10, 0xa2, 0x10, 0xa2, 0x10, 0xa2, 0x18,
    0xa2, 0x10, 0xa2, 0x10, 0xa2, 0x18, 0xa2, 0x10, 0xa2, 0x10, 0xa2, 0x18,
    0xa2, 0x10, 0xa2, 0x10, 0xa2, 0x10, 0xa2, 0x10, 0xa2, 0x18, 0xa2, 0x10,
    0xa2, 0x10, 0xa2, 0x10, 0xa2, 0x18, 0xa2, 0x10, 0xa3, 0x10, 0xa2, 0x18,
    0xa2, 0x10, 0x82, 0x10, 0xa2, 0x18, 0xa2, 0x10, 0xa2, 0x10, 0xa2, 0x10,
    0xa2, 0x10, 0xa2, 0x18, 0xa2, 0x10, 0xa2, 0x10, 0x82, 0x18, 0xa2, 0x10,
    0xa3, 0x10, 0x18, 0xc0, 0x18, 0xc0, 0x18, 0xc0, 0x18, 0xc0, 0x18, 0xc0,
    0x18, 0xc0, 0x18, 0xc0, 0x18, 0xc0, 0x18, 0xc0, 0x18, 0xc0, 0x18, 0xc0,
    0x18, 0xc0, 0x18, 0xc0, 0x18, 0xc0, 0x18, 0xc0, 0x18, 0xc0, 0x18, 0xc0,
    0x18, 0xc0, 0x18, 0xc0, 0x18, 0xc0, 0x18, 0xc0, 0x18, 0xc0, 0x18, 0xc0,
    0x18, 0xc0, 0x18, 0xc0, 0x18, 0xc0, 0x18, 0xc0, 0x18, 0xc0, 0x18, 0xc0,
    0x18, 0xc0, 0x18, 0xc0, 0x18, 0xc0, 0x18, 0xc0, 0x18, 0xc0, 0x18, 0xc0,
    0x18, 0xc0, 0x18, 0xc0, 0x18, 0xc0, 0x18, 0xc0, 0x18, 0xc0, 0x18, 0xc0,
    0x18, 0xc0, 0x18, 0xc0, 0x18, 0xc0, 0x18, 0xc0, 0x18, 0xc0, 0x89, 0x48,
    0xa2, 0x10, 0xa2, 0x18, 0xa2, 0x10, 0xa2, 0x18, 0xa2, 0x10, 0xa3, 0x18,
    0xa2, 0x10, 0xa2, 0x10, 0xa2, 0x18, 0xa2, 0x10, 0xa2, 0x10, 0xa2, 0x18,
    0xa3, 0x10, 0xa2, 0x10, 0x82, 0x18, 0xa3, 0x10, 0xa2, 0x10, 0xa2, 0x18,
    0xa3, 0x10, 0x82, 0x10, 0xa2, 0x18, 0xa3, 0x18, 0xa2, 0x10, 0xa2, 0x18,
    0xa3, 0x10, 0x82, 0x10, 0xa2, 0x18, 0xa2, 0x10, 0xa3, 0x10, 0xa2, 0x18,
    0xa2, 0x10, 0x83, 0x10, 0xa2, 0x18, 0xa2, 0x10, 0xa3, 0x10, 0xa2, 0x18,
    0xa2, 0x10, 0xa2, 0x10, 0xa3, 0x18, 0x82, 0x10, 0xa2, 0x10, 0x83, 0x18,
    0xa2, 0x10, 0xa2, 0x10, 0x29, 0x12, 0x18, 0x06, 0x18, 0x06, 0x18, 0x06,
    0x18, 0x06, 0x18, 0x06, 0x18, 0x06, 0x18, 0x06, 0x18, 0x06, 0x18, 0x06,
    0x18, 0x06, 0x18, 0x06, 0x18, 0x06, 0x18, 0x06, 0x18, 0x06, 0x18, 0x06,
    0x18, 0x06, 0x18, 0x06, 0x18, 0x06, 0x18, 0x06, 0x18, 0x06, 0x18, 0x06,
    0x18, 0x06, 0x18, 0x06, 0x18, 0x06, 0x18, 0x06, 0x18, 0x06, 0x18, 0x06,
    0x18, 0x06, 0x18, 0x06, 0x18, 0x06, 0x18, 0x06, 0x18, 0x06, 0x18, 0x06,
    0x18, 0x06, 0x18, 0x06, 0x18, 0x06, 0x18, 0x06, 0x18, 0x06, 0x18, 0x06,
    0x18, 0x06, 0x18, 0x06, 0x18, 0x06, 0x18, 0x06, 0x18, 0x06, 0x18, 0x06,
    0x18, 0x06, 0xa3, 0x18, 0xa2, 0x10, 0xa3, 0x18, 0xa2, 0x10, 0xa2, 0x10,
    0xa2, 0x18, 0xa3, 0x10, 0xa2, 0x18, 0xa2, 0x10, 0xa3, 0x10, 0xa3, 0x18,
    0xa2, 0x10, 0xa3, 0x18, 0xa2, 0x10, 0xa3, 0x10, 0xa2, 0x18, 0xa2, 0x10,
    0xa3, 0x18, 0x82, 0x10, 0xa2, 0x10, 0xa3, 0x10, 0xa2, 0x10, 0xa3, 0x18,
    0xa2, 0x10, 0x82, 0x10, 0xa3, 0x18, 0xa2, 0x10, 0x82, 0x18, 0xa3, 0x10,
    0xa2, 0x18, 0xa2, 0x10, 0xa3, 0x18, 0xa2, 0x10, 0xa2, 0x10, 0x83, 0x18,
    0xa2, 0x10, 0xa3, 0x18, 0xa2, 0x10, 0xa2, 0x10, 0xa3, 0x18, 0xa2, 0x18,
    0xa2, 0x10, 0x83, 0x18, 0xa2, 0x10, 0xa2, 0x10, 0xf8, 0xc5, 0x18, 0xc6,
    0x18, 0xc6, 0x18, 0xc6, 0x18, 0xc6, 0x18, 0xc6, 0x18, 0xc6, 0x18, 0xc6,
    0x18, 0xc6, 0x18, 0xc6, 0x18, 0xc6, 0x18, 0xc6, 0x18, 0xc6, 0x18, 0xc6,
    0x18, 0xc6, 0x18, 0xc6, 0x18, 0xc6, 0x18, 0xc6, 0x18, 0xc6, 0x18, 0xc6,
    0x18, 0xc6, 0x18, 0xc6, 0x18, 0xc6, 0x18, 0xc6, 0x18, 0xc6, 0x18, 0xc6,
    0x18, 0xc6, 0x18, 0xc6, 0x18, 0xc6, 0x18, 0xc6, 0x18, 0xc6, 0x18, 0xc6,
    0x18, 0xc6, 0x18, 0xc6, 0x18, 0xc6, 0x18, 0xc6, 0x18, 0xc6, 0x18, 0xc6,
    0x18, 0xc6, 0x18, 0xc6, 0x18, 0xc6, 0x18, 0xc6, 0x18, 0xc6, 0x18, 0xc6,
    0x18, 0xc6, 0x18, 0xc6, 0x18, 0x00, 0x18, 0x00, 0x18, 0x00, 0x18, 0x00,
    0x18, 0x00, 0x18, 0x00, 0x18, 0x00, 0x18, 0x00, 0x18, 0x00, 0x18, 0x00,
    0x18, 0x00, 0x18, 0x00, 0x18, 0x00, 0x18, 0x00, 0x18, 0x00, 0x18, 0x00,
    0x18, 0x00, 0x18, 0x00, 0x18, 0x00, 0x18, 0x00, 0x18, 0x00, 0x18, 0x00,
    0x18, 0x00, 0x18, 0x00, 0x18, 0x00, 0x18, 0x00, 0x18, 0x00, 0x18, 0x00,
    0x18, 0x00, 0x18, 0x00, 0x18, 0x00, 0x18, 0x00, 0x18, 0x00, 0x18, 0x00,
    0x18, 0x00, 0x18, 0x00, 0x18, 0x00, 0x18, 0x00, 0x18, 0x00, 0x18, 0x00,
    0x18, 0x00, 0x18, 0x00, 0x18, 0x00, 0x18, 0x00, 0x18, 0x00, 0x18, 0x00,
    0x83, 0x18, 0xa2, 0x10, 0x83, 0x10, 0xa3, 0x18, 0x82, 0x10, 0xa3, 0x18,
    0x83, 0x10, 0x82, 0x10, 0xa3, 0x18, 0x83, 0x10, 0xa2, 0x18, 0x83, 0x10,
    0x83, 0x18, 0xa2, 0x10, 0x83, 0x10, 0xa3, 0x18, 0x82, 0x10, 0xa3, 0x10,
    0x83, 0x10, 0x82, 0x18, 0xa3, 0x18, 0x83, 0x10, 0xa2, 0x18, 0x83, 0x10,
    0x83, 0x10, 0xa2, 0x18, 0x83, 0x10, 0xa3, 0x10, 0x82, 0x18, 0xa2, 0x10,
    0x83, 0x10, 0xa2, 0x18, 0xa2, 0x10, 0xa3, 0x10, 0x83, 0x18, 0xa2, 0x18,
    0x83, 0x10, 0xa3, 0x18, 0x82, 0x18, 0x83, 0x10, 0xa3, 0x10, 0xa2, 0x18,
    0xa3, 0x10, 0x82, 0x18, 0xa2, 0x10, 0x18, 0xc0, 0x18, 0xc0, 0x18, 0xc0,
    0x18, 0xc0, 0x18, 0xc0, 0x18, 0xc0, 0x18, 0xc0, 0x18, 0xc0, 0x18, 0xc0,
    0x18, 0xc0, 0x18, 0xc0, 0x18, 0xc0, 0x18, 0xc0, 0x18, 0xc0, 0x18, 0xc0,
    0x18, 0xc0, 0x18, 0xc0, 0x18, 0xc0, 0x18, 0xc0, 0x18, 0xc0, 0x18, 0xc0,
    0x18, 0xc0, 0x18, 0xc0, 0x18, 0xc0, 0x18, 0xc0, 0x18, 0xc0, 0x18, 0xc0,
    0x18, 0xc0, 0x18, 0xc0, 0x18, 0xc0, 0x18, 0xc0, 0x18, 0xc0, 0x18, 0xc0,
    0x18, 0xc0, 0x18, 0xc0, 0x18, 0xc0, 0x18, 0xc0, 0x18, 0xc0, 0x18, 0xc0,
    0x18, 0xc0, 0x18, 0xc0, 0x18, 0xc0, 0x18, 0xc0, 0x18, 0xc0, 0x18, 0xc0,
    0x18, 0xc0, 0x69, 0x48, 0xa2, 0x10, 0xa3, 0x10, 0x83, 0x18, 0xa2, 0x10,
    0x82, 0x10, 0xa3, 0x18, 0x82, 0x10, 0x83, 0x18, 0xa2, 0x10, 0x83, 0x18,
    0xa2, 0x10, 0x82, 0x18, 0xa3, 0x10, 0xa2, 0x18, 0x83, 0x10, 0xa2, 0x18,
    0xa3, 0x10, 0x82, 0x18, 0xa2, 0x10, 0xa3, 0x10, 0x82, 0x18, 0xa2, 0x10,
    0xa3, 0x10, 0x82, 0x18, 0xa2, 0x10, 0xa3, 0x18, 0x83, 0x10, 0xa2, 0x10,
    0xa2, 0x18, 0x83, 0x18, 0xa2, 0x10, 0xa2, 0x18, 0x83, 0x10, 0xa2, 0x10,
    0xa2, 0x18, 0x83, 0x18, 0x82, 0x10, 0xa3, 0x10, 0xa2, 0x18, 0xa2, 0x10,
    0xa3, 0x18, 0xa2, 0x10, 0x82, 0x10, 0xa2, 0x18, 0x29, 0x12, 0x18, 0x06,
    0x18, 0x06, 0x18, 0x06, 0x18, 0x06, 0x18, 0x06, 0x18, 0x06, 0x18, 0x06,
    0x18, 0x06, 0x18, 0x06, 0x18, 0x06, 0x18, 0x06, 0x18, 0x06, 0x18, 0x06,
    0x18, 0x06, 0x18, 0x06, 0x18, 0x06, 0x18, 0x06, 0x18, 0x06, 0x18, 0x06,
    0x18, 0x06, 0x18, 0x06, 0x18, 0x06, 0x18, 0x06, 0x18, 0x06, 0x18, 0x06,
    0x18, 0x06, 0x18, 0x06, 0x18, 0x06, 0x18, 0x06, 0x18, 0x06, 0x18, 0x06,
    0x18, 0x06, 0x18, 0x06, 0x18, 0x06, 0x18, 0x06, 0x18, 0x06, 0x18, 0x06,
    0x18, 0x06, 0x18, 0x06, 0x18, 0x06, 0x18, 0x06, 0x18, 0x06, 0x18, 0x06,
    0x18, 0x06, 0x18, 0x06, 0x18, 0x06, 0x82, 0x10, 0xa2, 0x10, 0xa3, 0x18,
    0x83, 0x10, 0xa2, 0x10, 0x82, 0x18, 0xa3, 0x10, 0x82, 0x10, 0xa2, 0x18,
    0x83, 0x10, 0xa2, 0x10, 0x82, 0x18, 0xa2, 0x10, 0x83, 0x10, 0xa2, 0x18,
    0x82, 0x10, 0xa3, 0x10, 0xa2, 0x18, 0xa3, 0x10, 0x82, 0x18, 0xa2, 0x10,
    0xa3, 0x10, 0x82, 0x18, 0xa2, 0x10, 0xa3, 0x10, 0x82, 0x18, 0xa2, 0x10,
    0xa3, 0x10, 0x82, 0x18, 0x83, 0x10, 0xa2, 0x10, 0xa3, 0x18, 0x82, 0x18,
    0xa2, 0x10, 0xa3, 0x10, 0x82, 0x18, 0xa2, 0x10, 0xa3, 0x10, 0x82, 0x10,
    0x83, 0x10, 0xa2, 0x10, 0xa2, 0x18, 0x83, 0x10, 0xa2, 0x10, 0xa2, 0x18,
    0xf8, 0xbd, 0x18, 0xc6, 0x18, 0xc6, 0x18, 0xc6, 0x18, 0xc6, 0x18, 0xc6,
    0x18, 0xc6, 0x18, 0xc6, 0x18, 0xc6, 0x18, 0xc6, 0x18, 0xc6, 0x18, 0xc6,
    0x18, 0xc6, 0x18, 0xc6, 0x18, 0xc6, 0x18, 0xc6, 0x18, 0xc6, 0x18, 0xc6,
    0x18, 0xc6, 0x18, 0xc6, 0x18, 0xc6, 0x18, 0xc6, 0x18, 0xc6, 0x18, 0xc6,
    0x18, 0xc6, 0x18, 0xc6, 0x18, 0xc6, 0x18, 0xc6, 0x18, 0xc6, 0x18, 0xc6,
    0x18, 0xc6, 0x18, 0xc6, 0x18, 0xc6, 0x18, 0xc6, 0x18, 0xc6, 0x18, 0xc6,
    0x18, 0xc6, 0x18, 0xc6, 0x18, 0xc6, 0x18, 0xc6, 0x18, 0xc6, 0x18, 0xc6,
    0x18, 0xc6, 0x18, 0xc6, 0x18, 0xc6, 0x18, 0xc6, 0x18, 0x00, 0x18, 0x00,
    0x18, 0x00, 0x18, 0x00, 0x18, 0x00, 0x18, 0x00, 0x18, 0x00, 0x18, 0x00,
    0x18, 0x00, 0x18, 0x00, 0x18, 0x00, 0x18, 0x00, 0x18, 0x00, 0x18, 0x00,
    0x18, 0x00, 0x18, 0x00, 0x18, 0x00, 0x18, 0x00, 0x18, 0x00, 0x18, 0x00,
    0x18, 0x00, 0x18, 0x00, 0x18, 0x00, 0x18, 0x00, 0x18, 0x00, 0x18, 0x00,
    0x18, 0x00, 0x18, 0x00, 0x18, 0x00, 0x18, 0x00, 0x18, 0x00, 0x18, 0x00,
    0x18, 0x00, 0x18, 0x00, 0x18, 0x00, 0x18, 0x00, 0x18, 0x00, 0x18, 0x00,
    0x18, 0x00, 0x18, 0x00, 0x18, 0x00, 0x18, 0x00, 0x18, 0x00, 0x18, 0x00,
    0x18, 0x00, 0x18, 0x00, 0xa2, 0x10, 0xa3, 0x18, 0xa2, 0x10, 0x82, 0x10,
    0xa3, 0x18, 0xa2, 0x10, 0xa2, 0x18, 0xa3, 0x10, 0xa2, 0x10, 0xa2, 0x18,
    0xa3, 0x10, 0xa2, 0x10, 0xa2, 0x18, 0xa3, 0x10, 0xa2, 0x18, 0x82, 0x10,
    0xa3, 0x18, 0xa2, 0x10, 0xa2, 0x18, 0xa3, 0x10, 0xa2, 0x10, 0xa2, 0x18,
    0xa3, 0x10, 0xa2, 0x18, 0xa2, 0x10, 0xa3, 0x18, 0xa2, 0x10, 0x82, 0x18,
    0xa3, 0x10, 0xa2, 0x18, 0xa3, 0x10, 0x82, 0x18, 0xa2, 0x10, 0xa3, 0x10,
    0xa2, 0x18, 0xa2, 0x10, 0xa3, 0x10, 0xa2, 0x18, 0xa2, 0x10, 0xa3, 0x10,
    0x82, 0x18, 0xa2, 0x10, 0xa3, 0x10, 0xa3, 0x18, 0xa2, 0x10, 0x18, 0xc0,
    0x18, 0xc0, 0x18, 0xc0, 0x18, 0xc0, 0x18, 0xc0, 0x18, 0xc0, 0x18, 0xc0,
    0x18, 0xc0, 0x18, 0xc0, 0x18, 0xc0, 0x18, 0xc0, 0x18, 0xc0, 0x18, 0xc0,
    0x18, 0xc0, 0x18, 0xc0, 0x18, 0xc0, 0x18, 0xc0, 0x18, 0xc0, 0x18, 0xc0,
    0x18, 0xc0, 0x18, 0xc0, 0x18, 0xc0, 0x18, 0xc0, 0x18, 0xc0, 0x18, 0xc0,
    0x18, 0xc0, 0x18, 0xc0, 0x18, 0xc0, 0x18, 0xc0, 0x18, 0xc0, 0x18, 0xc0,
    0x18, 0xc0, 0x18, 0xc0, 0x18, 0xc0, 0x18, 0xc0, 0x18, 0xc0, 0x18, 0xc0,
    0x18, 0xc0, 0x18, 0xc0, 0x18, 0xc0, 0x18, 0xc0, 0x18, 0xc0, 0x18, 0xc0,
    0x18, 0xc0, 0x18, 0xc0, 0x18, 0xc0, 0x69, 0x48, 0xa2, 0x10, 0xa2, 0x10,
    0xa3, 0x18, 0x82, 0x10, 0xa3, 0x10, 0xa2, 0x18, 0xa2, 0x10, 0xa3, 0x10,
    0xa3, 0x18, 0xa2, 0x10, 0x83, 0x10, 0xa2, 0x10, 0xa2, 0x18, 0xa3, 0x10,
    0xa2, 0x10, 0xa2, 0x18, 0xa3, 0x10, 0x82, 0x10, 0xa3, 0x18, 0xa2, 0x10,
    0xa3, 0x10, 0x82, 0x10, 0xa3, 0x18, 0xa2, 0x10, 0xa2, 0x10, 0xa3, 0x18,
    0x82, 0x10, 0xa2, 0x10, 0xa3, 0x18, 0x82, 0x10, 0xa3, 0x10, 0xa2, 0x18,
    0xa3, 0x10, 0x82, 0x10, 0xa2, 0x18, 0xa3, 0x10, 0xa2, 0x10, 0xa2, 0x18,
    0x83, 0x10, 0xa2, 0x10, 0xa3, 0x18, 0xa3, 0x10, 0xa2, 0x10, 0xa3, 0x18,
    0x29, 0x12, 0x18, 0x06, 0x18, 0x06, 0x18, 0x06, 0x18, 0x06, 0x18, 0x06,
    0x18, 0x06, 0x18, 0x06, 0x18, 0x06, 0x18, 0x06, 0x18, 0x06, 0x18, 0x06,
    0x18, 0x06, 0x18, 0x06, 0x18, 0x06, 0x18, 0x06, 0x18, 0x06, 0x18, 0x06,
    0x18, 0x06, 0x18, 0x06, 0x18, 0x06, 0x18, 0x06, 0x18, 0x06, 0x18, 0x06,
    0x18, 0x06, 0x18, 0x06, 0x18, 0x06, 0x18, 0x06, 0x18, 0x06, 0x18, 0x06,
    0x18, 0x06, 0x18, 0x06, 0x18, 0x06, 0x18, 0x06, 0x18, 0x06, 0x18, 0x06,
    0x18, 0x06, 0x18, 0x06, 0x18, 0x06, 0x18, 0x06, 0x18, 0x06, 0x18, 0x06,
    0x18, 0x06, 0x18, 0x06, 0x18, 0x06, 0x18, 0x06, 0x18, 0x06, 0xa2, 0x10,
    0xa2, 0x18, 0x82, 0x10, 0xa3, 0x18, 0xa2, 0x10, 0xa3, 0x10, 0x82, 0x18,
    0xa3, 0x10, 0xa2, 0x18, 0xa2, 0x10, 0x83, 0x10, 0xa2, 0x18, 0xa2, 0x10,
    0xa3, 0x18, 0x82, 0x18, 0xa3, 0x10, 0xa2, 0x10, 0x82, 0x18, 0xa3, 0x10,
    0xa2, 0x10, 0x82, 0x18, 0xa3, 0x18, 0xa2, 0x10, 0xa2, 0x18, 0xa3, 0x10,
    0x82, 0x10, 0xa3, 0x18, 0xa2, 0x10, 0xa2, 0x10, 0xa3, 0x18, 0xa2, 0x10,
    0x82, 0x10, 0xa3, 0x18, 0xa2, 0x10, 0xa3, 0x10, 0x82, 0x18, 0xa2, 0x18,
    0xa3, 0x10, 0xa2, 0x18, 0xa2, 0x18, 0xa3, 0x10, 0x82, 0x10, 0xa3, 0x18,
    0xa3, 0x10, 0xa2, 0x10, 0xf8, 0xc5, 0x18, 0xc6, 0x18, 0xc6, 0x18, 0xc6,
    0x18, 0xc6, 0x18, 0xc6, 0x18, 0xc6, 0x18, 0xc6, 0x18, 0xc6, 0x18, 0xc6,
    0x18, 0xc6, 0x18, 0xc6, 0x18, 0xc6, 0x18, 0xc6, 0x18, 0xc6, 0x18, 0xc6,
    0x18, 0xc6, 0x18, 0xc6, 0x18, 0xc6, 0x18, 0xc6, 0x18, 0xc6, 0x18, 0xc6,
    0x18, 0xc6, 0x18, 0xc6, 0x18, 0xc6, 0x18, 0xc6, 0x18, 0xc6, 0x18, 0xc6,
    0x18, 0xc6, 0x18, 0xc6, 0x18, 0xc6, 0x18, 0xc6, 0x18, 0xc6, 0x18, 0xc6,
    0x18, 0xc6, 0x18, 0xc6, 0x18, 0xc6, 0x18, 0xc6, 0x18, 0xc6, 0x18, 0xc6,
    0x18, 0xc6, 0x18, 0xc6, 0x18, 0xc6, 0x18, 0xc6, 0x18, 0xc6, 0x18, 0xc6,
    0x18, 0x00, 0x18, 0x00, 0x18, 0x00, 0x18, 0x00, 0x18, 0x00, 0x18, 0x00,
    0x18, 0x00, 0x18, 0x00, 0x18, 0x00, 0x18, 0x00, 0x18, 0x00, 0x18, 0x00,
    0x18, 0x00, 0x18, 0x00, 0x18, 0x00, 0x18, 0x00, 0x18, 0x00, 0x18, 0x00,
    0x18, 0x00, 0x18, 0x00, 0x18, 0x00, 0x18, 0x00, 0x18, 0x00, 0x18, 0x00,
    0x18, 0x00, 0x18, 0x00, 0x18, 0x00, 0x18, 0x00, 0x18, 0x00, 0x18, 0x00,
    0x18, 0x00, 0x18, 0x00, 0x18, 0x00, 0x18, 0x00, 0x18, 0x00, 0x18, 0x00,
    0x18, 0x00, 0x18, 0x00, 0x18, 0x00, 0x18, 0x00, 0x18, 0x00, 0x18, 0x00,
    0x18, 0x00, 0x18, 0x00, 0x18, 0x00, 0x18, 0x00, 0xa2, 0x10, 0xa2, 0x18,
    0xa2, 0x10, 0xa2, 0x18, 0xa3, 0x10, 0xa2, 0x10, 0xa2, 0x18, 0x83, 0x10,
    0xa2, 0x10, 0xa2, 0x18, 0x83, 0x10, 0xa2, 0x10, 0xa2, 0x18, 0xa3, 0x10,
    0xa2, 0x10, 0xa2, 0x18, 0xa3, 0x10, 0xa2, 0x10, 0x82, 0x18, 0xa2, 0x10,
    0xa2, 0x10, 0x82, 0x10, 0xa3, 0x18, 0xa2, 0x10, 0x82, 0x10, 0xa3, 0x10,
    0xa2, 0x18, 0xa2, 0x10, 0xa3, 0x10, 0xa2, 0x10, 0xa2, 0x18, 0xa3, 0x10,
    0x82, 0x18, 0xa2, 0x10, 0xa3, 0x10, 0x82, 0x10, 0xa2, 0x18, 0xa2, 0x10,
    0xa3, 0x10, 0xa2, 0x18, 0xa2, 0x10, 0x82, 0x10, 0xa2, 0x18, 0xa3, 0x10,
    0x82, 0x18, 0x18, 0xc0, 0x18, 0xc0, 0x18, 0xc0, 0x18, 0xc0, 0x18, 0xc0,
    0x18, 0xc0, 0x18, 0xc0, 0x18, 0xc0, 0x18, 0xc0, 0x18, 0xc0, 0x18, 0xc0,
    0x18, 0xc0, 0x18, 0xc0, 0x18, 0xc0, 0x18, 0xc0, 0x18, 0xc0, 0x18, 0xc0,
    0x18, 0xc0, 0x18, 0xc0, 0x18, 0xc0, 0x18, 0xc0, 0x18, 0xc0, 0x18, 0xc0,
    0x18, 0xc0, 0x18, 0xc0, 0x18, 0xc0, 0x18, 0xc0, 0x18, 0xc0, 0x18, 0xc0,
    0x18, 0xc0, 0x18, 0xc0, 0x18, 0xc0, 0x18, 0xc0, 0x18, 0xc0, 0x18, 0xc0,
    0x18, 0xc0, 0x18, 0xc0, 0x18, 0xc0, 0x18, 0xc0, 0x18, 0xc0, 0x18, 0xc0,
    0x18, 0xc0, 0x18, 0xc0, 0x18, 0xc0, 0x18, 0xc0, 0x18, 0xc0, 0x89, 0x48,
    0xa2, 0x10, 0xa2, 0x10, 0xa3, 0x18, 0xa2, 0x10, 0xa2, 0x18, 0xa3, 0x10,
    0xa2, 0x10, 0x82, 0x18, 0xa2, 0x10, 0xa2, 0x10, 0xa3, 0x18, 0xa2, 0x10,
    0x82, 0x18, 0xa3, 0x10, 0x82, 0x10, 0xa2, 0x18, 0xa3, 0x10, 0xa2, 0x10,
    0xa2, 0x18, 0xa3, 0x18, 0x82, 0x10, 0xa2, 0x18, 0xa3, 0x10, 0x82, 0x10,
    0xa2, 0x18, 0xa3, 0x10, 0xa2, 0x18, 0xa2, 0x10, 0xa3, 0x10, 0xa2, 0x10,
    0x82, 0x18, 0xa3, 0x10, 0xa2, 0x10, 0xa2, 0x18, 0xa3, 0x10, 0xa2, 0x10,
    0xa2, 0x18, 0x83, 0x10, 0xa2, 0x10, 0xa2, 0x18, 0x82, 0x10, 0x82, 0x18,
    0xa2, 0x10, 0xa2, 0x10, 0x29, 0x12, 0x18, 0x06, 0x18, 0x06, 0x18, 0x06,
    0x18, 0x06, 0x18, 0x06, 0x18, 0x06, 0x18, 0x06, 0x18, 0x06, 0x18, 0x06,
    0x18, 0x06, 0x18, 0x06, 0x18, 0x06, 0x18, 0x06, 0x18, 0x06, 0x18, 0x06,
    0x18, 0x06, 0x18, 0x06, 0x18, 0x06, 0x18, 0x06, 0x18, 0x06, 0x18, 0x06,
    0x18, 0x06, 0x18, 0x06, 0x18, 0x06, 0x18, 0x06, 0x18, 0x06, 0x18, 0x06,
    0x18, 0x06, 0x18, 0x06, 0x18, 0x06, 0x18, 0x06, 0x18, 0x06, 0x18, 0x06,
    0x18, 0x06, 0x18, 0x06, 0x18, 0x06, 0x18, 0x06, 0x18, 0x06, 0x18, 0x06,
    0x18, 0x06, 0x18, 0x06, 0x18, 0x06, 0x18, 0x06, 0x18, 0x06, 0x18, 0x06,
    0x18, 0x06, 0xa3, 0x18, 0xa3, 0x10, 0xa2, 0x10, 0x82, 0x18, 0xa3, 0x10,
    0xa2, 0x10, 0xa2, 0x18, 0xa3, 0x10, 0xa2, 0x10, 0xa2, 0x18, 0xa3, 0x10,
    0xa3, 0x10, 0xa2, 0x18, 0xa2, 0x10, 0xa3, 0x10, 0xa2, 0x18, 0xa2, 0x10,
    0x83, 0x10, 0xa2, 0x18, 0xa3, 0x10, 0xa2, 0x10, 0x83, 0x10, 0xa2, 0x10,
    0xa3, 0x18, 0x82, 0x10, 0xa2, 0x10, 0xa3, 0x18, 0xa2, 0x10, 0x82, 0x10,
    0xa3, 0x18, 0xa2, 0x10, 0xa2, 0x10, 0x83, 0x18, 0xa2, 0x10, 0xa2, 0x10,
    0xa3, 0x18, 0x82, 0x10, 0xa3, 0x10, 0xa2, 0x18, 0xa2, 0x10, 0x83, 0x10,
    0xa2, 0x18, 0xa2, 0x10, 0x83, 0x18, 0xa2, 0x10, 0xf8, 0xbd, 0x18, 0xc6,
    0x18, 0xc6, 0x18, 0xc6, 0x18, 0xc6, 0x18, 0xc6, 0x18, 0xc6, 0x18, 0xc6,
    0x18, 0xc6, 0x18, 0xc6, 0x18, 0xc6, 0x18, 0xc6, 0x18, 0xc6, 0x18, 0xc6,
    0x18, 0xc6, 0x18, 0xc6, 0x18, 0xc6, 0x18, 0xc6, 0x18, 0xc6, 0x18, 0xc6,
    0x18, 0xc6, 0x18, 0xc6, 0x18, 0xc6, 0x18, 0xc6, 0x18, 0xc6, 0x18, 0xc6,
    0x18, 0xc6, 0x18, 0xc6, 0x18, 0xc6, 0x18, 0xc6, 0x18, 0xc6, 0x18, 0xc6,
    0x18, 0xc6, 0x18, 0xc6, 0x18, 0xc6, 0x18, 0xc6, 0x18, 0xc6, 0x18, 0xc6,
    0x18, 0xc6, 0x18, 0xc6, 0x18, 0xc6, 0x18, 0xc6, 0x18, 0xc6, 0x18, 0xc6,
    0x18, 0xc6, 0x18, 0xc6, 0x18, 0x00, 0x18, 0x00, 0x18, 0x00, 0x18, 0x00,
    0x18, 0x00, 0x18, 0x00, 0x18, 0x00, 0x18, 0x00, 0x18, 0x00, 0x18, 0x00,
    0x18, 0x00, 0x18, 0x00, 0x18, 0x00, 0x18, 0x00, 0x18, 0x00, 0x18, 0x00,
    0x18, 0x00, 0x18, 0x00, 0x18, 0x00, 0x18, 0x00, 0x18, 0x00, 0x18, 0x00,
    0x18, 0x00, 0x18, 0x00, 0x18, 0x00, 0x18, 0x00, 0x18, 0x00, 0x18, 0x00,
    0x18, 0x00, 0x18, 0x00, 0x18, 0x00, 0x18, 0x00, 0x18, 0x00, 0x18, 0x00,
    0x18, 0x00, 0x18, 0x00, 0x18, 0x00, 0x18, 0x00, 0x18, 0x00, 0x18, 0x00,
    0x18, 0x00, 0x18, 0x00, 0x18, 0x00, 0x18, 0x00, 0x18, 0x00, 0x18, 0x00,
    0x83, 0x10, 0xa3, 0x10, 0x82, 0x18, 0xa3, 0x10, 0x82, 0x10, 0xa2, 0x18,
    0xa3, 0x10, 0x82, 0x18, 0xa2, 0x10, 0xa3, 0x18, 0x82, 0x10, 0xa2, 0x18,
    0x83, 0x10, 0x82, 0x10, 0xa2, 0x18, 0xa3, 0x10, 0x82, 0x10, 0xa3, 0x18,
    0xa3, 0x10, 0x82, 0x18, 0xa3, 0x10, 0xa3, 0x10, 0x82, 0x18, 0xa2, 0x10,
    0xa3, 0x10, 0x82, 0x18, 0xa2, 0x10, 0xa3, 0x18, 0x82, 0x10, 0x82, 0x18,
    0xa3, 0x10, 0xa3, 0x10, 0xa2, 0x18, 0x82, 0x18, 0xa3, 0x10, 0xa3, 0x18,
    0x82, 0x10, 0x83, 0x10, 0xa2, 0x18, 0xa3, 0x10, 0x83, 0x10, 0xa2, 0x18,
    0xa2, 0x10, 0x83, 0x10, 0xa2, 0x10, 0x18, 0xc0, 0x18, 0xc0, 0x18, 0xc0,
    0x18, 0xc0, 0x18, 0xc0, 0x18, 0xc0, 0x18, 0xc0, 0x18, 0xc0, 0x18, 0xc0,
    0x18, 0xc0, 0x18, 0xc0, 0x18, 0xc0, 0x18, 0xc0, 0x18, 0xc0, 0x18, 0xc0,
    0x18, 0xc0, 0x18, 0xc0, 0x18, 0xc0, 0x18, 0xc0, 0x18, 0xc0, 0x18, 0xc0,
    0x18, 0xc0, 0x18, 0xc0, 0x18, 0xc0, 0x18, 0xc0, 0x18, 0xc0, 0x18, 0xc0,
    0x18, 0xc0, 0x18, 0xc0, 0x18, 0xc0, 0x18, 0xc0, 0x18, 0xc0, 0x18, 0xc0,
    0x18, 0xc0, 0x18, 0xc0, 0x18, 0xc0, 0x18, 0xc0, 0x18, 0xc0, 0x18, 0xc0,
    0x18, 0xc0, 0x18, 0xc0, 0x18, 0xc0, 0x18, 0xc0, 0x18, 0xc0, 0x18, 0xc0,
    0x18, 0xc0, 0x69, 0x48, 0xa2, 0x10, 0x83, 0x10, 0x82, 0x18, 0xa2, 0x10,
    0x83, 0x10, 0xa2, 0x18, 0xa3, 0x10, 0x82, 0x18, 0xa2, 0x10, 0xa3, 0x18,
    0x82, 0x10, 0xa3, 0x10, 0xa2, 0x18, 0x83, 0x10, 0xa2, 0x10, 0xa2, 0x18,
    0x83, 0x10, 0xa2, 0x10, 0xa2, 0x18, 0x83, 0x10, 0xa2, 0x10, 0xa2, 0x18,
    0xa3, 0x10, 0x82, 0x10, 0xa3, 0x18, 0xa2, 0x10, 0x82, 0x10, 0xa3, 0x18,
    0xa2, 0x10, 0x82, 0x18, 0xa3, 0x10, 0xa2, 0x10, 0x82, 0x18, 0xa3, 0x18,
    0x83, 0x10, 0xa2, 0x10, 0xa3, 0x18, 0x82, 0x10, 0xa3, 0x18, 0xa3, 0x10,
    0xa2, 0x10, 0xa3, 0x18, 0xa2, 0x10, 0x82, 0x10, 0x29, 0x12, 0x18, 0x06,
    0x18, 0x06, 0x18, 0x06, 0x18, 0x06, 0x18, 0x06, 0x18, 0x06, 0x18, 0x06,
    0x18, 0x06, 0x18, 0x06, 0x18, 0x06, 0x18, 0x06, 0x18, 0x06, 0x18, 0x06,
    0x18, 0x06, 0x18, 0x06, 0x18, 0x06, 0x18, 0x06, 0x18, 0x06, 0x18, 0x06,
    0x18, 0x06, 0x18, 0x06, 0x18, 0x06, 0x18, 0x06, 0x18, 0x06, 0x18, 0x06,
    0x18, 0x06, 0x18, 0x06, 0x18, 0x06, 0x18, 0x06, 0x18, 0x06, 0x18, 0x06,
    0x18, 0x06, 0x18, 0x06, 0x18, 0x06, 0x18, 0x06, 0x18, 0x06, 0x18, 0x06,
    0x18, 0x06, 0x18, 0x06, 0x18, 0x06, 0x18, 0x06, 0x18, 0x06, 0x18, 0x06,
    0x18, 0x06, 0x18, 0x06, 0x18, 0x06, 0xa2, 0x10, 0x83, 0x10, 0xa2, 0x18,
    0xa2, 0x10, 0x83, 0x18, 0xa2, 0x10, 0xa2, 0x18, 0x83, 0x10, 0x82, 0x10,
    0xa2, 0x18, 0xa3, 0x18, 0x82, 0x10, 0x82, 0x10, 0xa3, 0x10, 0xa2, 0x10,
    0x82, 0x18, 0xa3, 0x10, 0xa2, 0x10, 0xa2, 0x18, 0xa3, 0x18, 0xa2, 0x10,
    0xa2, 0x10, 0x83, 0x18, 0xa2, 0x10, 0xa2, 0x18, 0xa3, 0x10, 0xa2, 0x18,
    0x83, 0x10, 0xa2, 0x18, 0xa2, 0x10, 0x83, 0x10, 0xa2, 0x18, 0xa3, 0x10,
    0x82, 0x10, 0xa2, 0x18, 0xa3, 0x10, 0xa2, 0x10, 0x82, 0x10, 0xa3, 0x18,
    0xa2, 0x10, 0x82, 0x10, 0xa3, 0x18, 0xa2, 0x10, 0xa2, 0x10, 0xa3, 0x18,
    0xf8, 0xbd, 0x18, 0xc6, 0x18, 0xc6, 0x18, 0xc6, 0x18, 0xc6, 0x18, 0xc6,
    0x18, 0xc6, 0x18, 0xc6, 0x18, 0xc6, 0x18, 0xc6, 0x18, 0xc6, 0x18, 0xc6,
    0x18, 0xc6, 0x18, 0xc6, 0x18, 0xc6, 0x18, 0xc6, 0x18, 0xc6, 0x18, 0xc6,
    0x18, 0xc6, 0x18, 0xc6, 0x18, 0xc6, 0x18, 0xc6, 0x18, 0xc6, 0x18, 0xc6,
    0x18, 0xc6, 0x18, 0xc6, 0x18, 0xc6, 0x18, 0xc6, 0x18, 0xc6, 0x18, 0xc6,
    0x18, 0xc6, 0x18, 0xc6, 0x18, 0xc6, 0x18, 0xc6, 0x18, 0xc6, 0x18, 0xc6,
    0x18, 0xc6, 0x18, 0xc6, 0x18, 0xc6, 0x18, 0xc6, 0x18, 0xc6, 0x18, 0xc6,
    0x18, 0xc6, 0x18, 0xc6, 0x18, 0xc6, 0x18, 0xc6, 0x18, 0x00, 0x18, 0x00,
    0x18, 0x00, 0x18, 0x00, 0x18, 0x00, 0x18, 0x00, 0x18, 0x00, 0x18, 0x00,
    0x18, 0x00, 0x18, 0x00, 0x18, 0x00, 0x18, 0x00, 0x18, 0x00, 0x18, 0x00,
    0x18, 0x00, 0x18, 0x00, 0x18, 0x00, 0x18, 0x00, 0x18, 0x00, 0x18, 0x00,
    0x18, 0x00, 0x18, 0x00, 0x18, 0x00, 0x18, 0x00, 0x18, 0x00, 0x18, 0x00,
    0x18, 0x00, 0x18, 0x00, 0x18, 0x00, 0x18, 0x00, 0x18, 0x00, 0x18, 0x00,
    0x18, 0x00, 0x18, 0x00, 0x18, 0x00, 0x18, 0x00, 0x18, 0x00, 0x18, 0x00,
    0x18, 0x00, 0x18, 0x00, 0x18, 0x00, 0x18, 0x00, 0x18, 0x00, 0x18, 0x00,
    0x18, 0x00, 0x18, 0x00, 0xa2, 0x18, 0xa2, 0x10, 0xa3, 0x10, 0xa2, 0x18,
    0x82, 0x10, 0xa3, 0x10, 0xa2, 0x18, 0xa2, 0x10, 0xa3, 0x10, 0xa2, 0x10,
    0xa2, 0x18, 0xa3, 0x10, 0xa2, 0x10, 0xa2, 0x18, 0xa3, 0x10, 0x82, 0x10,
    0xa2, 0x18, 0xa2, 0x10, 0xa3, 0x10, 0xa2, 0x18, 0xa2, 0x18, 0xa3, 0x10,
    0xa2, 0x10, 0xa2, 0x18, 0xa3, 0x18, 0xa2, 0x10, 0x82, 0x10, 0xa3, 0x18,
    0xa2, 0x10, 0xa2, 0x10, 0x83, 0x18, 0xa2, 0x10, 0xa2, 0x10, 0xa3, 0x10,
    0xa2, 0x18, 0xa2, 0x10, 0xa3, 0x10, 0xa2, 0x18, 0x82, 0x10, 0xa2, 0x18,
    0xa3, 0x10, 0xa2, 0x18, 0xa3, 0x10, 0xa2, 0x18, 0xa2, 0x10, 0x18, 0xc0,
    0x18, 0xc0, 0x18, 0xc0, 0x18, 0xc0, 0x18, 0xc0, 0x18, 0xc0, 0x18, 0xc0,
    0x18, 0xc0, 0x18, 0xc0, 0x18, 0xc0, 0x18, 0xc0, 0x18, 0xc0, 0x18, 0xc0,
    0x18, 0xc0, 0x18, 0xc0, 0x18, 0xc0, 0x18, 0xc0, 0x18, 0xc0, 0x18, 0xc0,
    0x18, 0xc0, 0x18, 0xc0, 0x18, 0xc0, 0x18, 0xc0, 0x18, 0xc0, 0x18, 0xc0,
    0x18, 0xc0, 0x18, 0xc0, 0x18, 0xc0, 0x18, 0xc0, 0x18, 0xc0, 0x18, 0xc0,
    0x18, 0xc0, 0x18, 0xc0, 0x18, 0xc0, 0x18, 0xc0, 0x18, 0xc0, 0x18, 0xc0,
    0x18, 0xc0, 0x18, 0xc0, 0x18, 0xc0, 0x18, 0xc0, 0x18, 0xc0, 0x18, 0xc0,
    0x18, 0xc0, 0x18, 0xc0, 0x18, 0xc0, 0x89, 0x48, 0xa2, 0x10, 0xa2, 0x18,
    0xa3, 0x10, 0xa2, 0x10, 0xa2, 0x18, 0x83, 0x10, 0xa2, 0x10, 0xa3, 0x10,
    0xa3, 0x18, 0xa2, 0x10, 0x82, 0x10, 0xa3, 0x18, 0xa2, 0x10, 0xa2, 0x18,
    0xa3, 0x10, 0xa2, 0x18, 0x83, 0x10, 0xa2, 0x10, 0xa2, 0x18, 0x83, 0x10,
    0xa2, 0x10, 0xa3, 0x18, 0xa2, 0x10, 0xa2, 0x18, 0xa3, 0x10, 0x82, 0x10,
    0xa3, 0x18, 0xa3, 0x10, 0x82, 0x18, 0xa2, 0x10, 0xa3, 0x18, 0xa2, 0x10,
    0xa2, 0x10, 0x83, 0x18, 0xa2, 0x10, 0xa2, 0x10, 0xa2, 0x18, 0xa2, 0x10,
    0x82, 0x10, 0xa3, 0x18, 0xa2, 0x10, 0xa3, 0x10, 0xa3, 0x18, 0xa2, 0x10,
    0x29, 0x12, 0x18, 0x06, 0x18, 0x06, 0x18, 0x06, 0x18, 0x06, 0x18, 0x06,
    0x18, 0x06, 0x18, 0x06, 0x18, 0x06, 0x18, 0x06, 0x18, 0x06, 0x18, 0x06,
    0x18, 0x06, 0x18, 0x06, 0x18, 0x06, 0x18, 0x06, 0x18, 0x06, 0x18, 0x06,
    0x18, 0x06, 0x18, 0x06, 0x18, 0x06, 0x18, 0x06, 0x18, 0x06, 0x18, 0x06,
    0x18, 0x06, 0x18, 0x06, 0x18, 0x06, 0x18, 0x06, 0x18, 0x06, 0x18, 0x06,
    0x18, 0x06, 0x18, 0x06, 0x18, 0x06, 0x18, 0x06, 0x18, 0x06, 0x18, 0x06,
    0x18, 0x06, 0x18, 0x06, 0x18, 0x06, 0x18, 0x06, 0x18, 0x06, 0x18, 0x06,
    0x18, 0x06, 0x18, 0x06, 0x18, 0x06, 0x18, 0x06, 0x18, 0x06, 0xa2, 0x10,
    0xa2, 0x18, 0xa3, 0x10, 0xa2, 0x10, 0xa2, 0x18, 0xa3, 0x10, 0xa2, 0x10,
    0xa3, 0x18, 0xa2, 0x10, 0xa2, 0x10, 0xa3, 0x18, 0xa2, 0x10, 0xa2, 0x18,
    0xa3, 0x18, 0x82, 0x10, 0xa3, 0x10, 0xa2, 0x18, 0x82, 0x10, 0xa3, 0x10,
    0x82, 0x18, 0xa2, 0x10, 0xa3, 0x18, 0xa2, 0x10, 0x82, 0x10, 0xa3, 0x18,
    0xa2, 0x10, 0x82, 0x10, 0xa3, 0x18, 0xa2, 0x10, 0xa3, 0x18, 0xa2, 0x10,
    0xa2, 0x18, 0xa3, 0x10, 0xa2, 0x18, 0x83, 0x10, 0xa2, 0x18, 0xa2, 0x10,
    0xa3, 0x18, 0x83, 0x10, 0xa2, 0x10, 0xa2, 0x18, 0xa3, 0x10, 0xa2, 0x10,
    0x82, 0x18, 0xa3, 0x10, 0xf8, 0xc5, 0x18, 0xc6, 0x18, 0xc6, 0x18, 0xc6,
    0x18, 0xc6, 0x18, 0xc6, 0x18, 0xc6, 0x18, 0xc6, 0x18, 0xc6, 0x18, 0xc6,
    0x18, 0xc6, 0x18, 0xc6, 0x18, 0xc6, 0x18, 0xc6, 0x18, 0xc6, 0x18, 0xc6,
    0x18, 0xc6, 0x18, 0xc6, 0x18, 0xc6, 0x18, 0xc6, 0x18, 0xc6, 0x18, 0xc6,
    0x18, 0xc6, 0x18, 0xc6, 0x18, 0xc6, 0x18, 0xc6, 0x18, 0xc6, 0x18, 0xc6,
    0x18, 0xc6, 0x18, 0xc6, 0x18, 0xc6, 0x18, 0xc6, 0x18, 0xc6, 0x18, 0xc6,
    0x18, 0xc6, 0x18, 0xc6, 0x18, 0xc6, 0x18, 0xc6, 0x18, 0xc6, 0x18, 0xc6,
    0x18, 0xc6, 0x18, 0xc6, 0x18, 0xc6, 0x18, 0xc6, 0x18, 0xc6, 0x18, 0xc6,
    0x18, 0x00, 0x18, 0x00, 0x18, 0x00, 0x18, 0x00, 0x18, 0x00, 0x18, 0x00,
    0x18, 0x00, 0x18, 0x00, 0x18, 0x00, 0x18, 0x00, 0x18, 0x00, 0x18, 0x00,
    0x18, 0x00, 0x18, 0x00, 0x18, 0x00, 0x18, 0x00, 0x18, 0x00, 0x18, 0x00,
    0x18, 0x00, 0x18, 0x00, 0x18, 0x00, 0x18, 0x00, 0x18, 0x00, 0x18, 0x00,
    0x18, 0x00, 0x18, 0x00, 0x18, 0x00, 0x18, 0x00, 0x18, 0x00, 0x18, 0x00,
    0x18, 0x00, 0x18, 0x00, 0x18, 0x00, 0x18, 0x00, 0x18, 0x00, 0x18, 0x00,
    0x18, 0x00, 0x18, 0x00, 0x18, 0x00, 0x18, 0x00, 0x18, 0x00, 0x18, 0x00,
    0x18, 0x00, 0x18, 0x00, 0x18, 0x00, 0x18, 0x00, 0xa2, 0x10, 0xa2, 0x18,
    0xa3, 0x10, 0xa2, 0x18, 0xa3, 0x10, 0x83, 0x10, 0xa2, 0x18, 0x83, 0x10,
    0xa2, 0x18, 0x83, 0x10, 0xa2, 0x10, 0xa3, 0x18, 0x82, 0x10, 0xa3, 0x18,
    0xa2, 0x10, 0xa3, 0x18, 0x82, 0x10, 0xa2, 0x10, 0x82, 0x18, 0xa3, 0x10,
    0x82, 0x10, 0xa2, 0x18, 0x83, 0x10, 0xa2, 0x10, 0xa3, 0x18, 0x82, 0x10,
    0xa3, 0x10, 0xa2, 0x18, 0xa3, 0x10, 0xa2, 0x10, 0xa2, 0x18, 0x83, 0x10,
    0xa2, 0x10, 0x82, 0x18, 0xa3, 0x10, 0x82, 0x10, 0xa2, 0x18, 0xa3, 0x10,
    0xa2, 0x10, 0xa2, 0x18, 0x82, 0x10, 0xa3, 0x10, 0x82, 0x18, 0xa3, 0x10,
    0xa3, 0x18, 0x18, 0xc0, 0x18, 0xc0, 0x18, 0xc0, 0x18, 0xc0, 0x18, 0xc0,
    0x18, 0xc0, 0x18, 0xc0, 0x18, 0xc0, 0x18, 0xc0, 0x18, 0xc0, 0x18, 0xc0,
    0x18, 0xc0, 0x18, 0xc0, 0x18, 0xc0, 0x18, 0xc0, 0x18, 0xc0, 0x18, 0xc0,
    0x18, 0xc0, 0x18, 0xc0, 0x18, 0xc0, 0x18, 0xc0, 0x18, 0xc0, 0x18, 0xc0,
    0x18, 0xc0, 0x18, 0xc0, 0x18, 0xc0, 0x18, 0xc0, 0x18, 0xc0, 0x18, 0xc0,
    0x18, 0xc0, 0x18, 0xc0, 0x18, 0xc0, 0x18, 0xc0, 0x18, 0xc0, 0x18, 0xc0,
    0x18, 0xc0, 0x18, 0xc0, 0x18, 0xc0, 0x18, 0xc0, 0x18, 0xc0, 0x18, 0xc0,
    0x18, 0xc0, 0x18, 0xc0, 0x18, 0xc0, 0x18, 0xc0, 0x18, 0xc0, 0x69, 0x48,
    0xa2, 0x10, 0xa2, 0x10, 0xa3, 0x18, 0xa2, 0x10, 0xa2, 0x18, 0xa3, 0x10,
    0x82, 0x18, 0xa2, 0x10, 0xa2, 0x10, 0x82, 0x18, 0xa3, 0x10, 0xa2, 0x10,
    0xa2, 0x18, 0x83, 0x10, 0xa2, 0x10, 0xa2, 0x18, 0xa3, 0x10, 0xa2, 0x18,
    0xa3, 0x10, 0xa2, 0x10, 0x82, 0x18, 0xa3, 0x10, 0x82, 0x10, 0xa2, 0x18,
    0xa3, 0x10, 0x82, 0x18, 0xa2, 0x10, 0xa2, 0x10, 0xa3, 0x10, 0xa2, 0x18,
    0x83, 0x10, 0xa2, 0x10, 0xa2, 0x18, 0xa3, 0x10, 0xa2, 0x10, 0x83, 0x18,
    0xa3, 0x10, 0xa2, 0x10, 0xa2, 0x18, 0x82, 0x18, 0xa2, 0x10, 0x82, 0x10,
    0xa2, 0x18, 0xa2, 0x10, 0x29, 0x12, 0x18, 0x06, 0x18, 0x06, 0x18, 0x06,
    0x18, 0x06, 0x18, 0x06, 0x18, 0x06, 0x18, 0x06, 0x18, 0x06, 0x18, 0x06,
    0x18, 0x06, 0x18, 0x06, 0x18, 0x06, 0x18, 0x06, 0x18, 0x06, 0x18, 0x06,
    0x18, 0x06, 0x18, 0x06, 0x18, 0x06, 0x18, 0x06, 0x18, 0x06, 0x18, 0x06,
    0x18, 0x06, 0x18, 0x06, 0x18, 0x06, 0x18, 0x06, 0x18, 0x06, 0x18, 0x06,
    0x18, 0x06, 0x18, 0x06, 0x18, 0x06, 0x18, 0x06, 0x18, 0x06, 0x18, 0x06,
    0x18, 0x06, 0x18, 0x06, 0x18, 0x06, 0x18, 0x06, 0x18, 0x06, 0x18, 0x06,
    0x18, 0x06, 0x18, 0x06, 0x18, 0x06, 0x18, 0x06, 0x18, 0x06, 0x18, 0x06,
    0x18, 0x06, 0xa3, 0x18, 0x82, 0x10, 0xa3, 0x10, 0x82, 0x18, 0xa2, 0x10,
    0x83, 0x10, 0xa2, 0x18, 0xa2, 0x10, 0x83, 0x10, 0xa2, 0x18, 0x83, 0x10,
    0xa2, 0x10, 0xa2, 0x10, 0x83, 0x18, 0xa2, 0x10, 0xa2, 0x10, 0xa3, 0x18,
    0xa2, 0x10, 0x83, 0x10, 0xa2, 0x10, 0xa2, 0x18, 0x83, 0x10, 0xa2, 0x10,
    0xa3, 0x18, 0xa2, 0x10, 0x82, 0x10, 0xa3, 0x18, 0xa2, 0x10, 0x82, 0x10,
    0xa3, 0x10, 0xa2, 0x18, 0x82, 0x10, 0xa3, 0x10, 0xa2, 0x10, 0xa2, 0x18,
    0x83, 0x10, 0xa2, 0x10, 0xa2, 0x18, 0xa3, 0x10, 0xa2, 0x18, 0x83, 0x10,
    0xa2, 0x18, 0xa3, 0x10, 0xa2, 0x10, 0xa2, 0x18, 0xf8, 0xbd, 0x18, 0xc6,
    0x18, 0xc6, 0x18, 0xc6, 0x18, 0xc6, 0x18, 0xc6, 0x18, 0xc6, 0x18, 0xc6,
    0x18, 0xc6, 0x18, 0xc6, 0x18, 0xc6, 0x18, 0xc6, 0x18, 0xc6, 0x18, 0xc6,
    0x18, 0xc6, 0x18, 0xc6, 0x18, 0xc6, 0x18, 0xc6, 0x18, 0xc6, 0x18, 0xc6,
    0x18, 0xc6, 0x18, 0xc6, 0x18, 0xc6, 0x18, 0xc6, 0x18, 0xc6, 0x18, 0xc6,
    0x18, 0xc6, 0x18, 0xc6, 0x18, 0xc6, 0x18, 0xc6, 0x18, 0xc6, 0x18, 0xc6,
    0x18, 0xc6, 0x18, 0xc6, 0x18, 0xc6, 0x18, 0xc6, 0x18, 0xc6, 0x18, 0xc6,
    0x18, 0xc6, 0x18, 0xc6, 0x18, 0xc6, 0x18, 0xc6, 0x18, 0xc6, 0x18, 0xc6,
    0x18, 0xc6, 0x18, 0xc6, 0x18, 0x00, 0x18, 0x00, 0x18, 0x00, 0x18, 0x00,
    0x18, 0x00, 0x18, 0x00, 0x18, 0x00, 0x18, 0x00, 0x18, 0x00, 0x18, 0x00,
    0x18, 0x00, 0x18, 0x00, 0x18, 0x00, 0x18, 0x00, 0x18, 0x00, 0x18, 0x00,
    0x18, 0x00, 0x18, 0x00, 0x18, 0x00, 0x18, 0x00, 0x18, 0x00, 0x18, 0x00,
    0x18, 0x00, 0x18, 0x00, 0x18, 0x00, 0x18, 0x00, 0x18, 0x00, 0x18, 0x00,
    0x18, 0x00, 0x18, 0x00, 0x18, 0x00, 0x18, 0x00, 0x18, 0x00, 0x18, 0x00,
    0x18, 0x00, 0x18, 0x00, 0x18, 0x00, 0x18, 0x00, 0x18, 0x00, 0x18, 0x00,
    0x18, 0x00, 0x18, 0x00, 0x18, 0x00, 0x18, 0x00, 0x18, 0x00, 0x18, 0x00,
    0x83, 0x10, 0x82, 0x10, 0xa2, 0x18, 0x83, 0x10, 0xa2, 0x18, 0xa2, 0x10,
    0xa2, 0x10, 0xa2, 0x18, 0x83, 0x10, 0xa2, 0x18, 0xa2, 0x10, 0x82, 0x10,
    0xa3, 0x18, 0xa2, 0x10, 0x82, 0x10, 0xa3, 0x18, 0xa3, 0x10, 0xa2, 0x18,
    0xa3, 0x10, 0x82, 0x10, 0xa2, 0x10, 0xa3, 0x18, 0xa2, 0x10, 0x82, 0x10,
    0xa2, 0x18, 0xa3, 0x10, 0xa2, 0x10, 0x82, 0x18, 0xa3, 0x10, 0xa2, 0x18,
    0xa2, 0x10, 0xa3, 0x18, 0xa2, 0x10, 0xa2, 0x18, 0x83, 0x10, 0xa2, 0x18,
    0xa2, 0x10, 0x83, 0x10, 0xa3, 0x18, 0xa2, 0x10, 0xa3, 0x10, 0x82, 0x18,
    0xa2, 0x10, 0xa2, 0x10, 0x82, 0x18, 0x18, 0xc0, 0x18, 0xc0, 0x18, 0xc0,
    0x18, 0xc0, 0x18, 0xc0, 0x18, 0xc0, 0x18, 0xc0, 0x18, 0xc0, 0x18, 0xc0,
    0x18, 0xc0, 0x18, 0xc0, 0x18, 0xc0, 0x18, 0xc0, 0x18, 0xc0, 0x18, 0xc0,
    0x18, 0xc0, 0x18, 0xc0, 0x18, 0xc0, 0x18, 0xc0, 0x18, 0xc0, 0x18, 0xc0,
    0x18, 0xc0, 0x18, 0xc0, 0x18, 0xc0, 0x18, 0xc0, 0x18, 0xc0, 0x18, 0xc0,
    0x18, 0xc0, 0x18, 0xc0, 0x18, 0xc0, 0x18, 0xc0, 0x18, 0xc0, 0x18, 0xc0,
    0x18, 0xc0, 0x18, 0xc0, 0x18, 0xc0, 0x18, 0xc0, 0x18, 0xc0, 0x18, 0xc0,
    0x18, 0xc0, 0x18, 0xc0, 0x18, 0xc0, 0x18, 0xc0, 0x18, 0xc0, 0x18, 0xc0,
    0x18, 0xc0, 0x69, 0x48, 0xa2, 0x10, 0xa3, 0x10, 0x82, 0x18, 0x83, 0x10,
    0xa2, 0x10, 0xa2, 0x18, 0xa3, 0x10, 0x82, 0x18, 0xa3, 0x10, 0xa2, 0x18,
    0xa3, 0x10, 0xa2, 0x10, 0x82, 0x18, 0xa3, 0x10, 0xa2, 0x10, 0x82, 0x18,
    0xa3, 0x10, 0x82, 0x10, 0xa2, 0x18, 0xa3, 0x10, 0xa2, 0x18, 0xa2, 0x10,
    0xa3, 0x10, 0x82, 0x18, 0xa2, 0x10, 0xa3, 0x10, 0xa2, 0x18, 0x82, 0x10,
    0xa3, 0x18, 0xa2, 0x10, 0x82, 0x10, 0xa3, 0x18, 0xa2, 0x10, 0x82, 0x10,
    0xa3, 0x18, 0xa2, 0x18, 0x82, 0x10, 0xa3, 0x10, 0xa3, 0x18, 0xa3, 0x10,
    0xa2, 0x10, 0x83, 0x18, 0xa2, 0x10, 0xa2, 0x10, 0x29, 0x12, 0x18, 0x06,
    0x18, 0x06, 0x18, 0x06, 0x18, 0x06, 0x18, 0x06, 0x18, 0x06, 0x18, 0x06,
    0x18, 0x06, 0x18, 0x06, 0x18, 0x06, 0x18, 0x06, 0x18, 0x06, 0x18, 0x06,
    0x18, 0x06, 0x18, 0x06, 0x18, 0x06, 0x18, 0x06, 0x18, 0x06, 0x18, 0x06,
    0x18, 0x06, 0x18, 0x06, 0x18, 0x06, 0x18, 0x06, 0x18, 0x06, 0x18, 0x06,
    0x18, 0x06, 0x18, 0x06, 0x18, 0x06, 0x18, 0x06, 0x18, 0x06, 0x18, 0x06,
    0x18, 0x06, 0x18, 0x06, 0x18, 0x06, 0x18, 0x06, 0x18, 0x06, 0x18, 0x06,
    0x18, 0x06, 0x18, 0x06, 0x18, 0x06, 0x18, 0x06, 0x18, 0x06, 0x18, 0x06,
    0x18, 0x06, 0x18, 0x06, 0x18, 0x06, 0xa2, 0x10, 0xa2, 0x18, 0x83, 0x10,
    0xa2, 0x18, 0xa3, 0x10, 0x82, 0x18, 0xa2, 0x10, 0xa3, 0x18, 0x82, 0x10,
    0xa2, 0x18, 0xa3, 0x10, 0x82, 0x10, 0xa3, 0x18, 0xa2, 0x10, 0xa2, 0x10,
    0x83, 0x18, 0xa2, 0x18, 0xa2, 0x10, 0xa3, 0x18, 0xa2, 0x10, 0xa3, 0x10,
    0x82, 0x18, 0xa2, 0x10, 0xa3, 0x18, 0xa2, 0x10, 0xa3, 0x18, 0xa2, 0x10,
    0xa2, 0x18, 0x83, 0x10, 0xa2, 0x10, 0xa3, 0x18, 0x82, 0x10, 0xa2, 0x18,
    0xa3, 0x10, 0xa2, 0x10, 0xa3, 0x18, 0x82, 0x10, 0xa2, 0x10, 0xa2, 0x18,
    0x83, 0x10, 0xa2, 0x10, 0xa2, 0x18, 0x83, 0x10, 0xa3, 0x10, 0xa2, 0x18,
    0xf8, 0xbd, 0x18, 0xc6, 0x18, 0xc6, 0x18, 0xc6, 0x18, 0xc6, 0x18, 0xc6,
    0x18, 0xc6, 0x18, 0xc6, 0x18, 0xc6, 0x18, 0xc6, 0x18, 0xc6, 0x18, 0xc6,
    0x18, 0xc6, 0x18, 0xc6, 0x18, 0xc6, 0x18, 0xc6, 0x18, 0xc6, 0x18, 0xc6,
    0x18, 0xc6, 0x18, 0xc6, 0x18, 0xc6, 0x18, 0xc6, 0x18, 0xc6, 0x18, 0xc6,
    0x18, 0xc6, 0x18, 0xc6, 0x18, 0xc6, 0x18, 0xc6, 0x18, 0xc6, 0x18, 0xc6,
    0x18, 0xc6, 0x18, 0xc6, 0x18, 0xc6, 0x18, 0xc6, 0x18, 0xc6, 0x18, 0xc6,
    0x18, 0xc6, 0x18, 0xc6, 0x18, 0xc6, 0x18, 0xc6, 0x18, 0xc6, 0x18, 0xc6,
    0x18, 0xc6, 0x18, 0xc6, 0x18, 0xc6, 0x18, 0xc6, 0x18, 0x00, 0x18, 0x00,
    0x18, 0x00, 0x18, 0x00, 0x18, 0x00, 0x18, 0x00, 0x18, 0x00, 0x18, 0x00,
    0x18, 0x00, 0x18, 0x00, 0x18, 0x00, 0x18, 0x00, 0x18, 0x00, 0x18, 0x00,
    0x18, 0x00, 0x18, 0x00, 0x18, 0x00, 0x18, 0x00, 0x18, 0x00, 0x18, 0x00,
    0x18, 0x00, 0x18, 0x00, 0x18, 0x00, 0x18, 0x00, 0x18, 0x00, 0x18, 0x00,
    0x18, 0x00, 0x18, 0x00, 0x18, 0x00, 0x18, 0x00, 0x18, 0x00, 0x18, 0x00,
    0x18, 0x00, 0x18, 0x00, 0x18, 0x00, 0x18, 0x00, 0x18, 0x00, 0x18, 0x00,
    0x18, 0x00, 0x18, 0x00, 0x18, 0x00, 0x18, 0x00, 0x18, 0x00, 0x18, 0x00,
    0x18, 0x00, 0x18, 0x00, 0xa2, 0x18, 0xa3, 0x10, 0xa2, 0x10, 0xa2, 0x18,
    0x83, 0x10, 0xa2, 0x18, 0xa3, 0x10, 0xa2, 0x10, 0xa2, 0x18, 0xa3, 0x10,
    0xa2, 0x18, 0xa3, 0x10, 0xa2, 0x10, 0xa2, 0x18, 0xa2, 0x10, 0x82, 0x10,
    0xa2, 0x18, 0xa3, 0x10, 0xa2, 0x18, 0xa2, 0x10, 0xa3, 0x18, 0xa2, 0x10,
    0xa3, 0x10, 0xa2, 0x18, 0x83, 0x10, 0xa2, 0x10, 0xa2, 0x18, 0x83, 0x10,
    0xa2, 0x10, 0x83, 0x18, 0x82, 0x10, 0xa3, 0x10, 0xa2, 0x18, 0xa3, 0x10,
    0xa2, 0x10, 0xa2, 0x18, 0xa3, 0x10, 0x82, 0x18, 0xa2, 0x10, 0xa3, 0x10,
    0xa2, 0x18, 0xa2, 0x10, 0xa3, 0x10, 0xa2, 0x18, 0xa3, 0x10, 0x18, 0xc0,
    0x18, 0xc0, 0x18, 0xc0, 0x18, 0xc0, 0x18, 0xc0, 0x18, 0xc0, 0x18, 0xc0,
    0x18, 0xc0, 0x18, 0xc0, 0x18, 0xc0, 0x18, 0xc0, 0x18, 0xc0, 0x18, 0xc0,
    0x18, 0xc0, 0x18, 0xc0, 0x18, 0xc0, 0x18, 0xc0, 0x18, 0xc0, 0x18, 0xc0,
    0x18, 0xc0, 0x18, 0xc0, 0x18, 0xc0, 0x18, 0xc0, 0x18, 0xc0, 0x18, 0xc0,
    0x18, 0xc0, 0x18, 0xc0, 0x18, 0xc0, 0x18, 0xc0, 0x18, 0xc0, 0x18, 0xc0,
    0x18, 0xc0, 0x18, 0xc0, 0x18, 0xc0, 0x18, 0xc0, 0x18, 0xc0, 0x18, 0xc0,
    0x18, 0xc0, 0x18, 0xc0, 0x18, 0xc0, 0x18, 0xc0, 0x18, 0xc0, 0x18, 0xc0,
    0x18, 0xc0, 0x18, 0xc0, 0x18, 0xc0, 0x89, 0x48, 0xa2, 0x10, 0xa2, 0x10,
    0xa3, 0x18, 0xa2, 0x10, 0x83, 0x10, 0xa2, 0x18, 0xa2, 0x10, 0xa3, 0x10,
    0xa2, 0x18, 0x82, 0x10, 0xa3, 0x18, 0xa2, 0x10, 0x83, 0x18, 0xa2, 0x10,
    0xa3, 0x18, 0xa2, 0x10, 0x82, 0x10, 0xa3, 0x18, 0xa2, 0x10, 0x83, 0x10,
    0xa2, 0x18, 0xa2, 0x10, 0xa3, 0x18, 0xa2, 0x10, 0x83, 0x10, 0xa2, 0x18,
    0xa3, 0x10, 0xa2, 0x18, 0x82, 0x10, 0xa3, 0x10, 0xa2, 0x18, 0xa3, 0x18,
    0xa2, 0x10, 0x82, 0x10, 0xa3, 0x18, 0xa2, 0x10, 0xa2, 0x10, 0x82, 0x18,
    0xa2, 0x10, 0xa3, 0x10, 0x82, 0x18, 0xa3, 0x10, 0xa3, 0x18, 0xa2, 0x10,
    0x29, 0x12, 0x18, 0x06, 0x18, 0x06, 0x18, 0x06, 0x18, 0x06, 0x18, 0x06,
    0x18, 0x06, 0x18, 0x06, 0x18, 0x06, 0x18, 0x06, 0x18, 0x06, 0x18, 0x06,
    0x18, 0x06, 0x18, 0x06, 0x18, 0x06, 0x18, 0x06, 0x18, 0x06, 0x18, 0x06,
    0x18, 0x06, 0x18, 0x06, 0x18, 0x06, 0x18, 0x06, 0x18, 0x06, 0x18, 0x06,
    0x18, 0x06, 0x18, 0x06, 0x18, 0x06, 0x18, 0x06, 0x18, 0x06, 0x18, 0x06,
    0x18, 0x06, 0x18, 0x06, 0x18, 0x06, 0x18, 0x06, 0x18, 0x06, 0x18, 0x06,
    0x18, 0x06, 0x18, 0x06, 0x18, 0x06, 0x18, 0x06, 0x18, 0x06, 0x18, 0x06,
    0x18, 0x06, 0x18, 0x06, 0x18, 0x06, 0x18, 0x06, 0x18, 0x06, 0xa2, 0x10,
    0xa3, 0x18, 0xa2, 0x10, 0xa2, 0x10, 0xa3, 0x18, 0xa2, 0x10, 0xa3, 0x10,
    0xa2, 0x10, 0xa2, 0x18, 0xa3, 0x10, 0xa2, 0x18, 0xa2, 0x10, 0x83, 0x18,
    0xa2, 0x10, 0xa3, 0x10, 0xa3, 0x18, 0x82, 0x10, 0xa2, 0x10, 0xa3, 0x18,
    0x82, 0x18, 0xa2, 0x10, 0xa3, 0x10, 0xa2, 0x18, 0x82, 0x10, 0x83, 0x10,
    0xa2, 0x10, 0xa2, 0x18, 0x83, 0x10, 0xa2, 0x18, 0xa2, 0x10, 0xa3, 0x10,
    0xa2, 0x18, 0x82, 0x10, 0xa3, 0x18, 0x82, 0x10, 0xa2, 0x18, 0xa3, 0x10,
    0x83, 0x10, 0xa2, 0x18, 0xa2, 0x10, 0xa3, 0x10, 0xa2, 0x18, 0x82, 0x10,
    0xa3, 0x18, 0xa2, 0x10, 0xf8, 0xbd, 0x18, 0xc6, 0x18, 0xc6, 0x18, 0xc6,
    0x18, 0xc6, 0x18, 0xc6, 0x18, 0xc6, 0x18, 0xc6, 0x18, 0xc6, 0x18, 0xc6,
    0x18, 0xc6, 0x18, 0xc6, 0x18, 0xc6, 0x18, 0xc6, 0x18, 0xc6, 0x18, 0xc6,
    0x18, 0xc6, 0x18, 0xc6, 0x18, 0xc6, 0x18, 0xc6, 0x18, 0xc6, 0x18, 0xc6,
    0x18, 0xc6, 0x18, 0xc6, 0x18, 0xc6, 0x18, 0xc6, 0x18, 0xc6, 0x18, 0xc6,
    0x18, 0xc6, 0x18, 0xc6, 0x18, 0xc6, 0x18, 0xc6, 0x18, 0xc6, 0x18, 0xc6,
    0x18, 0xc6, 0x18, 0xc6, 0x18, 0xc6, 0x18, 0xc6, 0x18, 0xc6, 0x18, 0xc6,
    0x18, 0xc6, 0x18, 0xc6, 0x18, 0xc6, 0x18, 0xc6, 0x18, 0xc6, 0x18, 0xc6,
    0x18, 0x00, 0x18, 0x00, 0x18, 0x00, 0x18, 0x00, 0x18, 0x00, 0x18, 0x00,
    0x18, 0x00, 0x18, 0x00, 0x18, 0x00, 0x18, 0x00, 0x18, 0x00, 0x18, 0x00,
    0x18, 0x00, 0x18, 0x00, 0x18, 0x00, 0x18, 0x00, 0x18, 0x00, 0x18, 0x00,
    0x18, 0x00, 0x18, 0x00, 0x18, 0x00, 0x18, 0x00, 0x18, 0x00, 0x18, 0x00,
    0x18, 0x00, 0x18, 0x00, 0x18, 0x00, 0x18, 0x00, 0x18, 0x00, 0x18, 0x00,
    0x18, 0x00, 0x18, 0x00, 0x18, 0x00, 0x18, 0x00, 0x18, 0x00, 0x18, 0x00,
    0x18, 0x00, 0x18, 0x00, 0x18, 0x00, 0x18, 0x00, 0x18, 0x00, 0x18, 0x00,
    0x18, 0x00, 0x18, 0x00, 0x18, 0x00, 0x18, 0x00, 0xa2, 0x10, 0xa3, 0x18,
    0xa2, 0x10, 0xa2, 0x10, 0xa3, 0x10, 0x82, 0x18, 0xa3, 0x10, 0x82, 0x10,
    0xa2, 0x18, 0x83, 0x10, 0xa2, 0x10, 0xa3, 0x18, 0x83, 0x10, 0xa2, 0x18,
    0xa3, 0x10, 0xa3, 0x10, 0x82, 0x18, 0xa2, 0x10, 0x83, 0x10, 0xa2, 0x18,
    0x82, 0x10, 0x83, 0x18, 0xa2, 0x10, 0xa2, 0x18, 0xa3, 0x10, 0xa2, 0x18,
    0xa3, 0x10, 0xa2, 0x10, 0xa2, 0x18, 0xa3, 0x10, 0xa2, 0x10, 0x82, 0x18,
    0xa3, 0x10, 0x82, 0x10, 0xa2, 0x18, 0xa3, 0x10, 0x82, 0x10, 0xa2, 0x18,
    0xa2, 0x10, 0x83, 0x18, 0x82, 0x18, 0xa3, 0x10, 0xa2, 0x10, 0x83, 0x18,
    0xa2, 0x10, 0x18, 0xc0, 0x18, 0xc0, 0x18, 0xc0, 0x18, 0xc0, 0x18, 0xc0,
    0x18, 0xc0, 0x18, 0xc0, 0x18, 0xc0, 0x18, 0xc0, 0x18, 0xc0, 0x18, 0xc0,
    0x18, 0xc0, 0x18, 0xc0, 0x18, 0xc0, 0x18, 0xc0, 0x18, 0xc0, 0x18, 0xc0,
    0x18, 0xc0, 0x18, 0xc0, 0x18, 0xc0, 0x18, 0xc0, 0x18, 0xc0, 0x18, 0xc0,
    0x18, 0xc0, 0x18, 0xc0, 0x18, 0xc0, 0x18, 0xc0, 0x18, 0xc0, 0x18, 0xc0,
    0x18, 0xc0, 0x18, 0xc0, 0x18, 0xc0, 0x18, 0xc0, 0x18, 0xc0, 0x18, 0xc0,
    0x18, 0xc0, 0x18, 0xc0, 0x18, 0xc0, 0x18, 0xc0, 0x18, 0xc0, 0x18, 0xc0,
    0x18, 0xc0, 0x18, 0xc0, 0x18, 0xc0, 0x18, 0xc0, 0x18, 0xc0, 0x69, 0x48,
    0xa2, 0x10, 0xa2, 0x10, 0xa2, 0x18, 0xa3, 0x10, 0xa2, 0x10, 0x83, 0x18,
    0xa2, 0x10, 0xa2, 0x10, 0x83, 0x18, 0xa2, 0x10, 0xa2, 0x10, 0xa3, 0x18,
    0xa2, 0x10, 0x82, 0x10, 0xa3, 0x18, 0xa2, 0x10, 0xa3, 0x18, 0xa2, 0x10,
    0xa2, 0x10, 0x83, 0x18, 0xa2, 0x10, 0x83, 0x10, 0xa2, 0x18, 0xa2, 0x10,
    0xa3, 0x18, 0x82, 0x10, 0xa2, 0x10, 0xa3, 0x18, 0xa2, 0x10, 0xa2, 0x10,
    0x83, 0x18, 0xa2, 0x10, 0xa3, 0x10, 0xa2, 0x18, 0xa2, 0x10, 0xa3, 0x10,
    0x83, 0x18, 0xa2, 0x10, 0xa2, 0x10, 0x82, 0x18, 0xa2, 0x10, 0xa2, 0x10,
    0xa2, 0x18, 0x82, 0x10, 0x29, 0x12, 0x18, 0x06, 0x18, 0x06, 0x18, 0x06,
    0x18, 0x06, 0x18, 0x06, 0x18, 0x06, 0x18, 0x06, 0x18, 0x06, 0x18, 0x06,
    0x18, 0x06, 0x18, 0x06, 0x18, 0x06, 0x18, 0x06, 0x18, 0x06, 0x18, 0x06,
    0x18, 0x06, 0x18, 0x06, 0x18, 0x06, 0x18, 0x06, 0x18, 0x06, 0x18, 0x06,
    0x18, 0x06, 0x18, 0x06, 0x18, 0x06, 0x18, 0x06, 0x18, 0x06, 0x18, 0x06,
    0x18, 0x06, 0x18, 0x06, 0x18, 0x06, 0x18, 0x06, 0x18, 0x06, 0x18, 0x06,
    0x18, 0x06, 0x18, 0x06, 0x18, 0x06, 0x18, 0x06, 0x18, 0x06, 0x18, 0x06,
    0x18, 0x06, 0x18, 0x06, 0x18, 0x06, 0x18, 0x06, 0x18, 0x06, 0x18, 0x06,
    0x18, 0x06, 0x83, 0x10, 0xa2, 0x18, 0xa2, 0x10, 0x83, 0x10, 0xa2, 0x18,
    0xa2, 0x10, 0x83, 0x18, 0x82, 0x10, 0xa3, 0x10, 0x82, 0x18, 0xa2, 0x10,
    0xa3, 0x10, 0xa2, 0x18, 0x82, 0x10, 0xa2, 0x10, 0xa2, 0x18, 0xa3, 0x10,
    0x82, 0x10, 0xa2, 0x10, 0xa3, 0x18, 0x82, 0x10, 0xa3, 0x10, 0xa2, 0x18,
    0xa2, 0x10, 0xa3, 0x18, 0xa2, 0x10, 0x83, 0x10, 0xa3, 0x18, 0xa2, 0x10,
    0x82, 0x18, 0xa3, 0x10, 0xa2, 0x10, 0xa3, 0x18, 0xa2, 0x10, 0xa2, 0x10,
    0xa3, 0x18, 0xa2, 0x10, 0xa2, 0x18, 0x83, 0x10, 0xa2, 0x18, 0xa2, 0x10,
    0x83, 0x10, 0xa2, 0x18, 0xa2, 0x10, 0xa3, 0x18, 0xf8, 0xbd, 0x18, 0xc6,
    0x18, 0xc6, 0x18, 0xc6, 0x18, 0xc6, 0x18, 0xc6, 0x18, 0xc6, 0x18, 0xc6,
    0x18, 0xc6, 0x18, 0xc6, 0x18, 0xc6, 0x18, 0xc6, 0x18, 0xc6, 0x18, 0xc6,
    0x18, 0xc6, 0x18, 0xc6, 0x18, 0xc6, 0x18, 0xc6, 0x18, 0xc6, 0x18, 0xc6,
    0x18, 0xc6, 0x18, 0xc6, 0x18, 0xc6, 0x18, 0xc6, 0x18, 0xc6, 0x18, 0xc6,
    0x18, 0xc6, 0x18, 0xc6, 0x18, 0xc6, 0x18, 0xc6, 0x18, 0xc6, 0x18, 0xc6,
    0x18, 0xc6, 0x18, 0xc6, 0x18, 0xc6, 0x18, 0xc6, 0x18, 0xc6, 0x18, 0xc6,
    0x18, 0xc6, 0x18, 0xc6, 0x18, 0xc6, 0x18, 0xc6, 0x18, 0xc6, 0x18, 0xc6,
    0x18, 0xc6, 0x18, 0xc6, 0x18, 0x00, 0x18, 0x00, 0x18, 0x00, 0x18, 0x00,
    0x18, 0x00, 0x18, 0x00, 0x18, 0x00, 0x18, 0x00, 0x18, 0x00, 0x18, 0x00,
    0x18, 0x00, 0x18, 0x00, 0x18, 0x00, 0x18, 0x00, 0x18, 0x00, 0x18, 0x00,
    0x18, 0x00, 0x18, 0x00, 0x18, 0x00, 0x18, 0x00, 0x18, 0x00, 0x18, 0x00,
    0x18, 0x00, 0x18, 0x00, 0x18, 0x00, 0x18, 0x00, 0x18, 0x00, 0x18, 0x00,
    0x18, 0x00, 0x18, 0x00, 0x18, 0x00, 0x18, 0x00, 0x18, 0x00, 0x18, 0x00,
    0x18, 0x00, 0x18, 0x00, 0x18, 0x00, 0x18, 0x00, 0x18, 0x00, 0x18, 0x00,
    0x18, 0x00, 0x18, 0x00, 0x18, 0x00, 0x18, 0x00, 0x18, 0x00, 0x18, 0x00,
    0xa2, 0x10, 0x83, 0x18, 0x82, 0x10, 0xa3, 0x10, 0xa2, 0x18, 0xa2, 0x10,
    0xa3, 0x18, 0xa2, 0x10, 0xa3, 0x10, 0x82, 0x18, 0xa2, 0x10, 0xa2, 0x10,
    0x82, 0x18, 0xa3, 0x10, 0xa2, 0x10, 0x82, 0x18, 0xa3, 0x10, 0xa2, 0x10,
    0xa3, 0x18, 0xa2, 0x10, 0xa2, 0x10, 0xa3, 0x18, 0x82, 0x10, 0xa2, 0x10,
    0xa3, 0x18, 0x82, 0x10, 0xa2, 0x18, 0xa3, 0x10, 0x82, 0x18, 0xa2, 0x10,
    0xa3, 0x10, 0xa2, 0x18, 0xa2, 0x10, 0x83, 0x10, 0xa2, 0x18, 0xa3, 0x10,
    0xa3, 0x10, 0xa2, 0x18, 0xa3, 0x10, 0xa2, 0x10, 0xa2, 0x10, 0xa3, 0x18,
    0x82, 0x10, 0xa2, 0x10, 0xa3, 0x18, 0x18, 0xc0, 0x18, 0xc0, 0x18, 0xc0,
    0x18, 0xc0, 0x18, 0xc0, 0x18, 0xc0, 0x18, 0xc0, 0x18, 0xc0, 0x18, 0xc0,
    0x18, 0xc0, 0x18, 0xc0, 0x18, 0xc0, 0x18, 0xc0, 0x18, 0xc0, 0x18, 0xc0,
    0x18, 0xc0, 0x18, 0xc0, 0x18, 0xc0, 0x18, 0xc0, 0x18, 0xc0, 0x18, 0xc0,
    0x18, 0xc0, 0x18, 0xc0, 0x18, 0xc0, 0x18, 0xc0, 0x18, 0xc0, 0x18, 0xc0,
    0x18, 0xc0, 0x18, 0xc0, 0x18, 0xc0, 0x18, 0xc0, 0x18, 0xc0, 0x18, 0xc0,
    0x18, 0xc0, 0x18, 0xc0, 0x18, 0xc0, 0x18, 0xc0, 0x18, 0xc0, 0x18, 0xc0,
    0x18, 0xc0, 0x18, 0xc0, 0x18, 0xc0, 0x18, 0xc0, 0x18, 0xc0, 0x18, 0xc0,
    0x18, 0xc0, 0x69, 0x48, 0xa2, 0x10, 0x83, 0x10, 0x82, 0x18, 0xa2, 0x10,
    0xa3, 0x18, 0x82, 0x10, 0xa2, 0x10, 0xa3, 0x18, 0xa3, 0x10, 0x82, 0x10,
    0xa2, 0x18, 0xa3, 0x10, 0xa2, 0x10, 0xa2, 0x18, 0x83, 0x10, 0xa2, 0x10,
    0xa2, 0x18, 0x83, 0x10, 0xa2, 0x18, 0xa2, 0x10, 0xa3, 0x10, 0xa2, 0x18,
    0x82, 0x10, 0xa3, 0x10, 0xa2, 0x18, 0xa2, 0x10, 0x83, 0x10, 0xa3, 0x18,
    0xa2, 0x10, 0x82, 0x10, 0xa3, 0x18, 0xa2, 0x10, 0x82, 0x10, 0xa3, 0x18,
    0xa2, 0x10, 0x82, 0x10, 0xa3, 0x18, 0xa3, 0x10, 0xa2, 0x18, 0xa3, 0x10,
    0xa3, 0x10, 0xa2, 0x18, 0x83, 0x10, 0xa2, 0x10, 0x29, 0x12, 0x18, 0x06,
    0x18, 0x06, 0x18, 0x06, 0x18, 0x06, 0x18, 0x06, 0x18, 0x06, 0x18, 0x06,
    0x18, 0x06, 0x18, 0x06, 0x18, 0x06, 0x18, 0x06, 0x18, 0x06, 0x18, 0x06,
    0x18, 0x06, 0x18, 0x06, 0x18, 0x06, 0x18, 0x06, 0x18, 0x06, 0x18, 0x06,
    0x18, 0x06, 0x18, 0x06, 0x18, 0x06, 0x18, 0x06, 0x18, 0x06, 0x18, 0x06,
    0x18, 0x06, 0x18, 0x06, 0x18, 0x06, 0x18, 0x06, 0x18, 0x06, 0x18, 0x06,
    0x18, 0x06, 0x18, 0x06, 0x18, 0x06, 0x18, 0x06, 0x18, 0x06, 0x18, 0x06,
    0x18, 0x06, 0x18, 0x06, 0x18, 0x06, 0x18, 0x06, 0x18, 0x06, 0x18, 0x06,
    0x18, 0x06, 0x18, 0x06, 0x18, 0x06, 0xa2, 0x18, 0xa3, 0x10, 0x82, 0x10,
    0xa3, 0x18, 0xa2, 0x10, 0x82, 0x10, 0xa3, 0x18, 0xa2, 0x10, 0xa2, 0x10,
    0xa3, 0x18, 0x82, 0x10, 0xa3, 0x10, 0xa2, 0x18, 0xa3, 0x10, 0x82, 0x18,
    0xa2, 0x10, 0xa3, 0x18, 0xa2, 0x10, 0xa3, 0x10, 0xa2, 0x18, 0xa2, 0x10,
    0x83, 0x10, 0xa2, 0x18, 0xa3, 0x10, 0xa2, 0x18, 0xa2, 0x10, 0xa2, 0x10,
    0xa2, 0x18, 0xa3, 0x10, 0xa2, 0x10, 0x82, 0x18, 0xa3, 0x10, 0x82, 0x10,
    0xa3, 0x18, 0x82, 0x10, 0xa3, 0x10, 0xa2, 0x18, 0x82, 0x10, 0xa3, 0x10,
    0xa2, 0x18, 0xa2, 0x10, 0xa3, 0x10, 0x82, 0x18, 0xa2, 0x10, 0xa3, 0x10,
    0xf8, 0xc5, 0x18, 0xc6, 0x18, 0xc6, 0x18, 0xc6, 0x18, 0xc6, 0x18, 0xc6,
    0x18, 0xc6, 0x18, 0xc6, 0x18, 0xc6, 0x18, 0xc6, 0x18, 0xc6, 0x18, 0xc6,
    0x18, 0xc6, 0x18, 0xc6, 0x18, 0xc6, 0x18, 0xc6, 0x18, 0xc6, 0x18, 0xc6,
    0x18, 0xc6, 0x18, 0xc6, 0x18, 0xc6, 0x18, 0xc6, 0x18, 0xc6, 0x18, 0xc6,
    0x18, 0xc6, 0x18, 0xc6, 0x18, 0xc6, 0x18, 0xc6, 0x18, 0xc6, 0x18, 0xc6,
    0x18, 0xc6, 0x18, 0xc6, 0x18, 0xc6, 0x18, 0xc6, 0x18, 0xc6, 0x18, 0xc6,
    0x18, 0xc6, 0x18, 0xc6, 0x18, 0xc6, 0x18, 0xc6, 0x18, 0xc6, 0x18, 0xc6,
    0x18, 0xc6, 0x18, 0xc6, 0x18, 0xc6, 0x18, 0xc6, 0x18, 0x00, 0x18, 0x00,
    0x18, 0x00, 0x18, 0x00, 0x18, 0x00, 0x18, 0x00, 0x18, 0x00, 0x18, 0x00,
    0x18, 0x00, 0x18, 0x00, 0x18, 0x00, 0x18, 0x00, 0x18, 0x00, 0x18, 0x00,
    0x18, 0x00, 0x18, 0x00, 0x18, 0x00, 0x18, 0x00, 0x18, 0x00, 0x18, 0x00,
    0x18, 0x00, 0x18, 0x00, 0x18, 0x00, 0x18, 0x00, 0x18, 0x00, 0x18, 0x00,
    0x18, 0x00, 0x18, 0x00, 0x18, 0x00, 0x18, 0x00, 0x18, 0x00, 0x18, 0x00,
    0x18, 0x00, 0x18, 0x00, 0x18, 0x00, 0x18, 0x00, 0x18, 0x00, 0x18, 0x00,
    0x18, 0x00, 0x18, 0x00, 0x18, 0x00, 0x18, 0x00, 0x18, 0x00, 0x18, 0x00,
    0x18, 0x00, 0x18, 0x00, 0xa2, 0x10, 0xa2, 0x18, 0xa3, 0x10, 0x82, 0x18,
    0xa2, 0x10, 0xa3, 0x10, 0x82, 0x18, 0xa2, 0x10, 0xa3, 0x10, 0xa2, 0x18,
    0xa3, 0x10, 0xa2, 0x10, 0xa2, 0x18, 0x83, 0x10, 0xa2, 0x18, 0xa2, 0x10,
    0xa3, 0x10, 0xa2, 0x18, 0x82, 0x10, 0xa3, 0x10, 0xa2, 0x18, 0xa3, 0x10,
    0xa2, 0x10, 0x83, 0x18, 0xa2, 0x10, 0xa2, 0x10, 0x83, 0x10, 0xa2, 0x18,
    0xa2, 0x10, 0x83, 0x18, 0xa2, 0x10, 0xa2, 0x18, 0xa3, 0x10, 0xa2, 0x18,
    0x82, 0x10, 0xa2, 0x18, 0xa2, 0x10, 0x83, 0x10, 0xa2, 0x18, 0xa2, 0x10,
    0xa3, 0x10, 0x82, 0x18, 0xa2, 0x10, 0xa3, 0x10, 0x82, 0x18, 0x18, 0xc0,
    0x18, 0xc0, 0x18, 0xc0, 0x18, 0xc0, 0x18, 0xc0, 0x18, 0xc0, 0x18, 0xc0,
    0x18, 0xc0, 0x18, 0xc0, 0x18, 0xc0, 0x18, 0xc0, 0x18, 0xc0, 0x18, 0xc0,
    0x18, 0xc0, 0x18, 0xc0, 0x18, 0xc0, 0x18, 0xc0, 0x18, 0xc0, 0x18, 0xc0,
    0x18, 0xc0, 0x18, 0xc0, 0x18, 0xc0, 0x18, 0xc0, 0x18, 0xc0, 0x18, 0xc0,
    0x18, 0xc0, 0x18, 0xc0, 0x18, 0xc0, 0x18, 0xc0, 0x18, 0xc0, 0x18, 0xc0,
    0x18, 0xc0, 0x18, 0xc0, 0x18, 0xc0, 0x18, 0xc0, 0x18, 0xc0, 0x18, 0xc0,
    0x18, 0xc0, 0x18, 0xc0, 0x18, 0xc0, 0x18, 0xc0, 0x18, 0xc0, 0x18, 0xc0,
    0x18, 0xc0, 0x18, 0xc0, 0x18, 0xc0, 0x89, 0x48, 0xa2, 0x10, 0xa3, 0x18,
    0xa2, 0x10, 0xa2, 0x10, 0xa3, 0x18, 0xa2, 0x10, 0x82, 0x18, 0xa3, 0x10,
    0xa2, 0x10, 0xa2, 0x18, 0x83, 0x10, 0xa2, 0x10, 0x83, 0x18, 0xa2, 0x10,
    0xa2, 0x10, 0xa3, 0x18, 0x82, 0x10, 0xa3, 0x10, 0xa2, 0x18, 0x82, 0x10,
    0xa3, 0x18, 0xa2, 0x10, 0xa3, 0x10, 0x82, 0x18, 0xa2, 0x10, 0xa3, 0x10,
    0xa2, 0x18, 0x82, 0x10, 0xa3, 0x18, 0xa2, 0x10, 0xa2, 0x10, 0xa3, 0x18,
    0x82, 0x10, 0xa3, 0x18, 0xa2, 0x10, 0x82, 0x18, 0xa2, 0x10, 0xa2, 0x10,
    0x83, 0x18, 0xa2, 0x10, 0xa2, 0x18, 0x83, 0x10, 0xa2, 0x10, 0xa2, 0x18,
    0x29, 0x12, 0x18, 0x06, 0x18, 0x06, 0x18, 0x06, 0x18, 0x06, 0x18, 0x06,
    0x18, 0x06, 0x18, 0x06, 0x18, 0x06, 0x18, 0x06, 0x18, 0x06, 0x18, 0x06,
    0x18, 0x06, 0x18, 0x06, 0x18, 0x06, 0x18, 0x06, 0x18, 0x06, 0x18, 0x06,
    0x18, 0x06, 0x18, 0x06, 0x18, 0x06, 0x18, 0x06, 0x18, 0x06, 0x18, 0x06,
    0x18, 0x06, 0x18, 0x06, 0x18, 0x06, 0x18, 0x06, 0x18, 0x06, 0x18, 0x06,
    0x18, 0x06, 0x18, 0x06, 0x18, 0x06, 0x18, 0x06, 0x18, 0x06, 0x18, 0x06,
    0x18, 0x06, 0x18, 0x06, 0x18, 0x06, 0x18, 0x06, 0x18, 0x06, 0x18, 0x06,
    0x18, 0x06, 0x18, 0x06, 0x18, 0x06, 0x18, 0x06, 0x18, 0x06, 0xa2, 0x10,
    0xa2, 0x10, 0xa3, 0x18, 0xa2, 0x10, 0xa2, 0x10, 0xa3, 0x18, 0xa2, 0x10,
    0xa2, 0x18, 0xa3, 0x10, 0xa2, 0x10, 0xa2, 0x18, 0x83, 0x10, 0xa2, 0x10,
    0xa3, 0x18, 0xa3, 0x10, 0x82, 0x10, 0xa2, 0x18, 0x83, 0x10, 0xa2, 0x18,
    0xa2, 0x10, 0x83, 0x18, 0xa2, 0x10, 0xa2, 0x10, 0x83, 0x18, 0x82, 0x10,
    0xa3, 0x10, 0x82, 0x18, 0xa2, 0x10, 0xa3, 0x10, 0x82, 0x18, 0xa2, 0x10,
    0xa3, 0x18, 0xa2, 0x10, 0x82, 0x18, 0xa3, 0x10, 0xa2, 0x10, 0x82, 0x18,
    0xa3, 0x10, 0xa2, 0x10, 0x83, 0x18, 0xa2, 0x10, 0xa3, 0x18, 0xa2, 0x10,
    0x82, 0x10, 0xa3, 0x18, 0xf8, 0xbd, 0x18, 0xc6, 0x18, 0xc6, 0x18, 0xc6,
    0x18, 0xc6, 0x18, 0xc6, 0x18, 0xc6, 0x18, 0xc6, 0x18, 0xc6, 0x18, 0xc6,
    0x18, 0xc6, 0x18, 0xc6, 0x18, 0xc6, 0x18, 0xc6, 0x18, 0xc6, 0x18, 0xc6,
    0x18, 0xc6, 0x18, 0xc6, 0x18, 0xc6, 0x18, 0xc6, 0x18, 0xc6, 0x18, 0xc6,
    0x18, 0xc6, 0x18, 0xc6, 0x18, 0xc6, 0x18, 0xc6, 0x18, 0xc6, 0x18, 0xc6,
    0x18, 0xc6, 0x18, 0xc6, 0x18, 0xc6, 0x18, 0xc6, 0x18, 0xc6, 0x18, 0xc6,
    0x18, 0xc6, 0x18, 0xc6, 0x18, 0xc6, 0x18, 0xc6, 0x18, 0xc6, 0x18, 0xc6,
    0x18, 0xc6, 0x18, 0xc6, 0x18, 0xc6, 0x18, 0xc6, 0x18, 0xc6, 0x18, 0xc6,
    0x18, 0x00, 0x18, 0x00, 0x18, 0x00, 0x18, 0x00, 0x18, 0x00, 0x18, 0x00,
    0x18, 0x00, 0x18, 0x00, 0x18, 0x00, 0x18, 0x00, 0x18, 0x00, 0x18, 0x00,
    0x18, 0x00, 0x18, 0x00, 0x18, 0x00, 0x18, 0x00, 0x18, 0x00, 0x18, 0x00,
    0x18, 0x00, 0x18, 0x00, 0x18, 0x00, 0x18, 0x00, 0x18, 0x00, 0x18, 0x00,
    0x18, 0x00, 0x18, 0x00, 0x18, 0x00, 0x18, 0x00, 0x18, 0x00, 0x18, 0x00,
    0x18, 0x00, 0x18, 0x00, 0x18, 0x00, 0x18, 0x00, 0x18, 0x00, 0x18, 0x00,
    0x18, 0x00, 0x18, 0x00, 0x18, 0x00, 0x18, 0x00, 0x18, 0x00, 0x18, 0x00,
    0x18, 0x00, 0x18, 0x00, 0x18, 0x00, 0x18, 0x00, 0xa3, 0x10, 0xa2, 0x10,
    0xa2, 0x18, 0xa3, 0x10, 0x82, 0x10, 0xa3, 0x18, 0xa2, 0x10, 0x82, 0x18,
    0xa3, 0x10, 0x82, 0x18, 0xa3, 0x10, 0xa3, 0x18, 0x82, 0x10, 0xa2, 0x10,
    0xa3, 0x18, 0xa2, 0x10, 0x82, 0x18, 0xa3, 0x18, 0xa2, 0x10, 0x82, 0x10,
    0xa3, 0x18, 0xa2, 0x10, 0xa2, 0x10, 0xa3, 0x18, 0xa2, 0x10, 0xa3, 0x18,
    0x82, 0x10, 0xa2, 0x10, 0xa3, 0x18, 0xa3, 0x10, 0x82, 0x10, 0xa3, 0x10,
    0xa2, 0x18, 0x83, 0x10, 0xa3, 0x10, 0xa2, 0x18, 0x82, 0x10, 0xa3, 0x10,
    0x82, 0x18, 0xa2, 0x18, 0xa3, 0x10, 0x82, 0x10, 0xa2, 0x18, 0xa3, 0x10,
    0xa2, 0x10, 0x18, 0xc0, 0x18, 0xc0, 0x18, 0xc0, 0x18, 0xc0, 0x18, 0xc0,
    0x18, 0xc0, 0x18, 0xc0, 0x18, 0xc0, 0x18, 0xc0, 0x18, 0xc0, 0x18, 0xc0,
    0x18, 0xc0, 0x18, 0xc0, 0x18, 0xc0, 0x18, 0xc0, 0x18, 0xc0, 0x18, 0xc0,
    0x18, 0xc0, 0x18, 0xc0, 0x18, 0xc0, 0x18, 0xc0, 0x18, 0xc0, 0x18, 0xc0,
    0x18, 0xc0, 0x18, 0xc0, 0x18, 0xc0, 0x18, 0xc0, 0x18, 0xc0, 0x18, 0xc0,
    0x18, 0xc0, 0x18, 0xc0, 0x18, 0xc0, 0x18, 0xc0, 0x18, 0xc0, 0x18, 0xc0,
    0x18, 0xc0, 0x18, 0xc0, 0x18, 0xc0, 0x18, 0xc0, 0x18, 0xc0, 0x18, 0xc0,
    0x18, 0xc0, 0x18, 0xc0, 0x18, 0xc0, 0x18, 0xc0, 0x18, 0xc0, 0x89, 0x48,
    0xa2, 0x10, 0xa2, 0x10, 0x83, 0x18, 0xa2, 0x10, 0xa3, 0x10, 0xa2, 0x18,
    0xa2, 0x10, 0x83, 0x18, 0xa2, 0x10, 0xa2, 0x18, 0xa3, 0x10, 0xa2, 0x18,
    0xa2, 0x10, 0x83, 0x10, 0xa2, 0x18, 0xa2, 0x10, 0xa3, 0x10, 0xa2, 0x18,
    0xa3, 0x10, 0x82, 0x10, 0xa2, 0x18, 0xa3, 0x10, 0xa2, 0x18, 0x83, 0x10,
    0xa2, 0x10, 0xa3, 0x18, 0xa2, 0x10, 0xa2, 0x10, 0x83, 0x18, 0xa2, 0x10,
    0xa2, 0x18, 0x83, 0x10, 0xa2, 0x10, 0xa2, 0x10, 0xa3, 0x18, 0xa3, 0x10,
    0xa2, 0x10, 0xa2, 0x18, 0x83, 0x10, 0xa2, 0x10, 0xa2, 0x18, 0xa3, 0x10,
    0xa2, 0x10, 0xa2, 0x18, 0x29, 0x12, 0x18, 0x06, 0x18, 0x06, 0x18, 0x06,
    0x18, 0x06, 0x18, 0x06, 0x18, 0x06, 0x18, 0x06, 0x18, 0x06, 0x18, 0x06,
    0x18, 0x06, 0x18, 0x06, 0x18, 0x06, 0x18, 0x06, 0x18, 0x06, 0x18, 0x06,
    0x18, 0x06, 0x18, 0x06, 0x18, 0x06, 0x18, 0x06, 0x18, 0x06, 0x18, 0x06,
    0x18, 0x06, 0x18, 0x06, 0x18, 0x06, 0x18, 0x06, 0x18, 0x06, 0x18, 0x06,
    0x18, 0x06, 0x18, 0x06, 0x18, 0x06, 0x18, 0x06, 0x18, 0x06, 0x18, 0x06,
    0x18, 0x06, 0x18, 0x06, 0x18, 0x06, 0x18, 0x06, 0x18, 0x06, 0x18, 0x06,
    0x18, 0x06, 0x18, 0x06, 0x18, 0x06, 0x18, 0x06, 0x18, 0x06, 0x18, 0x06,
    0x18, 0x06, 0xa3, 0x10, 0x82, 0x18, 0xa2, 0x18, 0x83, 0x10, 0x82, 0x18,
    0xa3, 0x10, 0x82, 0x10, 0x83, 0x18, 0xa2, 0x10, 0xa2, 0x18, 0x83, 0x10,
    0xa2, 0x18, 0xa2, 0x10, 0x82, 0x10, 0xa3, 0x18, 0xa2, 0x10, 0xa2, 0x10,
    0xa3, 0x18, 0x82, 0x10, 0xa3, 0x10, 0xa2, 0x18, 0xa2, 0x10, 0xa3, 0x10,
    0xa2, 0x18, 0xa2, 0x10, 0xa3, 0x18, 0x83, 0x10, 0xa2, 0x10, 0xa3, 0x18,
    0xa2, 0x10, 0xa3, 0x10, 0xa2, 0x18, 0xa2, 0x10, 0xa3, 0x10, 0xa2, 0x18,
    0xa2, 0x10, 0xa3, 0x18, 0xa2, 0x10, 0xa2, 0x10, 0x83, 0x18, 0xa2, 0x10,
    0xa2, 0x10, 0xa3, 0x18, 0xa2, 0x10, 0xa2, 0x18, 0xf8, 0xbd, 0x18, 0xc6,
    0x18, 0xc6, 0x18, 0xc6, 0x18, 0xc6, 0x18, 0xc6, 0x18, 0xc6, 0x18, 0xc6,
    0x18, 0xc6, 0x18, 0xc6, 0x18, 0xc6, 0x18, 0xc6, 0x18, 0xc6, 0x18, 0xc6,
    0x18, 0xc6, 0x18, 0xc6, 0x18, 0xc6, 0x18, 0xc6, 0x18, 0xc6, 0x18, 0xc6,
    0x18, 0xc6, 0x18, 0xc6, 0x18, 0xc6, 0x18, 0xc6, 0x18, 0xc6, 0x18, 0xc6,
    0x18, 0xc6, 0x18, 0xc6, 0x18, 0xc6, 0x18, 0xc6, 0x18, 0xc6, 0x18, 0xc6,
    0x18, 0xc6, 0x18, 0xc6, 0x18, 0xc6, 0x18, 0xc6, 0x18, 0xc6, 0x18, 0xc6,
    0x18, 0xc6, 0x18, 0xc6, 0x18, 0xc6, 0x18, 0xc6, 0x18, 0xc6, 0x18, 0xc6,
    0x18, 0xc6, 0x18, 0xc6, 0x18, 0x00, 0x18, 0x00, 0x18, 0x00, 0x18, 0x00,
    0x18, 0x00, 0x18, 0x00, 0x18, 0x00, 0x18, 0x00, 0x18, 0x00, 0x18, 0x00,
    0x18, 0x00, 0x18, 0x00, 0x18, 0x00, 0x18, 0x00, 0x18, 0x00, 0x18, 0x00,
    0x18, 0x00, 0x18, 0x00, 0x18, 0x00, 0x18, 0x00, 0x18, 0x00, 0x18, 0x00,
    0x18, 0x00, 0x18, 0x00, 0x18, 0x00, 0x18, 0x00, 0x18, 0x00, 0x18, 0x00,
    0x18, 0x00, 0x18, 0x00, 0x18, 0x00, 0x18, 0x00, 0x18, 0x00, 0x18, 0x00,
    0x18, 0x00, 0x18, 0x00, 0x18, 0x00, 0x18, 0x00, 0x18, 0x00, 0x18, 0x00,
    0x18, 0x00, 0x18, 0x00, 0x18, 0x00, 0x18, 0x00, 0x18, 0x00, 0x18, 0x00,
    0x82, 0x18, 0xa3, 0x10, 0xa2, 0x10, 0x82, 0x18, 0xa3, 0x10, 0xa2, 0x10,
    0xa2, 0x18, 0xa3, 0x10, 0xa2, 0x10, 0x82, 0x18, 0xa2, 0x10, 0xa2, 0x10,
    0x83, 0x18, 0xa2, 0x10, 0xa3, 0x10, 0x82, 0x18, 0xa2, 0x10, 0xa3, 0x10,
    0xa2, 0x18, 0xa2, 0x10, 0x83, 0x18, 0x82, 0x10, 0xa2, 0x18, 0x83, 0x10,
    0xa2, 0x10, 0xa2, 0x18, 0xa3, 0x10, 0x82, 0x10, 0xa2, 0x18, 0xa2, 0x10,
    0xa3, 0x10, 0x82, 0x18, 0xa2, 0x10, 0xa2, 0x10, 0xa3, 0x18, 0xa2, 0x10,
    0xa3, 0x18, 0xa2, 0x10, 0xa3, 0x10, 0x82, 0x18, 0xa3, 0x10, 0xa2, 0x10,
    0xa3, 0x18, 0xa2, 0x18, 0x82, 0x10, 0x18, 0xc0, 0x18, 0xc0, 0x18, 0xc0,
    0x18, 0xc0, 0x18, 0xc0, 0x18, 0xc0, 0x18, 0xc0, 0x18, 0xc0, 0x18, 0xc0,
    0x18, 0xc0, 0x18, 0xc0, 0x18, 0xc0, 0x18, 0xc0, 0x18, 0xc0, 0x18, 0xc0,
    0x18, 0xc0, 0x18, 0xc0, 0x18, 0xc0, 0x18, 0xc0, 0x18, 0xc0, 0x18, 0xc0,
    0x18, 0xc0, 0x18, 0xc0, 0x18, 0xc0, 0x18, 0xc0, 0x18, 0xc0, 0x18, 0xc0,
    0x18, 0xc0, 0x18, 0xc0, 0x18, 0xc0, 0x18, 0xc0, 0x18, 0xc0, 0x18, 0xc0,
    0x18, 0xc0, 0x18, 0xc0, 0x18, 0xc0, 0x18, 0xc0, 0x18, 0xc0, 0x18, 0xc0,
    0x18, 0xc0, 0x18, 0xc0, 0x18, 0xc0, 0x18, 0xc0, 0x18, 0xc0, 0x18, 0xc0,
    0x18, 0xc0, 0x69, 0x48, 0xa2, 0x10, 0xa2, 0x10, 0x83, 0x18, 0xa2, 0x10,
    0x82, 0x10, 0xa3, 0x18, 0xa2, 0x10, 0xa3, 0x10, 0x82, 0x18, 0xa2, 0x10,
    0xa3, 0x10, 0x82, 0x18, 0xa2, 0x10, 0xa3, 0x18, 0x82, 0x18, 0xa2, 0x10,
    0xa3, 0x10, 0x82, 0x18, 0xa2, 0x10, 0xa3, 0x10, 0x82, 0x18, 0xa2, 0x10,
    0xa3, 0x10, 0xa2, 0x18, 0x82, 0x10, 0xa3, 0x18, 0xa2, 0x10, 0x82, 0x10,
    0xa3, 0x18, 0xa2, 0x10, 0xa3, 0x10, 0xa2, 0x18, 0xa2, 0x10, 0x83, 0x18,
    0xa2, 0x10, 0xa2, 0x10, 0x83, 0x18, 0xa2, 0x10, 0xa2, 0x10, 0x83, 0x18,
    0xa2, 0x10, 0xa2, 0x18, 0x83, 0x10, 0xa2, 0x10, 0x29, 0x12, 0x18, 0x06,
    0x18, 0x06, 0x18, 0x06, 0x18, 0x06, 0x18, 0x06, 0x18, 0x06, 0x18, 0x06,
    0x18, 0x06, 0x18, 0x06, 0x18, 0x06, 0x18, 0x06, 0x18, 0x06, 0x18, 0x06,
    0x18, 0x06, 0x18, 0x06, 0x18, 0x06, 0x18, 0x06, 0x18, 0x06, 0x18, 0x06,
    0x18, 0x06, 0x18, 0x06, 0x18, 0x06, 0x18, 0x06, 0x18, 0x06, 0x18, 0x06,
    0x18, 0x06, 0x18, 0x06, 0x18, 0x06, 0x18, 0x06, 0x18, 0x06, 0x18, 0x06,
    0x18, 0x06, 0x18, 0x06, 0x18, 0x06, 0x18, 0x06, 0x18, 0x06, 0x18, 0x06,
    0x18, 0x06, 0x18, 0x06, 0x18, 0x06, 0x18, 0x06, 0x18, 0x06, 0x18, 0x06,
    0x18, 0x06, 0x18, 0x06, 0x18, 0x06, 0xa3, 0x18, 0xa2, 0x10, 0xa2, 0x10,
    0xa3, 0x10, 0xa2, 0x18, 0xa2, 0x10, 0xa3, 0x10, 0xa2, 0x18, 0xa3, 0x10,
    0x82, 0x10, 0xa3, 0x18, 0xa2, 0x10, 0xa2, 0x18, 0xa3, 0x10, 0x82, 0x18,
    0xa2, 0x10, 0xa3, 0x10, 0xa2, 0x18, 0xa2, 0x10, 0x83, 0x10, 0xa2, 0x18,
    0xa3, 0x10, 0x82, 0x18, 0xa2, 0x10, 0xa3, 0x10, 0xa2, 0x18, 0xa2, 0x10,
    0x82, 0x18, 0xa2, 0x18, 0xa3, 0x10, 0x82, 0x10, 0x82, 0x18, 0xa3, 0x10,
    0xa2, 0x10, 0x82, 0x18, 0xa3, 0x10, 0x83, 0x10, 0xa2, 0x18, 0xa2, 0x10,
    0xa3, 0x18, 0x82, 0x10, 0xa2, 0x10, 0x83, 0x18, 0xa3, 0x10, 0xa2, 0x10,
    0xf8, 0xc5, 0x18, 0xc6, 0x18, 0xc6, 0x18, 0xc6, 0x18, 0xc6, 0x18, 0xc6,
    0x18, 0xc6, 0x18, 0xc6, 0x18, 0xc6, 0x18, 0xc6, 0x18, 0xc6, 0x18, 0xc6,
    0x18, 0xc6, 0x18, 0xc6, 0x18, 0xc6, 0x18, 0xc6, 0x18, 0xc6, 0x18, 0xc6,
    0x18, 0xc6, 0x18, 0xc6, 0x18, 0xc6, 0x18, 0xc6, 0x18, 0xc6, 0x18, 0xc6,
    0x18, 0xc6, 0x18, 0xc6, 0x18, 0xc6, 0x18, 0xc6, 0x18, 0xc6, 0x18, 0xc6,
    0x18, 0xc6, 0x18, 0xc6, 0x18, 0xc6, 0x18, 0xc6, 0x18, 0xc6, 0x18, 0xc6,
    0x18, 0xc6, 0x18, 0xc6, 0x18, 0xc6, 0x18, 0xc6, 0x18, 0xc6, 0x18, 0xc6,
    0x18, 0xc6, 0x18, 0xc6, 0x18, 0xc6, 0x18, 0xc6, 0x18, 0x00, 0x18, 0x00,
    0x18, 0x00, 0x18, 0x00, 0x18, 0x00, 0x18, 0x00, 0x18, 0x00, 0x18, 0x00,
    0x18, 0x00, 0x18, 0x00, 0x18, 0x00, 0x18, 0x00, 0x18, 0x00, 0x18, 0x00,
    0x18, 0x00, 0x18, 0x00, 0x18, 0x00, 0x18, 0x00, 0x18, 0x00, 0x18, 0x00,
    0x18, 0x00, 0x18, 0x00, 0x18, 0x00, 0x18, 0x00, 0x18, 0x00, 0x18, 0x00,
    0x18, 0x00, 0x18, 0x00, 0x18, 0x00, 0x18, 0x00, 0x18, 0x00, 0x18, 0x00,
    0x18, 0x00, 0x18, 0x00, 0x18, 0x00, 0x18, 0x00, 0x18, 0x00, 0x18, 0x00,
    0x18, 0x00, 0x18, 0x00, 0x18, 0x00, 0x18, 0x00, 0x18, 0x00, 0x18, 0x00,
    0x18, 0x00, 0x18, 0x00, 0xa2, 0x10, 0xa3, 0x18, 0x82, 0x10, 0xa2, 0x18,
    0xa3, 0x10, 0x82, 0x10, 0xa2, 0x18, 0xa3, 0x10, 0xa2, 0x10, 0xa3, 0x18,
    0xa2, 0x10, 0xe4, 0x20, 0xe4, 0x20, 0xe4, 0x20, 0xe4, 0x20, 0xe4, 0x20,
    0xe4, 0x20, 0xe4, 0x20, 0xe4, 0x20, 0xe4, 0x20, 0xe4, 0x20, 0xe4, 0x20,
    0xe4, 0x20, 0xe4, 0x20, 0xe4, 0x20, 0xe4, 0x20, 0xe4, 0x20, 0xe4, 0x20,
    0xe4, 0x20, 0xe4, 0x20, 0xe4, 0x20, 0xe4, 0x20, 0xe4, 0x20, 0xe4, 0x20,
    0xe4, 0x20, 0xe4, 0x20, 0xe4, 0x20, 0xe4, 0x20, 0xe4, 0x20, 0xe4, 0x20,
    0xe4, 0x20, 0xe4, 0x20, 0xe4, 0x20, 0xe4, 0x20, 0xe4, 0x20, 0x18, 0xc0,
    0x18, 0xc0, 0x18, 0xc0, 0x18, 0xc0, 0x18, 0xc0, 0x18, 0xc0, 0x18, 0xc0,
    0x18, 0xc0, 0x18, 0xc0, 0x18, 0xc0, 0x18, 0xc0, 0x18, 0xc0, 0x18, 0xc0,
    0x18, 0xc0, 0x18, 0xc0, 0x18, 0xc0, 0x18, 0xc0, 0x18, 0xc0, 0x18, 0xc0,
    0x18, 0xc0, 0x18, 0xc0, 0x18, 0xc0, 0x18, 0xc0, 0x18, 0xc0, 0x18, 0xc0,
    0x18, 0xc0, 0x18, 0xc0, 0x18, 0xc0, 0x18, 0xc0, 0x18, 0xc0, 0x18, 0xc0,
    0x18, 0xc0, 0x18, 0xc0, 0x18, 0xc0, 0x18, 0xc0, 0x18, 0xc0, 0x18, 0xc0,
    0x18, 0xc0, 0x18, 0xc0, 0x18, 0xc0, 0x18, 0xc0, 0x18, 0xc0, 0x18, 0xc0,
    0x18, 0xc0, 0x18, 0xc0, 0x18, 0xc0, 0x69, 0x48, 0xa2, 0x10, 0xa2, 0x10,
    0xa3, 0x18, 0xa2, 0x10, 0xa2, 0x18, 0x83, 0x10, 0xa2, 0x10, 0xa2, 0x18,
    0x83, 0x10, 0xa2, 0x10, 0xa3, 0x18, 0x82, 0x10, 0xa3, 0x10, 0xa2, 0x10,
    0xa3, 0x18, 0x82, 0x10, 0xa2, 0x18, 0xa3, 0x10, 0xa2, 0x18, 0xa3, 0x10,
    0xa2, 0x10, 0x82, 0x18, 0xa3, 0x10, 0xa2, 0x10, 0xa2, 0x18, 0x83, 0x10,
    0xa2, 0x18, 0xa3, 0x10, 0xa2, 0x18, 0x82, 0x10, 0xa3, 0x10, 0xa2, 0x18,
    0x83, 0x10, 0xa2, 0x18, 0xa2, 0x10, 0x83, 0x18, 0xa2, 0x10, 0xa3, 0x18,
    0xa2, 0x10, 0xa3, 0x10, 0x82, 0x18, 0xa2, 0x10, 0xa3, 0x10, 0xa2, 0x10,
    0x29, 0x12, 0x18, 0x06, 0x18, 0x06, 0x18, 0x06, 0x18, 0x06, 0x18, 0x06,
    0x18, 0x06, 0x18, 0x06, 0x18, 0x06, 0x18, 0x06, 0x18, 0x06, 0x18, 0x06,
    0x18, 0x06, 0x18, 0x06, 0x18, 0x06, 0x18, 0x06, 0x18, 0x06, 0x18, 0x06,
    0x18, 0x06, 0x18, 0x06, 0x18, 0x06, 0x18, 0x06, 0x18, 0x06, 0x18, 0x06,
    0x18, 0x06, 0x18, 0x06, 0x18, 0x06, 0x18, 0x06, 0x18, 0x06, 0x18, 0x06,
    0x18, 0x06, 0x18, 0x06, 0x18, 0x06, 0x18, 0x06, 0x18, 0x06, 0x18, 0x06,
    0x18, 0x06, 0x18, 0x06, 0x18, 0x06, 0x18, 0x06, 0x18, 0x06, 0x18, 0x06,
    0x18, 0x06, 0x18, 0x06, 0x18, 0x06, 0x18, 0x06, 0x18, 0x06, 0xa2, 0x10,
    0x83, 0x10, 0xa2, 0x18, 0xa2, 0x10, 0xa3, 0x10, 0x82, 0x18, 0xa2, 0x10,
    0xa3, 0x10, 0xa2, 0x18, 0xa2, 0x10, 0xa3, 0x10, 0x82, 0x18, 0xa3, 0x10,
    0xa2, 0x10, 0xa2, 0x18, 0x83, 0x10, 0xa2, 0x10, 0xa2, 0x18, 0x83, 0x10,
    0xa2, 0x18, 0xa2, 0x10, 0x83, 0x10, 0xa2, 0x18, 0xa3, 0x10, 0x82, 0x10,
    0xa2, 0x18, 0xa3, 0x10, 0xa3, 0x10, 0x82, 0x10, 0xa2, 0x18, 0xa3, 0x10,
    0xa2, 0x10, 0xa3, 0x18, 0x82, 0x10, 0xa2, 0x10, 0xa3, 0x18, 0xa2, 0x10,
    0x82, 0x10, 0xa3, 0x18, 0xa2, 0x10, 0xa3, 0x18, 0xa2, 0x10, 0x82, 0x10,
    0xa3, 0x18, 0xa2, 0x10, 0xf8, 0xbd, 0x18, 0xc6, 0x18, 0xc6, 0x18, 0xc6,
    0x18, 0xc6, 0x18, 0xc6, 0x18, 0xc6, 0x18, 0xc6, 0x18, 0xc6, 0x18, 0xc6,
    0x18, 0xc6, 0x18, 0xc6, 0x18, 0xc6, 0x18, 0xc6, 0x18, 0xc6, 0x18, 0xc6,
    0x18, 0xc6, 0x18, 0xc6, 0x18, 0xc6, 0x18, 0xc6, 0x18, 0xc6, 0x18, 0xc6,
    0x18, 0xc6, 0x18, 0xc6, 0x18, 0xc6, 0x18, 0xc6, 0x18, 0xc6, 0x18, 0xc6,
    0x18, 0xc6, 0x18, 0xc6, 0x18, 0xc6, 0x18, 0xc6, 0x18, 0xc6, 0x18, 0xc6,
    0x18, 0xc6, 0x18, 0xc6, 0x18, 0xc6, 0x18, 0xc6, 0x18, 0xc6, 0x18, 0xc6,
    0x18, 0xc6, 0x18, 0xc6, 0x18, 0xc6, 0x18, 0xc6, 0x18, 0xc6, 0x18, 0xc6,
    0x09, 0x01, 0x0a, 0x01, 0x09, 0x01, 0x09, 0x01, 0x0a, 0x01, 0x09, 0x01,
    0x09, 0x01, 0x0a, 0x01, 0x09, 0x01, 0x09, 0x01, 0x0a, 0x01, 0x09, 0x01,
    0x09, 0x01, 0x0a, 0x01, 0x09, 0x01, 0x09, 0x01, 0x0a, 0x01, 0x09, 0x01,
    0x09, 0x01, 0x0a, 0x01, 0x09, 0x01, 0x09, 0x01, 0x0a, 0x01, 0x09, 0x01,
    0x09, 0x01, 0x0a, 0x01, 0x09, 0x01, 0x09, 0x01, 0x0a, 0x01, 0x09, 0x01,
    0x09, 0x01, 0x0a, 0x01, 0x09, 0x01, 0x09, 0x01, 0x0a, 0x01, 0x09, 0x01,
    0x09, 0x01, 0x0a, 0x01, 0x09, 0x01, 0x09, 0x01, 0x0a, 0x01, 0x09, 0x01,
    0x0a, 0x01, 0x09, 0x01, 0x0a, 0x01, 0x0a, 0x01, 0x09, 0x01, 0x0a, 0x01,
    0x0a, 0x01, 0x0a, 0x01, 0x0a, 0x01, 0x0a, 0x01, 0x0a, 0x01, 0x09, 0x01,
    0x0a, 0x01, 0x0a, 0x01, 0x09, 0x01, 0xff, 0xff, 0xff, 0xff, 0xff, 0xff,
    0xff, 0xff, 0xff, 0xff, 0xff, 0xff, 0xff, 0xff, 0xff, 0xff, 0xff, 0xff,
    0xff, 0xff, 0xff, 0xff, 0xff, 0xff, 0xff, 0xff, 0xff, 0xff, 0xff, 0xff,
    0xff, 0xff, 0xff, 0xff, 0xff, 0xff, 0xff, 0xff, 0xff, 0xff, 0xff, 0xff,
    0xff, 0xff, 0xff, 0xff, 0xff, 0xff, 0xff, 0xff, 0xff, 0xff, 0xff, 0xff,
    0xff, 0xff, 0xff, 0xff, 0xff, 0xff, 0xff, 0xff, 0xff, 0xff, 0xff, 0xff,
    0xff, 0xff, 0xff, 0xff, 0xff, 0xff, 0xff, 0xff, 0xff, 0xff, 0xff, 0xff,
    0xff, 0xff, 0xff, 0xff, 0xff, 0xff, 0xff, 0xff, 0xff, 0xff, 0xff, 0xff,
    0xff, 0xff, 0xff, 0xff, 0xff, 0xff, 0xff, 0xff, 0xff, 0xff, 0xff, 0xff,
    0xff, 0xff, 0xff, 0xff, 0xff, 0xff, 0xff, 0xff, 0xff, 0xff, 0xff, 0xff,
    0xd1, 0x72, 0x0e, 0x30, 0x0d, 0x30, 0x0e, 0x30, 0x0d, 0x30, 0x0e, 0x30,
    0x0d, 0x30, 0x0e, 0x30, 0x0d, 0x30, 0x0e, 0x30, 0x0d, 0x30, 0x0d, 0x30,
    0x0e, 0x30, 0x0d, 0x30, 0x0d, 0x30, 0x0e, 0x30, 0x0d, 0x30, 0x0d, 0x30,
    0x0e, 0x30, 0x0d, 0x30, 0x0d, 0x30, 0x0d, 0x30, 0x0d, 0x30, 0x0d, 0x30,
    0x0d, 0x30, 0x0d, 0x30, 0x0d, 0x30, 0x0d, 0x30, 0x0d, 0x30, 0x0d, 0x30,
    0x0d, 0x30, 0x0d, 0x30, 0x0d, 0x30, 0x0d, 0x30, 0x0d, 0x30, 0x0d, 0x30,
    0x0d, 0x30, 0x0d, 0x30, 0x0d, 0x30, 0x0d, 0x30, 0x0d, 0x30, 0x0d, 0x30,
    0x0d, 0x30, 0x0d, 0x30, 0x0d, 0x30, 0x0d, 0x38, 0x0d, 0x30, 0x0d, 0x30,
    0x0d, 0x30, 0x0d, 0x30, 0x0d, 0x30, 0x0d, 0x30, 0x0d, 0x30, 0x0d, 0x30,
    0x0d, 0x30, 0x0d, 0x30, 0x0d, 0x30, 0x86, 0x30, 0xa2, 0x10, 0xa2, 0x10,
    0xa3, 0x18, 0x82, 0x10, 0xa2, 0x18, 0xa3, 0x10, 0xa2, 0x10, 0x83, 0x18,
    0xa2, 0x18, 0xa2, 0x10, 0xa2, 0x10, 0xc3, 0x18, 0xc3, 0x18, 0xc3, 0x18,
    0xc3, 0x18, 0xc3, 0x18, 0xc3, 0x18, 0xc3, 0x18, 0xc3, 0x18, 0xc3, 0x18,
    0xc3, 0x18, 0xc3, 0x18, 0xc3, 0x18, 0xc3, 0x18, 0xc3, 0x18, 0xc3, 0x18,
    0xc3, 0x18, 0xc3, 0x18, 0xc3, 0x18, 0xc3, 0x18, 0xc3, 0x18, 0xc3, 0x18,
    0xc3, 0x18, 0xc3, 0x18, 0xc3, 0x18, 0xc3, 0x18, 0xc3, 0x18, 0xc3, 0x18,
    0xc3, 0x18, 0xc3, 0x18, 0xc3, 0x18, 0xc3, 0x18, 0xc3, 0x18, 0xc3, 0x18,
    0xc3, 0x18, 0xc3, 0x18, 0xc3, 0x18, 0xc3, 0x18, 0xc3, 0x18, 0xc3, 0x18,
    0xc3, 0x18, 0xc3, 0x18, 0xc3, 0x18, 0xc3, 0x18, 0xc3, 0x18, 0xc3, 0x18,
    0xa2, 0x18, 0x41, 0x08, 0x41, 0x08, 0x41, 0x08, 0x41, 0x08, 0x41, 0x08,
    0x41, 0x08, 0x41, 0x08, 0x41, 0x08, 0x41, 0x08, 0x41, 0x08, 0x41, 0x08,
    0x41, 0x08, 0x41, 0x08, 0x41, 0x08, 0x62, 0x10, 0xa2, 0x10, 0x83, 0x18,
    0xa2, 0x10, 0xa3, 0x10, 0xa2, 0x18, 0xa2, 0x10, 0xa3, 0x10, 0xa2, 0x18,
    0x82, 0x10, 0xa3, 0x10, 0xa2, 0x18, 0x82, 0x10, 0xa3, 0x10, 0xa2, 0x18,
    0xa2, 0x10, 0xe4, 0x20, 0xe4, 0x20, 0xe4, 0x20, 0xe4, 0x20, 0xe4, 0x20,
    0xe4, 0x20, 0xe4, 0x20, 0xe4, 0x20, 0xe4, 0x20, 0xe4, 0x20, 0xe4, 0x20,
    0xe4, 0x20, 0xe4, 0x20, 0xe4, 0x20, 0xe4, 0x20, 0xe4, 0x20, 0xe4, 0x20,
    0xe4, 0x20, 0xe4, 0x20, 0xe4, 0x20, 0xe4, 0x20, 0xe4, 0x20, 0xe4, 0x20,
    0xe4, 0x20, 0xe4, 0x20, 0xe4, 0x20, 0xe4, 0x20, 0xe4, 0x20, 0xe4, 0x20,
    0xe4, 0x20, 0xe4, 0x20, 0xe4, 0x20, 0xe4, 0x20, 0xe4, 0x20, 0xe4, 0x20,
    0xe4, 0x20, 0xe4, 0x20, 0xe4, 0x20, 0xe4, 0x20, 0xe4, 0x20, 0xe4, 0x20,
    0xe4, 0x20, 0xe4, 0x20, 0xe4, 0x20, 0xe4, 0x20, 0xe4, 0x20, 0xe4, 0x20,
    0xe4, 0x20, 0xe4, 0x20, 0xe4, 0x20, 0xe4, 0x20, 0xe4, 0x20, 0xe4, 0x20,
    0xe4, 0x20, 0xe4, 0x20, 0xe4, 0x20, 0xe4, 0x20, 0xe4, 0x20, 0xe4, 0x20,
    0xe4, 0x20, 0xe4, 0x20, 0x09, 0x01, 0x0a, 0x01, 0x0a, 0x01, 0x09, 0x01,
    0x0a, 0x01, 0x0a, 0x01, 0x09, 0x01, 0x0a, 0x01, 0x0a, 0x01, 0x09, 0x01,
    0x0a, 0x01, 0x0a, 0x01, 0x09, 0x01, 0x0a, 0x01, 0x0a, 0x01, 0x09, 0x01,
    0x0a, 0x01, 0x0a, 0x01, 0x09, 0x01, 0x0a, 0x01, 0x0a, 0x01, 0x09, 0x01,
    0x0a, 0x01, 0x0a, 0x01, 0x09, 0x01, 0x0a, 0x01, 0x0a, 0x01, 0x09, 0x01,
    0x0a, 0x01, 0x0a, 0x01, 0x09, 0x01, 0x0a, 0x01, 0x0a, 0x01, 0x09, 0x01,
    0x0a, 0x01, 0x0a, 0x01, 0x09, 0x01, 0x0a, 0x01, 0x0a, 0x01, 0x09, 0x01,
    0x0a, 0x01, 0x0a, 0x01, 0x09, 0x01, 0x09, 0x01, 0x0a, 0x01, 0x09, 0x01,
    0x09, 0x01, 0x0a, 0x01, 0x09, 0x01, 0x09, 0x01, 0x09, 0x01, 0x09, 0x01,
    0x0a, 0x01, 0x09, 0x01, 0x09, 0x01, 0x0a, 0x01, 0x09, 0x01, 0xff, 0xff,
    0xff, 0xff, 0xff, 0xff, 0xff, 0xff, 0xff, 0xff, 0xff, 0xff, 0xff, 0xff,
    0xff, 0xff, 0xff, 0xff, 0xff, 0xff, 0xff, 0xff, 0xff, 0xff, 0xff, 0xff,
    0xff, 0xff, 0xff, 0xff, 0xff, 0xff, 0xff, 0xff, 0xff, 0xff, 0xff, 0xff,
    0xff, 0xff, 0xff, 0xff, 0xff, 0xff, 0xff, 0xff, 0xff, 0xff, 0xff, 0xff,
    0xff, 0xff, 0xff, 0xff, 0xff, 0xff, 0xff, 0xff, 0xff, 0xff, 0xff, 0xff,
    0xff, 0xff, 0xff, 0xff, 0xff, 0xff, 0xff, 0xff, 0xff, 0xff, 0xff, 0xff,
    0xff, 0xff, 0xff, 0xff, 0xff, 0xff, 0xff, 0xff, 0xff, 0xff, 0xff, 0xff,
    0xff, 0xff, 0xff, 0xff, 0xff, 0xff, 0xff, 0xff, 0xff, 0xff, 0xff, 0xff,
    0xff, 0xff, 0xff, 0xff, 0xff, 0xff, 0xff, 0xff, 0xff, 0xff, 0xff, 0xff,
    0xff, 0xff, 0xff, 0xff, 0xd1, 0x72, 0x0d, 0x30, 0x0d, 0x30, 0x0d, 0x38,
    0x0d, 0x30, 0x0d, 0x38, 0x0d, 0x30, 0x0d, 0x38, 0x0d, 0x30, 0x0d, 0x38,
    0x0e, 0x30, 0x0d, 0x30, 0x0d, 0x38, 0x0e, 0x30, 0x0d, 0x38, 0x0d, 0x30,
    0x0d, 0x30, 0x0d, 0x38, 0x0e, 0x30, 0x0d, 0x30, 0x0d, 0x38, 0x0e, 0x30,
    0x0d, 0x30, 0x0d, 0x30, 0x0e, 0x38, 0x0e, 0x30, 0x0d, 0x30, 0x0e, 0x38,
    0x0e, 0x30, 0x0d, 0x38, 0x0e, 0x30, 0x0d, 0x38, 0x0d, 0x30, 0x0e, 0x38,
    0x0d, 0x30, 0x0d, 0x38, 0x0e, 0x38, 0x0d, 0x30, 0x0d, 0x30, 0x0e, 0x38,
    0x0e, 0x30, 0x0d, 0x30, 0x0d, 0x38, 0x0e, 0x30, 0x0e, 0x30, 0x0d, 0x30,
    0x0e, 0x38, 0x0d, 0x30, 0x0e, 0x30, 0x0d, 0x38, 0x0d, 0x30, 0x0e, 0x30,
    0x0d, 0x38, 0x0e, 0x30, 0x0d, 0x38, 0x0d, 0x30, 0x0d, 0x30, 0x86, 0x30,
    0x83, 0x10, 0xa2, 0x10, 0xa2, 0x18, 0x83, 0x10, 0xa2, 0x10, 0xa2, 0x18,
    0xa3, 0x10, 0xa2, 0x10, 0x83, 0x18, 0xa2, 0x10, 0xa3, 0x18, 0xa2, 0x10,
    0xa2, 0x10, 0xa2, 0x18, 0xa3, 0x10, 0xa2, 0x10, 0xa2, 0x18, 0xa3, 0x10,
    0xa2, 0x10, 0xa2, 0x18, 0xa3, 0x10, 0xa2, 0x18, 0xa3, 0x10, 0xa2, 0x18,
    0xa3, 0x10, 0xa3, 0x18, 0xa2, 0x18, 0xa3, 0x10, 0xa3, 0x18, 0xa2, 0x10,
    0xa3, 0x18, 0xa3, 0x18, 0xa2, 0x10, 0xa3, 0x18, 0xa3, 0x10, 0xa2, 0x18,
    0xa3, 0x18, 0xa3, 0x10, 0xa2, 0x18, 0xa3, 0x10, 0xa3, 0x18, 0xa2, 0x18,
    0xa3, 0x10, 0xa3, 0x18, 0xa2, 0x10, 0xa3, 0x18, 0xa3, 0x10, 0xa2, 0x18,
    0xa3, 0x10, 0xa2, 0x18, 0xa3, 0x10, 0xa3, 0x18, 0xa2, 0x10, 0xa3, 0x18,
    0xa3, 0x10, 0xa2, 0x10, 0x82, 0x10, 0x41, 0x08, 0x41, 0x08, 0x41, 0x08,
    0x41, 0x08, 0x41, 0x08, 0x41, 0x08, 0x41, 0x08, 0x41, 0x08, 0x41, 0x08,
    0x41, 0x08, 0x41, 0x08, 0x41, 0x08, 0x41, 0x08, 0x41, 0x08, 0x62, 0x08,
    0xa2, 0x18, 0xa2, 0x10, 0x83, 0x10, 0xa2, 0x18, 0xa2, 0x10, 0x83, 0x18,
    0xa2, 0x10, 0xa2, 0x18, 0xa3, 0x10, 0xa2, 0x18, 0xa3, 0x10, 0x82, 0x18,
    0xa2, 0x10, 0xa3, 0x10, 0x82, 0x18, 0xe4, 0x20, 0xe4, 0x18, 0xe3, 0x20,
    0xe4, 0x20, 0xe3, 0x18, 0xe3, 0x20, 0xe4, 0x18, 0xe3, 0x20, 0xe3, 0x18,
    0xe4, 0x18, 0xe3, 0x20, 0xe3, 0x18, 0xe4, 0x20, 0xe3, 0x18, 0xe4, 0x20,
    0xa2, 0x10, 0xa2, 0x10, 0xa2, 0x10, 0xa2, 0x10, 0xa2, 0x10, 0xa2, 0x10,
    0xa2, 0x10, 0xa2, 0x10, 0xa2, 0x10, 0xa2, 0x10, 0xa2, 0x10, 0xa2, 0x10,
    0xa2, 0x10, 0xa2, 0x10, 0xa2, 0x10, 0xa2, 0x10, 0xa2, 0x10, 0xa2, 0x10,
    0xa2, 0x10, 0xa2, 0x10, 0xa2, 0x10, 0xa2, 0x10, 0xa2, 0x10, 0xa2, 0x10,
    0xa2, 0x10, 0xa2, 0x10, 0xa2, 0x10, 0xa2, 0x10, 0xa2, 0x10, 0xa2, 0x10,
    0xa2, 0x10, 0xa2, 0x10, 0xa2, 0x10, 0xa2, 0x10, 0xa2, 0x10, 0xa2, 0x10,
    0xa2, 0x10, 0xa2, 0x10, 0xa2, 0x10, 0xa2, 0x10, 0xa2, 0x10, 0xa2, 0x10,
    0xa2, 0x10, 0xa2, 0x10, 0xa2, 0x10, 0xa2, 0x10, 0x09, 0x01, 0x0a, 0x01,
    0x29, 0x01, 0x09, 0x01, 0x2a, 0x01, 0x09, 0x01, 0x29, 0x01, 0x0a, 0x01,
    0x29, 0x01, 0x09, 0x01, 0x2a, 0x01, 0x09, 0x01, 0x29, 0x01, 0x0a, 0x01,
    0x29, 0x01, 0x09, 0x01, 0x2a, 0x01, 0x09, 0x01, 0x29, 0x01, 0x0a, 0x01,
    0x29, 0x01, 0x09, 0x01, 0x2a, 0x01, 0x09, 0x01, 0x29, 0x01, 0x0a, 0x01,
    0x29, 0x01, 0x09, 0x01, 0x2a, 0x01, 0x09, 0x01, 0x29, 0x01, 0x0a, 0x01,
    0x29, 0x01, 0x09, 0x01, 0x2a, 0x01, 0x09, 0x01, 0x2a, 0x01, 0x09, 0x01,
    0x2a, 0x01, 0x09, 0x01, 0x29, 0x01, 0x0a, 0x01, 0x29, 0x01, 0x0a, 0x01,
    0x2a, 0x01, 0x09, 0x01, 0x0a, 0x01, 0x29, 0x01, 0x0a, 0x01, 0x29, 0x01,
    0x0a, 0x01, 0x09, 0x01, 0x2a, 0x01, 0x0a, 0x01, 0x09, 0x01, 0x0a, 0x01,
    0x0a, 0x01, 0xff, 0xff, 0xff, 0xff, 0xff, 0xff, 0xff, 0xff, 0xff, 0xff,
    0xff, 0xff, 0xff, 0xff, 0xff, 0xff, 0xff, 0xff, 0xff, 0xff, 0xff, 0xff,
    0xff, 0xff, 0xff, 0xff, 0xff, 0xff, 0xff, 0xff, 0xff, 0xff, 0xff, 0xff,
    0xff, 0xff, 0xff, 0xff, 0xff, 0xff, 0xff, 0xff, 0xff, 0xff, 0xff, 0xff,
    0xff, 0xff, 0xff, 0xff, 0xff, 0xff, 0xff, 0xff, 0xff, 0xff, 0xff, 0xff,
    0xff, 0xff, 0xff, 0xff, 0xff, 0xff, 0xff, 0xff, 0xff, 0xff, 0xff, 0xff,
    0xff, 0xff, 0xff, 0xff, 0xff, 0xff, 0xff, 0xff, 0xff, 0xff, 0xff, 0xff,
    0xff, 0xff, 0xff, 0xff, 0xff, 0xff, 0xff, 0xff, 0xff, 0xff, 0xff, 0xff,
    0xff, 0xff, 0xff, 0xff, 0xff, 0xff, 0xff, 0xff, 0xff, 0xff, 0xff, 0xff,
    0xff, 0xff, 0xff, 0xff, 0xff, 0xff, 0xff, 0xff, 0xd1, 0x72, 0x0d, 0x30,
    0x0d, 0x30, 0x0e, 0x38, 0x0d, 0x30, 0x0d, 0x30, 0x0e, 0x30, 0x0d, 0x30,
    0x0d, 0x38, 0x0d, 0x30, 0x0d, 0x30, 0x0d, 0x38, 0x0d, 0x30, 0x0d, 0x30,
    0x0e, 0x30, 0x0d, 0x38, 0x0d, 0x30, 0x0e, 0x30, 0x0d, 0x38, 0x0d, 0x30,
    0x0d, 0x30, 0x0e, 0x38, 0x0d, 0x30, 0x0d, 0x30, 0x0d, 0x38, 0x0d, 0x30,
    0x0d, 0x30, 0x0d, 0x38, 0x0d, 0x30, 0x0d, 0x30, 0x0d, 0x30, 0x0e, 0x30,
    0x0d, 0x38, 0x0d, 0x30, 0x0e, 0x30, 0x0d, 0x30, 0x0d, 0x30, 0x0e, 0x30,
    0x0d, 0x38, 0x0d, 0x30, 0x0d, 0x30, 0x0d, 0x38, 0x0d, 0x30, 0x0d, 0x30,
    0x0d, 0x38, 0x0d, 0x30, 0x0d, 0x30, 0x0e, 0x30, 0x0d, 0x38, 0x0d, 0x30,
    0x0e, 0x30, 0x0d, 0x38, 0x0d, 0x30, 0x0d, 0x30, 0x0e, 0x30, 0x0d, 0x38,
    0x0d, 0x30, 0x86, 0x30, 0xa2, 0x10, 0xa2, 0x18, 0xa3, 0x10, 0xa2, 0x10,
    0x83, 0x18, 0xa2, 0x10, 0xa2, 0x10, 0x83, 0x18, 0xa2, 0x10, 0xa2, 0x10,
    0xa3, 0x18, 0xa3, 0x10, 0xa2, 0x10, 0xa3, 0x18, 0xa2, 0x10, 0xa2, 0x10,
    0xa3, 0x18, 0xa2, 0x10, 0xa2, 0x18, 0xa3, 0x10, 0xa2, 0x10, 0xa2, 0x18,
    0xa3, 0x10, 0xa2, 0x10, 0xa2, 0x18, 0xa2, 0x10, 0xa2, 0x10, 0xa2, 0x10,
    0xa3, 0x18, 0xa2, 0x10, 0xa2, 0x10, 0xa2, 0x10, 0xa2, 0x18, 0xa3, 0x10,
    0xa2, 0x10, 0xa2, 0x10, 0xa2, 0x10, 0xa2, 0x18, 0xa2, 0x10, 0xa2, 0x10,
    0xa2, 0x10, 0xa2, 0x10, 0xa2, 0x18, 0xa2, 0x10, 0xa2, 0x10, 0xa2, 0x18,
    0xa2, 0x10, 0xa3, 0x10, 0xa2, 0x18, 0xa2, 0x10, 0xa2, 0x10, 0xa2, 0x18,
    0xa2, 0x10, 0xa2, 0x10, 0xa3, 0x18, 0xa2, 0x18, 0x82, 0x10, 0x41, 0x08,
    0x42, 0x08, 0x41, 0x08, 0x61, 0x10, 0x42, 0x08, 0x41, 0x08, 0x41, 0x10,
    0x41, 0x08, 0x41, 0x08, 0x61, 0x10, 0x41, 0x08, 0x41, 0x08, 0x41, 0x08,
    0x41, 0x08, 0x62, 0x10, 0xa2, 0x10, 0xa2, 0x10, 0xa3, 0x18, 0x82, 0x10,
    0xa3, 0x10, 0xa2, 0x10, 0x82, 0x18, 0xa3, 0x10, 0x82, 0x10, 0xa2, 0x10,
    0xa3, 0x18, 0xa2, 0x10, 0xa2, 0x18, 0xa3, 0x10, 0xa2, 0x10, 0xe4, 0x20,
    0xe3, 0x18, 0xe4, 0x20, 0x04, 0x19, 0xe3, 0x20, 0xe4, 0x18, 0x04, 0x21,
    0xe3, 0x20, 0xe4, 0x18, 0x04, 0x21, 0xe3, 0x20, 0xe4, 0x18, 0x04, 0x21,
    0xe3, 0x20, 0xe4, 0x18, 0xa2, 0x10, 0xa2, 0x10, 0xa3, 0x18, 0xa2, 0x10,
    0xa3, 0x10, 0xa2, 0x18, 0xa3, 0x10, 0xa2, 0x10, 0xa3, 0x18, 0xa2, 0x10,
    0xa3, 0x10, 0xa2, 0x18, 0xa3, 0x10, 0xa2, 0x18, 0xa3, 0x10, 0xa2, 0x18,
    0xa3, 0x10, 0xa2, 0x18, 0xa3, 0x10, 0xa2, 0x18, 0xa3, 0x10, 0xa2, 0x18,
    0xa3, 0x10, 0xa2, 0x18, 0xa3, 0x10, 0xa2, 0x18, 0xa3, 0x10, 0xa2, 0x18,
    0xa3, 0x10, 0xa2, 0x18, 0xa3, 0x10, 0xa2, 0x18, 0xa3, 0x10, 0xa2, 0x18,
    0xa3, 0x10, 0xa2, 0x18, 0xa3, 0x10, 0xa2, 0x18, 0xa3, 0x10, 0xa2, 0x18,
    0xa2, 0x10, 0xa3, 0x10, 0xa2, 0x18, 0xa2, 0x10, 0xa3, 0x10, 0xa2, 0x10,
    0x0a, 0x01, 0x09, 0x01, 0x0a, 0x01, 0x0a, 0x01, 0x09, 0x01, 0x2a, 0x01,
    0x0a, 0x01, 0x09, 0x01, 0x0a, 0x01, 0x2a, 0x01, 0x09, 0x01, 0x0a, 0x01,
    0x0a, 0x01, 0x29, 0x01, 0x0a, 0x01, 0x0a, 0x01, 0x09, 0x01, 0x2a, 0x01,
    0x0a, 0x01, 0x09, 0x01, 0x0a, 0x01, 0x2a, 0x01, 0x09, 0x01, 0x0a, 0x01,
    0x0a, 0x01, 0x29, 0x01, 0x0a, 0x01, 0x0a, 0x01, 0x09, 0x01, 0x2a, 0x01,
    0x0a, 0x01, 0x09, 0x01, 0x0a, 0x01, 0x2a, 0x01, 0x09, 0x01, 0x09, 0x01,
    0x0a, 0x01, 0x29, 0x01, 0x09, 0x01, 0x0a, 0x01, 0x0a, 0x01, 0x29, 0x01,
    0x0a, 0x01, 0x09, 0x01, 0x09, 0x01, 0x2a, 0x01, 0x0a, 0x01, 0x09, 0x01,
    0x0a, 0x01, 0x2a, 0x01, 0x09, 0x01, 0x0a, 0x01, 0x29, 0x01, 0x09, 0x01,
    0x0a, 0x01, 0x29, 0x01, 0x09, 0x01, 0xff, 0xff, 0xff, 0xff, 0xff, 0xff,
    0xff, 0xff, 0xff, 0xff, 0xff, 0xff, 0xff, 0xff, 0xff, 0xff, 0xff, 0xff,
    0xff, 0xff, 0xff, 0xff, 0xff, 0xff, 0xff, 0xff, 0xff, 0xff, 0xff, 0xff,
    0xff, 0xff, 0xff, 0xff, 0xff, 0xff, 0xff, 0xff, 0xff, 0xff, 0xff, 0xff,
    0xff, 0xff, 0xff, 0xff, 0xff, 0xff, 0xff, 0xff, 0xff, 0xff, 0xff, 0xff,
    0xff, 0xff, 0xff, 0xff, 0xff, 0xff, 0xff, 0xff, 0xff, 0xff, 0xff, 0xff,
    0xff, 0xff, 0xff, 0xff, 0xff, 0xff, 0xff, 0xff, 0xff, 0xff, 0xff, 0xff,
    0xff, 0xff, 0xff, 0xff, 0xff, 0xff, 0xff, 0xff, 0xff, 0xff, 0xff, 0xff,
    0xff, 0xff, 0xff, 0xff, 0xff, 0xff, 0xff, 0xff, 0xff, 0xff, 0xff, 0xff,
    0xff, 0xff, 0xff, 0xff, 0xff, 0xff, 0xff, 0xff, 0xff, 0xff, 0xff, 0xff,
    0xd1, 0x72, 0x0d, 0x30, 0x0d, 0x30, 0x0e, 0x30, 0x0d, 0x30, 0x0d, 0x30,
    0x0e, 0x38, 0x0d, 0x30, 0x0e, 0x30, 0x0e, 0x30, 0x0d, 0x30, 0x0e, 0x30,
    0x0d, 0x30, 0x0d, 0x30, 0x0d, 0x30, 0x0e, 0x38, 0x0d, 0x30, 0x0d, 0x30,
    0x0d, 0x30, 0x0d, 0x30, 0x0e, 0x30, 0x0d, 0x30, 0x0d, 0x30, 0x0e, 0x30,
    0x0d, 0x30, 0x0d, 0x30, 0x0e, 0x30, 0x0d, 0x30, 0x0d, 0x30, 0x0d, 0x30,
    0x0d, 0x38, 0x0e, 0x30, 0x0d, 0x30, 0x0d, 0x30, 0x0d, 0x30, 0x0d, 0x38,
    0x0d, 0x30, 0x0d, 0x30, 0x0e, 0x30, 0x0d, 0x30, 0x0d, 0x30, 0x0e, 0x30,
    0x0d, 0x30, 0x0d, 0x30, 0x0e, 0x38, 0x0d, 0x30, 0x0d, 0x30, 0x0d, 0x30,
    0x0d, 0x30, 0x0d, 0x30, 0x0d, 0x30, 0x0d, 0x30, 0x0d, 0x30, 0x0e, 0x30,
    0x0d, 0x30, 0x0d, 0x30, 0x0d, 0x30, 0x86, 0x30, 0xa2, 0x10, 0x83, 0x10,
    0xa2, 0x18, 0xa2, 0x10, 0x83, 0x18, 0xa2, 0x10, 0xa2, 0x18, 0xa3, 0x10,
    0xa2, 0x10, 0x82, 0x18, 0x82, 0x10, 0xa2, 0x18, 0x83, 0x10, 0xa2, 0x18,
    0xa2, 0x10, 0x83, 0x18, 0xa2, 0x10, 0xa2, 0x10, 0x83, 0x18, 0xa3, 0x10,
    0xa2, 0x10, 0x82, 0x18, 0xa3, 0x10, 0xa2, 0x10, 0x82, 0x18, 0xa3, 0x10,
    0xa3, 0x10, 0x82, 0x18, 0xa2, 0x10, 0xa3, 0x10, 0x82, 0x18, 0xa2, 0x10,
    0xa3, 0x10, 0x82, 0x18, 0xa2, 0x18, 0xa3, 0x10, 0x83, 0x10, 0xa2, 0x18,
    0xa3, 0x10, 0x83, 0x18, 0xa2, 0x10, 0xa3, 0x10, 0x83, 0x18, 0xa2, 0x10,
    0xa3, 0x10, 0x82, 0x18, 0xa2, 0x10, 0xa3, 0x10, 0x82, 0x18, 0xa3, 0x10,
    0xa3, 0x10, 0x82, 0x18, 0xa3, 0x10, 0xa2, 0x10, 0x82, 0x18, 0xa3, 0x10,
    0x82, 0x10, 0x41, 0x08, 0x61, 0x08, 0x41, 0x08, 0x41, 0x08, 0x61, 0x08,
    0x41, 0x08, 0x61, 0x08, 0x42, 0x08, 0x41, 0x08, 0x61, 0x08, 0x42, 0x08,
    0x41, 0x08, 0x61, 0x08, 0x41, 0x08, 0x62, 0x10, 0xa2, 0x10, 0x82, 0x18,
    0xa3, 0x10, 0xa2, 0x18, 0xa2, 0x10, 0xa3, 0x18, 0xa2, 0x10, 0x83, 0x10,
    0xa2, 0x18, 0xa2, 0x10, 0x83, 0x10, 0xa2, 0x18, 0x83, 0x10, 0xa2, 0x10,
    0xa2, 0x18, 0xe4, 0x20, 0xe4, 0x20, 0x03, 0x19, 0xe4, 0x20, 0xe4, 0x20,
    0x04, 0x19, 0xe3, 0x20, 0xe4, 0x20, 0x04, 0x19, 0xe4, 0x20, 0xe3, 0x20,
    0x04, 0x19, 0xe4, 0x20, 0xe3, 0x20, 0xe4, 0x20, 0xa2, 0x10, 0xa3, 0x18,
    0xa2, 0x18, 0x83, 0x10, 0xa2, 0x18, 0xa3, 0x18, 0x82, 0x10, 0xa3, 0x18,
    0x82, 0x18, 0xa3, 0x10, 0x82, 0x18, 0xa3, 0x10, 0x82, 0x18, 0xa3, 0x10,
    0x82, 0x18, 0xa3, 0x10, 0x82, 0x18, 0xa3, 0x10, 0x82, 0x18, 0xa3, 0x10,
    0x82, 0x18, 0xa3, 0x10, 0x82, 0x18, 0xa3, 0x10, 0x82, 0x18, 0xa3, 0x10,
    0x82, 0x18, 0xa3, 0x10, 0x82, 0x18, 0xa3, 0x10, 0x82, 0x18, 0x83, 0x10,
    0xa2, 0x18, 0x83, 0x10, 0xa2, 0x18, 0x83, 0x10, 0xa2, 0x18, 0x83, 0x10,
    0xa2, 0x18, 0x83, 0x10, 0x83, 0x18, 0xa2, 0x18, 0x83, 0x10, 0xa3, 0x18,
    0x82, 0x18, 0xa2, 0x10, 0x09, 0x01, 0x0a, 0x01, 0x29, 0x01, 0x0a, 0x01,
    0x09, 0x01, 0x09, 0x01, 0x0a, 0x01, 0x09, 0x01, 0x0a, 0x01, 0x09, 0x01,
    0x09, 0x01, 0x0a, 0x01, 0x09, 0x01, 0x09, 0x01, 0x0a, 0x01, 0x09, 0x01,
    0x09, 0x01, 0x0a, 0x01, 0x09, 0x01, 0x09, 0x01, 0x0a, 0x01, 0x09, 0x01,
    0x09, 0x01, 0x0a, 0x01, 0x09, 0x01, 0x09, 0x01, 0x0a, 0x01, 0x09, 0x01,
    0x09, 0x01, 0x0a, 0x01, 0x09, 0x01, 0x09, 0x01, 0x0a, 0x01, 0x0a, 0x01,
    0x09, 0x01, 0x0a, 0x01, 0x0a, 0x01, 0x09, 0x01, 0x0a, 0x01, 0x0a, 0x01,
    0x09, 0x01, 0x09, 0x01, 0x0a, 0x01, 0x0a, 0x01, 0x09, 0x01, 0x09, 0x01,
    0x2a, 0x01, 0x09, 0x01, 0x09, 0x01, 0x0a, 0x01, 0x09, 0x01, 0x0a, 0x01,
    0x09, 0x01, 0x0a, 0x01, 0x2a, 0x01, 0x09, 0x01, 0x0a, 0x01, 0xff, 0xff,
    0xff, 0xff, 0xff, 0xff, 0xff, 0xff, 0xff, 0xff, 0xff, 0xff, 0xff, 0xff,
    0xff, 0xff, 0xff, 0xff, 0xff, 0xff, 0xff, 0xff, 0xff, 0xff, 0xff, 0xff,
    0xff, 0xff, 0xff, 0xff, 0xff, 0xff, 0xff, 0xff, 0xff, 0xff, 0xff, 0xff,
    0xff, 0xff, 0xff, 0xff, 0xff, 0xff, 0xff, 0xff, 0xff, 0xff, 0xff, 0xff,
    0xff, 0xff, 0xff, 0xff, 0xff, 0xff, 0xff, 0xff, 0xff, 0xff, 0xff, 0xff,
    0xff, 0xff, 0xff, 0xff, 0xff, 0xff, 0xff, 0xff, 0xff, 0xff, 0xff, 0xff,
    0xff, 0xff, 0xff, 0xff, 0xff, 0xff, 0xff, 0xff, 0xff, 0xff, 0xff, 0xff,
    0xff, 0xff, 0xff, 0xff, 0xff, 0xff, 0xff, 0xff, 0xff, 0xff, 0xff, 0xff,
    0xff, 0xff, 0xff, 0xff, 0xff, 0xff, 0xff, 0xff, 0xff, 0xff, 0xff, 0xff,
    0xff, 0xff, 0xff, 0xff, 0xd1, 0x72, 0x0d, 0x30, 0x0d, 0x38, 0x0d, 0x30,
    0x0d, 0x30, 0x0d, 0x38, 0x0d, 0x30, 0x0d, 0x30, 0x0d, 0x30, 0x0d, 0x38,
    0x0d, 0x30, 0x0d, 0x38, 0x0e, 0x38, 0x0d, 0x30, 0x0d, 0x30, 0x0d, 0x30,
    0x0e, 0x30, 0x0d, 0x38, 0x0d, 0x30, 0x0e, 0x38, 0x0d, 0x30, 0x0d, 0x38,
    0x0d, 0x30, 0x0d, 0x38, 0x0e, 0x30, 0x0d, 0x38, 0x0d, 0x30, 0x0e, 0x38,
    0x0d, 0x30, 0x0e, 0x30, 0x0d, 0x38, 0x0d, 0x30, 0x0d, 0x30, 0x0e, 0x38,
    0x0d, 0x30, 0x0e, 0x30, 0x0d, 0x38, 0x0d, 0x30, 0x0d, 0x30, 0x0e, 0x38,
    0x0d, 0x30, 0x0d, 0x38, 0x0e, 0x30, 0x0d, 0x30, 0x0d, 0x30, 0x0e, 0x38,
    0x0d, 0x30, 0x0d, 0x38, 0x0e, 0x30, 0x0d, 0x38, 0x0e, 0x30, 0x0d, 0x38,
    0x0d, 0x38, 0x0e, 0x30, 0x0d, 0x38, 0x0d, 0x30, 0x0e, 0x30, 0x86, 0x30,
    0xa2, 0x10, 0x82, 0x10, 0xa3, 0x18, 0xa2, 0x10, 0xa2, 0x10, 0x83, 0x18,
    0xa2, 0x10, 0xa2, 0x10, 0xa3, 0x18, 0xa3, 0x10, 0xa2, 0x10, 0xa2, 0x18,
    0xa3, 0x10, 0x82, 0x10, 0xa3, 0x18, 0xa2, 0x10, 0xa3, 0x10, 0xa2, 0x18,
    0x82, 0x10, 0xa3, 0x18, 0xa2, 0x10, 0xa2, 0x10, 0x83, 0x18, 0xa3, 0x10,
    0xa2, 0x10, 0xa2, 0x18, 0x83, 0x10, 0xa2, 0x18, 0xa2, 0x10, 0x83, 0x18,
    0xa3, 0x18, 0xa2, 0x10, 0x83, 0x10, 0xa2, 0x18, 0xa2, 0x10, 0xa3, 0x10,
    0x82, 0x18, 0xa2, 0x10, 0xa3, 0x10, 0x82, 0x18, 0xa2, 0x18, 0xa3, 0x10,
    0xa2, 0x10, 0xa2, 0x18, 0x83, 0x10, 0xa3, 0x18, 0xa2, 0x10, 0xa2, 0x18,
    0x83, 0x10, 0xa2, 0x18, 0xa2, 0x10, 0xa3, 0x18, 0x82, 0x10, 0xa3, 0x10,
    0xa2, 0x18, 0xa3, 0x10, 0x82, 0x10, 0x41, 0x08, 0x41, 0x08, 0x41, 0x10,
    0x41, 0x08, 0x41, 0x08, 0x41, 0x08, 0x61, 0x08, 0x41, 0x08, 0x41, 0x08,
    0x41, 0x08, 0x41, 0x08, 0x61, 0x10, 0x41, 0x08, 0x41, 0x08, 0x62, 0x10,
    0xa2, 0x10, 0xa2, 0x10, 0x83, 0x18, 0xa2, 0x10, 0x82, 0x10, 0xa3, 0x18,
    0xa2, 0x10, 0xa2, 0x18, 0xa3, 0x18, 0xa2, 0x10, 0xa2, 0x10, 0x83, 0x18,
    0xa2, 0x10, 0xa2, 0x10, 0xa3, 0x10, 0xe4, 0x20, 0xe3, 0x20, 0xe4, 0x18,
    0xe3, 0x20, 0xe4, 0x20, 0xe3, 0x18, 0xe4, 0x20, 0xe3, 0x20, 0xe4, 0x18,
    0xe3, 0x20, 0xe4, 0x18, 0xe4, 0x20, 0x03, 0x19, 0xe4, 0x18, 0xe4, 0x20,
    0xa2, 0x10, 0xa2, 0x10, 0xa3, 0x10, 0x82, 0x10, 0xa2, 0x10, 0xa2, 0x10,
    0xa3, 0x10, 0xa2, 0x10, 0xa2, 0x10, 0xa2, 0x18, 0xa3, 0x10, 0xa2, 0x10,
    0xa2, 0x10, 0xa2, 0x10, 0xa3, 0x10, 0x82, 0x10, 0xa2, 0x10, 0xa2, 0x10,
    0xa2, 0x10, 0xa2, 0x18, 0xa3, 0x10, 0x82, 0x10, 0xa2, 0x10, 0xa2, 0x10,
    0xa2, 0x10, 0x82, 0x18, 0xa3, 0x10, 0xa2, 0x10, 0xa2, 0x10, 0xa2, 0x10,
    0xa2, 0x10, 0xa2, 0x18, 0xa3, 0x10, 0xa2, 0x10, 0xa2, 0x10, 0xa2, 0x10,
    0x82, 0x10, 0xa2, 0x10, 0xa2, 0x10, 0xa2, 0x10, 0xa2, 0x10, 0xa2, 0x10,
    0xa2, 0x10, 0xa3, 0x18, 0xa2, 0x10, 0x82, 0x10, 0x09, 0x01, 0x0a, 0x01,
    0x29, 0x01, 0x09, 0x01, 0x0a, 0x01, 0x2a, 0x01, 0x09, 0x01, 0x2a, 0x01,
    0x09, 0x01, 0x0a, 0x01, 0x2a, 0x01, 0x29, 0x01, 0x0a, 0x01, 0x0a, 0x01,
    0x29, 0x01, 0x2a, 0x01, 0x0a, 0x01, 0x09, 0x01, 0x2a, 0x01, 0x2a, 0x01,
    0x09, 0x01, 0x0a, 0x01, 0x2a, 0x01, 0x29, 0x01, 0x0a, 0x01, 0x0a, 0x01,
    0x29, 0x01, 0x2a, 0x01, 0x0a, 0x01, 0x09, 0x01, 0x2a, 0x01, 0x29, 0x01,
    0x09, 0x01, 0x0a, 0x01, 0x29, 0x01, 0x29, 0x01, 0x0a, 0x01, 0x09, 0x01,
    0x29, 0x01, 0x2a, 0x01, 0x09, 0x01, 0x0a, 0x01, 0x29, 0x01, 0x2a, 0x01,
    0x0a, 0x01, 0x09, 0x01, 0x0a, 0x01, 0x2a, 0x01, 0x09, 0x01, 0x09, 0x01,
    0x2a, 0x01, 0x29, 0x01, 0x0a, 0x01, 0x09, 0x01, 0x09, 0x01, 0x0a, 0x01,
    0x29, 0x01, 0xff, 0xff, 0xff, 0xff, 0xff, 0xff, 0xff, 0xff, 0xff, 0xff,
    0xff, 0xff, 0xff, 0xff, 0xff, 0xff, 0xff, 0xff, 0xff, 0xff, 0xff, 0xff,
    0xff, 0xff, 0xff, 0xff, 0xff, 0xff, 0xff, 0xff, 0xff, 0xff, 0xff, 0xff,
    0xff, 0xff, 0xff, 0xff, 0xff, 0xff, 0xff, 0xff, 0xff, 0xff, 0xff, 0xff,
    0xff, 0xff, 0xff, 0xff, 0xff, 0xff, 0xff, 0xff, 0xff, 0xff, 0xff, 0xff,
    0xff, 0xff, 0xff, 0xff, 0xff, 0xff, 0xff, 0xff, 0xff, 0xff, 0xff, 0xff,
    0xff, 0xff, 0xff, 0xff, 0xff, 0xff, 0xff, 0xff, 0xff, 0xff, 0xff, 0xff,
    0xff, 0xff, 0xff, 0xff, 0xff, 0xff, 0xff, 0xff, 0xff, 0xff, 0xff, 0xff,
    0xff, 0xff, 0xff, 0xff, 0xff, 0xff, 0xff, 0xff, 0xff, 0xff, 0xff, 0xff,
    0xff, 0xff, 0xff, 0xff, 0xff, 0xff, 0xff, 0xff, 0xd1, 0x72, 0x0d, 0x30,
    0x0e, 0x30, 0x0d, 0x38, 0x0e, 0x30, 0x0e, 0x30, 0x0d, 0x30, 0x0d, 0x38,
    0x0e, 0x30, 0x0d, 0x30, 0x0d, 0x30, 0x0d, 0x30, 0x0e, 0x30, 0x0d, 0x38,
    0x0d, 0x30, 0x0d, 0x30, 0x0d, 0x38, 0x0e, 0x30, 0x0d, 0x30, 0x0d, 0x30,
    0x0d, 0x38, 0x0e, 0x30, 0x0d, 0x30, 0x0d, 0x30, 0x0d, 0x38, 0x0d, 0x30,
    0x0d, 0x30, 0x0d, 0x38, 0x0d, 0x30, 0x0d, 0x30, 0x0e, 0x30, 0x0d, 0x30,
    0x0d, 0x30, 0x0d, 0x38, 0x0e, 0x30, 0x0d, 0x30, 0x0d, 0x30, 0x0e, 0x38,
    0x0d, 0x30, 0x0d, 0x30, 0x0d, 0x38, 0x0d, 0x30, 0x0e, 0x30, 0x0d, 0x38,
    0x0d, 0x30, 0x0d, 0x30, 0x0e, 0x30, 0x0d, 0x30, 0x0d, 0x38, 0x0e, 0x30,
    0x0d, 0x30, 0x0d, 0x30, 0x0d, 0x30, 0x0d, 0x30, 0x0d, 0x38, 0x0d, 0x30,
    0x0d, 0x30, 0x86, 0x30, 0xa2, 0x18, 0xa2, 0x10, 0x83, 0x10, 0xa2, 0x18,
    0xa2, 0x10, 0xa3, 0x10, 0x83, 0x18, 0x82, 0x10, 0xa2, 0x18, 0xa3, 0x10,
    0x82, 0x10, 0xa3, 0x18, 0xa2, 0x10, 0xa2, 0x10, 0x82, 0x18, 0xa3, 0x10,
    0xa2, 0x10, 0x82, 0x18, 0xa3, 0x10, 0xa2, 0x10, 0xa2, 0x18, 0xa3, 0x10,
    0xa2, 0x18, 0x82, 0x10, 0xa3, 0x10, 0xa2, 0x18, 0xa2, 0x10, 0xa3, 0x10,
    0xa2, 0x10, 0xa2, 0x10, 0xa2, 0x10, 0xa2, 0x18, 0xa3, 0x10, 0xa2, 0x10,
    0x82, 0x18, 0xa3, 0x10, 0xa2, 0x18, 0xa2, 0x10, 0xa3, 0x10, 0xa2, 0x10,
    0xa2, 0x18, 0x83, 0x10, 0xa2, 0x10, 0xa2, 0x18, 0xa2, 0x10, 0xa3, 0x10,
    0xa2, 0x18, 0x82, 0x10, 0xa3, 0x10, 0xa2, 0x10, 0xa2, 0x18, 0xa2, 0x10,
    0xa3, 0x18, 0x82, 0x10, 0xa2, 0x10, 0xa2, 0x18, 0x82, 0x10, 0x41, 0x08,
    0x61, 0x08, 0x42, 0x08, 0x61, 0x08, 0x41, 0x08, 0x42, 0x10, 0x41, 0x08,
    0x61, 0x08, 0x41, 0x10, 0x41, 0x08, 0x61, 0x08, 0x42, 0x08, 0x41, 0x08,
    0x41, 0x08, 0x62, 0x10, 0xa2, 0x10, 0xa3, 0x10, 0xa2, 0x18, 0xa3, 0x10,
    0xa2, 0x10, 0x83, 0x18, 0xa2, 0x10, 0xa2, 0x10, 0x83, 0x10, 0xa3, 0x18,
    0xa2, 0x10, 0xa2, 0x10, 0xa3, 0x18, 0x82, 0x18, 0xa2, 0x10, 0xe4, 0x20,
    0xe4, 0x18, 0x03, 0x21, 0xe4, 0x18, 0x04, 0x21, 0xe3, 0x18, 0x04, 0x21,
    0xe4, 0x18, 0x03, 0x21, 0xe4, 0x20, 0xe4, 0x20, 0xe3, 0x20, 0xe4, 0x20,
    0x04, 0x19, 0xe4, 0x20, 0xa2, 0x10, 0xa2, 0x10, 0xa3, 0x18, 0xa2, 0x18,
    0x82, 0x10, 0xa3, 0x18, 0x82, 0x18, 0xa2, 0x10, 0xa3, 0x10, 0x82, 0x18,
    0xa2, 0x10, 0x83, 0x18, 0xa2, 0x18, 0xa2, 0x10, 0xa3, 0x18, 0xa2, 0x18,
    0xa3, 0x10, 0x83, 0x18, 0xa2, 0x10, 0xa2, 0x10, 0xa3, 0x18, 0xa2, 0x10,
    0xa3, 0x18, 0xa3, 0x18, 0xa2, 0x10, 0xa2, 0x10, 0xa3, 0x18, 0x82, 0x10,
    0xa3, 0x18, 0xa3, 0x18, 0x82, 0x10, 0xa2, 0x10, 0xa3, 0x18, 0x82, 0x10,
    0xa3, 0x18, 0xa3, 0x18, 0xa2, 0x10, 0xa3, 0x18, 0xa3, 0x18, 0xa2, 0x10,
    0xa3, 0x18, 0x83, 0x10, 0xa2, 0x10, 0xa2, 0x18, 0xa3, 0x10, 0xa2, 0x10,
    0x0a, 0x01, 0x09, 0x01, 0x0a, 0x01, 0x0a, 0x01, 0x29, 0x01, 0x0a, 0x01,
    0x09, 0x01, 0x29, 0x01, 0x0a, 0x01, 0x09, 0x01, 0x0a, 0x01, 0x09, 0x01,
    0x29, 0x01, 0x0a, 0x01, 0x09, 0x01, 0x0a, 0x01, 0x09, 0x01, 0x09, 0x01,
    0x0a, 0x01, 0x09, 0x01, 0x29, 0x01, 0x0a, 0x01, 0x09, 0x01, 0x09, 0x01,
    0x0a, 0x01, 0x09, 0x01, 0x09, 0x01, 0x0a, 0x01, 0x29, 0x01, 0x0a, 0x01,
    0x0a, 0x01, 0x09, 0x01, 0x0a, 0x01, 0x0a, 0x01, 0x09, 0x01, 0x0a, 0x01,
    0x2a, 0x01, 0x09, 0x01, 0x0a, 0x01, 0x09, 0x01, 0x0a, 0x01, 0x29, 0x01,
    0x09, 0x01, 0x0a, 0x01, 0x29, 0x01, 0x09, 0x01, 0x0a, 0x01, 0x0a, 0x01,
    0x29, 0x01, 0x0a, 0x01, 0x0a, 0x01, 0x09, 0x01, 0x0a, 0x01, 0x2a, 0x01,
    0x09, 0x01, 0x0a, 0x01, 0x0a, 0x01, 0xff, 0xff, 0xff, 0xff, 0xff, 0xff,
    0xff, 0xff, 0xff, 0xff, 0xff, 0xff, 0xff, 0xff, 0xff, 0xff, 0xff, 0xff,
    0xff, 0xff, 0xff, 0xff, 0xff, 0xff, 0xff, 0xff, 0xff, 0xff, 0xff, 0xff,
    0xff, 0xff, 0xff, 0xff, 0xff, 0xff, 0xff, 0xff, 0xff, 0xff, 0xff, 0xff,
    0xff, 0xff, 0xff, 0xff, 0xff, 0xff, 0xff, 0xff, 0xff, 0xff, 0xff, 0xff,
    0xff, 0xff, 0xff, 0xff, 0xff, 0xff, 0xff, 0xff, 0xff, 0xff, 0xff, 0xff,
    0xff, 0xff, 0xff, 0xff, 0xff, 0xff, 0xff, 0xff, 0xff, 0xff, 0xff, 0xff,
    0xff, 0xff, 0xff, 0xff, 0xff, 0xff, 0xff, 0xff, 0xff, 0xff, 0xff, 0xff,
    0xff, 0xff, 0xff, 0xff, 0xff, 0xff, 0xff, 0xff, 0xff, 0xff, 0xff, 0xff,
    0xff, 0xff, 0xff, 0xff, 0xff, 0xff, 0xff, 0xff, 0xff, 0xff, 0xff, 0xff,
    0xd1, 0x72, 0x0d, 0x30, 0x0d, 0x30, 0x0d, 0x30, 0x0d, 0x38, 0x0d, 0x30,
    0x0d, 0x30, 0x0e, 0x30, 0x0d, 0x38, 0x0d, 0x30, 0x0e, 0x30, 0x0d, 0x30,
    0x0d, 0x30, 0x0e, 0x30, 0x0d, 0x38, 0x0d, 0x30, 0x0e, 0x30, 0x0d, 0x30,
    0x0d, 0x30, 0x0d, 0x30, 0x0e, 0x30, 0x0d, 0x30, 0x0d, 0x30, 0x0e, 0x30,
    0x0d, 0x30, 0x0e, 0x30, 0x0d, 0x30, 0x0d, 0x30, 0x0e, 0x30, 0x0d, 0x38,
    0x0d, 0x30, 0x0e, 0x30, 0x0d, 0x38, 0x0d, 0x30, 0x0d, 0x30, 0x0d, 0x30,
    0x0d, 0x30, 0x0e, 0x30, 0x0d, 0x30, 0x0d, 0x30, 0x0e, 0x30, 0x0d, 0x30,
    0x0d, 0x30, 0x0d, 0x38, 0x0d, 0x30, 0x0d, 0x30, 0x0d, 0x30, 0x0d, 0x30,
    0x0d, 0x30, 0x0d, 0x30, 0x0d, 0x30, 0x0e, 0x30, 0x0d, 0x30, 0x0e, 0x30,
    0x0d, 0x30, 0x0d, 0x30, 0x0d, 0x30, 0x86, 0x30, 0xa2, 0x10, 0xa3, 0x10,
    0xa2, 0x18, 0x83, 0x10, 0xa2, 0x18, 0xa2, 0x10, 0xa3, 0x10, 0xa2, 0x18,
    0xa2, 0x10, 0x82, 0x18, 0xa3, 0x10, 0xa2, 0x10, 0x83, 0x18, 0xa2, 0x10,
    0xa3, 0x10, 0xa2, 0x18, 0x82, 0x10, 0xa3, 0x10, 0xa2, 0x18, 0x82, 0x10,
    0xa3, 0x10, 0xa2, 0x18, 0x82, 0x10, 0xa2, 0x18, 0xa3, 0x10, 0x82, 0x18,
    0xa2, 0x10, 0x83, 0x18, 0xa3, 0x18, 0x82, 0x10, 0xa2, 0x10, 0x83, 0x18,
    0xa2, 0x10, 0xa3, 0x10, 0x82, 0x18, 0xa2, 0x10, 0xa3, 0x10, 0x82, 0x18,
    0xa2, 0x10, 0xa3, 0x18, 0x82, 0x10, 0xa2, 0x10, 0xa3, 0x18, 0x83, 0x10,
    0xa2, 0x10, 0xa2, 0x18, 0x83, 0x10, 0xa2, 0x10, 0xa2, 0x18, 0x83, 0x10,
    0xa2, 0x10, 0xa3, 0x18, 0x82, 0x10, 0xa2, 0x18, 0xa3, 0x10, 0xa3, 0x18,
    0x82, 0x10, 0x41, 0x08, 0x41, 0x08, 0x61, 0x08, 0x41, 0x08, 0x41, 0x08,
    0x61, 0x08, 0x41, 0x08, 0x42, 0x08, 0x41, 0x08, 0x61, 0x08, 0x41, 0x08,
    0x41, 0x08, 0x41, 0x08, 0x41, 0x08, 0x61, 0x10, 0xa3, 0x10, 0x82, 0x10,
    0xa2, 0x18, 0xa2, 0x10, 0xa3, 0x18, 0x82, 0x10, 0xa3, 0x10, 0xa2, 0x18,
    0x82, 0x10, 0xa3, 0x10, 0x82, 0x18, 0xa2, 0x10, 0xa3, 0x10, 0xa2, 0x10,
    0xa2, 0x10, 0xe4, 0x20, 0xe4, 0x20, 0xe3, 0x18, 0xe4, 0x20, 0xe4, 0x20,
    0x03, 0x21, 0xe4, 0x18, 0xe4, 0x20, 0xe3, 0x18, 0x04, 0x19, 0x03, 0x21,
    0xe3, 0x18, 0xe4, 0x20, 0xe3, 0x20, 0xe4, 0x20, 0xa2, 0x10, 0xa2, 0x18,
    0x83, 0x10, 0xa2, 0x10, 0xa3, 0x18, 0xa3, 0x10, 0xa2, 0x10, 0x82, 0x18,
    0xa3, 0x10, 0xa3, 0x10, 0x82, 0x18, 0xa3, 0x10, 0xa2, 0x10, 0x83, 0x18,
    0x82, 0x10, 0xa2, 0x10, 0xa2, 0x18, 0xa3, 0x18, 0x82, 0x10, 0xa3, 0x10,
    0x82, 0x18, 0xa2, 0x10, 0x82, 0x10, 0x83, 0x18, 0xa2, 0x10, 0xa3, 0x10,
    0x82, 0x18, 0xa2, 0x10, 0xa2, 0x10, 0x83, 0x18, 0xa2, 0x10, 0xa3, 0x10,
    0x82, 0x18, 0xa2, 0x10, 0xa2, 0x10, 0x83, 0x18, 0xa2, 0x10, 0x82, 0x10,
    0x83, 0x18, 0xa2, 0x10, 0xa2, 0x18, 0x83, 0x18, 0xa2, 0x10, 0x82, 0x10,
    0xa3, 0x18, 0xa2, 0x18, 0x09, 0x01, 0x2a, 0x01, 0x09, 0x01, 0x09, 0x01,
    0x0a, 0x01, 0x09, 0x01, 0x0a, 0x01, 0x0a, 0x01, 0x29, 0x01, 0x09, 0x01,
    0x0a, 0x01, 0x0a, 0x01, 0x09, 0x01, 0x09, 0x01, 0x0a, 0x01, 0x29, 0x01,
    0x0a, 0x01, 0x2a, 0x01, 0x09, 0x01, 0x0a, 0x01, 0x0a, 0x01, 0x09, 0x01,
    0x0a, 0x01, 0x2a, 0x01, 0x09, 0x01, 0x2a, 0x01, 0x0a, 0x01, 0x09, 0x01,
    0x09, 0x01, 0x0a, 0x01, 0x09, 0x01, 0x29, 0x01, 0x0a, 0x01, 0x29, 0x01,
    0x09, 0x01, 0x0a, 0x01, 0x09, 0x01, 0x0a, 0x01, 0x0a, 0x01, 0x09, 0x01,
    0x2a, 0x01, 0x0a, 0x01, 0x09, 0x01, 0x0a, 0x01, 0x09, 0x01, 0x29, 0x01,
    0x0a, 0x01, 0x09, 0x01, 0x09, 0x01, 0x0a, 0x01, 0x09, 0x01, 0x09, 0x01,
    0x2a, 0x01, 0x09, 0x01, 0x09, 0x01, 0x2a, 0x01, 0x09, 0x01, 0xff, 0xff,
    0xff, 0xff, 0xff, 0xff, 0xff, 0xff, 0xff, 0xff, 0xff, 0xff, 0xff, 0xff,
    0xff, 0xff, 0xff, 0xff, 0xff, 0xff, 0xff, 0xff, 0xff, 0xff, 0xff, 0xff,
    0xff, 0xff, 0xff, 0xff, 0xff, 0xff, 0xff, 0xff, 0xff, 0xff, 0xff, 0xff,
    0xff, 0xff, 0xff, 0xff, 0xff, 0xff, 0xff, 0xff, 0xff, 0xff, 0xff, 0xff,
    0xff, 0xff, 0xff, 0xff, 0xff, 0xff, 0xff, 0xff, 0xff, 0xff, 0xff, 0xff,
    0xff, 0xff, 0xff, 0xff, 0xff, 0xff, 0xff, 0xff, 0xff, 0xff, 0xff, 0xff,
    0xff, 0xff, 0xff, 0xff, 0xff, 0xff, 0xff, 0xff, 0xff, 0xff, 0xff, 0xff,
    0xff, 0xff, 0xff, 0xff, 0xff, 0xff, 0xff, 0xff, 0xff, 0xff, 0xff, 0xff,
    0xff, 0xff, 0xff, 0xff, 0xff, 0xff, 0xff, 0xff, 0xff, 0xff, 0xff, 0xff,
    0xff, 0xff, 0xff, 0xff, 0xd1, 0x72, 0x0d, 0x30, 0x0d, 0x30, 0x0e, 0x30,
    0x0d, 0x30, 0x0d, 0x38, 0x0d, 0x30, 0x0d, 0x30, 0x0d, 0x30, 0x0d, 0x38,
    0x0e, 0x38, 0x0d, 0x30, 0x0d, 0x30, 0x0d, 0x38, 0x0e, 0x30, 0x0d, 0x30,
    0x0d, 0x38, 0x0d, 0x30, 0x0d, 0x38, 0x0e, 0x30, 0x0d, 0x30, 0x0d, 0x38,
    0x0d, 0x38, 0x0d, 0x30, 0x0e, 0x30, 0x0d, 0x38, 0x0d, 0x30, 0x0e, 0x30,
    0x0d, 0x38, 0x0d, 0x30, 0x0d, 0x30, 0x0d, 0x38, 0x0e, 0x30, 0x0d, 0x30,
    0x0d, 0x38, 0x0e, 0x30, 0x0d, 0x38, 0x0d, 0x30, 0x0d, 0x38, 0x0d, 0x30,
    0x0e, 0x38, 0x0d, 0x30, 0x0d, 0x30, 0x0e, 0x30, 0x0e, 0x38, 0x0d, 0x30,
    0x0e, 0x38, 0x0d, 0x38, 0x0e, 0x30, 0x0d, 0x38, 0x0d, 0x38, 0x0d, 0x30,
    0x0e, 0x38, 0x0d, 0x38, 0x0e, 0x30, 0x0d, 0x30, 0x0d, 0x38, 0x86, 0x30,
    0x82, 0x10, 0xa2, 0x10, 0xa3, 0x18, 0xa2, 0x10, 0x82, 0x10, 0xa3, 0x18,
    0xa2, 0x10, 0xa2, 0x10, 0xa3, 0x18, 0xa2, 0x10, 0xa2, 0x10, 0xa3, 0x18,
    0xa2, 0x18, 0x82, 0x10, 0xa3, 0x10, 0xa2, 0x18, 0xa3, 0x18, 0xa3, 0x10,
    0xa2, 0x18, 0x83, 0x10, 0xa2, 0x10, 0xa3, 0x18, 0xa3, 0x10, 0xa2, 0x10,
    0xa2, 0x18, 0xa3, 0x10, 0x82, 0x10, 0xa2, 0x18, 0xa3, 0x10, 0xa2, 0x10,
    0x83, 0x18, 0xa2, 0x10, 0xa2, 0x18, 0xa3, 0x10, 0xa2, 0x10, 0xa2, 0x18,
    0x83, 0x10, 0xa2, 0x10, 0xa2, 0x18, 0x83, 0x10, 0xa2, 0x10, 0xa2, 0x18,
    0xa3, 0x18, 0x82, 0x10, 0xa2, 0x10, 0xa3, 0x18, 0x82, 0x10, 0xa3, 0x18,
    0xa2, 0x18, 0xa2, 0x10, 0x83, 0x10, 0xa2, 0x18, 0xa2, 0x10, 0xa3, 0x10,
    0xa2, 0x18, 0xa2, 0x10, 0x82, 0x10, 0x41, 0x08, 0x41, 0x10, 0x41, 0x08,
    0x41, 0x08, 0x41, 0x10, 0x41, 0x08, 0x61, 0x08, 0x41, 0x08, 0x41, 0x08,
    0x41, 0x08, 0x42, 0x10, 0x61, 0x08, 0x41, 0x08, 0x41, 0x08, 0x62, 0x10,
    0xa2, 0x10, 0x82, 0x10, 0xa3, 0x18, 0xa2, 0x10, 0x82, 0x10, 0xa3, 0x18,
    0xa2, 0x10, 0xa2, 0x18, 0xa3, 0x10, 0xa2, 0x18, 0xa2, 0x18, 0x83, 0x10,
    0xa2, 0x18, 0xa3, 0x10, 0xa2, 0x10, 0xe4, 0x20, 0xe4, 0x20, 0x03, 0x19,
    0xe4, 0x20, 0xe3, 0x20, 0xe4, 0x18, 0xe4, 0x20, 0xe3, 0x20, 0xe4, 0x20,
    0xe4, 0x18, 0xe4, 0x20, 0x04, 0x19, 0xe3, 0x18, 0xe4, 0x20, 0xe4, 0x20,
    0xa2, 0x10, 0xa2, 0x10, 0xa3, 0x18, 0x82, 0x10, 0xa2, 0x10, 0xa2, 0x10,
    0xa3, 0x18, 0xa2, 0x10, 0xa2, 0x10, 0xa2, 0x18, 0xa2, 0x10, 0xa2, 0x10,
    0xa3, 0x10, 0xa2, 0x18, 0xa3, 0x10, 0x82, 0x10, 0xa2, 0x10, 0xa3, 0x10,
    0xa2, 0x18, 0xa2, 0x10, 0xa3, 0x18, 0xa2, 0x10, 0xa2, 0x10, 0xa3, 0x18,
    0xa2, 0x10, 0x82, 0x18, 0xa3, 0x10, 0xa2, 0x10, 0xa2, 0x18, 0xa3, 0x10,
    0xa2, 0x10, 0xa2, 0x18, 0xa3, 0x10, 0xa2, 0x10, 0xa2, 0x18, 0xa3, 0x10,
    0xa2, 0x10, 0xa2, 0x18, 0xa3, 0x10, 0xa2, 0x10, 0x82, 0x10, 0xa3, 0x18,
    0xa2, 0x10, 0xa2, 0x10, 0x83, 0x10, 0xa2, 0x10, 0x09, 0x01, 0x0a, 0x01,
    0x2a, 0x01, 0x09, 0x01, 0x2a, 0x01, 0x09, 0x01, 0x0a, 0x01, 0x0a, 0x01,
    0x09, 0x01, 0x2a, 0x01, 0x09, 0x01, 0x2a, 0x01, 0x0a, 0x01, 0x09, 0x01,
    0x2a, 0x01, 0x09, 0x01, 0x0a, 0x01, 0x29, 0x01, 0x09, 0x01, 0x0a, 0x01,
    0x29, 0x01, 0x09, 0x01, 0x0a, 0x01, 0x29, 0x01, 0x09, 0x01, 0x0a, 0x01,
    0x2a, 0x01, 0x09, 0x01, 0x0a, 0x01, 0x2a, 0x01, 0x09, 0x01, 0x0a, 0x01,
    0x2a, 0x01, 0x09, 0x01, 0x0a, 0x01, 0x29, 0x01, 0x09, 0x01, 0x2a, 0x01,
    0x09, 0x01, 0x09, 0x01, 0x0a, 0x01, 0x09, 0x01, 0x0a, 0x01, 0x2a, 0x01,
    0x0a, 0x01, 0x09, 0x01, 0x2a, 0x01, 0x09, 0x01, 0x0a, 0x01, 0x2a, 0x01,
    0x29, 0x01, 0x0a, 0x01, 0x0a, 0x01, 0x09, 0x01, 0x0a, 0x01, 0x29, 0x01,
    0x09, 0x01, 0xff, 0xff, 0xff, 0xff, 0xff, 0xff, 0xff, 0xff, 0xff, 0xff,
    0xff, 0xff, 0xff, 0xff, 0xff, 0xff, 0xff, 0xff, 0xff, 0xff, 0xff, 0xff,
    0xff, 0xff, 0xff, 0xff, 0xff, 0xff, 0xff, 0xff, 0xff, 0xff, 0xff, 0xff,
    0xff, 0xff, 0xff, 0xff, 0xff, 0xff, 0xff, 0xff, 0xff, 0xff, 0xff, 0xff,
    0xff, 0xff, 0xff, 0xff, 0xff, 0xff, 0xff, 0xff, 0xff, 0xff, 0xff, 0xff,
    0xff, 0xff, 0xff, 0xff, 0xff, 0xff, 0xff, 0xff, 0xff, 0xff, 0xff, 0xff,
    0xff, 0xff, 0xff, 0xff, 0xff, 0xff, 0xff, 0xff, 0xff, 0xff, 0xff, 0xff,
    0xff, 0xff, 0xff, 0xff, 0xff, 0xff, 0xff, 0xff, 0xff, 0xff, 0xff, 0xff,
    0xff, 0xff, 0xff, 0xff, 0xff, 0xff, 0xff, 0xff, 0xff, 0xff, 0xff, 0xff,
    0xff, 0xff, 0xff, 0xff, 0xff, 0xff, 0xff, 0xff, 0xd1, 0x72, 0x0d, 0x30,
    0x0e, 0x38, 0x0d, 0x30, 0x0e, 0x30, 0x0d, 0x30, 0x0e, 0x38, 0x0d, 0x30,
    0x0d, 0x30, 0x0e, 0x30, 0x0d, 0x30, 0x0d, 0x30, 0x0d, 0x38, 0x0d, 0x30,
    0x0d, 0x30, 0x0e, 0x30, 0x0d, 0x30, 0x0d, 0x38, 0x0e, 0x30, 0x0d, 0x30,
    0x0d, 0x38, 0x0e, 0x30, 0x0d, 0x30, 0x0d, 0x30, 0x0d, 0x38, 0x0d, 0x30,
    0x0d, 0x30, 0x0d, 0x38, 0x0d, 0x30, 0x0e, 0x30, 0x0d, 0x30, 0x0d, 0x30,
    0x0d, 0x30, 0x0e, 0x30, 0x0d, 0x30, 0x0d, 0x38, 0x0e, 0x30, 0x0d, 0x30,
    0x0d, 0x30, 0x0e, 0x38, 0x0d, 0x30, 0x0d, 0x30, 0x0d, 0x38, 0x0d, 0x30,
    0x0d, 0x30, 0x0d, 0x30, 0x0d, 0x30, 0x0e, 0x30, 0x0d, 0x30, 0x0d, 0x30,
    0x0e, 0x30, 0x0d, 0x30, 0x0d, 0x30, 0x0d, 0x30, 0x0d, 0x30, 0x0e, 0x30,
    0x0d, 0x30, 0x86, 0x30, 0xa2, 0x10, 0x82, 0x18, 0xa3, 0x10, 0xa2, 0x10,
    0xa2, 0x18, 0x83, 0x10, 0xa2, 0x18, 0x83, 0x10, 0x83, 0x10, 0xa2, 0x18,
    0x82, 0x10, 0xa3, 0x10, 0xa2, 0x18, 0xa2, 0x10, 0x83, 0x10, 0xa2, 0x18,
    0xa2, 0x10, 0x82, 0x10, 0xa2, 0x18, 0xa2, 0x10, 0x82, 0x18, 0xa2, 0x10,
    0xa3, 0x10, 0x82, 0x18, 0xa3, 0x10, 0xa2, 0x10, 0xa2, 0x18, 0xa3, 0x10,
    0xa2, 0x10, 0xa2, 0x18, 0xa3, 0x10, 0xa2, 0x10, 0x82, 0x18, 0xa3, 0x10,
    0xa2, 0x10, 0x83, 0x18, 0xa3, 0x10, 0xa2, 0x18, 0xa3, 0x10, 0xa2, 0x10,
    0xa3, 0x18, 0xa2, 0x10, 0x82, 0x10, 0xa3, 0x18, 0xa2, 0x10, 0xa2, 0x10,
    0xa3, 0x18, 0xa2, 0x10, 0xa3, 0x10, 0xa2, 0x18, 0xa3, 0x10, 0x82, 0x10,
    0xa3, 0x18, 0x82, 0x10, 0xa3, 0x10, 0xa2, 0x18, 0x82, 0x10, 0x42, 0x08,
    0x61, 0x08, 0x41, 0x08, 0x62, 0x08, 0x41, 0x08, 0x41, 0x08, 0x41, 0x08,
    0x61, 0x10, 0x41, 0x08, 0x41, 0x08, 0x61, 0x08, 0x41, 0x08, 0x41, 0x08,
    0x41, 0x08, 0x62, 0x10, 0xa2, 0x10, 0xa3, 0x18, 0xa3, 0x10, 0x82, 0x10,
    0xa2, 0x18, 0xa3, 0x10, 0x82, 0x10, 0xa2, 0x10, 0xa3, 0x18, 0x82, 0x10,
    0xa3, 0x10, 0xa2, 0x10, 0x82, 0x18, 0xa3, 0x18, 0xa2, 0x10, 0xe4, 0x20,
    0xe3, 0x20, 0xe4, 0x18, 0x04, 0x21, 0xe3, 0x18, 0xe4, 0x18, 0x03, 0x21,
    0x04, 0x21, 0xe3, 0x18, 0xe4, 0x20, 0xe4, 0x20, 0xe3, 0x20, 0x04, 0x21,
    0xe4, 0x18, 0xe4, 0x20, 0xa2, 0x10, 0xa2, 0x10, 0xa3, 0x18, 0xa2, 0x18,
    0x82, 0x10, 0xa3, 0x18, 0x82, 0x10, 0xa3, 0x10, 0x82, 0x18, 0xa3, 0x18,
    0x83, 0x10, 0xa2, 0x18, 0x82, 0x18, 0xa3, 0x10, 0xa2, 0x18, 0xa3, 0x18,
    0x82, 0x10, 0xa2, 0x10, 0xa3, 0x18, 0x82, 0x10, 0xa3, 0x10, 0xa3, 0x18,
    0x82, 0x10, 0xa2, 0x10, 0xa3, 0x18, 0xa2, 0x10, 0xa3, 0x10, 0x83, 0x18,
    0xa2, 0x10, 0xa2, 0x10, 0x83, 0x18, 0xa2, 0x18, 0x83, 0x10, 0xa3, 0x10,
    0x82, 0x18, 0xa2, 0x10, 0xa3, 0x10, 0x82, 0x18, 0xa2, 0x10, 0xa3, 0x10,
    0xa2, 0x18, 0xa2, 0x10, 0xa3, 0x18, 0xa2, 0x18, 0xa2, 0x10, 0x83, 0x10,
    0x09, 0x01, 0x0a, 0x01, 0x09, 0x01, 0x0a, 0x01, 0x09, 0x01, 0x29, 0x01,
    0x29, 0x01, 0x0a, 0x01, 0x09, 0x01, 0x0a, 0x01, 0x09, 0x01, 0x29, 0x01,
    0x0a, 0x01, 0x0a, 0x01, 0x29, 0x01, 0x0a, 0x01, 0x09, 0x01, 0x0a, 0x01,
    0x0a, 0x01, 0x29, 0x01, 0x0a, 0x01, 0x0a, 0x01, 0x09, 0x01, 0x0a, 0x01,
    0x09, 0x01, 0x09, 0x01, 0x0a, 0x01, 0x29, 0x01, 0x09, 0x01, 0x0a, 0x01,
    0x09, 0x01, 0x0a, 0x01, 0x09, 0x01, 0x0a, 0x01, 0x0a, 0x01, 0x09, 0x01,
    0x2a, 0x01, 0x0a, 0x01, 0x29, 0x01, 0x0a, 0x01, 0x29, 0x01, 0x09, 0x01,
    0x09, 0x01, 0x0a, 0x01, 0x09, 0x01, 0x0a, 0x01, 0x09, 0x01, 0x2a, 0x01,
    0x09, 0x01, 0x09, 0x01, 0x0a, 0x01, 0x09, 0x01, 0x29, 0x01, 0x0a, 0x01,
    0x0a, 0x01, 0x0a, 0x01, 0x09, 0x01, 0xff, 0xff, 0xff, 0xff, 0xff, 0xff,
    0xff, 0xff, 0xff, 0xff, 0xff, 0xff, 0xff, 0xff, 0xff, 0xff, 0xff, 0xff,
    0xff, 0xff, 0xff, 0xff, 0xff, 0xff, 0xff, 0xff, 0xff, 0xff, 0xff, 0xff,
    0xff, 0xff, 0xff, 0xff, 0xff, 0xff, 0xff, 0xff, 0xff, 0xff, 0xff, 0xff,
    0xff, 0xff, 0xff, 0xff, 0xff, 0xff, 0xff, 0xff, 0xff, 0xff, 0xff, 0xff,
    0xff, 0xff, 0xff, 0xff, 0xff, 0xff, 0xff, 0xff, 0xff, 0xff, 0xff, 0xff,
    0xff, 0xff, 0xff, 0xff, 0xff, 0xff, 0xff, 0xff, 0xff, 0xff, 0xff, 0xff,
    0xff, 0xff, 0xff, 0xff, 0xff, 0xff, 0xff, 0xff, 0xff, 0xff, 0xff, 0xff,
    0xff, 0xff, 0xff, 0xff, 0xff, 0xff, 0xff, 0xff, 0xff, 0xff, 0xff, 0xff,
    0xff, 0xff, 0xff, 0xff, 0xff, 0xff, 0xff, 0xff, 0xff, 0xff, 0xff, 0xff,
    0xd1, 0x72, 0x0d, 0x30, 0x0d, 0x30, 0x0d, 0x38, 0x0d, 0x30, 0x0d, 0x30,
    0x0e, 0x30, 0x0d, 0x38, 0x0d, 0x30, 0x0d, 0x30, 0x0d, 0x30, 0x0e, 0x38,
    0x0d, 0x30, 0x0d, 0x30, 0x0e, 0x30, 0x0d, 0x38, 0x0d, 0x30, 0x0e, 0x30,
    0x0d, 0x30, 0x0d, 0x30, 0x0d, 0x30, 0x0d, 0x30, 0x0e, 0x30, 0x0d, 0x30,
    0x0d, 0x30, 0x0e, 0x30, 0x0d, 0x30, 0x0d, 0x30, 0x0e, 0x30, 0x0d, 0x38,
    0x0d, 0x30, 0x0e, 0x30, 0x0d, 0x38, 0x0d, 0x30, 0x0d, 0x30, 0x0d, 0x30,
    0x0d, 0x30, 0x0d, 0x30, 0x0e, 0x30, 0x0d, 0x30, 0x0d, 0x30, 0x0e, 0x30,
    0x0d, 0x30, 0x0d, 0x38, 0x0e, 0x30, 0x0d, 0x30, 0x0d, 0x30, 0x0d, 0x30,
    0x0d, 0x38, 0x0d, 0x30, 0x0e, 0x30, 0x0d, 0x38, 0x0d, 0x30, 0x0d, 0x30,
    0x0d, 0x38, 0x0d, 0x30, 0x0d, 0x30, 0x86, 0x30, 0xa3, 0x10, 0xa2, 0x10,
    0x82, 0x18, 0xa3, 0x10, 0xa2, 0x10, 0xa2, 0x18, 0xa3, 0x10, 0xa2, 0x18,
    0xa2, 0x10, 0xa3, 0x18, 0xa2, 0x10, 0x82, 0x10, 0xa3, 0x18, 0xa2, 0x10,
    0xa2, 0x10, 0x83, 0x18, 0xa2, 0x10, 0xa3, 0x10, 0xa3, 0x10, 0xa2, 0x18,
    0xa3, 0x10, 0x82, 0x10, 0xa2, 0x18, 0xa3, 0x10, 0x82, 0x10, 0xa2, 0x18,
    0xa3, 0x10, 0x82, 0x10, 0x82, 0x18, 0xa3, 0x18, 0xa2, 0x10, 0x83, 0x10,
    0xa2, 0x18, 0xa2, 0x10, 0x83, 0x18, 0xa2, 0x10, 0xa2, 0x10, 0x82, 0x18,
    0xa3, 0x10, 0xa2, 0x18, 0x82, 0x10, 0xa3, 0x10, 0xa2, 0x18, 0xa3, 0x10,
    0x82, 0x18, 0xa2, 0x10, 0xa3, 0x10, 0x82, 0x10, 0x82, 0x10, 0xa3, 0x18,
    0xa2, 0x10, 0xa2, 0x10, 0xa2, 0x18, 0xa3, 0x10, 0x82, 0x10, 0xa3, 0x18,
    0x82, 0x10, 0x41, 0x08, 0x41, 0x08, 0x41, 0x08, 0x41, 0x08, 0x61, 0x08,
    0x42, 0x08, 0x41, 0x08, 0x41, 0x08, 0x62, 0x08, 0x41, 0x08, 0x41, 0x08,
    0x41, 0x08, 0x61, 0x08, 0x41, 0x08, 0x62, 0x10, 0xa2, 0x10, 0xa2, 0x10,
    0x82, 0x18, 0xa3, 0x10, 0xa2, 0x18, 0xa3, 0x10, 0x82, 0x18, 0xa3, 0x10,
    0xa2, 0x10, 0x82, 0x18, 0xa3, 0x10, 0xa2, 0x10, 0xa2, 0x10, 0x82, 0x10,
    0xa2, 0x10, 0xe4, 0x20, 0xe4, 0x20, 0xe3, 0x18, 0xe4, 0x20, 0x04, 0x21,
    0xe3, 0x20, 0xe4, 0x18, 0xe4, 0x20, 0x03, 0x19, 0xe3, 0x20, 0xe4, 0x18,
    0x03, 0x21, 0xe3, 0x20, 0xe4, 0x18, 0xe3, 0x20, 0xa2, 0x10, 0xa3, 0x10,
    0x82, 0x10, 0xa3, 0x10, 0xa2, 0x18, 0xa2, 0x10, 0xa3, 0x10, 0x82, 0x18,
    0xa2, 0x10, 0xa3, 0x10, 0xa2, 0x10, 0xa2, 0x10, 0xa3, 0x10, 0x82, 0x10,
    0xa2, 0x10, 0xa3, 0x18, 0xa2, 0x10, 0x82, 0x18, 0xa3, 0x10, 0xa2, 0x10,
    0x82, 0x18, 0xa3, 0x10, 0xa2, 0x18, 0x82, 0x10, 0xa3, 0x10, 0xa2, 0x18,
    0x82, 0x10, 0xa2, 0x18, 0xa3, 0x10, 0x82, 0x10, 0xa2, 0x18, 0xa3, 0x10,
    0xa2, 0x10, 0x82, 0x18, 0xa3, 0x10, 0xa2, 0x18, 0x83, 0x10, 0xa2, 0x18,
    0xa2, 0x10, 0x83, 0x18, 0xa2, 0x10, 0x83, 0x10, 0x83, 0x10, 0xa2, 0x18,
    0xa2, 0x18, 0xa3, 0x10, 0x0a, 0x01, 0x09, 0x01, 0x29, 0x01, 0x0a, 0x01,
    0x0a, 0x01, 0x0a, 0x01, 0x09, 0x01, 0x29, 0x01, 0x0a, 0x01, 0x09, 0x01,
    0x2a, 0x01, 0x09, 0x01, 0x09, 0x01, 0x0a, 0x01, 0x09, 0x01, 0x09, 0x01,
    0x2a, 0x01, 0x09, 0x01, 0x0a, 0x01, 0x09, 0x01, 0x29, 0x01, 0x0a, 0x01,
    0x2a, 0x01, 0x09, 0x01, 0x2a, 0x01, 0x0a, 0x01, 0x09, 0x01, 0x0a, 0x01,
    0x29, 0x01, 0x09, 0x01, 0x2a, 0x01, 0x09, 0x01, 0x29, 0x01, 0x0a, 0x01,
    0x09, 0x01, 0x09, 0x01, 0x0a, 0x01, 0x09, 0x01, 0x0a, 0x01, 0x0a, 0x01,
    0x2a, 0x01, 0x09, 0x01, 0x0a, 0x01, 0x29, 0x01, 0x09, 0x01, 0x0a, 0x01,
    0x0a, 0x01, 0x09, 0x01, 0x2a, 0x01, 0x0a, 0x01, 0x09, 0x01, 0x0a, 0x01,
    0x29, 0x01, 0x09, 0x01, 0x0a, 0x01, 0x29, 0x01, 0x0a, 0x01, 0xff, 0xff,
    0xff, 0xff, 0xff, 0xff, 0xff, 0xff, 0xff, 0xff, 0xff, 0xff, 0xff, 0xff,
    0xff, 0xff, 0xff, 0xff, 0xff, 0xff, 0xff, 0xff, 0xff, 0xff, 0xff, 0xff,
    0xff, 0xff, 0xff, 0xff, 0xff, 0xff, 0xff, 0xff, 0xff, 0xff, 0xff, 0xff,
    0xff, 0xff, 0xff, 0xff, 0xff, 0xff, 0xff, 0xff, 0xff, 0xff, 0xff, 0xff,
    0xff, 0xff, 0xff, 0xff, 0xff, 0xff, 0xff, 0xff, 0xff, 0xff, 0xff, 0xff,
    0xff, 0xff, 0xff, 0xff, 0xff, 0xff, 0xff, 0xff, 0xff, 0xff, 0xff, 0xff,
    0xff, 0xff, 0xff, 0xff, 0xff, 0xff, 0xff, 0xff, 0xff, 0xff, 0xff, 0xff,
    0xff, 0xff, 0xff, 0xff, 0xff, 0xff, 0xff, 0xff, 0xff, 0xff, 0xff, 0xff,
    0xff, 0xff, 0xff, 0xff, 0xff, 0xff, 0xff, 0xff, 0xff, 0xff, 0xff, 0xff,
    0xff, 0xff, 0xff, 0xff, 0xd1, 0x72, 0x0d, 0x30, 0x0d, 0x30, 0x0e, 0x30,
    0x0d, 0x38, 0x0d, 0x30, 0x0d, 0x30, 0x0e, 0x30, 0x0d, 0x38, 0x0d, 0x30,
    0x0e, 0x30, 0x0d, 0x30, 0x0d, 0x30, 0x0e, 0x30, 0x0d, 0x38, 0x0d, 0x30,
    0x0d, 0x30, 0x0d, 0x30, 0x0d, 0x38, 0x0e, 0x30, 0x0d, 0x38, 0x0d, 0x30,
    0x0d, 0x38, 0x0e, 0x38, 0x0d, 0x30, 0x0d, 0x38, 0x0e, 0x30, 0x0d, 0x30,
    0x0d, 0x38, 0x0d, 0x30, 0x0d, 0x30, 0x0e, 0x38, 0x0d, 0x30, 0x0d, 0x30,
    0x0e, 0x38, 0x0d, 0x30, 0x0d, 0x38, 0x0e, 0x38, 0x0d, 0x30, 0x0d, 0x30,
    0x0d, 0x38, 0x0d, 0x30, 0x0e, 0x30, 0x0d, 0x30, 0x0d, 0x38, 0x0e, 0x30,
    0x0d, 0x38, 0x0d, 0x30, 0x0e, 0x30, 0x0d, 0x38, 0x0d, 0x30, 0x0d, 0x30,
    0x0e, 0x38, 0x0e, 0x30, 0x0d, 0x30, 0x0d, 0x38, 0x0d, 0x30, 0x86, 0x30,
    0xa2, 0x10, 0xa2, 0x10, 0xa3, 0x18, 0x83, 0x10, 0xa2, 0x10, 0xa2, 0x18,
    0x83, 0x10, 0xa2, 0x10, 0xa2, 0x18, 0xa3, 0x10, 0xa2, 0x10, 0x82, 0x18,
    0xa3, 0x10, 0xa2, 0x10, 0xa3, 0x18, 0xa2, 0x10, 0x82, 0x18, 0xa3, 0x10,
    0xa2, 0x18, 0x82, 0x10, 0xa3, 0x10, 0xa3, 0x18, 0xa2, 0x18, 0xa2, 0x10,
    0x83, 0x10, 0xa2, 0x18, 0xa3, 0x10, 0xa2, 0x10, 0xa3, 0x18, 0xa2, 0x10,
    0x82, 0x10, 0xa3, 0x18, 0xa2, 0x10, 0xa2, 0x10, 0xa3, 0x18, 0xa2, 0x10,
    0xa2, 0x10, 0x83, 0x18, 0xa2, 0x10, 0xa2, 0x10, 0x83, 0x18, 0xa2, 0x10,
    0xa2, 0x10, 0x83, 0x18, 0xa2, 0x10, 0xa3, 0x18, 0x82, 0x18, 0xa2, 0x10,
    0xa3, 0x18, 0x82, 0x10, 0xa2, 0x18, 0xa3, 0x10, 0x82, 0x18, 0xa2, 0x10,
    0xa3, 0x10, 0xa2, 0x18, 0x82, 0x10, 0x41, 0x08, 0x61, 0x08, 0x41, 0x10,
    0x41, 0x08, 0x41, 0x08, 0x61, 0x10, 0x41, 0x08, 0x41, 0x08, 0x41, 0x08,
    0x41, 0x10, 0x41, 0x08, 0x62, 0x08, 0x41, 0x08, 0x41, 0x08, 0x62, 0x10,
    0xa2, 0x10, 0x82, 0x10, 0xa3, 0x18, 0xa2, 0x10, 0xa2, 0x10, 0xa2, 0x18,
    0xa3, 0x10, 0xa2, 0x18, 0xa2, 0x10, 0xa3, 0x18, 0xa2, 0x18, 0xa3, 0x10,
    0xa3, 0x18, 0xa2, 0x10, 0xa2, 0x10, 0xe4, 0x20, 0xe4, 0x20, 0x03, 0x19,
    0xe4, 0x20, 0xe4, 0x20, 0xe3, 0x18, 0xe4, 0x20, 0xe4, 0x20, 0xe4, 0x20,
    0x04, 0x19, 0xe4, 0x20, 0xe4, 0x18, 0xe4, 0x20, 0x04, 0x21, 0xe4, 0x20,
    0xa2, 0x10, 0xa2, 0x18, 0xa3, 0x10, 0x82, 0x10, 0xa2, 0x18, 0xa3, 0x10,
    0xa2, 0x18, 0xa2, 0x10, 0xa3, 0x10, 0x82, 0x18, 0xa2, 0x18, 0xa3, 0x10,
    0xa2, 0x18, 0xa2, 0x10, 0x83, 0x10, 0xa2, 0x10, 0xa3, 0x18, 0xa2, 0x10,
    0xa2, 0x10, 0xa3, 0x18, 0x82, 0x10, 0xa2, 0x10, 0xa3, 0x18, 0xa2, 0x10,
    0x82, 0x10, 0xa3, 0x18, 0xa2, 0x10, 0xa2, 0x10, 0xa3, 0x18, 0xa2, 0x10,
    0xa2, 0x10, 0xa3, 0x18, 0xa2, 0x10, 0xa2, 0x10, 0xa2, 0x18, 0xa3, 0x10,
    0xa2, 0x10, 0xa3, 0x10, 0xa2, 0x18, 0xa2, 0x10, 0xa3, 0x18, 0xa2, 0x10,
    0xa2, 0x10, 0x83, 0x10, 0xa2, 0x10, 0xa2, 0x18, 0x0a, 0x01, 0x09, 0x01,
    0x2a, 0x01, 0x09, 0x01, 0x09, 0x01, 0x0a, 0x01, 0x0a, 0x01, 0x09, 0x01,
    0x2a, 0x01, 0x0a, 0x01, 0x09, 0x01, 0x0a, 0x01, 0x2a, 0x01, 0x09, 0x01,
    0x0a, 0x01, 0x2a, 0x01, 0x09, 0x01, 0x09, 0x01, 0x0a, 0x01, 0x2a, 0x01,
    0x09, 0x01, 0x09, 0x01, 0x0a, 0x01, 0x09, 0x01, 0x2a, 0x01, 0x09, 0x01,
    0x0a, 0x01, 0x0a, 0x01, 0x0a, 0x01, 0x09, 0x01, 0x0a, 0x01, 0x2a, 0x01,
    0x09, 0x01, 0x2a, 0x01, 0x09, 0x01, 0x2a, 0x01, 0x09, 0x01, 0x09, 0x01,
    0x09, 0x01, 0x0a, 0x01, 0x09, 0x01, 0x2a, 0x01, 0x0a, 0x01, 0x09, 0x01,
    0x2a, 0x01, 0x29, 0x01, 0x09, 0x01, 0x0a, 0x01, 0x09, 0x01, 0x29, 0x01,
    0x0a, 0x01, 0x0a, 0x01, 0x09, 0x01, 0x0a, 0x01, 0x29, 0x01, 0x09, 0x01,
    0x0a, 0x01, 0xff, 0xff, 0xff, 0xff, 0xff, 0xff, 0xff, 0xff, 0xff, 0xff,
    0xff, 0xff, 0xff, 0xff, 0xff, 0xff, 0xff, 0xff, 0xff, 0xff, 0xff, 0xff,
    0xff, 0xff, 0xff, 0xff, 0xff, 0xff, 0xff, 0xff, 0xff, 0xff, 0xff, 0xff,
    0xff, 0xff, 0xff, 0xff, 0xff, 0xff, 0xff, 0xff, 0xff, 0xff, 0xff, 0xff,
    0xff, 0xff, 0xff, 0xff, 0xff, 0xff, 0xff, 0xff, 0xff, 0xff, 0xff, 0xff,
    0xff, 0xff, 0xff, 0xff, 0xff, 0xff, 0xff, 0xff, 0xff, 0xff, 0xff, 0xff,
    0xff, 0xff, 0xff, 0xff, 0xff, 0xff, 0xff, 0xff, 0xff, 0xff, 0xff, 0xff,
    0xff, 0xff, 0xff, 0xff, 0xff, 0xff, 0xff, 0xff, 0xff, 0xff, 0xff, 0xff,
    0xff, 0xff, 0xff, 0xff, 0xff, 0xff, 0xff, 0xff, 0xff, 0xff, 0xff, 0xff,
    0xff, 0xff, 0xff, 0xff, 0xff, 0xff, 0xff, 0xff, 0xd1, 0x72, 0x0d, 0x30,
    0x0d, 0x30, 0x0e, 0x30, 0x0d, 0x30, 0x0d, 0x38, 0x0d, 0x30, 0x0d, 0x30,
    0x0e, 0x30, 0x0d, 0x38, 0x0d, 0x30, 0x0d, 0x38, 0x0d, 0x30, 0x0d, 0x30,
    0x0d, 0x38, 0x0e, 0x30, 0x0d, 0x30, 0x0d, 0x38, 0x0e, 0x30, 0x0d, 0x30,
    0x0d, 0x30, 0x0e, 0x30, 0x0d, 0x30, 0x0d, 0x30, 0x0d, 0x30, 0x0d, 0x38,
    0x0e, 0x30, 0x0d, 0x30, 0x0d, 0x38, 0x0e, 0x30, 0x0d, 0x30, 0x0d, 0x30,
    0x0d, 0x30, 0x0d, 0x38, 0x0e, 0x30, 0x0d, 0x30, 0x0d, 0x30, 0x0d, 0x30,
    0x0d, 0x30, 0x0e, 0x38, 0x0d, 0x30, 0x0d, 0x30, 0x0d, 0x38, 0x0d, 0x30,
    0x0d, 0x30, 0x0d, 0x30, 0x0e, 0x30, 0x0d, 0x30, 0x0d, 0x30, 0x0e, 0x30,
    0x0d, 0x30, 0x0d, 0x30, 0x0d, 0x30, 0x0d, 0x30, 0x0e, 0x30, 0x0d, 0x30,
    0x0d, 0x30, 0x86, 0x30, 0x82, 0x10, 0xa2, 0x18, 0xa3, 0x10, 0xa2, 0x18,
    0x82, 0x10, 0xa3, 0x10, 0xa2, 0x18, 0x82, 0x10, 0x83, 0x10, 0xa2, 0x18,
    0xa3, 0x10, 0xa2, 0x18, 0x82, 0x10, 0xa3, 0x18, 0xa2, 0x10, 0x82, 0x10,
    0xa3, 0x18, 0xa2, 0x10, 0x82, 0x10, 0xa2, 0x18, 0xa2, 0x10, 0x83, 0x10,
    0xa2, 0x18, 0xa2, 0x10, 0xa3, 0x18, 0x82, 0x10, 0xa2, 0x18, 0xa3, 0x10,
    0xa2, 0x10, 0x82, 0x10, 0xa3, 0x18, 0xa2, 0x10, 0x83, 0x10, 0xa2, 0x18,
    0xa2, 0x10, 0x83, 0x18, 0xa2, 0x10, 0xa3, 0x18, 0xa2, 0x10, 0xa2, 0x10,
    0xa3, 0x18, 0xa2, 0x10, 0xa2, 0x10, 0x83, 0x18, 0xa2, 0x10, 0xa2, 0x10,
    0xa3, 0x10, 0xa2, 0x18, 0xa3, 0x10, 0xa2, 0x10, 0xa3, 0x18, 0x83, 0x10,
    0xa2, 0x10, 0xa2, 0x18, 0xa3, 0x10, 0xa2, 0x10, 0x82, 0x10, 0x41, 0x08,
    0x42, 0x08, 0x61, 0x08, 0x41, 0x08, 0x42, 0x08, 0x41, 0x08, 0x61, 0x08,
    0x41, 0x08, 0x41, 0x08, 0x61, 0x08, 0x41, 0x08, 0x41, 0x10, 0x41, 0x08,
    0x41, 0x08, 0x62, 0x10, 0xa2, 0x10, 0xa3, 0x18, 0xa2, 0x10, 0x83, 0x10,
    0xa2, 0x18, 0x83, 0x10, 0xa2, 0x10, 0x82, 0x10, 0xa3, 0x18, 0x82, 0x10,
    0x82, 0x10, 0xa2, 0x18, 0x83, 0x18, 0xa3, 0x10, 0xa2, 0x10, 0xe4, 0x20,
    0xe4, 0x20, 0xe3, 0x18, 0x04, 0x21, 0xe3, 0x18, 0xe4, 0x20, 0x03, 0x19,
    0xe3, 0x20, 0xe4, 0x18, 0xe3, 0x20, 0x03, 0x21, 0xe4, 0x18, 0xe3, 0x18,
    0xe4, 0x20, 0xe4, 0x20, 0xa2, 0x10, 0xa2, 0x18, 0xa3, 0x18, 0xa2, 0x10,
    0x83, 0x10, 0xa2, 0x18, 0x82, 0x10, 0xa3, 0x10, 0xa2, 0x18, 0x82, 0x10,
    0xa3, 0x10, 0x82, 0x18, 0xa2, 0x18, 0xa3, 0x10, 0xa2, 0x18, 0x82, 0x10,
    0xa3, 0x10, 0xa2, 0x18, 0x82, 0x10, 0xa3, 0x18, 0xa2, 0x10, 0xa2, 0x10,
    0xa3, 0x18, 0xa2, 0x10, 0xa2, 0x18, 0x83, 0x10, 0xa3, 0x10, 0xa2, 0x18,
    0x83, 0x18, 0xa2, 0x10, 0x82, 0x10, 0x83, 0x18, 0xa2, 0x10, 0x83, 0x10,
    0xa2, 0x18, 0x82, 0x10, 0xa3, 0x18, 0x82, 0x10, 0x83, 0x10, 0xa2, 0x18,
    0xa2, 0x10, 0xa2, 0x18, 0xa2, 0x18, 0xa3, 0x10, 0x82, 0x10, 0xa2, 0x10,
    0x09, 0x01, 0x0a, 0x01, 0x0a, 0x01, 0x29, 0x01, 0x09, 0x01, 0x2a, 0x01,
    0x09, 0x01, 0x0a, 0x01, 0x09, 0x01, 0x29, 0x01, 0x0a, 0x01, 0x09, 0x01,
    0x2a, 0x01, 0x09, 0x01, 0x09, 0x01, 0x0a, 0x01, 0x0a, 0x01, 0x29, 0x01,
    0x0a, 0x01, 0x0a, 0x01, 0x09, 0x01, 0x0a, 0x01, 0x09, 0x01, 0x0a, 0x01,
    0x09, 0x01, 0x29, 0x01, 0x09, 0x01, 0x2a, 0x01, 0x09, 0x01, 0x09, 0x01,
    0x0a, 0x01, 0x09, 0x01, 0x0a, 0x01, 0x09, 0x01, 0x0a, 0x01, 0x2a, 0x01,
    0x0a, 0x01, 0x29, 0x01, 0x2a, 0x01, 0x09, 0x01, 0x09, 0x01, 0x0a, 0x01,
    0x09, 0x01, 0x0a, 0x01, 0x0a, 0x01, 0x09, 0x01, 0x2a, 0x01, 0x0a, 0x01,
    0x09, 0x01, 0x09, 0x01, 0x2a, 0x01, 0x09, 0x01, 0x0a, 0x01, 0x2a, 0x01,
    0x09, 0x01, 0x0a, 0x01, 0x29, 0x01, 0xff, 0xff, 0xff, 0xff, 0xff, 0xff,
    0xff, 0xff, 0xff, 0xff, 0xff, 0xff, 0xff, 0xff, 0xff, 0xff, 0xff, 0xff,
    0xff, 0xff, 0xff, 0xff, 0xff, 0xff, 0xff, 0xff, 0xff, 0xff, 0xff, 0xff,
    0xff, 0xff, 0xff, 0xff, 0xff, 0xff, 0xff, 0xff, 0xff, 0xff, 0xff, 0xff,
    0xff, 0xff, 0xff, 0xff, 0xff, 0xff, 0xff, 0xff, 0xff, 0xff, 0xff, 0xff,
    0xff, 0xff, 0xff, 0xff, 0xff, 0xff, 0xff, 0xff, 0xff, 0xff, 0xff, 0xff,
    0xff, 0xff, 0xff, 0xff, 0xff, 0xff, 0xff, 0xff, 0xff, 0xff, 0xff, 0xff,
    0xff, 0xff, 0xff, 0xff, 0xff, 0xff, 0xff, 0xff, 0xff, 0xff, 0xff, 0xff,
    0xff, 0xff, 0xff, 0xff, 0xff, 0xff, 0xff, 0xff, 0xff, 0xff, 0xff, 0xff,
    0xff, 0xff, 0xff, 0xff, 0xff, 0xff, 0xff, 0xff, 0xff, 0xff, 0xff, 0xff,
    0xd1, 0x72, 0x0d, 0x30, 0x0d, 0x38, 0x0d, 0x30, 0x0e, 0x30, 0x0d, 0x30,
    0x0d, 0x38, 0x0e, 0x30, 0x0d, 0x30, 0x0d, 0x30, 0x0e, 0x30, 0x0d, 0x38,
    0x0e, 0x30, 0x0d, 0x30, 0x0d, 0x30, 0x0e, 0x30, 0x0d, 0x30, 0x0d, 0x30,
    0x0d, 0x30, 0x0d, 0x38, 0x0d, 0x30, 0x0d, 0x30, 0x0e, 0x38, 0x0d, 0x30,
    0x0d, 0x30, 0x0e, 0x30, 0x0d, 0x30, 0x0d, 0x30, 0x0d, 0x30, 0x0e, 0x38,
    0x0d, 0x30, 0x0d, 0x30, 0x0e, 0x38, 0x0d, 0x30, 0x0d, 0x30, 0x0e, 0x30,
    0x0d, 0x30, 0x0d, 0x30, 0x0e, 0x38, 0x0d, 0x30, 0x0d, 0x30, 0x0e, 0x30,
    0x0d, 0x38, 0x0e, 0x30, 0x0d, 0x30, 0x0d, 0x38, 0x0d, 0x30, 0x0d, 0x38,
    0x0d, 0x30, 0x0d, 0x38, 0x0e, 0x30, 0x0d, 0x38, 0x0d, 0x30, 0x0d, 0x38,
    0x0d, 0x30, 0x0d, 0x30, 0x0d, 0x30, 0x86, 0x30, 0xa3, 0x10, 0x82, 0x10,
    0xa2, 0x18, 0xa2, 0x10, 0xa3, 0x18, 0xa2, 0x10, 0xa2, 0x18, 0xa3, 0x10,
    0xa2, 0x10, 0x82, 0x18, 0xa3, 0x10, 0xa2, 0x10, 0x83, 0x18, 0xa2, 0x10,
    0xa2, 0x10, 0xa3, 0x18, 0xa2, 0x10, 0xa3, 0x10, 0xa3, 0x18, 0xa2, 0x10,
    0xa2, 0x10, 0x83, 0x18, 0xa2, 0x10, 0xa2, 0x10, 0x83, 0x10, 0xa2, 0x18,
    0xa2, 0x10, 0x83, 0x18, 0xa2, 0x10, 0xa2, 0x18, 0xa3, 0x10, 0xa2, 0x18,
    0x82, 0x10, 0xa3, 0x10, 0xa2, 0x18, 0x82, 0x10, 0xa3, 0x10, 0xa2, 0x18,
    0x83, 0x10, 0xa2, 0x18, 0x83, 0x10, 0xa2, 0x18, 0xa3, 0x10, 0xa2, 0x10,
    0xa2, 0x18, 0x83, 0x10, 0xa2, 0x10, 0xa2, 0x18, 0x82, 0x10, 0xa2, 0x10,
    0xa2, 0x18, 0xa3, 0x10, 0xa2, 0x10, 0x82, 0x18, 0xa3, 0x18, 0xa3, 0x10,
    0x82, 0x10, 0x41, 0x08, 0x41, 0x08, 0x41, 0x08, 0x61, 0x08, 0x41, 0x08,
    0x41, 0x08, 0x41, 0x10, 0x62, 0x08, 0x41, 0x08, 0x41, 0x08, 0x62, 0x08,
    0x41, 0x08, 0x41, 0x08, 0x41, 0x08, 0x61, 0x08, 0xa3, 0x18, 0xa2, 0x10,
    0x82, 0x10, 0xa2, 0x18, 0xa3, 0x10, 0xa2, 0x18, 0x82, 0x10, 0xa3, 0x10,
    0xa3, 0x18, 0xa2, 0x10, 0xa2, 0x10, 0xa3, 0x10, 0xa2, 0x10, 0x82, 0x18,
    0xa2, 0x10, 0xe4, 0x20, 0xe4, 0x20, 0xe3, 0x18, 0xe4, 0x20, 0x04, 0x21,
    0xe4, 0x18, 0xe4, 0x20, 0x03, 0x21, 0xe4, 0x18, 0xe4, 0x20, 0xe3, 0x20,
    0x04, 0x21, 0xe3, 0x18, 0xe3, 0x20, 0xe4, 0x18, 0xa2, 0x10, 0xa2, 0x10,
    0x83, 0x10, 0xa2, 0x18, 0xa2, 0x10, 0xa3, 0x10, 0xa2, 0x18, 0x83, 0x10,
    0xa2, 0x18, 0xa3, 0x10, 0xa2, 0x10, 0xa3, 0x10, 0x82, 0x10, 0xa3, 0x18,
    0xa2, 0x10, 0xa2, 0x18, 0x83, 0x10, 0xa2, 0x10, 0xa3, 0x18, 0x82, 0x10,
    0xa3, 0x18, 0x82, 0x10, 0x83, 0x10, 0xa2, 0x18, 0xa2, 0x10, 0xa3, 0x18,
    0x82, 0x10, 0xa2, 0x10, 0xa3, 0x18, 0xa2, 0x10, 0xa3, 0x10, 0xa2, 0x18,
    0xa2, 0x10, 0xa3, 0x18, 0x82, 0x10, 0xa2, 0x10, 0xa3, 0x18, 0xa2, 0x18,
    0xa2, 0x10, 0x83, 0x10, 0x83, 0x10, 0xa2, 0x10, 0xa3, 0x18, 0x82, 0x18,
    0xa3, 0x10, 0xa2, 0x10, 0x09, 0x01, 0x0a, 0x01, 0x09, 0x01, 0x0a, 0x01,
    0x0a, 0x01, 0x29, 0x01, 0x0a, 0x01, 0x09, 0x01, 0x0a, 0x01, 0x0a, 0x01,
    0x09, 0x01, 0x09, 0x01, 0x0a, 0x01, 0x2a, 0x01, 0x09, 0x01, 0x09, 0x01,
    0x2a, 0x01, 0x09, 0x01, 0x09, 0x01, 0x29, 0x01, 0x0a, 0x01, 0x29, 0x01,
    0x2a, 0x01, 0x0a, 0x01, 0x09, 0x01, 0x0a, 0x01, 0x0a, 0x01, 0x29, 0x01,
    0x0a, 0x01, 0x2a, 0x01, 0x29, 0x01, 0x0a, 0x01, 0x09, 0x01, 0x09, 0x01,
    0x0a, 0x01, 0x09, 0x01, 0x09, 0x01, 0x0a, 0x01, 0x0a, 0x01, 0x29, 0x01,
    0x0a, 0x01, 0x09, 0x01, 0x29, 0x01, 0x0a, 0x01, 0x09, 0x01, 0x09, 0x01,
    0x0a, 0x01, 0x29, 0x01, 0x0a, 0x01, 0x0a, 0x01, 0x09, 0x01, 0x29, 0x01,
    0x0a, 0x01, 0x09, 0x01, 0x0a, 0x01, 0x0a, 0x01, 0x09, 0x01, 0xff, 0xff,
    0xff, 0xff, 0xff, 0xff, 0xff, 0xff, 0xff, 0xff, 0xff, 0xff, 0xff, 0xff,
    0xff, 0xff, 0xff, 0xff, 0xff, 0xff, 0xff, 0xff, 0xff, 0xff, 0xff, 0xff,
    0xff, 0xff, 0xff, 0xff, 0xff, 0xff, 0xff, 0xff, 0xff, 0xff, 0xff, 0xff,
    0xff, 0xff, 0xff, 0xff, 0xff, 0xff, 0xff, 0xff, 0xff, 0xff, 0xff, 0xff,
    0xff, 0xff, 0xff, 0xff, 0xff, 0xff, 0xff, 0xff, 0xff, 0xff, 0xff, 0xff,
    0xff, 0xff, 0xff, 0xff, 0xff, 0xff, 0xff, 0xff, 0xff, 0xff, 0xff, 0xff,
    0xff, 0xff, 0xff, 0xff, 0xff, 0xff, 0xff, 0xff, 0xff, 0xff, 0xff, 0xff,
    0xff, 0xff, 0xff, 0xff, 0xff, 0xff, 0xff, 0xff, 0xff, 0xff, 0xff, 0xff,
    0xff, 0xff, 0xff, 0xff, 0xff, 0xff, 0xff, 0xff, 0xff, 0xff, 0xff, 0xff,
    0xff, 0xff, 0xff, 0xff, 0xd1, 0x72, 0x0d, 0x30, 0x0d, 0x30, 0x0e, 0x38,
    0x0d, 0x30, 0x0d, 0x30, 0x0e, 0x30, 0x0d, 0x38, 0x0d, 0x30, 0x0d, 0x30,
    0x0d, 0x30, 0x0e, 0x30, 0x0d, 0x38, 0x0d, 0x30, 0x0d, 0x30, 0x0d, 0x38,
    0x0e, 0x38, 0x0d, 0x30, 0x0d, 0x30, 0x0e, 0x38, 0x0d, 0x30, 0x0d, 0x30,
    0x0d, 0x38, 0x0e, 0x30, 0x0d, 0x30, 0x0d, 0x38, 0x0d, 0x30, 0x0d, 0x30,
    0x0e, 0x30, 0x0d, 0x30, 0x0d, 0x38, 0x0d, 0x30, 0x0e, 0x30, 0x0d, 0x30,
    0x0d, 0x38, 0x0d, 0x38, 0x0e, 0x30, 0x0d, 0x30, 0x0d, 0x30, 0x0d, 0x30,
    0x0d, 0x38, 0x0d, 0x30, 0x0e, 0x30, 0x0d, 0x30, 0x0d, 0x30, 0x0e, 0x38,
    0x0d, 0x30, 0x0e, 0x30, 0x0d, 0x38, 0x0d, 0x30, 0x0d, 0x30, 0x0e, 0x30,
    0x0d, 0x30, 0x0e, 0x38, 0x0d, 0x30, 0x0d, 0x30, 0x0e, 0x38, 0x86, 0x30,
    0xa2, 0x10, 0xa2, 0x10, 0x83, 0x18, 0xa3, 0x10, 0x82, 0x10, 0xa2, 0x18,
    0x83, 0x10, 0xa3, 0x10, 0xa2, 0x18, 0xa2, 0x10, 0xa3, 0x10, 0xa2, 0x18,
    0xa2, 0x10, 0x83, 0x10, 0xa2, 0x18, 0x82, 0x10, 0xa3, 0x10, 0x82, 0x18,
    0xa2, 0x18, 0xa3, 0x10, 0x83, 0x10, 0xa2, 0x18, 0xa2, 0x10, 0xa3, 0x10,
    0xa2, 0x18, 0xa3, 0x10, 0xa2, 0x10, 0x83, 0x18, 0xa2, 0x10, 0xa3, 0x10,
    0x82, 0x18, 0xa2, 0x10, 0xa3, 0x18, 0xa3, 0x10, 0xa2, 0x10, 0xa2, 0x18,
    0xa3, 0x10, 0x82, 0x10, 0xa2, 0x18, 0xa3, 0x10, 0x82, 0x10, 0xa2, 0x18,
    0xa3, 0x10, 0x82, 0x10, 0xa3, 0x18, 0xa2, 0x18, 0x83, 0x10, 0xa3, 0x10,
    0xa2, 0x18, 0x83, 0x10, 0xa2, 0x18, 0xa2, 0x10, 0x83, 0x10, 0xa2, 0x18,
    0xa2, 0x10, 0xa2, 0x18, 0x82, 0x10, 0x41, 0x08, 0x61, 0x10, 0x41, 0x08,
    0x41, 0x08, 0x61, 0x10, 0x41, 0x08, 0x41, 0x08, 0x41, 0x08, 0x41, 0x08,
    0x41, 0x10, 0x61, 0x08, 0x41, 0x08, 0x41, 0x08, 0x61, 0x08, 0x62, 0x10,
    0xa2, 0x10, 0x82, 0x10, 0xa3, 0x18, 0xa2, 0x10, 0xa3, 0x10, 0xa2, 0x18,
    0xa2, 0x18, 0xa3, 0x10, 0xa2, 0x10, 0xa2, 0x18, 0x83, 0x10, 0xa2, 0x10,
    0xa2, 0x18, 0xa3, 0x10, 0xa2, 0x10, 0xe4, 0x20, 0xe3, 0x20, 0x04, 0x19,
    0xe3, 0x20, 0xe4, 0x20, 0xe3, 0x18, 0xe4, 0x20, 0x04, 0x21, 0xe3, 0x18,
    0xe4, 0x18, 0xe4, 0x20, 0xe4, 0x20, 0x04, 0x21, 0xe4, 0x20, 0xe4, 0x20,
    0xa2, 0x10, 0xa2, 0x10, 0xa3, 0x18, 0xa2, 0x10, 0x82, 0x10, 0xa3, 0x18,
    0xa2, 0x10, 0xa2, 0x10, 0xa3, 0x18, 0xa2, 0x18, 0x82, 0x10, 0xa3, 0x10,
    0xa2, 0x18, 0x82, 0x10, 0xa3, 0x10, 0xa2, 0x18, 0xa2, 0x10, 0xa3, 0x10,
    0xa2, 0x18, 0xa2, 0x10, 0xa3, 0x10, 0xa2, 0x18, 0xa2, 0x10, 0x83, 0x10,
    0xa2, 0x18, 0xa2, 0x10, 0xa2, 0x10, 0x83, 0x18, 0xa2, 0x10, 0xa2, 0x10,
    0x83, 0x18, 0xa2, 0x10, 0xa2, 0x10, 0xa3, 0x18, 0xa2, 0x10, 0xa3, 0x10,
    0xa2, 0x10, 0xa2, 0x18, 0xa2, 0x10, 0xa3, 0x18, 0xa2, 0x10, 0xa2, 0x10,
    0x83, 0x10, 0xa2, 0x18, 0xa2, 0x10, 0xa3, 0x18, 0x0a, 0x01, 0x29, 0x01,
    0x09, 0x01, 0x0a, 0x01, 0x09, 0x01, 0x0a, 0x01, 0x29, 0x01, 0x09, 0x01,
    0x2a, 0x01, 0x0a, 0x01, 0x29, 0x01, 0x0a, 0x01, 0x09, 0x01, 0x0a, 0x01,
    0x2a, 0x01, 0x09, 0x01, 0x0a, 0x01, 0x0a, 0x01, 0x09, 0x01, 0x0a, 0x01,
    0x0a, 0x01, 0x09, 0x01, 0x09, 0x01, 0x2a, 0x01, 0x09, 0x01, 0x0a, 0x01,
    0x09, 0x01, 0x09, 0x01, 0x0a, 0x01, 0x09, 0x01, 0x09, 0x01, 0x2a, 0x01,
    0x0a, 0x01, 0x29, 0x01, 0x2a, 0x01, 0x09, 0x01, 0x09, 0x01, 0x0a, 0x01,
    0x09, 0x01, 0x0a, 0x01, 0x2a, 0x01, 0x09, 0x01, 0x0a, 0x01, 0x2a, 0x01,
    0x29, 0x01, 0x0a, 0x01, 0x09, 0x01, 0x09, 0x01, 0x2a, 0x01, 0x0a, 0x01,
    0x09, 0x01, 0x0a, 0x01, 0x29, 0x01, 0x09, 0x01, 0x0a, 0x01, 0x29, 0x01,
    0x0a, 0x01, 0xff, 0xff, 0xff, 0xff, 0xff, 0xff, 0xff, 0xff, 0xff, 0xff,
    0xff, 0xff, 0xff, 0xff, 0xff, 0xff, 0xff, 0xff, 0xff, 0xff, 0xff, 0xff,
    0xff, 0xff, 0xff, 0xff, 0xff, 0xff, 0xff, 0xff, 0xff, 0xff, 0xff, 0xff,
    0xff, 0xff, 0xff, 0xff, 0xff, 0xff, 0xff, 0xff, 0xff, 0xff, 0xff, 0xff,
    0xff, 0xff, 0xff, 0xff, 0xff, 0xff, 0xff, 0xff, 0xff, 0xff, 0xff, 0xff,
    0xff, 0xff, 0xff, 0xff, 0xff, 0xff, 0xff, 0xff, 0xff, 0xff, 0xff, 0xff,
    0xff, 0xff, 0xff, 0xff, 0xff, 0xff, 0xff, 0xff, 0xff, 0xff, 0xff, 0xff,
    0xff, 0xff, 0xff, 0xff, 0xff, 0xff, 0xff, 0xff, 0xff, 0xff, 0xff, 0xff,
    0xff, 0xff, 0xff, 0xff, 0xff, 0xff, 0xff, 0xff, 0xff, 0xff, 0xff, 0xff,
    0xff, 0xff, 0xff, 0xff, 0xff, 0xff, 0xff, 0xff, 0xd1, 0x72, 0x0d, 0x30,
    0x0d, 0x30, 0x0e, 0x30, 0x0d, 0x38, 0x0d, 0x30, 0x0d, 0x30, 0x0d, 0x30,
    0x0e, 0x38, 0x0d, 0x38, 0x0d, 0x30, 0x0d, 0x30, 0x0d, 0x30, 0x0e, 0x38,
    0x0d, 0x30, 0x0d, 0x30, 0x0d, 0x30, 0x0e, 0x30, 0x0d, 0x30, 0x0d, 0x30,
    0x0e, 0x30, 0x0d, 0x30, 0x0d, 0x30, 0x0d, 0x30, 0x0d, 0x38, 0x0e, 0x30,
    0x0d, 0x38, 0x0d, 0x30, 0x0d, 0x38, 0x0d, 0x30, 0x0d, 0x30, 0x0e, 0x30,
    0x0d, 0x30, 0x0d, 0x30, 0x0d, 0x30, 0x0d, 0x30, 0x0d, 0x38, 0x0e, 0x30,
    0x0d, 0x30, 0x0d, 0x38, 0x0e, 0x30, 0x0d, 0x30, 0x0d, 0x38, 0x0d, 0x30,
    0x0d, 0x30, 0x0d, 0x30, 0x0e, 0x30, 0x0d, 0x30, 0x0d, 0x30, 0x0e, 0x30,
    0x0d, 0x30, 0x0d, 0x30, 0x0d, 0x30, 0x0d, 0x30, 0x0e, 0x38, 0x0d, 0x30,
    0x0d, 0x30, 0x86, 0x30, 0xa2, 0x10, 0xa2, 0x10, 0xa3, 0x18, 0xa2, 0x10,
    0xa2, 0x10, 0x83, 0x18, 0xa2, 0x10, 0xa2, 0x18, 0x83, 0x10, 0xa2, 0x10,
    0x82, 0x18, 0xa3, 0x10, 0xa2, 0x10, 0xa3, 0x18, 0xa2, 0x18, 0xa2, 0x10,
    0x83, 0x10, 0xa2, 0x18, 0xa2, 0x10, 0x82, 0x10, 0xa3, 0x18, 0xa2, 0x10,
    0x83, 0x18, 0xa2, 0x18, 0x82, 0x10, 0xa3, 0x10, 0xa2, 0x18, 0xa2, 0x10,
    0xa3, 0x10, 0x82, 0x18, 0xa2, 0x10, 0xa3, 0x10, 0x82, 0x18, 0xa2, 0x10,
    0x83, 0x10, 0xa2, 0x18, 0xa2, 0x10, 0xa3, 0x10, 0xa2, 0x18, 0xa2, 0x10,
    0xa3, 0x10, 0xa2, 0x18, 0x82, 0x10, 0xa3, 0x10, 0xa2, 0x18, 0xa2, 0x10,
    0xa2, 0x10, 0xa3, 0x18, 0xa2, 0x10, 0x83, 0x10, 0xa2, 0x18, 0xa2, 0x10,
    0x83, 0x10, 0xa3, 0x10, 0xa2, 0x10, 0xa3, 0x18, 0x82, 0x10, 0x41, 0x08,
    0x41, 0x08, 0x42, 0x08, 0x41, 0x08, 0x41, 0x08, 0x62, 0x08, 0x41, 0x08,
    0x61, 0x08, 0x41, 0x08, 0x41, 0x08, 0x41, 0x08, 0x41, 0x08, 0x41, 0x08,
    0x41, 0x08, 0x62, 0x10, 0xa2, 0x10, 0xa3, 0x18, 0xa2, 0x10, 0x82, 0x10,
    0xa3, 0x18, 0x82, 0x10, 0xa2, 0x10, 0x83, 0x18, 0xa2, 0x10, 0xa2, 0x18,
    0x83, 0x18, 0xa2, 0x10, 0xa3, 0x18, 0x82, 0x10, 0xa2, 0x10, 0xe4, 0x20,
    0xe4, 0x20, 0xe3, 0x18, 0x04, 0x21, 0xe3, 0x20, 0xe4, 0x18, 0x03, 0x21,
    0xe4, 0x20, 0xe4, 0x20, 0x03, 0x19, 0xe3, 0x20, 0xe4, 0x18, 0x03, 0x19,
    0xe4, 0x20, 0xe4, 0x20, 0xa2, 0x10, 0xa2, 0x18, 0xa3, 0x10, 0x82, 0x10,
    0xa3, 0x18, 0xa2, 0x18, 0x82, 0x10, 0xa3, 0x10, 0xa2, 0x10, 0x82, 0x18,
    0xa3, 0x10, 0xa2, 0x18, 0xa2, 0x10, 0xa3, 0x10, 0x82, 0x18, 0xa3, 0x10,
    0x82, 0x18, 0xa2, 0x10, 0x83, 0x10, 0xa2, 0x18, 0xa2, 0x10, 0xa3, 0x18,
    0xa2, 0x10, 0xa3, 0x10, 0x83, 0x18, 0xa2, 0x10, 0xa3, 0x10, 0xa2, 0x18,
    0x82, 0x10, 0xa3, 0x18, 0xa2, 0x10, 0x83, 0x10, 0xa2, 0x18, 0x82, 0x10,
    0xa3, 0x18, 0x82, 0x10, 0x83, 0x10, 0xa2, 0x10, 0xa3, 0x18, 0x82, 0x10,
    0xa2, 0x18, 0xa3, 0x18, 0xa2, 0x10, 0xa2, 0x10, 0x83, 0x10, 0xa2, 0x10,
    0x09, 0x01, 0x0a, 0x01, 0x2a, 0x01, 0x29, 0x01, 0x09, 0x01, 0x0a, 0x01,
    0x0a, 0x01, 0x09, 0x01, 0x09, 0x01, 0x2a, 0x01, 0x09, 0x01, 0x0a, 0x01,
    0x29, 0x01, 0x09, 0x01, 0x0a, 0x01, 0x09, 0x01, 0x29, 0x01, 0x0a, 0x01,
    0x29, 0x01, 0x0a, 0x01, 0x09, 0x01, 0x0a, 0x01, 0x09, 0x01, 0x09, 0x01,
    0x2a, 0x01, 0x29, 0x01, 0x0a, 0x01, 0x0a, 0x01, 0x29, 0x01, 0x0a, 0x01,
    0x09, 0x01, 0x0a, 0x01, 0x09, 0x01, 0x0a, 0x01, 0x0a, 0x01, 0x2a, 0x01,
    0x0a, 0x01, 0x29, 0x01, 0x09, 0x01, 0x0a, 0x01, 0x09, 0x01, 0x09, 0x01,
    0x0a, 0x01, 0x09, 0x01, 0x0a, 0x01, 0x2a, 0x01, 0x09, 0x01, 0x0a, 0x01,
    0x09, 0x01, 0x29, 0x01, 0x0a, 0x01, 0x0a, 0x01, 0x09, 0x01, 0x2a, 0x01,
    0x09, 0x01, 0x09, 0x01, 0x2a, 0x01, 0xff, 0xff, 0xff, 0xff, 0xff, 0xff,
    0xff, 0xff, 0xff, 0xff, 0xff, 0xff, 0xff, 0xff, 0xff, 0xff, 0xff, 0xff,
    0xff, 0xff, 0xff, 0xff, 0xff, 0xff, 0xff, 0xff, 0xff, 0xff, 0xff, 0xff,
    0xff, 0xff, 0xff, 0xff, 0xff, 0xff, 0xff, 0xff, 0xff, 0xff, 0xff, 0xff,
    0xff, 0xff, 0xff, 0xff, 0xff, 0xff, 0xff, 0xff, 0xff, 0xff, 0xff, 0xff,
    0xff, 0xff, 0xff, 0xff, 0xff, 0xff, 0xff, 0xff, 0xff, 0xff, 0xff, 0xff,
    0xff, 0xff, 0xff, 0xff, 0xff, 0xff, 0xff, 0xff, 0xff, 0xff, 0xff, 0xff,
    0xff, 0xff, 0xff, 0xff, 0xff, 0xff, 0xff, 0xff, 0xff, 0xff, 0xff, 0xff,
    0xff, 0xff, 0xff, 0xff, 0xff, 0xff, 0xff, 0xff, 0xff, 0xff, 0xff, 0xff,
    0xff, 0xff, 0xff, 0xff, 0xff, 0xff, 0xff, 0xff, 0xff, 0xff, 0xff, 0xff,
    0xd1, 0x72, 0x0d, 0x30, 0x0d, 0x30, 0x0d, 0x30, 0x0d, 0x30, 0x0e, 0x38,
    0x0d, 0x30, 0x0d, 0x30, 0x0d, 0x30, 0x0e, 0x30, 0x0d, 0x38, 0x0d, 0x30,
    0x0e, 0x30, 0x0d, 0x30, 0x0d, 0x30, 0x0e, 0x30, 0x0d, 0x38, 0x0d, 0x30,
    0x0d, 0x38, 0x0d, 0x30, 0x0e, 0x38, 0x0d, 0x30, 0x0d, 0x30, 0x0e, 0x38,
    0x0d, 0x30, 0x0d, 0x30, 0x0e, 0x30, 0x0d, 0x30, 0x0e, 0x30, 0x0d, 0x38,
    0x0d, 0x30, 0x0d, 0x38, 0x0d, 0x38, 0x0e, 0x30, 0x0d, 0x30, 0x0d, 0x30,
    0x0e, 0x30, 0x0d, 0x38, 0x0d, 0x30, 0x0e, 0x30, 0x0d, 0x30, 0x0d, 0x30,
    0x0e, 0x38, 0x0d, 0x30, 0x0d, 0x30, 0x0d, 0x38, 0x0d, 0x30, 0x0d, 0x30,
    0x0d, 0x38, 0x0d, 0x30, 0x0e, 0x38, 0x0d, 0x38, 0x0d, 0x30, 0x0d, 0x30,
    0x0d, 0x30, 0x0d, 0x30, 0x0d, 0x30, 0x86, 0x30, 0x82, 0x10, 0xa2, 0x18,
    0xa3, 0x10, 0x82, 0x10, 0xa2, 0x18, 0xa3, 0x10, 0xa2, 0x10, 0xa2, 0x18,
    0xa3, 0x10, 0xa2, 0x18, 0x82, 0x18, 0xa3, 0x10, 0xa2, 0x10, 0x82, 0x18,
    0xa3, 0x10, 0xa2, 0x10, 0xa3, 0x18, 0xa2, 0x10, 0xa3, 0x10, 0xa2, 0x18,
    0xa2, 0x10, 0xa3, 0x10, 0xa2, 0x10, 0xa2, 0x18, 0x83, 0x10, 0xa2, 0x10,
    0xa2, 0x18, 0x83, 0x10, 0xa2, 0x18, 0xa2, 0x10, 0xa3, 0x10, 0xa2, 0x18,
    0xa2, 0x10, 0xa3, 0x18, 0xa2, 0x10, 0x83, 0x18, 0xa2, 0x10, 0xa3, 0x18,
    0x82, 0x10, 0xa2, 0x18, 0xa3, 0x10, 0x82, 0x18, 0xa2, 0x10, 0xa3, 0x18,
    0x82, 0x10, 0xa2, 0x10, 0xa3, 0x18, 0x82, 0x10, 0xa2, 0x10, 0xa2, 0x18,
    0xa3, 0x10, 0xa2, 0x18, 0xa2, 0x18, 0x82, 0x10, 0xa3, 0x18, 0xa2, 0x10,
    0x82, 0x10, 0x41, 0x08, 0x41, 0x08, 0x61, 0x08, 0x41, 0x08, 0x41, 0x08,
    0x41, 0x08, 0x41, 0x10, 0x61, 0x08, 0x42, 0x08, 0x41, 0x08, 0x61, 0x08,
    0x42, 0x10, 0x41, 0x08, 0x41, 0x08, 0x62, 0x10, 0xa2, 0x10, 0x82, 0x10,
    0xa3, 0x18, 0xa2, 0x10, 0xa2, 0x18, 0xa3, 0x10, 0x82, 0x10, 0xa3, 0x18,
    0xa2, 0x10, 0xa3, 0x10, 0xa2, 0x10, 0xa2, 0x10, 0x83, 0x18, 0xa2, 0x10,
    0xa2, 0x10, 0xe4, 0x20, 0xe4, 0x20, 0xe4, 0x18, 0xe4, 0x20, 0x04, 0x19,
    0xe3, 0x20, 0xe4, 0x18, 0xe4, 0x18, 0xe3, 0x20, 0x04, 0x21, 0xe4, 0x20,
    0xe3, 0x18, 0xe4, 0x20, 0xe3, 0x18, 0xe4, 0x20, 0xa2, 0x10, 0xa2, 0x10,
    0xa3, 0x18, 0xa2, 0x10, 0xa2, 0x10, 0xa3, 0x10, 0x82, 0x18, 0xa3, 0x10,
    0xa2, 0x10, 0x82, 0x10, 0xa3, 0x18, 0xa2, 0x10, 0x83, 0x10, 0xa2, 0x18,
    0xa2, 0x10, 0xa3, 0x10, 0xa2, 0x18, 0x83, 0x10, 0xa2, 0x18, 0xa2, 0x10,
    0x83, 0x10, 0x82, 0x18, 0xa2, 0x10, 0xa2, 0x18, 0xa2, 0x10, 0x83, 0x18,
    0xa2, 0x10, 0xa2, 0x10, 0xa3, 0x18, 0xa2, 0x10, 0xa2, 0x18, 0xa3, 0x10,
    0xa2, 0x10, 0xa2, 0x18, 0xa3, 0x10, 0xa2, 0x18, 0xa2, 0x18, 0xa3, 0x10,
    0x82, 0x10, 0xa2, 0x10, 0xa3, 0x10, 0x82, 0x18, 0xa2, 0x10, 0xa3, 0x18,
    0xa2, 0x18, 0x82, 0x10, 0x09, 0x01, 0x0a, 0x01, 0x0a, 0x01, 0x09, 0x01,
    0x2a, 0x01, 0x09, 0x01, 0x0a, 0x01, 0x2a, 0x01, 0x09, 0x01, 0x09, 0x01,
    0x0a, 0x01, 0x09, 0x01, 0x0a, 0x01, 0x29, 0x01, 0x0a, 0x01, 0x0a, 0x01,
    0x09, 0x01, 0x2a, 0x01, 0x09, 0x01, 0x29, 0x01, 0x2a, 0x01, 0x0a, 0x01,
    0x2a, 0x01, 0x09, 0x01, 0x0a, 0x01, 0x09, 0x01, 0x0a, 0x01, 0x29, 0x01,
    0x0a, 0x01, 0x09, 0x01, 0x2a, 0x01, 0x09, 0x01, 0x09, 0x01, 0x09, 0x01,
    0x09, 0x01, 0x09, 0x01, 0x0a, 0x01, 0x2a, 0x01, 0x09, 0x01, 0x0a, 0x01,
    0x2a, 0x01, 0x29, 0x01, 0x09, 0x01, 0x0a, 0x01, 0x09, 0x01, 0x09, 0x01,
    0x2a, 0x01, 0x0a, 0x01, 0x09, 0x01, 0x09, 0x01, 0x2a, 0x01, 0x09, 0x01,
    0x0a, 0x01, 0x0a, 0x01, 0x09, 0x01, 0x0a, 0x01, 0x09, 0x01, 0xff, 0xff,
    0xff, 0xff, 0xff, 0xff, 0xff, 0xff, 0xff, 0xff, 0xff, 0xff, 0xff, 0xff,
    0xff, 0xff, 0xff, 0xff, 0xff, 0xff, 0xff, 0xff, 0xff, 0xff, 0xff, 0xff,
    0xff, 0xff, 0xff, 0xff, 0xff, 0xff, 0xff, 0xff, 0xff, 0xff, 0xff, 0xff,
    0xff, 0xff, 0xff, 0xff, 0xff, 0xff, 0xff, 0xff, 0xff, 0xff, 0xff, 0xff,
    0xff, 0xff, 0xff, 0xff, 0xff, 0xff, 0xff, 0xff, 0xff, 0xff, 0xff, 0xff,
    0xff, 0xff, 0xff, 0xff, 0xff, 0xff, 0xff, 0xff, 0xff, 0xff, 0xff, 0xff,
    0xff, 0xff, 0xff, 0xff, 0xff, 0xff, 0xff, 0xff, 0xff, 0xff, 0xff, 0xff,
    0xff, 0xff, 0xff, 0xff, 0xff, 0xff, 0xff, 0xff, 0xff, 0xff, 0xff, 0xff,
    0xff, 0xff, 0xff, 0xff, 0xff, 0xff, 0xff, 0xff, 0xff, 0xff, 0xff, 0xff,
    0xff, 0xff, 0xff, 0xff, 0xd1, 0x72, 0x0d, 0x30, 0x0e, 0x30, 0x0d, 0x38,
    0x0d, 0x30, 0x0e, 0x30, 0x0d, 0x38, 0x0d, 0x30, 0x0d, 0x30, 0x0d, 0x30,
    0x0e, 0x30, 0x0d, 0x38, 0x0d, 0x30, 0x0d, 0x30, 0x0d, 0x38, 0x0e, 0x30,
    0x0d, 0x30, 0x0d, 0x38, 0x0e, 0x30, 0x0d, 0x30, 0x0d, 0x30, 0x0d, 0x38,
    0x0e, 0x30, 0x0d, 0x30, 0x0d, 0x30, 0x0d, 0x30, 0x0d, 0x38, 0x0d, 0x30,
    0x0e, 0x30, 0x0d, 0x30, 0x0d, 0x30, 0x0e, 0x30, 0x0d, 0x30, 0x0d, 0x38,
    0x0e, 0x30, 0x0d, 0x30, 0x0d, 0x38, 0x0d, 0x30, 0x0d, 0x30, 0x0d, 0x38,
    0x0d, 0x30, 0x0d, 0x30, 0x0e, 0x30, 0x0d, 0x30, 0x0e, 0x38, 0x0e, 0x30,
    0x0d, 0x30, 0x0e, 0x38, 0x0d, 0x30, 0x0d, 0x30, 0x0d, 0x30, 0x0e, 0x30,
    0x0d, 0x38, 0x0e, 0x30, 0x0d, 0x30, 0x0d, 0x38, 0x0e, 0x30, 0x86, 0x30,
    0xa2, 0x10, 0x82, 0x10, 0xa3, 0x18, 0xa2, 0x10, 0x82, 0x18, 0xa3, 0x10,
    0xa2, 0x10, 0x82, 0x18, 0xa3, 0x10, 0xa2, 0x10, 0xa3, 0x10, 0xa2, 0x18,
    0x82, 0x10, 0xa3, 0x10, 0xa2, 0x18, 0x82, 0x10, 0xa2, 0x10, 0x83, 0x18,
    0xa2, 0x10, 0xa3, 0x18, 0x82, 0x10, 0xa2, 0x10, 0xa3, 0x18, 0xa2, 0x10,
    0xa3, 0x10, 0xa2, 0x18, 0x82, 0x10, 0xa3, 0x10, 0xa2, 0x18, 0x83, 0x10,
    0xa2, 0x18, 0x82, 0x10, 0xa3, 0x10, 0xa2, 0x18, 0xa2, 0x10, 0x82, 0x10,
    0xa3, 0x18, 0xa2, 0x10, 0x82, 0x10, 0xa3, 0x10, 0xa2, 0x18, 0xa3, 0x10,
    0xa2, 0x10, 0xa3, 0x18, 0x82, 0x10, 0xa3, 0x10, 0xa2, 0x18, 0x83, 0x10,
    0xa2, 0x18, 0xa3, 0x10, 0x82, 0x10, 0xa3, 0x10, 0xa2, 0x18, 0xa2, 0x10,
    0x83, 0x10, 0xa2, 0x18, 0x82, 0x10, 0x41, 0x08, 0x61, 0x08, 0x41, 0x10,
    0x41, 0x08, 0x61, 0x08, 0x41, 0x08, 0x41, 0x08, 0x41, 0x08, 0x41, 0x08,
    0x61, 0x10, 0x41, 0x08, 0x61, 0x08, 0x41, 0x08, 0x41, 0x08, 0x62, 0x10,
    0xa2, 0x10, 0xa2, 0x10, 0x83, 0x18, 0xa2, 0x10, 0xa3, 0x10, 0xa2, 0x18,
    0xa2, 0x10, 0xa2, 0x10, 0x83, 0x18, 0x82, 0x10, 0xa2, 0x10, 0xa3, 0x18,
    0xa2, 0x10, 0xa3, 0x18, 0xa2, 0x10, 0xe4, 0x20, 0xe3, 0x20, 0x03, 0x19,
    0xe4, 0x20, 0xe4, 0x20, 0xe3, 0x20, 0x04, 0x21, 0xe4, 0x18, 0xe3, 0x20,
    0xe4, 0x20, 0x04, 0x19, 0xe4, 0x20, 0xe3, 0x20, 0x04, 0x21, 0xe4, 0x18,
    0xa2, 0x10, 0xa2, 0x18, 0x83, 0x10, 0xa2, 0x18, 0xa2, 0x10, 0x83, 0x10,
    0xa2, 0x18, 0xa2, 0x18, 0xa3, 0x10, 0xa2, 0x18, 0xa2, 0x10, 0xa3, 0x10,
    0x82, 0x18, 0xa2, 0x18, 0xa3, 0x10, 0xa2, 0x10, 0xa2, 0x18, 0xa3, 0x10,
    0xa2, 0x10, 0xa3, 0x18, 0xa2, 0x10, 0xa3, 0x10, 0x82, 0x18, 0xa2, 0x10,
    0xa3, 0x10, 0xa2, 0x18, 0x82, 0x10, 0xa3, 0x10, 0xa2, 0x18, 0x82, 0x10,
    0x83, 0x10, 0xa2, 0x18, 0xa3, 0x10, 0x82, 0x10, 0xa2, 0x10, 0xa3, 0x18,
    0xa2, 0x10, 0x82, 0x18, 0xa3, 0x18, 0xa2, 0x10, 0xa3, 0x10, 0x82, 0x10,
    0xa3, 0x18, 0xa2, 0x10, 0xa2, 0x10, 0xa3, 0x18, 0x09, 0x01, 0x09, 0x01,
    0x0a, 0x01, 0x09, 0x01, 0x0a, 0x01, 0x29, 0x01, 0x09, 0x01, 0x0a, 0x01,
    0x2a, 0x01, 0x09, 0x01, 0x0a, 0x01, 0x2a, 0x01, 0x09, 0x01, 0x0a, 0x01,
    0x29, 0x01, 0x09, 0x01, 0x0a, 0x01, 0x0a, 0x01, 0x09, 0x01, 0x0a, 0x01,
    0x09, 0x01, 0x09, 0x01, 0x0a, 0x01, 0x0a, 0x01, 0x09, 0x01, 0x0a, 0x01,
    0x09, 0x01, 0x09, 0x01, 0x0a, 0x01, 0x0a, 0x01, 0x29, 0x01, 0x0a, 0x01,
    0x2a, 0x01, 0x2a, 0x01, 0x09, 0x01, 0x09, 0x01, 0x0a, 0x01, 0x09, 0x01,
    0x29, 0x01, 0x0a, 0x01, 0x0a, 0x01, 0x09, 0x01, 0x2a, 0x01, 0x0a, 0x01,
    0x09, 0x01, 0x09, 0x01, 0x0a, 0x01, 0x29, 0x01, 0x0a, 0x01, 0x0a, 0x01,
    0x09, 0x01, 0x29, 0x01, 0x0a, 0x01, 0x09, 0x01, 0x2a, 0x01, 0x0a, 0x01,
    0x09, 0x01, 0xff, 0xff, 0xff, 0xff, 0xff, 0xff, 0xff, 0xff, 0xff, 0xff,
    0xff, 0xff, 0xff, 0xff, 0xff, 0xff, 0xff, 0xff, 0xff, 0xff, 0xff, 0xff,
    0xff, 0xff, 0xff, 0xff, 0xff, 0xff, 0xff, 0xff, 0xff, 0xff, 0xff, 0xff,
    0xff, 0xff, 0xff, 0xff, 0xff, 0xff, 0xff, 0xff, 0xff, 0xff, 0xff, 0xff,
    0xff, 0xff, 0xff, 0xff, 0xff, 0xff, 0xff, 0xff, 0xff, 0xff, 0xff, 0xff,
    0xff, 0xff, 0xff, 0xff, 0xff, 0xff, 0xff, 0xff, 0xff, 0xff, 0xff, 0xff,
    0xff, 0xff, 0xff, 0xff, 0xff, 0xff, 0xff, 0xff, 0xff, 0xff, 0xff, 0xff,
    0xff, 0xff, 0xff, 0xff, 0xff, 0xff, 0xff, 0xff, 0xff, 0xff, 0xff, 0xff,
    0xff, 0xff, 0xff, 0xff, 0xff, 0xff, 0xff, 0xff, 0xff, 0xff, 0xff, 0xff,
    0xff, 0xff, 0xff, 0xff, 0xff, 0xff, 0xff, 0xff, 0xd1, 0x72, 0x0d, 0x30,
    0x0d, 0x30, 0x0e, 0x38, 0x0d, 0x30, 0x0d, 0x30, 0x0d, 0x30, 0x0e, 0x38,
    0x0d, 0x30, 0x0d, 0x30, 0x0d, 0x30, 0x0e, 0x30, 0x0d, 0x38, 0x0d, 0x30,
    0x0e, 0x30, 0x0d, 0x38, 0x0d, 0x30, 0x0d, 0x30, 0x0e, 0x30, 0x0d, 0x30,
    0x0d, 0x30, 0x0d, 0x30, 0x0d, 0x38, 0x0e, 0x30, 0x0d, 0x30, 0x0e, 0x38,
    0x0d, 0x30, 0x0d, 0x30, 0x0d, 0x38, 0x0d, 0x30, 0x0e, 0x30, 0x0d, 0x30,
    0x0d, 0x30, 0x0d, 0x30, 0x0d, 0x38, 0x0e, 0x30, 0x0d, 0x30, 0x0d, 0x30,
    0x0e, 0x30, 0x0d, 0x38, 0x0d, 0x30, 0x0e, 0x30, 0x0d, 0x38, 0x0d, 0x30,
    0x0d, 0x30, 0x0d, 0x30, 0x0d, 0x30, 0x0d, 0x30, 0x0e, 0x30, 0x0d, 0x38,
    0x0d, 0x30, 0x0d, 0x30, 0x0d, 0x30, 0x0e, 0x38, 0x0d, 0x30, 0x0d, 0x30,
    0x0d, 0x30, 0x86, 0x30, 0xa2, 0x10, 0xa2, 0x10, 0xa3, 0x18, 0xa2, 0x10,
    0xa3, 0x10, 0xa2, 0x18, 0x83, 0x10, 0xa2, 0x10, 0xa2, 0x18, 0x83, 0x10,
    0xa2, 0x10, 0xa3, 0x18, 0xa2, 0x10, 0xa3, 0x10, 0xa3, 0x18, 0xa2, 0x10,
    0x83, 0x10, 0xa2, 0x18, 0xa2, 0x10, 0x83, 0x10, 0xa2, 0x18, 0x82, 0x18,
    0x83, 0x10, 0xa2, 0x10, 0xa2, 0x18, 0x83, 0x18, 0xa2, 0x10, 0xa2, 0x10,
    0xa3, 0x18, 0xa2, 0x10, 0xa3, 0x10, 0x82, 0x18, 0xa3, 0x10, 0xa2, 0x10,
    0x83, 0x18, 0xa2, 0x10, 0xa2, 0x10, 0xa3, 0x18, 0xa2, 0x10, 0x82, 0x18,
    0xa3, 0x10, 0x82, 0x10, 0xa2, 0x18, 0xa2, 0x10, 0xa3, 0x18, 0xa2, 0x10,
    0xa2, 0x10, 0xa2, 0x18, 0xa3, 0x10, 0x82, 0x18, 0xa2, 0x10, 0xa3, 0x10,
    0x83, 0x18, 0xa2, 0x10, 0xa2, 0x10, 0xa3, 0x18, 0x82, 0x10, 0x41, 0x08,
    0x42, 0x08, 0x41, 0x08, 0x41, 0x08, 0x62, 0x08, 0x41, 0x10, 0x41, 0x08,
    0x62, 0x08, 0x41, 0x08, 0x41, 0x08, 0x41, 0x08, 0x41, 0x08, 0x61, 0x08,
    0x41, 0x08, 0x62, 0x10, 0xa2, 0x10, 0xa3, 0x18, 0xa2, 0x10, 0x82, 0x10,
    0xa3, 0x18, 0x83, 0x10, 0xa2, 0x10, 0xa3, 0x18, 0xa2, 0x10, 0xa2, 0x18,
    0x83, 0x18, 0xa2, 0x10, 0xa2, 0x10, 0x82, 0x18, 0xa3, 0x10, 0xe4, 0x20,
    0xe4, 0x18, 0x03, 0x21, 0xe4, 0x18, 0xe3, 0x18, 0xe4, 0x20, 0x03, 0x21,
    0xe4, 0x18, 0xe3, 0x20, 0xe3, 0x18, 0xe4, 0x18, 0x03, 0x21, 0xe4, 0x20,
    0xe4, 0x18, 0xe4, 0x20, 0xa2, 0x10, 0xa2, 0x10, 0x83, 0x18, 0xa2, 0x10,
    0xa3, 0x18, 0xa2, 0x10, 0xa2, 0x10, 0x83, 0x18, 0xa3, 0x10, 0xa2, 0x10,
    0x82, 0x18, 0xa3, 0x10, 0xa2, 0x10, 0x83, 0x18, 0xa2, 0x10, 0x82, 0x10,
    0x83, 0x18, 0xa2, 0x10, 0x82, 0x10, 0xa3, 0x18, 0xa2, 0x10, 0xa2, 0x10,
    0xa3, 0x18, 0x83, 0x10, 0xa2, 0x10, 0xa2, 0x18, 0xa3, 0x10, 0x83, 0x18,
    0xa2, 0x10, 0xa3, 0x10, 0xa2, 0x18, 0xa2, 0x18, 0x83, 0x10, 0xa2, 0x18,
    0x82, 0x10, 0xa3, 0x10, 0xa2, 0x10, 0xa3, 0x10, 0xa2, 0x18, 0xa2, 0x18,
    0x83, 0x10, 0xa2, 0x18, 0xa2, 0x10, 0x83, 0x10, 0xa2, 0x10, 0xa2, 0x10,
    0x0a, 0x01, 0x29, 0x01, 0x09, 0x01, 0x0a, 0x01, 0x2a, 0x01, 0x09, 0x01,
    0x09, 0x01, 0x0a, 0x01, 0x09, 0x01, 0x0a, 0x01, 0x29, 0x01, 0x09, 0x01,
    0x0a, 0x01, 0x0a, 0x01, 0x09, 0x01, 0x29, 0x01, 0x0a, 0x01, 0x09, 0x01,
    0x0a, 0x01, 0x0a, 0x01, 0x09, 0x01, 0x29, 0x01, 0x0a, 0x01, 0x29, 0x01,
    0x29, 0x01, 0x0a, 0x01, 0x2a, 0x01, 0x09, 0x01, 0x09, 0x01, 0x2a, 0x01,
    0x09, 0x01, 0x09, 0x01, 0x0a, 0x01, 0x0a, 0x01, 0x2a, 0x01, 0x0a, 0x01,
    0x09, 0x01, 0x2a, 0x01, 0x09, 0x01, 0x09, 0x01, 0x0a, 0x01, 0x09, 0x01,
    0x09, 0x01, 0x2a, 0x01, 0x2a, 0x01, 0x0a, 0x01, 0x09, 0x01, 0x09, 0x01,
    0x2a, 0x01, 0x0a, 0x01, 0x09, 0x01, 0x0a, 0x01, 0x29, 0x01, 0x09, 0x01,
    0x0a, 0x01, 0x29, 0x01, 0x0a, 0x01, 0xff, 0xff, 0xff, 0xff, 0xff, 0xff,
    0xff, 0xff, 0xff, 0xff, 0xff, 0xff, 0xff, 0xff, 0xff, 0xff, 0xff, 0xff,
    0xff, 0xff, 0xff, 0xff, 0xff, 0xff, 0xff, 0xff, 0xff, 0xff, 0xff, 0xff,
    0xff, 0xff, 0xff, 0xff, 0xff, 0xff, 0xff, 0xff, 0xff, 0xff, 0xff, 0xff,
    0xff, 0xff, 0xff, 0xff, 0xff, 0xff, 0xff, 0xff, 0xff, 0xff, 0xff, 0xff,
    0xff, 0xff, 0xff, 0xff, 0xff, 0xff, 0xff, 0xff, 0xff, 0xff, 0xff, 0xff,
    0xff, 0xff, 0xff, 0xff, 0xff, 0xff, 0xff, 0xff, 0xff, 0xff, 0xff, 0xff,
    0xff, 0xff, 0xff, 0xff, 0xff, 0xff, 0xff, 0xff, 0xff, 0xff, 0xff, 0xff,
    0xff, 0xff, 0xff, 0xff, 0xff, 0xff, 0xff, 0xff, 0xff, 0xff, 0xff, 0xff,
    0xff, 0xff, 0xff, 0xff, 0xff, 0xff, 0xff, 0xff, 0xff, 0xff, 0xff, 0xff,
    0xd1, 0x72, 0x0d, 0x30, 0x0d, 0x30, 0x0d, 0x30, 0x0d, 0x30, 0x0d, 0x30,
    0x0e, 0x30, 0x0d, 0x30, 0x0e, 0x38, 0x0d, 0x30, 0x0d, 0x38, 0x0d, 0x30,
    0x0e, 0x30, 0x0d, 0x30, 0x0d, 0x30, 0x0d, 0x30, 0x0d, 0x30, 0x0e, 0x30,
    0x0d, 0x38, 0x0d, 0x38, 0x0e, 0x30, 0x0d, 0x30, 0x0d, 0x30, 0x0d, 0x38,
    0x0d, 0x30, 0x0d, 0x30, 0x0e, 0x30, 0x0d, 0x30, 0x0d, 0x38, 0x0e, 0x30,
    0x0d, 0x38, 0x0d, 0x38, 0x0e, 0x30, 0x0d, 0x30, 0x0d, 0x30, 0x0d, 0x38,
    0x0e, 0x30, 0x0d, 0x30, 0x0d, 0x30, 0x0e, 0x30, 0x0d, 0x30, 0x0d, 0x38,
    0x0d, 0x30, 0x0d, 0x30, 0x0d, 0x38, 0x0d, 0x30, 0x0d, 0x38, 0x0d, 0x30,
    0x0e, 0x30, 0x0d, 0x38, 0x0d, 0x30, 0x0e, 0x30, 0x0d, 0x30, 0x0d, 0x30,
    0x0d, 0x38, 0x0d, 0x30, 0x0d, 0x30, 0x86, 0x30, 0x82, 0x10, 0xa3, 0x18,
    0x82, 0x10, 0xa2, 0x10, 0xa3, 0x18, 0x82, 0x18, 0xa2, 0x10, 0xa3, 0x10,
    0xa2, 0x18, 0x82, 0x18, 0xa3, 0x10, 0xa2, 0x10, 0x82, 0x18, 0x82, 0x10,
    0xa2, 0x18, 0xa3, 0x10, 0xa2, 0x18, 0xa2, 0x10, 0xa3, 0x10, 0xa2, 0x18,
    0xa2, 0x10, 0xa3, 0x10, 0xa2, 0x18, 0xa2, 0x10, 0x83, 0x10, 0xa2, 0x10,
    0xa3, 0x18, 0x82, 0x10, 0xa2, 0x10, 0xa3, 0x18, 0xa2, 0x10, 0xa2, 0x18,
    0x82, 0x10, 0xa3, 0x10, 0xa2, 0x18, 0xa3, 0x10, 0x82, 0x10, 0xa3, 0x18,
    0xa2, 0x10, 0xa2, 0x10, 0xa3, 0x18, 0x82, 0x10, 0xa3, 0x10, 0xa2, 0x18,
    0x82, 0x10, 0x83, 0x18, 0xa2, 0x10, 0xa3, 0x10, 0x82, 0x18, 0xa2, 0x10,
    0xa3, 0x18, 0xa2, 0x10, 0x82, 0x18, 0xa3, 0x10, 0xa2, 0x10, 0xa3, 0x18,
    0x82, 0x10, 0x41, 0x08, 0x61, 0x08, 0x41, 0x08, 0x41, 0x08, 0x41, 0x08,
    0x41, 0x08, 0x61, 0x08, 0x41, 0x08, 0x41, 0x08, 0x41, 0x08, 0x62, 0x08,
    0x41, 0x08, 0x41, 0x08, 0x41, 0x08, 0x61, 0x08, 0xa3, 0x18, 0x82, 0x10,
    0xa2, 0x10, 0xa3, 0x18, 0xa2, 0x18, 0xa2, 0x10, 0x83, 0x10, 0xa2, 0x18,
    0xa2, 0x10, 0xa3, 0x10, 0xa3, 0x10, 0x82, 0x10, 0xa2, 0x18, 0xa3, 0x10,
    0xa2, 0x10, 0xe4, 0x20, 0xe4, 0x20, 0xe3, 0x20, 0xe4, 0x20, 0x04, 0x19,
    0xe3, 0x20, 0xe4, 0x18, 0x04, 0x21, 0xe4, 0x20, 0xe4, 0x20, 0x03, 0x21,
    0xe4, 0x18, 0xe3, 0x20, 0xe4, 0x20, 0xe3, 0x20, 0xa2, 0x10, 0xa3, 0x10,
    0xa2, 0x18, 0x82, 0x10, 0xa3, 0x10, 0xa2, 0x18, 0x82, 0x10, 0xa3, 0x10,
    0xa2, 0x18, 0x82, 0x10, 0xa3, 0x18, 0xa2, 0x10, 0xa2, 0x10, 0xa3, 0x18,
    0xa2, 0x10, 0xa3, 0x10, 0xa2, 0x18, 0xa2, 0x10, 0xa3, 0x18, 0x82, 0x10,
    0xa2, 0x18, 0x83, 0x10, 0xa2, 0x18, 0xa2, 0x10, 0x83, 0x18, 0xa2, 0x10,
    0xa2, 0x10, 0xa2, 0x18, 0xa2, 0x10, 0xa3, 0x10, 0xa2, 0x18, 0x82, 0x10,
    0xa3, 0x10, 0xa2, 0x18, 0xa3, 0x18, 0x82, 0x10, 0xa2, 0x18, 0x83, 0x10,
    0xa2, 0x10, 0xa2, 0x10, 0xa3, 0x18, 0xa2, 0x10, 0xa2, 0x18, 0x83, 0x18,
    0xa3, 0x10, 0xa2, 0x18, 0x0a, 0x01, 0x0a, 0x01, 0x29, 0x01, 0x0a, 0x01,
    0x09, 0x01, 0x0a, 0x01, 0x2a, 0x01, 0x09, 0x01, 0x0a, 0x01, 0x29, 0x01,
    0x0a, 0x01, 0x09, 0x01, 0x29, 0x01, 0x0a, 0x01, 0x0a, 0x01, 0x09, 0x01,
    0x2a, 0x01, 0x09, 0x01, 0x29, 0x01, 0x0a, 0x01, 0x2a, 0x01, 0x09, 0x01,
    0x0a, 0x01, 0x09, 0x01, 0x0a, 0x01, 0x09, 0x01, 0x2a, 0x01, 0x0a, 0x01,
    0x09, 0x01, 0x0a, 0x01, 0x0a, 0x01, 0x09, 0x01, 0x09, 0x01, 0x09, 0x01,
    0x09, 0x01, 0x2a, 0x01, 0x09, 0x01, 0x0a, 0x01, 0x0a, 0x01, 0x29, 0x01,
    0x0a, 0x01, 0x0a, 0x01, 0x09, 0x01, 0x09, 0x01, 0x0a, 0x01, 0x29, 0x01,
    0x0a, 0x01, 0x09, 0x01, 0x09, 0x01, 0x2a, 0x01, 0x09, 0x01, 0x0a, 0x01,
    0x0a, 0x01, 0x09, 0x01, 0x0a, 0x01, 0x29, 0x01, 0x09, 0x01, 0xff, 0xff,
    0xff, 0xff, 0xff, 0xff, 0xff, 0xff, 0xff, 0xff, 0xff, 0xff, 0xff, 0xff,
    0xff, 0xff, 0xff, 0xff, 0xff, 0xff, 0xff, 0xff, 0xff, 0xff, 0xff, 0xff,
    0xff, 0xff, 0xff, 0xff, 0xff, 0xff, 0xff, 0xff, 0xff, 0xff, 0xff, 0xff,
    0xff, 0xff, 0xff, 0xff, 0xff, 0xff, 0xff, 0xff, 0xff, 0xff, 0xff, 0xff,
    0xff, 0xff, 0xff, 0xff, 0xff, 0xff, 0xff, 0xff, 0xff, 0xff, 0xff, 0xff,
    0xff, 0xff, 0xff, 0xff, 0xff, 0xff, 0xff, 0xff, 0xff, 0xff, 0xff, 0xff,
    0xff, 0xff, 0xff, 0xff, 0xff, 0xff, 0xff, 0xff, 0xff, 0xff, 0xff, 0xff,
    0xff, 0xff, 0xff, 0xff, 0xff, 0xff, 0xff, 0xff, 0xff, 0xff, 0xff, 0xff,
    0xff, 0xff, 0xff, 0xff, 0xff, 0xff, 0xff, 0xff, 0xff, 0xff, 0xff, 0xff,
    0xff, 0xff, 0xff, 0xff, 0xd1, 0x72, 0x0d, 0x30, 0x0e, 0x30, 0x0d, 0x38,
    0x0d, 0x30, 0x0e, 0x38, 0x0d, 0x30, 0x0d, 0x30, 0x0d, 0x30, 0x0e, 0x38,
    0x0d, 0x30, 0x0d, 0x30, 0x0d, 0x38, 0x0d, 0x30, 0x0e, 0x38, 0x0d, 0x30,
    0x0d, 0x30, 0x0d, 0x38, 0x0d, 0x30, 0x0d, 0x30, 0x0e, 0x30, 0x0d, 0x38,
    0x0d, 0x30, 0x0e, 0x30, 0x0d, 0x30, 0x0d, 0x38, 0x0d, 0x30, 0x0e, 0x30,
    0x0d, 0x30, 0x0d, 0x30, 0x0d, 0x30, 0x0d, 0x30, 0x0e, 0x30, 0x0d, 0x38,
    0x0d, 0x30, 0x0d, 0x30, 0x0d, 0x38, 0x0d, 0x30, 0x0d, 0x38, 0x0d, 0x30,
    0x0e, 0x30, 0x0d, 0x30, 0x0d, 0x30, 0x0e, 0x30, 0x0e, 0x30, 0x0d, 0x38,
    0x0e, 0x30, 0x0d, 0x30, 0x0d, 0x30, 0x0d, 0x30, 0x0e, 0x38, 0x0d, 0x30,
    0x0d, 0x30, 0x0e, 0x30, 0x0d, 0x30, 0x0e, 0x30, 0x0d, 0x30, 0x86, 0x30,
    0xa2, 0x10, 0xa2, 0x18, 0xa3, 0x10, 0x82, 0x10, 0xa2, 0x18, 0xa3, 0x10,
    0xa2, 0x10, 0xa3, 0x18, 0x82, 0x10, 0xa2, 0x10, 0xa3, 0x18, 0xa2, 0x10,
    0xa3, 0x10, 0xa2, 0x18, 0x82, 0x10, 0xa3, 0x10, 0xa2, 0x18, 0x82, 0x10,
    0xa3, 0x18, 0xa2, 0x10, 0x83, 0x10, 0xa2, 0x18, 0xa2, 0x10, 0xa3, 0x18,
    0xa2, 0x10, 0xa2, 0x10, 0xa3, 0x18, 0x82, 0x10, 0xa2, 0x10, 0x83, 0x18,
    0xa2, 0x10, 0xa3, 0x10, 0xa2, 0x18, 0x82, 0x10, 0xa3, 0x18, 0xa2, 0x10,
    0x82, 0x18, 0xa3, 0x10, 0xa2, 0x10, 0x83, 0x18, 0xa2, 0x18, 0xa2, 0x10,
    0xa3, 0x10, 0xa3, 0x18, 0xa2, 0x10, 0xa2, 0x10, 0xa3, 0x18, 0x82, 0x10,
    0xa2, 0x10, 0xa3, 0x18, 0xa2, 0x10, 0xa2, 0x10, 0xa2, 0x18, 0x83, 0x10,
    0xa2, 0x10, 0xa2, 0x18, 0x82, 0x10, 0x41, 0x08, 0x41, 0x08, 0x61, 0x10,
    0x41, 0x08, 0x41, 0x08, 0x62, 0x08, 0x41, 0x08, 0x41, 0x10, 0x41, 0x08,
    0x61, 0x08, 0x41, 0x10, 0x41, 0x08, 0x41, 0x08, 0x41, 0x08, 0x62, 0x10,
    0xa2, 0x10, 0xa2, 0x10, 0x83, 0x18, 0xa2, 0x10, 0xa2, 0x10, 0xa2, 0x18,
    0x83, 0x10, 0xa2, 0x10, 0x82, 0x18, 0xa3, 0x10, 0xa2, 0x18, 0xa2, 0x10,
    0xa3, 0x18, 0xa2, 0x10, 0xa2, 0x10, 0xe4, 0x20, 0xe3, 0x18, 0xe4, 0x20,
    0x04, 0x21, 0xe3, 0x20, 0xe4, 0x18, 0xe4, 0x20, 0xe3, 0x18, 0x04, 0x21,
    0xe4, 0x18, 0xe4, 0x20, 0xe3, 0x18, 0x04, 0x19, 0xe4, 0x20, 0xe4, 0x20,
    0xa2, 0x10, 0xa3, 0x10, 0xa2, 0x18, 0xa2, 0x10, 0x83, 0x10, 0xa2, 0x18,
    0xa2, 0x10, 0xa3, 0x10, 0xa2, 0x18, 0xa2, 0x10, 0x83, 0x10, 0xa2, 0x18,
    0xa2, 0x10, 0x83, 0x10, 0xa2, 0x18, 0xa2, 0x10, 0xa3, 0x10, 0xa2, 0x18,
    0x83, 0x10, 0xa2, 0x10, 0xa3, 0x18, 0xa2, 0x10, 0xa2, 0x10, 0xa3, 0x18,
    0xa2, 0x10, 0x83, 0x10, 0xa2, 0x18, 0xa3, 0x10, 0x82, 0x18, 0x82, 0x10,
    0xa3, 0x10, 0xa2, 0x10, 0xa2, 0x10, 0xa3, 0x10, 0xa2, 0x10, 0xa2, 0x18,
    0xa3, 0x10, 0x82, 0x18, 0xa3, 0x10, 0xa2, 0x10, 0x83, 0x10, 0xa2, 0x10,
    0xa2, 0x10, 0xa3, 0x18, 0x82, 0x10, 0xa2, 0x10, 0x09, 0x01, 0x09, 0x01,
    0x0a, 0x01, 0x09, 0x01, 0x09, 0x01, 0x2a, 0x01, 0x09, 0x01, 0x0a, 0x01,
    0x29, 0x01, 0x0a, 0x01, 0x0a, 0x01, 0x09, 0x01, 0x0a, 0x01, 0x29, 0x01,
    0x09, 0x01, 0x0a, 0x01, 0x0a, 0x01, 0x09, 0x01, 0x09, 0x01, 0x2a, 0x01,
    0x09, 0x01, 0x0a, 0x01, 0x09, 0x01, 0x0a, 0x01, 0x09, 0x01, 0x09, 0x01,
    0x0a, 0x01, 0x29, 0x01, 0x09, 0x01, 0x0a, 0x01, 0x2a, 0x01, 0x29, 0x01,
    0x0a, 0x01, 0x0a, 0x01, 0x09, 0x01, 0x09, 0x01, 0x2a, 0x01, 0x09, 0x01,
    0x0a, 0x01, 0x29, 0x01, 0x09, 0x01, 0x2a, 0x01, 0x0a, 0x01, 0x09, 0x01,
    0x09, 0x01, 0x0a, 0x01, 0x2a, 0x01, 0x09, 0x01, 0x0a, 0x01, 0x09, 0x01,
    0x2a, 0x01, 0x09, 0x01, 0x2a, 0x01, 0x09, 0x01, 0x0a, 0x01, 0x0a, 0x01,
    0x09, 0x01, 0xff, 0xff, 0xff, 0xff, 0xff, 0xff, 0xff, 0xff, 0xff, 0xff,
    0xff, 0xff, 0xff, 0xff, 0xff, 0xff, 0xff, 0xff, 0xff, 0xff, 0xff, 0xff,
    0xff, 0xff, 0xff, 0xff, 0xff, 0xff, 0xff, 0xff, 0xff, 0xff, 0xff, 0xff,
    0xff, 0xff, 0xff, 0xff, 0xff, 0xff, 0xff, 0xff, 0xff, 0xff, 0xff, 0xff,
    0xff, 0xff, 0xff, 0xff, 0xff, 0xff, 0xff, 0xff, 0xff, 0xff, 0xff, 0xff,
    0xff, 0xff, 0xff, 0xff, 0xff, 0xff, 0xff, 0xff, 0xff, 0xff, 0xff, 0xff,
    0xff, 0xff, 0xff, 0xff, 0xff, 0xff, 0xff, 0xff, 0xff, 0xff, 0xff, 0xff,
    0xff, 0xff, 0xff, 0xff, 0xff, 0xff, 0xff, 0xff, 0xff, 0xff, 0xff, 0xff,
    0xff, 0xff, 0xff, 0xff, 0xff, 0xff, 0xff, 0xff, 0xff, 0xff, 0xff, 0xff,
    0xff, 0xff, 0xff, 0xff, 0xff, 0xff, 0xff, 0xff, 0xd1, 0x72, 0x0d, 0x30,
    0x0d, 0x30, 0x0e, 0x38, 0x0d, 0x30, 0x0d, 0x30, 0x0d, 0x38, 0x0d, 0x30,
    0x0d, 0x30, 0x0d, 0x30, 0x0e, 0x30, 0x0d, 0x30, 0x0d, 0x30, 0x0e, 0x38,
    0x0d, 0x30, 0x0d, 0x30, 0x0e, 0x38, 0x0d, 0x30, 0x0d, 0x30, 0x0e, 0x30,
    0x0d, 0x30, 0x0d, 0x30, 0x0e, 0x38, 0x0d, 0x30, 0x0d, 0x30, 0x0e, 0x38,
    0x0d, 0x30, 0x0d, 0x30, 0x0d, 0x38, 0x0e, 0x30, 0x0d, 0x30, 0x0d, 0x30,
    0x0d, 0x30, 0x0e, 0x38, 0x0d, 0x30, 0x0e, 0x30, 0x0d, 0x30, 0x0e, 0x30,
    0x0d, 0x38, 0x0d, 0x30, 0x0d, 0x30, 0x0e, 0x38, 0x0d, 0x30, 0x0d, 0x30,
    0x0d, 0x30, 0x0d, 0x30, 0x0d, 0x30, 0x0e, 0x38, 0x0d, 0x30, 0x0d, 0x30,
    0x0d, 0x30, 0x0d, 0x38, 0x0d, 0x38, 0x0d, 0x30, 0x0e, 0x38, 0x0d, 0x30,
    0x0d, 0x30, 0x86, 0x30, 0xa2, 0x10, 0xa2, 0x10, 0xa3, 0x18, 0xa2, 0x10,
    0x82, 0x10, 0xa3, 0x18, 0xa2, 0x10, 0x82, 0x10, 0xa3, 0x18, 0xa2, 0x10,
    0x82, 0x10, 0xa3, 0x18, 0xa2, 0x10, 0xa3, 0x18, 0xa2, 0x10, 0x83, 0x10,
    0xa2, 0x18, 0xa3, 0x10, 0x82, 0x10, 0xa2, 0x18, 0xa3, 0x10, 0x82, 0x10,
    0xa3, 0x18, 0x83, 0x10, 0xa2, 0x18, 0xa2, 0x10, 0x83, 0x18, 0xa2, 0x10,
    0xa3, 0x18, 0xa2, 0x10, 0x82, 0x10, 0xa3, 0x18, 0xa2, 0x10, 0xa2, 0x10,
    0xa3, 0x18, 0xa2, 0x10, 0xa2, 0x10, 0xa3, 0x18, 0x82, 0x10, 0xa2, 0x10,
    0xa3, 0x18, 0x82, 0x10, 0xa2, 0x10, 0x83, 0x18, 0xa2, 0x10, 0xa2, 0x10,
    0xa3, 0x18, 0xa2, 0x10, 0xa3, 0x10, 0x82, 0x18, 0x83, 0x10, 0xa2, 0x10,
    0xa3, 0x18, 0xa2, 0x10, 0xa2, 0x18, 0xa3, 0x10, 0x82, 0x10, 0x41, 0x08,
    0x42, 0x08, 0x41, 0x08, 0x61, 0x08, 0x41, 0x10, 0x41, 0x08, 0x41, 0x08,
    0x61, 0x08, 0x42, 0x08, 0x41, 0x08, 0x41, 0x08, 0x61, 0x08, 0x41, 0x08,
    0x41, 0x08, 0x62, 0x10, 0xa2, 0x10, 0xa3, 0x18, 0xa2, 0x10, 0x83, 0x10,
    0xa2, 0x18, 0xa3, 0x10, 0xa2, 0x18, 0xa2, 0x10, 0xa3, 0x10, 0x82, 0x18,
    0xa2, 0x10, 0x83, 0x10, 0xa2, 0x18, 0x82, 0x10, 0xa3, 0x10, 0xe4, 0x20,
    0xe3, 0x20, 0x04, 0x19, 0xe3, 0x18, 0xe4, 0x20, 0x04, 0x21, 0xe3, 0x18,
    0xe3, 0x20, 0xe3, 0x18, 0x04, 0x21, 0xe3, 0x20, 0xe4, 0x20, 0x04, 0x19,
    0xe3, 0x20, 0xe4, 0x20, 0xa2, 0x10, 0xa2, 0x10, 0xa3, 0x18, 0xa2, 0x10,
    0xa3, 0x18, 0x82, 0x10, 0xa3, 0x18, 0x82, 0x10, 0xa2, 0x10, 0xa3, 0x18,
    0xa2, 0x10, 0x83, 0x18, 0xa2, 0x10, 0xa2, 0x10, 0x83, 0x18, 0x82, 0x18,
    0xa2, 0x10, 0xa3, 0x10, 0x82, 0x18, 0xa2, 0x10, 0xa3, 0x10, 0x82, 0x18,
    0xa2, 0x10, 0xa3, 0x10, 0xa2, 0x18, 0x82, 0x10, 0xa3, 0x10, 0xa2, 0x18,
    0xa3, 0x10, 0xa2, 0x18, 0xa3, 0x18, 0x82, 0x18, 0xa2, 0x10, 0x83, 0x18,
    0xa2, 0x10, 0xa3, 0x10, 0xa2, 0x18, 0xa2, 0x10, 0x83, 0x18, 0xa2, 0x18,
    0xa2, 0x10, 0x83, 0x18, 0xa2, 0x10, 0xa2, 0x10, 0xa3, 0x18, 0x82, 0x10,
    0x09, 0x01, 0x0a, 0x01, 0x2a, 0x01, 0x09, 0x01, 0x0a, 0x01, 0x29, 0x01,
    0x0a, 0x01, 0x09, 0x01, 0x09, 0x01, 0x0a, 0x01, 0x29, 0x01, 0x0a, 0x01,
    0x0a, 0x01, 0x09, 0x01, 0x2a, 0x01, 0x09, 0x01, 0x0a, 0x01, 0x2a, 0x01,
    0x09, 0x01, 0x0a, 0x01, 0x09, 0x01, 0x29, 0x01, 0x2a, 0x01, 0x0a, 0x01,
    0x29, 0x01, 0x0a, 0x01, 0x0a, 0x01, 0x29, 0x01, 0x09, 0x01, 0x0a, 0x01,
    0x09, 0x01, 0x09, 0x01, 0x2a, 0x01, 0x0a, 0x01, 0x29, 0x01, 0x0a, 0x01,
    0x0a, 0x01, 0x09, 0x01, 0x09, 0x01, 0x0a, 0x01, 0x09, 0x01, 0x09, 0x01,
    0x2a, 0x01, 0x0a, 0x01, 0x09, 0x01, 0x2a, 0x01, 0x09, 0x01, 0x0a, 0x01,
    0x0a, 0x01, 0x29, 0x01, 0x09, 0x01, 0x0a, 0x01, 0x09, 0x01, 0x29, 0x01,
    0x0a, 0x01, 0x2a, 0x01, 0x09, 0x01, 0xff, 0xff, 0xff, 0xff, 0xff, 0xff,
    0xff, 0xff, 0xff, 0xff, 0xff, 0xff, 0xff, 0xff, 0xff, 0xff, 0xff, 0xff,
    0xff, 0xff, 0xff, 0xff, 0xff, 0xff, 0xff, 0xff, 0xff, 0xff, 0xff, 0xff,
    0xff, 0xff, 0xff, 0xff, 0xff, 0xff, 0xff, 0xff, 0xff, 0xff, 0xff, 0xff,
    0xff, 0xff, 0xff, 0xff, 0xff, 0xff, 0xff, 0xff, 0xff, 0xff, 0xff, 0xff,
    0xff, 0xff, 0xff, 0xff, 0xff, 0xff, 0xff, 0xff, 0xff, 0xff, 0xff, 0xff,
    0xff, 0xff, 0xff, 0xff, 0xff, 0xff, 0xff, 0xff, 0xff, 0xff, 0xff, 0xff,
    0xff, 0xff, 0xff, 0xff, 0xff, 0xff, 0xff, 0xff, 0xff, 0xff, 0xff, 0xff,
    0xff, 0xff, 0xff, 0xff, 0xff, 0xff, 0xff, 0xff, 0xff, 0xff, 0xff, 0xff,
    0xff, 0xff, 0xff, 0xff, 0xff, 0xff, 0xff, 0xff, 0xff, 0xff, 0xff, 0xff,
    0xd1, 0x72, 0x0d, 0x30, 0x0d, 0x30, 0x0d, 0x30, 0x0e, 0x30, 0x0d, 0x30,
    0x0d, 0x30, 0x0e, 0x38, 0x0d, 0x30, 0x0d, 0x30, 0x0d, 0x38, 0x0e, 0x30,
    0x0d, 0x30, 0x0d, 0x30, 0x0d, 0x30, 0x0d, 0x30, 0x0e, 0x30, 0x0d, 0x30,
    0x0d, 0x38, 0x0d, 0x30, 0x0d, 0x30, 0x0d, 0x38, 0x0d, 0x30, 0x0d, 0x30,
    0x0d, 0x30, 0x0e, 0x30, 0x0d, 0x30, 0x0d, 0x38, 0x0e, 0x30, 0x0d, 0x30,
    0x0d, 0x38, 0x0e, 0x30, 0x0d, 0x30, 0x0d, 0x30, 0x0d, 0x30, 0x0d, 0x38,
    0x0e, 0x30, 0x0d, 0x30, 0x0d, 0x30, 0x0e, 0x30, 0x0d, 0x38, 0x0d, 0x30,
    0x0d, 0x38, 0x0d, 0x38, 0x0e, 0x30, 0x0d, 0x30, 0x0d, 0x38, 0x0d, 0x30,
    0x0e, 0x30, 0x0d, 0x38, 0x0d, 0x30, 0x0e, 0x30, 0x0d, 0x30, 0x0d, 0x30,
    0x0d, 0x30, 0x0d, 0x38, 0x0d, 0x30, 0x86, 0x30, 0x82, 0x10, 0x83, 0x10,
    0xa2, 0x18, 0xa3, 0x10, 0xa2, 0x10, 0x83, 0x18, 0xa2, 0x10, 0xa2, 0x10,
    0xa3, 0x18, 0xa3, 0x10, 0x82, 0x10, 0xa2, 0x18, 0x83, 0x10, 0xa2, 0x10,
    0xa2, 0x18, 0xa2, 0x10, 0xa3, 0x10, 0xa2, 0x18, 0x82, 0x10, 0xa3, 0x18,
    0xa2, 0x10, 0xa2, 0x10, 0xa2, 0x18, 0x83, 0x10, 0xa2, 0x10, 0xa2, 0x18,
    0xa3, 0x10, 0xa2, 0x10, 0xa2, 0x18, 0xa3, 0x10, 0x82, 0x18, 0xa2, 0x10,
    0xa3, 0x10, 0x82, 0x18, 0xa3, 0x10, 0x82, 0x10, 0xa3, 0x18, 0xa2, 0x18,
    0xa2, 0x10, 0xa3, 0x10, 0xa2, 0x18, 0xa2, 0x10, 0x83, 0x10, 0xa2, 0x18,
    0xa2, 0x10, 0x83, 0x18, 0x82, 0x10, 0xa2, 0x18, 0xa3, 0x10, 0xa2, 0x10,
    0xa2, 0x18, 0x83, 0x10, 0xa2, 0x10, 0xa2, 0x18, 0x83, 0x10, 0xa3, 0x10,
    0x82, 0x10, 0x41, 0x08, 0x61, 0x08, 0x41, 0x08, 0x41, 0x08, 0x62, 0x08,
    0x41, 0x08, 0x41, 0x08, 0x41, 0x08, 0x61, 0x08, 0x41, 0x08, 0x42, 0x08,
    0x61, 0x10, 0x41, 0x08, 0x41, 0x08, 0x62, 0x10, 0xa2, 0x10, 0x82, 0x10,
    0xa3, 0x18, 0xa2, 0x10, 0x83, 0x10, 0xa2, 0x18, 0xa2, 0x10, 0x83, 0x18,
    0xa2, 0x10, 0xa2, 0x18, 0xa3, 0x10, 0xa2, 0x10, 0x83, 0x18, 0xa2, 0x10,
    0xa2, 0x10, 0xe4, 0x20, 0xe4, 0x20, 0xe3, 0x18, 0xe4, 0x20, 0xe4, 0x20,
    0xe3, 0x18, 0x04, 0x21, 0xe4, 0x20, 0xe4, 0x20, 0xe3, 0x18, 0xe4, 0x20,
    0xe4, 0x20, 0xe3, 0x18, 0xe4, 0x20, 0xe4, 0x20, 0xa2, 0x10, 0xa2, 0x10,
    0x83, 0x18, 0xa2, 0x10, 0xa2, 0x10, 0xa3, 0x18, 0xa2, 0x10, 0xa2, 0x18,
    0x83, 0x10, 0xa2, 0x10, 0xa2, 0x18, 0xa3, 0x10, 0xa2, 0x18, 0xa3, 0x10,
    0xa2, 0x10, 0xa3, 0x18, 0xa2, 0x10, 0xa2, 0x10, 0xa3, 0x18, 0xa2, 0x10,
    0xa2, 0x10, 0x83, 0x18, 0xa2, 0x10, 0xa2, 0x10, 0x83, 0x18, 0xa2, 0x10,
    0xa2, 0x10, 0x83, 0x18, 0xa2, 0x10, 0xa2, 0x10, 0x83, 0x10, 0xa2, 0x10,
    0xa3, 0x18, 0xa2, 0x10, 0x82, 0x18, 0x83, 0x10, 0xa2, 0x10, 0xa2, 0x10,
    0xa3, 0x10, 0xa2, 0x18, 0xa2, 0x10, 0x83, 0x18, 0xa2, 0x10, 0xa2, 0x10,
    0xa3, 0x18, 0xa2, 0x10, 0x0a, 0x01, 0x09, 0x01, 0x2a, 0x01, 0x0a, 0x01,
    0x09, 0x01, 0x0a, 0x01, 0x0a, 0x01, 0x29, 0x01, 0x0a, 0x01, 0x09, 0x01,
    0x09, 0x01, 0x2a, 0x01, 0x09, 0x01, 0x0a, 0x01, 0x09, 0x01, 0x29, 0x01,
    0x0a, 0x01, 0x09, 0x01, 0x2a, 0x01, 0x0a, 0x01, 0x09, 0x01, 0x0a, 0x01,
    0x0a, 0x01, 0x09, 0x01, 0x29, 0x01, 0x0a, 0x01, 0x0a, 0x01, 0x09, 0x01,
    0x2a, 0x01, 0x0a, 0x01, 0x09, 0x01, 0x09, 0x01, 0x0a, 0x01, 0x09, 0x01,
    0x09, 0x01, 0x2a, 0x01, 0x09, 0x01, 0x0a, 0x01, 0x2a, 0x01, 0x0a, 0x01,
    0x0a, 0x01, 0x29, 0x01, 0x09, 0x01, 0x0a, 0x01, 0x29, 0x01, 0x09, 0x01,
    0x0a, 0x01, 0x09, 0x01, 0x29, 0x01, 0x0a, 0x01, 0x0a, 0x01, 0x09, 0x01,
    0x0a, 0x01, 0x09, 0x01, 0x09, 0x01, 0x2a, 0x01, 0x0a, 0x01, 0xff, 0xff,
    0xff, 0xff, 0xff, 0xff, 0xff, 0xff, 0xff, 0xff, 0xff, 0xff, 0xff, 0xff,
    0xff, 0xff, 0xff, 0xff, 0xff, 0xff, 0xff, 0xff, 0xff, 0xff, 0xff, 0xff,
    0xff, 0xff, 0xff, 0xff, 0xff, 0xff, 0xff, 0xff, 0xff, 0xff, 0xff, 0xff,
    0xff, 0xff, 0xff, 0xff, 0xff, 0xff, 0xff, 0xff, 0xff, 0xff, 0xff, 0xff,
    0xff, 0xff, 0xff, 0xff, 0xff, 0xff, 0xff, 0xff, 0xff, 0xff, 0xff, 0xff,
    0xff, 0xff, 0xff, 0xff, 0xff, 0xff, 0xff, 0xff, 0xff, 0xff, 0xff, 0xff,
    0xff, 0xff, 0xff, 0xff, 0xff, 0xff, 0xff, 0xff, 0xff, 0xff, 0xff, 0xff,
    0xff, 0xff, 0xff, 0xff, 0xff, 0xff, 0xff, 0xff, 0xff, 0xff, 0xff, 0xff,
    0xff, 0xff, 0xff, 0xff, 0xff, 0xff, 0xff, 0xff, 0xff, 0xff, 0xff, 0xff,
    0xff, 0xff, 0xff, 0xff, 0xd1, 0x72, 0x0d, 0x30, 0x0d, 0x30, 0x0d, 0x38,
    0x0d, 0x30, 0x0e, 0x30, 0x0d, 0x38, 0x0d, 0x30, 0x0e, 0x30, 0x0d, 0x38,
    0x0d, 0x30, 0x0d, 0x30, 0x0e, 0x38, 0x0d, 0x30, 0x0d, 0x38, 0x0e, 0x30,
    0x0d, 0x30, 0x0d, 0x38, 0x0e, 0x30, 0x0d, 0x30, 0x0e, 0x38, 0x0d, 0x30,
    0x0e, 0x30, 0x0d, 0x38, 0x0d, 0x30, 0x0d, 0x30, 0x0d, 0x38, 0x0d, 0x30,
    0x0d, 0x30, 0x0d, 0x30, 0x0d, 0x38, 0x0d, 0x30, 0x0e, 0x38, 0x0d, 0x30,
    0x0d, 0x30, 0x0d, 0x30, 0x0d, 0x38, 0x0d, 0x30, 0x0d, 0x30, 0x0e, 0x38,
    0x0d, 0x30, 0x0d, 0x30, 0x0e, 0x30, 0x0d, 0x30, 0x0d, 0x30, 0x0e, 0x38,
    0x0d, 0x30, 0x0d, 0x30, 0x0d, 0x30, 0x0e, 0x30, 0x0d, 0x30, 0x0d, 0x30,
    0x0e, 0x30, 0x0d, 0x30, 0x0d, 0x30, 0x0e, 0x30, 0x0d, 0x30, 0x86, 0x30,
    0xa2, 0x18, 0xa2, 0x10, 0xa3, 0x18, 0x82, 0x10, 0xa2, 0x18, 0xa3, 0x10,
    0xa2, 0x18, 0x82, 0x10, 0xa3, 0x18, 0xa2, 0x10, 0xa2, 0x18, 0xa3, 0x10,
    0xa2, 0x10, 0x82, 0x18, 0xa3, 0x10, 0x82, 0x18, 0xa3, 0x10, 0xa2, 0x10,
    0xa2, 0x18, 0xa3, 0x10, 0x83, 0x10, 0xa2, 0x18, 0xa2, 0x10, 0xa3, 0x10,
    0x82, 0x18, 0xa2, 0x10, 0xa3, 0x10, 0x82, 0x18, 0xa2, 0x10, 0xa3, 0x10,
    0xa2, 0x18, 0xa3, 0x10, 0x82, 0x18, 0xa2, 0x10, 0xa3, 0x10, 0x82, 0x18,
    0xa2, 0x10, 0xa3, 0x10, 0x82, 0x18, 0x83, 0x10, 0xa2, 0x10, 0xa3, 0x18,
    0xa2, 0x10, 0xa2, 0x10, 0xa3, 0x18, 0xa2, 0x10, 0xa2, 0x10, 0x83, 0x18,
    0xa2, 0x10, 0xa2, 0x18, 0xa3, 0x10, 0xa2, 0x18, 0x82, 0x10, 0xa3, 0x10,
    0xa2, 0x18, 0xa2, 0x18, 0x82, 0x10, 0x41, 0x08, 0x41, 0x10, 0x41, 0x08,
    0x41, 0x08, 0x41, 0x08, 0x61, 0x08, 0x41, 0x10, 0x41, 0x08, 0x41, 0x08,
    0x41, 0x10, 0x41, 0x08, 0x41, 0x08, 0x41, 0x08, 0x41, 0x08, 0x62, 0x10,
    0xa2, 0x10, 0xa2, 0x10, 0xa3, 0x18, 0xa2, 0x10, 0x82, 0x10, 0xa3, 0x18,
    0xa2, 0x10, 0x83, 0x10, 0xa2, 0x18, 0xa3, 0x10, 0xa2, 0x10, 0xa2, 0x18,
    0xa3, 0x10, 0xa2, 0x18, 0xa2, 0x10, 0xe4, 0x20, 0xe4, 0x20, 0x03, 0x19,
    0xe4, 0x20, 0xe3, 0x20, 0xe4, 0x18, 0xe4, 0x20, 0x04, 0x21, 0xe3, 0x18,
    0xe4, 0x18, 0x04, 0x21, 0x03, 0x19, 0xe3, 0x20, 0xe4, 0x18, 0x04, 0x21,
    0xa2, 0x10, 0xa2, 0x10, 0x83, 0x18, 0xa2, 0x10, 0xa2, 0x10, 0x83, 0x18,
    0xa2, 0x10, 0xa3, 0x10, 0xa3, 0x18, 0x82, 0x10, 0xa2, 0x10, 0x83, 0x18,
    0xa2, 0x10, 0xa2, 0x10, 0x83, 0x18, 0xa2, 0x10, 0x83, 0x10, 0xa2, 0x18,
    0x83, 0x10, 0xa2, 0x18, 0xa2, 0x10, 0xa3, 0x18, 0x83, 0x10, 0xa2, 0x18,
    0xa3, 0x10, 0xa2, 0x18, 0xa2, 0x10, 0x83, 0x10, 0xa2, 0x18, 0xa2, 0x10,
    0xa3, 0x10, 0xa2, 0x18, 0xa2, 0x10, 0xa3, 0x10, 0xa2, 0x18, 0xa2, 0x18,
    0x83, 0x10, 0xa2, 0x18, 0x83, 0x10, 0xa2, 0x10, 0xa3, 0x10, 0xa2, 0x18,
    0x83, 0x10, 0xa2, 0x18, 0x82, 0x10, 0xa3, 0x10, 0x09, 0x01, 0x09, 0x01,
    0x09, 0x01, 0x2a, 0x01, 0x09, 0x01, 0x09, 0x01, 0x2a, 0x01, 0x09, 0x01,
    0x0a, 0x01, 0x2a, 0x01, 0x09, 0x01, 0x09, 0x01, 0x2a, 0x01, 0x0a, 0x01,
    0x09, 0x01, 0x0a, 0x01, 0x09, 0x01, 0x09, 0x01, 0x0a, 0x01, 0x29, 0x01,
    0x09, 0x01, 0x0a, 0x01, 0x09, 0x01, 0x09, 0x01, 0x0a, 0x01, 0x29, 0x01,
    0x09, 0x01, 0x0a, 0x01, 0x09, 0x01, 0x2a, 0x01, 0x0a, 0x01, 0x29, 0x01,
    0x0a, 0x01, 0x0a, 0x01, 0x09, 0x01, 0x2a, 0x01, 0x09, 0x01, 0x09, 0x01,
    0x2a, 0x01, 0x09, 0x01, 0x09, 0x01, 0x2a, 0x01, 0x0a, 0x01, 0x09, 0x01,
    0x0a, 0x01, 0x0a, 0x01, 0x29, 0x01, 0x0a, 0x01, 0x09, 0x01, 0x0a, 0x01,
    0x29, 0x01, 0x0a, 0x01, 0x2a, 0x01, 0x0a, 0x01, 0x09, 0x01, 0x09, 0x01,
    0x0a, 0x01, 0xff, 0xff, 0xff, 0xff, 0xff, 0xff, 0xff, 0xff, 0xff, 0xff,
    0xff, 0xff, 0xff, 0xff, 0xff, 0xff, 0xff, 0xff, 0xff, 0xff, 0xff, 0xff,
    0xff, 0xff, 0xff, 0xff, 0xff, 0xff, 0xff, 0xff, 0xff, 0xff, 0xff, 0xff,
    0xff, 0xff, 0xff, 0xff, 0xff, 0xff, 0xff, 0xff, 0xff, 0xff, 0xff, 0xff,
    0xff, 0xff, 0xff, 0xff, 0xff, 0xff, 0xff, 0xff, 0xff, 0xff, 0xff, 0xff,
    0xff, 0xff, 0xff, 0xff, 0xff, 0xff, 0xff, 0xff, 0xff, 0xff, 0xff, 0xff,
    0xff, 0xff, 0xff, 0xff, 0xff, 0xff, 0xff, 0xff, 0xff, 0xff, 0xff, 0xff,
    0xff, 0xff, 0xff, 0xff, 0xff, 0xff, 0xff, 0xff, 0xff, 0xff, 0xff, 0xff,
    0xff, 0xff, 0xff, 0xff, 0xff, 0xff, 0xff, 0xff, 0xff, 0xff, 0xff, 0xff,
    0xff, 0xff, 0xff, 0xff, 0xff, 0xff, 0xff, 0xff, 0xd1, 0x72, 0x0d, 0x30,
    0x0e, 0x30, 0x0d, 0x38, 0x0d, 0x30, 0x0d, 0x30, 0x0d, 0x38, 0x0d, 0x30,
    0x0e, 0x30, 0x0d, 0x30, 0x0d, 0x30, 0x0d, 0x30, 0x0d, 0x30, 0x0e, 0x38,
    0x0d, 0x30, 0x0d, 0x30, 0x0d, 0x38, 0x0d, 0x30, 0x0d, 0x30, 0x0e, 0x30,
    0x0d, 0x30, 0x0d, 0x30, 0x0d, 0x30, 0x0e, 0x38, 0x0d, 0x30, 0x0e, 0x30,
    0x0d, 0x30, 0x0e, 0x30, 0x0d, 0x30, 0x0e, 0x38, 0x0d, 0x30, 0x0d, 0x30,
    0x0d, 0x30, 0x0e, 0x38, 0x0d, 0x30, 0x0e, 0x30, 0x0d, 0x30, 0x0d, 0x38,
    0x0e, 0x30, 0x0d, 0x30, 0x0d, 0x30, 0x0d, 0x30, 0x0e, 0x30, 0x0d, 0x30,
    0x0d, 0x30, 0x0d, 0x30, 0x0e, 0x30, 0x0d, 0x38, 0x0d, 0x30, 0x0d, 0x38,
    0x0d, 0x38, 0x0d, 0x30, 0x0e, 0x38, 0x0d, 0x38, 0x0d, 0x30, 0x0d, 0x30,
    0x0d, 0x30, 0x86, 0x30, 0xa2, 0x10, 0xa2, 0x10, 0xa3, 0x10, 0x82, 0x18,
    0xa2, 0x10, 0xa3, 0x10, 0x82, 0x18, 0xa3, 0x10, 0xa2, 0x10, 0x82, 0x18,
    0xa3, 0x10, 0xa2, 0x10, 0xa2, 0x18, 0xa3, 0x10, 0x82, 0x10, 0xa3, 0x18,
    0xa2, 0x10, 0x83, 0x10, 0xa2, 0x18, 0xa2, 0x10, 0x83, 0x18, 0xa2, 0x10,
    0xa2, 0x10, 0xa3, 0x18, 0xa2, 0x10, 0x83, 0x10, 0xa2, 0x18, 0xa3, 0x10,
    0x82, 0x10, 0xa2, 0x18, 0xa3, 0x10, 0x82, 0x10, 0xa2, 0x18, 0xa3, 0x10,
    0xa2, 0x18, 0xa2, 0x10, 0xa3, 0x10, 0xa2, 0x10, 0xa2, 0x18, 0xa2, 0x10,
    0x83, 0x10, 0xa2, 0x18, 0xa2, 0x18, 0x83, 0x10, 0xa3, 0x10, 0xa2, 0x18,
    0xa3, 0x10, 0xa2, 0x10, 0x82, 0x18, 0xa3, 0x10, 0xa3, 0x10, 0xa2, 0x18,
    0xa3, 0x10, 0x82, 0x10, 0xa2, 0x18, 0xa3, 0x10, 0x82, 0x10, 0x41, 0x08,
    0x61, 0x08, 0x42, 0x08, 0x41, 0x08, 0x41, 0x08, 0x41, 0x08, 0x62, 0x08,
    0x41, 0x08, 0x61, 0x08, 0x41, 0x08, 0x61, 0x08, 0x42, 0x08, 0x41, 0x08,
    0x61, 0x08, 0x62, 0x10, 0xa2, 0x10, 0x82, 0x18, 0xa3, 0x10, 0xa2, 0x18,
    0xa2, 0x10, 0xa3, 0x10, 0xa2, 0x18, 0xa2, 0x10, 0x83, 0x10, 0xa2, 0x18,
    0x82, 0x10, 0x83, 0x10, 0xa2, 0x18, 0xa3, 0x10, 0xa2, 0x10, 0xe4, 0x20,
    0xe4, 0x20, 0xe3, 0x18, 0x04, 0x21, 0x04, 0x19, 0xe3, 0x20, 0xe3, 0x18,
    0x04, 0x21, 0xe3, 0x20, 0xe4, 0x20, 0xe4, 0x20, 0xe3, 0x20, 0xe4, 0x18,
    0x04, 0x21, 0xe3, 0x20, 0xa2, 0x10, 0xa3, 0x10, 0xa2, 0x18, 0xa2, 0x10,
    0x83, 0x10, 0xa2, 0x18, 0xa2, 0x10, 0x82, 0x10, 0xa2, 0x18, 0xa3, 0x10,
    0xa2, 0x10, 0x82, 0x18, 0xa3, 0x10, 0xa2, 0x10, 0xa2, 0x18, 0x83, 0x10,
    0xa2, 0x18, 0xa2, 0x10, 0xa3, 0x10, 0x82, 0x18, 0xa2, 0x10, 0xa3, 0x10,
    0xa2, 0x18, 0x82, 0x10, 0xa3, 0x10, 0xa2, 0x18, 0xa2, 0x10, 0xa3, 0x10,
    0x82, 0x18, 0xa3, 0x18, 0xa2, 0x10, 0x82, 0x18, 0x83, 0x10, 0xa3, 0x10,
    0xa2, 0x10, 0xa2, 0x10, 0xa3, 0x18, 0xa2, 0x10, 0x82, 0x18, 0xa3, 0x10,
    0xa2, 0x18, 0x82, 0x10, 0xa3, 0x10, 0xa2, 0x18, 0xa2, 0x10, 0x83, 0x10,
    0x0a, 0x01, 0x0a, 0x01, 0x09, 0x01, 0x0a, 0x01, 0x2a, 0x01, 0x09, 0x01,
    0x09, 0x01, 0x0a, 0x01, 0x09, 0x01, 0x0a, 0x01, 0x0a, 0x01, 0x09, 0x01,
    0x0a, 0x01, 0x29, 0x01, 0x0a, 0x01, 0x0a, 0x01, 0x29, 0x01, 0x0a, 0x01,
    0x0a, 0x01, 0x09, 0x01, 0x2a, 0x01, 0x0a, 0x01, 0x29, 0x01, 0x0a, 0x01,
    0x0a, 0x01, 0x09, 0x01, 0x2a, 0x01, 0x09, 0x01, 0x09, 0x01, 0x0a, 0x01,
    0x09, 0x01, 0x29, 0x01, 0x0a, 0x01, 0x09, 0x01, 0x2a, 0x01, 0x0a, 0x01,
    0x09, 0x01, 0x0a, 0x01, 0x09, 0x01, 0x09, 0x01, 0x0a, 0x01, 0x0a, 0x01,
    0x09, 0x01, 0x29, 0x01, 0x0a, 0x01, 0x09, 0x01, 0x0a, 0x01, 0x29, 0x01,
    0x0a, 0x01, 0x09, 0x01, 0x09, 0x01, 0x29, 0x01, 0x0a, 0x01, 0x09, 0x01,
    0x2a, 0x01, 0x09, 0x01, 0x09, 0x01, 0xff, 0xff, 0xff, 0xff, 0xff, 0xff,
    0xff, 0xff, 0xff, 0xff, 0xff, 0xff, 0xff, 0xff, 0xff, 0xff, 0xff, 0xff,
    0xff, 0xff, 0xff, 0xff, 0xff, 0xff, 0xff, 0xff, 0xff, 0xff, 0xff, 0xff,
    0xff, 0xff, 0xff, 0xff, 0xff, 0xff, 0xff, 0xff, 0xff, 0xff, 0xff, 0xff,
    0xff, 0xff, 0xff, 0xff, 0xff, 0xff, 0xff, 0xff, 0xff, 0xff, 0xff, 0xff,
    0xff, 0xff, 0xff, 0xff, 0xff, 0xff, 0xff, 0xff, 0xff, 0xff, 0xff, 0xff,
    0xff, 0xff, 0xff, 0xff, 0xff, 0xff, 0xff, 0xff, 0xff, 0xff, 0xff, 0xff,
    0xff, 0xff, 0xff, 0xff, 0xff, 0xff, 0xff, 0xff, 0xff, 0xff, 0xff, 0xff,
    0xff, 0xff, 0xff, 0xff, 0xff, 0xff, 0xff, 0xff, 0xff, 0xff, 0xff, 0xff,
    0xff, 0xff, 0xff, 0xff, 0xff, 0xff, 0xff, 0xff, 0xff, 0xff, 0xff, 0xff,
    0xd1, 0x72, 0x0d, 0x30, 0x0d, 0x30, 0x0e, 0x30, 0x0d, 0x30, 0x0e, 0x30,
    0x0d, 0x30, 0x0d, 0x30, 0x0d, 0x38, 0x0e, 0x30, 0x0d, 0x38, 0x0d, 0x30,
    0x0e, 0x30, 0x0d, 0x30, 0x0d, 0x30, 0x0d, 0x30, 0x0e, 0x30, 0x0d, 0x30,
    0x0d, 0x38, 0x0d, 0x30, 0x0d, 0x30, 0x0d, 0x38, 0x0d, 0x30, 0x0d, 0x30,
    0x0d, 0x30, 0x0d, 0x38, 0x0e, 0x30, 0x0d, 0x30, 0x0d, 0x38, 0x0d, 0x30,
    0x0e, 0x30, 0x0d, 0x30, 0x0d, 0x30, 0x0d, 0x30, 0x0d, 0x38, 0x0e, 0x30,
    0x0d, 0x30, 0x0d, 0x30, 0x0d, 0x30, 0x0d, 0x38, 0x0d, 0x30, 0x0e, 0x38,
    0x0d, 0x38, 0x0d, 0x30, 0x0d, 0x38, 0x0d, 0x30, 0x0d, 0x30, 0x0e, 0x30,
    0x0d, 0x30, 0x0e, 0x30, 0x0d, 0x30, 0x0d, 0x30, 0x0d, 0x30, 0x0e, 0x30,
    0x0d, 0x38, 0x0d, 0x30, 0x0d, 0x30, 0x86, 0x30, 0x83, 0x10, 0xa2, 0x10,
    0xa2, 0x18, 0xa3, 0x10, 0xa2, 0x10, 0xa2, 0x18, 0xa3, 0x10, 0xa2, 0x10,
    0xa2, 0x18, 0x83, 0x10, 0xa2, 0x10, 0x82, 0x18, 0xa3, 0x18, 0xa2, 0x10,
    0xa2, 0x10, 0xa2, 0x18, 0xa3, 0x10, 0x82, 0x18, 0xa2, 0x10, 0xa3, 0x10,
    0xa2, 0x18, 0x82, 0x10, 0xa3, 0x18, 0xa2, 0x10, 0x82, 0x10, 0xa3, 0x18,
    0xa2, 0x18, 0xa2, 0x10, 0x83, 0x10, 0xa2, 0x18, 0xa3, 0x10, 0xa2, 0x10,
    0xa3, 0x18, 0x82, 0x10, 0xa2, 0x10, 0xa3, 0x18, 0x83, 0x18, 0x82, 0x10,
    0xa3, 0x10, 0xa2, 0x18, 0xa2, 0x10, 0xa3, 0x10, 0x82, 0x18, 0xa2, 0x10,
    0x82, 0x10, 0xa3, 0x18, 0xa2, 0x10, 0x82, 0x10, 0xa3, 0x18, 0xa2, 0x10,
    0x82, 0x10, 0xa2, 0x18, 0xa3, 0x10, 0xa2, 0x18, 0x83, 0x10, 0xa2, 0x10,
    0x82, 0x10, 0x41, 0x08, 0x61, 0x08, 0x41, 0x08, 0x61, 0x10, 0x41, 0x08,
    0x41, 0x08, 0x41, 0x08, 0x41, 0x08, 0x42, 0x08, 0x61, 0x08, 0x41, 0x08,
    0x41, 0x08, 0x41, 0x08, 0x41, 0x08, 0x62, 0x08, 0xa2, 0x18, 0x83, 0x10,
    0xa2, 0x10, 0xa2, 0x18, 0x83, 0x10, 0xa2, 0x10, 0xa2, 0x18, 0x83, 0x10,
    0xa2, 0x10, 0xa2, 0x18, 0xa3, 0x10, 0xa2, 0x18, 0x82, 0x10, 0xa2, 0x10,
    0xa2, 0x18, 0xe4, 0x20, 0xe4, 0x18, 0xe3, 0x20, 0xe4, 0x20, 0xe4, 0x18,
    0xe3, 0x20, 0xe4, 0x20, 0xe4, 0x18, 0x03, 0x19, 0xe4, 0x20, 0xe4, 0x18,
    0xe3, 0x20, 0x04, 0x21, 0xe4, 0x18, 0xe4, 0x20, 0xa2, 0x10, 0x82, 0x18,
    0xa3, 0x10, 0xa2, 0x18, 0xa3, 0x10, 0xa2, 0x18, 0xa3, 0x10, 0x82, 0x18,
    0xa2, 0x10, 0xa3, 0x18, 0xa2, 0x10, 0xa3, 0x18, 0x82, 0x10, 0xa2, 0x18,
    0xa3, 0x10, 0xa2, 0x10, 0xa2, 0x18, 0xa3, 0x10, 0xa2, 0x10, 0x83, 0x18,
    0xa2, 0x10, 0xa2, 0x10, 0xa2, 0x18, 0xa3, 0x10, 0x82, 0x10, 0xa2, 0x18,
    0xa3, 0x10, 0x82, 0x10, 0xa2, 0x18, 0xa3, 0x10, 0xa2, 0x10, 0xa2, 0x10,
    0xa3, 0x18, 0x82, 0x18, 0xa2, 0x10, 0x83, 0x10, 0xa2, 0x10, 0xa2, 0x18,
    0xa3, 0x10, 0xa2, 0x10, 0xa2, 0x18, 0xa3, 0x10, 0xa2, 0x10, 0xa3, 0x18,
    0xa2, 0x18, 0xa2, 0x10, 0x09, 0x01, 0x2a, 0x01, 0x09, 0x01, 0x09, 0x01,
    0x0a, 0x01, 0x0a, 0x01, 0x29, 0x01, 0x0a, 0x01, 0x29, 0x01, 0x09, 0x01,
    0x2a, 0x01, 0x09, 0x01, 0x09, 0x01, 0x0a, 0x01, 0x29, 0x01, 0x09, 0x01,
    0x0a, 0x01, 0x29, 0x01, 0x09, 0x01, 0x0a, 0x01, 0x09, 0x01, 0x09, 0x01,
    0x2a, 0x01, 0x09, 0x01, 0x0a, 0x01, 0x0a, 0x01, 0x09, 0x01, 0x2a, 0x01,
    0x0a, 0x01, 0x09, 0x01, 0x0a, 0x01, 0x0a, 0x01, 0x29, 0x01, 0x09, 0x01,
    0x0a, 0x01, 0x09, 0x01, 0x2a, 0x01, 0x0a, 0x01, 0x29, 0x01, 0x0a, 0x01,
    0x29, 0x01, 0x09, 0x01, 0x0a, 0x01, 0x2a, 0x01, 0x09, 0x01, 0x09, 0x01,
    0x0a, 0x01, 0x0a, 0x01, 0x29, 0x01, 0x0a, 0x01, 0x0a, 0x01, 0x09, 0x01,
    0x09, 0x01, 0x0a, 0x01, 0x2a, 0x01, 0x0a, 0x01, 0x29, 0x01, 0xff, 0xff,
    0xff, 0xff, 0xff, 0xff, 0xff, 0xff, 0xff, 0xff, 0xff, 0xff, 0xff, 0xff,
    0xff, 0xff, 0xff, 0xff, 0xff, 0xff, 0xff, 0xff, 0xff, 0xff, 0xff, 0xff,
    0xff, 0xff, 0xff, 0xff, 0xff, 0xff, 0xff, 0xff, 0xff, 0xff, 0xff, 0xff,
    0xff, 0xff, 0xff, 0xff, 0xff, 0xff, 0xff, 0xff, 0xff, 0xff, 0xff, 0xff,
    0xff, 0xff, 0xff, 0xff, 0xff, 0xff, 0xff, 0xff, 0xff, 0xff, 0xff, 0xff,
    0xff, 0xff, 0xff, 0xff, 0xff, 0xff, 0xff, 0xff, 0xff, 0xff, 0xff, 0xff,
    0xff, 0xff, 0xff, 0xff, 0xff, 0xff, 0xff, 0xff, 0xff, 0xff, 0xff, 0xff,
    0xff, 0xff, 0xff, 0xff, 0xff, 0xff, 0xff, 0xff, 0xff, 0xff, 0xff, 0xff,
    0xff, 0xff, 0xff, 0xff, 0xff, 0xff, 0xff, 0xff, 0xff, 0xff, 0xff, 0xff,
    0xff, 0xff, 0xff, 0xff, 0xd1, 0x72, 0x0d, 0x30, 0x0d, 0x30, 0x0d, 0x38,
    0x0d, 0x30, 0x0e, 0x38, 0x0d, 0x30, 0x0d, 0x30, 0x0e, 0x30, 0x0d, 0x38,
    0x0d, 0x30, 0x0e, 0x30, 0x0d, 0x38, 0x0d, 0x30, 0x0d, 0x38, 0x0e, 0x30,
    0x0d, 0x30, 0x0d, 0x38, 0x0e, 0x30, 0x0d, 0x30, 0x0e, 0x38, 0x0e, 0x30,
    0x0d, 0x30, 0x0d, 0x30, 0x0e, 0x38, 0x0d, 0x30, 0x0d, 0x30, 0x0d, 0x38,
    0x0d, 0x30, 0x0d, 0x30, 0x0e, 0x38, 0x0d, 0x30, 0x0d, 0x30, 0x0e, 0x38,
    0x0d, 0x30, 0x0d, 0x30, 0x0e, 0x38, 0x0d, 0x30, 0x0d, 0x30, 0x0e, 0x30,
    0x0d, 0x30, 0x0d, 0x30, 0x0d, 0x30, 0x0e, 0x30, 0x0e, 0x38, 0x0d, 0x30,
    0x0d, 0x38, 0x0d, 0x30, 0x0d, 0x30, 0x0e, 0x38, 0x0d, 0x30, 0x0d, 0x30,
    0x0e, 0x30, 0x0d, 0x30, 0x0d, 0x38, 0x0e, 0x30, 0x0d, 0x30, 0x86, 0x30,
    0xa2, 0x18, 0x82, 0x10, 0xa3, 0x18, 0xa3, 0x10, 0x82, 0x18, 0xa2, 0x10,
    0x83, 0x10, 0xa2, 0x18, 0xa3, 0x10, 0xa2, 0x10, 0xa3, 0x18, 0xa2, 0x10,
    0x83, 0x10, 0xa3, 0x18, 0x82, 0x10, 0xa2, 0x10, 0xa3, 0x18, 0xa2, 0x10,
    0x82, 0x10, 0xa3, 0x18, 0xa2, 0x10, 0xa2, 0x10, 0x83, 0x18, 0xa2, 0x10,
    0xa2, 0x10, 0xa3, 0x18, 0xa2, 0x10, 0x82, 0x10, 0xa3, 0x18, 0xa2, 0x10,
    0x82, 0x18, 0xa3, 0x10, 0xa2, 0x10, 0x83, 0x18, 0xa2, 0x10, 0xa2, 0x10,
    0xa2, 0x18, 0xa3, 0x10, 0x82, 0x18, 0xa3, 0x10, 0xa2, 0x18, 0x83, 0x10,
    0xa3, 0x10, 0xa2, 0x18, 0xa2, 0x10, 0x83, 0x18, 0xa2, 0x10, 0xa3, 0x18,
    0xa2, 0x10, 0xa2, 0x10, 0x83, 0x18, 0xa2, 0x10, 0xa2, 0x10, 0xa3, 0x18,
    0xa2, 0x10, 0xa3, 0x18, 0x82, 0x10, 0x41, 0x08, 0x41, 0x08, 0x41, 0x08,
    0x41, 0x08, 0x62, 0x08, 0x41, 0x10, 0x61, 0x08, 0x41, 0x08, 0x41, 0x10,
    0x41, 0x08, 0x41, 0x08, 0x61, 0x10, 0x41, 0x08, 0x41, 0x08, 0x61, 0x10,
    0xa3, 0x10, 0xa2, 0x10, 0xa2, 0x18, 0x83, 0x10, 0xa3, 0x18, 0xa2, 0x10,
    0x82, 0x18, 0xa3, 0x10, 0xa2, 0x18, 0xa3, 0x10, 0xa2, 0x10, 0xa3, 0x18,
    0xa3, 0x10, 0xa2, 0x10, 0xa2, 0x18, 0xe4, 0x20, 0xe4, 0x18, 0x03, 0x21,
    0xe4, 0x20, 0xe4, 0x18, 0x03, 0x21, 0xe4, 0x20, 0xe4, 0x18, 0xe3, 0x20,
    0x04, 0x21, 0xe4, 0x18, 0xe3, 0x18, 0xe3, 0x20, 0xe4, 0x20, 0xe4, 0x18,
    0xa2, 0x10, 0xa2, 0x18, 0x83, 0x10, 0xa2, 0x10, 0x82, 0x18, 0xa3, 0x10,
    0xa2, 0x10, 0xa3, 0x10, 0x83, 0x18, 0xa2, 0x10, 0xa2, 0x10, 0xa3, 0x10,
    0xa2, 0x18, 0x83, 0x10, 0xa2, 0x10, 0xa2, 0x18, 0x83, 0x10, 0xa2, 0x18,
    0xa2, 0x10, 0xa3, 0x18, 0x83, 0x10, 0xa2, 0x10, 0xa3, 0x18, 0x82, 0x10,
    0xa2, 0x18, 0xa3, 0x10, 0x83, 0x18, 0xa2, 0x10, 0xa2, 0x10, 0x83, 0x18,
    0xa2, 0x10, 0xa2, 0x10, 0xa3, 0x18, 0xa2, 0x10, 0xa2, 0x18, 0xa3, 0x18,
    0x82, 0x10, 0xa3, 0x10, 0xa2, 0x18, 0x82, 0x10, 0x83, 0x10, 0xa2, 0x18,
    0x82, 0x10, 0x83, 0x10, 0xa2, 0x10, 0xa2, 0x18, 0x09, 0x01, 0x0a, 0x01,
    0x2a, 0x01, 0x09, 0x01, 0x09, 0x01, 0x2a, 0x01, 0x0a, 0x01, 0x09, 0x01,
    0x0a, 0x01, 0x2a, 0x01, 0x09, 0x01, 0x0a, 0x01, 0x2a, 0x01, 0x09, 0x01,
    0x0a, 0x01, 0x09, 0x01, 0x0a, 0x01, 0x2a, 0x01, 0x09, 0x01, 0x0a, 0x01,
    0x2a, 0x01, 0x09, 0x01, 0x0a, 0x01, 0x29, 0x01, 0x09, 0x01, 0x0a, 0x01,
    0x29, 0x01, 0x09, 0x01, 0x0a, 0x01, 0x29, 0x01, 0x09, 0x01, 0x0a, 0x01,
    0x0a, 0x01, 0x29, 0x01, 0x09, 0x01, 0x0a, 0x01, 0x09, 0x01, 0x29, 0x01,
    0x0a, 0x01, 0x0a, 0x01, 0x09, 0x01, 0x2a, 0x01, 0x09, 0x01, 0x0a, 0x01,
    0x2a, 0x01, 0x09, 0x01, 0x09, 0x01, 0x2a, 0x01, 0x09, 0x01, 0x0a, 0x01,
    0x2a, 0x01, 0x09, 0x01, 0x0a, 0x01, 0x29, 0x01, 0x09, 0x01, 0x0a, 0x01,
    0x0a, 0x01, 0xff, 0xff, 0xff, 0xff, 0xff, 0xff, 0xff, 0xff, 0xff, 0xff,
    0xff, 0xff, 0xff, 0xff, 0xff, 0xff, 0xff, 0xff, 0xff, 0xff, 0xff, 0xff,
    0xff, 0xff, 0xff, 0xff, 0xff, 0xff, 0xff, 0xff, 0xff, 0xff, 0xff, 0xff,
    0xff, 0xff, 0xff, 0xff, 0xff, 0xff, 0xff, 0xff, 0xff, 0xff, 0xff, 0xff,
    0xff, 0xff, 0xff, 0xff, 0xff, 0xff, 0xff, 0xff, 0xff, 0xff, 0xff, 0xff,
    0xff, 0xff, 0xff, 0xff, 0xff, 0xff, 0xff, 0xff, 0xff, 0xff, 0xff, 0xff,
    0xff, 0xff, 0xff, 0xff, 0xff, 0xff, 0xff, 0xff, 0xff, 0xff, 0xff, 0xff,
    0xff, 0xff, 0xff, 0xff, 0xff, 0xff, 0xff, 0xff, 0xff, 0xff, 0xff, 0xff,
    0xff, 0xff, 0xff, 0xff, 0xff, 0xff, 0xff, 0xff, 0xff, 0xff, 0xff, 0xff,
    0xff, 0xff, 0xff, 0xff, 0xff, 0xff, 0xff, 0xff, 0xd1, 0x72, 0x0d, 0x30,
    0x0e, 0x30, 0x0d, 0x38, 0x0d, 0x30, 0x0d, 0x30, 0x0d, 0x38, 0x0e, 0x30,
    0x0d, 0x30, 0x0d, 0x30, 0x0d, 0x30, 0x0d, 0x30, 0x0d, 0x30, 0x0e, 0x38,
    0x0d, 0x30, 0x0d, 0x30, 0x0d, 0x38, 0x0d, 0x30, 0x0d, 0x30, 0x0d, 0x30,
    0x0d, 0x30, 0x0d, 0x38, 0x0d, 0x30, 0x0e, 0x30, 0x0d, 0x30, 0x0d, 0x30,
    0x0d, 0x30, 0x0e, 0x30, 0x0d, 0x30, 0x0d, 0x30, 0x0d, 0x38, 0x0d, 0x30,
    0x0e, 0x30, 0x0d, 0x38, 0x0d, 0x30, 0x0d, 0x30, 0x0d, 0x38, 0x0e, 0x30,
    0x0d, 0x30, 0x0d, 0x38, 0x0e, 0x30, 0x0d, 0x30, 0x0d, 0x30, 0x0d, 0x30,
    0x0d, 0x30, 0x0e, 0x30, 0x0d, 0x30, 0x0d, 0x38, 0x0d, 0x30, 0x0d, 0x30,
    0x0d, 0x38, 0x0e, 0x30, 0x0d, 0x38, 0x0d, 0x30, 0x0d, 0x30, 0x0d, 0x30,
    0x0d, 0x30, 0x86, 0x30, 0xa2, 0x10, 0xa2, 0x10, 0x83, 0x10, 0xa2, 0x18,
    0xa2, 0x10, 0x83, 0x10, 0xa2, 0x18, 0xa2, 0x18, 0x83, 0x10, 0xa2, 0x18,
    0xa2, 0x10, 0xa3, 0x10, 0xa2, 0x18, 0xa2, 0x10, 0x83, 0x18, 0xa2, 0x10,
    0xa3, 0x10, 0xa2, 0x18, 0xa3, 0x10, 0x82, 0x18, 0xa3, 0x10, 0xa2, 0x10,
    0xa3, 0x18, 0x82, 0x10, 0xa3, 0x18, 0xa2, 0x10, 0x83, 0x10, 0xa2, 0x18,
    0xa2, 0x10, 0xa3, 0x10, 0x82, 0x18, 0xa2, 0x10, 0xa3, 0x18, 0xa2, 0x10,
    0x83, 0x10, 0xa2, 0x18, 0xa2, 0x10, 0xa2, 0x10, 0xa3, 0x10, 0xa2, 0x18,
    0x82, 0x10, 0xa2, 0x10, 0xa3, 0x18, 0xa2, 0x10, 0xa2, 0x10, 0xa3, 0x10,
    0x82, 0x18, 0xa2, 0x10, 0xa3, 0x10, 0x82, 0x18, 0xa3, 0x18, 0xa2, 0x10,
    0x82, 0x10, 0x83, 0x18, 0xa2, 0x10, 0xa2, 0x18, 0x82, 0x10, 0x41, 0x08,
    0x42, 0x10, 0x61, 0x08, 0x41, 0x08, 0x41, 0x08, 0x41, 0x08, 0x41, 0x08,
    0x61, 0x08, 0x41, 0x08, 0x41, 0x08, 0x62, 0x08, 0x41, 0x08, 0x41, 0x08,
    0x41, 0x08, 0x62, 0x10, 0xa2, 0x10, 0xa2, 0x10, 0x83, 0x18, 0xa2, 0x10,
    0xa2, 0x10, 0xa3, 0x18, 0xa2, 0x10, 0xa2, 0x10, 0x83, 0x18, 0xa2, 0x10,
    0x82, 0x10, 0xa2, 0x18, 0x83, 0x10, 0xa2, 0x10, 0xa2, 0x10, 0xe4, 0x20,
    0xe4, 0x18, 0xe3, 0x20, 0x04, 0x19, 0xe3, 0x20, 0xe4, 0x20, 0x04, 0x19,
    0xe3, 0x20, 0xe4, 0x20, 0x03, 0x21, 0xe4, 0x20, 0xe4, 0x18, 0x03, 0x21,
    0xe4, 0x20, 0xe4, 0x20, 0xa2, 0x10, 0xa2, 0x10, 0xa3, 0x18, 0xa2, 0x10,
    0xa2, 0x10, 0x83, 0x18, 0xa2, 0x10, 0xa2, 0x18, 0xa2, 0x10, 0x82, 0x10,
    0xa3, 0x18, 0x82, 0x10, 0xa2, 0x18, 0xa3, 0x10, 0x82, 0x10, 0xa3, 0x18,
    0xa2, 0x10, 0x82, 0x10, 0xa2, 0x18, 0xa2, 0x10, 0x82, 0x18, 0xa3, 0x10,
    0xa2, 0x10, 0x82, 0x18, 0xa3, 0x10, 0xa2, 0x10, 0xa2, 0x18, 0xa3, 0x10,
    0xa2, 0x10, 0x83, 0x18, 0xa2, 0x18, 0x83, 0x10, 0x82, 0x10, 0xa2, 0x10,
    0xa3, 0x10, 0xa2, 0x18, 0x82, 0x10, 0xa3, 0x10, 0xa2, 0x18, 0xa3, 0x10,
    0xa2, 0x18, 0xa2, 0x10, 0xa3, 0x18, 0xa2, 0x10, 0xa3, 0x10, 0x82, 0x10,
    0x09, 0x01, 0x0a, 0x01, 0x0a, 0x01, 0x29, 0x01, 0x09, 0x01, 0x0a, 0x01,
    0x09, 0x01, 0x09, 0x01, 0x0a, 0x01, 0x09, 0x01, 0x09, 0x01, 0x0a, 0x01,
    0x29, 0x01, 0x0a, 0x01, 0x09, 0x01, 0x2a, 0x01, 0x09, 0x01, 0x0a, 0x01,
    0x09, 0x01, 0x29, 0x01, 0x0a, 0x01, 0x09, 0x01, 0x0a, 0x01, 0x0a, 0x01,
    0x29, 0x01, 0x0a, 0x01, 0x09, 0x01, 0x0a, 0x01, 0x0a, 0x01, 0x29, 0x01,
    0x09, 0x01, 0x0a, 0x01, 0x0a, 0x01, 0x09, 0x01, 0x2a, 0x01, 0x0a, 0x01,
    0x09, 0x01, 0x09, 0x01, 0x0a, 0x01, 0x09, 0x01, 0x0a, 0x01, 0x09, 0x01,
    0x09, 0x01, 0x0a, 0x01, 0x09, 0x01, 0x2a, 0x01, 0x0a, 0x01, 0x09, 0x01,
    0x09, 0x01, 0x0a, 0x01, 0x29, 0x01, 0x0a, 0x01, 0x0a, 0x01, 0x09, 0x01,
    0x09, 0x01, 0x0a, 0x01, 0x29, 0x01, 0xff, 0xff, 0xff, 0xff, 0xff, 0xff,
    0xff, 0xff, 0xff, 0xff, 0xff, 0xff, 0xff, 0xff, 0xff, 0xff, 0xff, 0xff,
    0xff, 0xff, 0xff, 0xff, 0xff, 0xff, 0xff, 0xff, 0xff, 0xff, 0xff, 0xff,
    0xff, 0xff, 0xff, 0xff, 0xff, 0xff, 0xff, 0xff, 0xff, 0xff, 0xff, 0xff,
    0xff, 0xff, 0xff, 0xff, 0xff, 0xff, 0xff, 0xff, 0xff, 0xff, 0xff, 0xff,
    0xff, 0xff, 0xff, 0xff, 0xff, 0xff, 0xff, 0xff, 0xff, 0xff, 0xff, 0xff,
    0xff, 0xff, 0xff, 0xff, 0xff, 0xff, 0xff, 0xff, 0xff, 0xff, 0xff, 0xff,
    0xff, 0xff, 0xff, 0xff, 0xff, 0xff, 0xff, 0xff, 0xff, 0xff, 0xff, 0xff,
    0xff, 0xff, 0xff, 0xff, 0xff, 0xff, 0xff, 0xff, 0xff, 0xff, 0xff, 0xff,
    0xff, 0xff, 0xff, 0xff, 0xff, 0xff, 0xff, 0xff, 0xff, 0xff, 0xff, 0xff,
    0xd1, 0x72, 0x0d, 0x30, 0x0d, 0x30, 0x0e, 0x30, 0x0d, 0x30, 0x0d, 0x30,
    0x0e, 0x30, 0x0d, 0x38, 0x0d, 0x30, 0x0d, 0x30, 0x0e, 0x38, 0x0d, 0x30,
    0x0d, 0x30, 0x0e, 0x30, 0x0d, 0x30, 0x0d, 0x30, 0x0e, 0x30, 0x0e, 0x30,
    0x0d, 0x38, 0x0d, 0x30, 0x0e, 0x30, 0x0d, 0x30, 0x0d, 0x38, 0x0d, 0x30,
    0x0e, 0x38, 0x0d, 0x30, 0x0d, 0x38, 0x0e, 0x30, 0x0d, 0x30, 0x0e, 0x38,
    0x0d, 0x30, 0x0d, 0x30, 0x0d, 0x30, 0x0d, 0x30, 0x0e, 0x30, 0x0d, 0x30,
    0x0d, 0x30, 0x0d, 0x30, 0x0d, 0x38, 0x0d, 0x30, 0x0d, 0x38, 0x0e, 0x30,
    0x0d, 0x38, 0x0d, 0x38, 0x0d, 0x30, 0x0d, 0x30, 0x0e, 0x30, 0x0d, 0x30,
    0x0e, 0x30, 0x0d, 0x30, 0x0d, 0x30, 0x0d, 0x30, 0x0d, 0x30, 0x0e, 0x38,
    0x0d, 0x30, 0x0d, 0x30, 0x0d, 0x38, 0x86, 0x30, 0xa2, 0x10, 0xa3, 0x10,
    0xa2, 0x18, 0xa2, 0x10, 0xa3, 0x10, 0xa2, 0x18, 0xa2, 0x10, 0xa3, 0x10,
    0x82, 0x10, 0xa2, 0x18, 0x83, 0x10, 0x82, 0x10, 0xa2, 0x18, 0xa2, 0x10,
    0xa3, 0x10, 0x82, 0x18, 0xa2, 0x10, 0xa3, 0x10, 0x82, 0x18, 0xa2, 0x10,
    0xa2, 0x18, 0xa3, 0x10, 0xa2, 0x10, 0x82, 0x18, 0xa3, 0x10, 0xa2, 0x10,
    0xa2, 0x18, 0xa3, 0x10, 0xa2, 0x10, 0x83, 0x18, 0xa2, 0x10, 0xa2, 0x10,
    0xa3, 0x18, 0xa2, 0x10, 0xa2, 0x18, 0x83, 0x10, 0xa3, 0x18, 0x82, 0x10,
    0xa2, 0x10, 0xa3, 0x18, 0xa2, 0x10, 0xa2, 0x18, 0x83, 0x10, 0xa2, 0x18,
    0xa2, 0x10, 0xa3, 0x18, 0xa2, 0x10, 0x82, 0x10, 0xa3, 0x18, 0xa2, 0x10,
    0xa2, 0x10, 0xa3, 0x18, 0xa2, 0x10, 0xa2, 0x10, 0xa3, 0x18, 0xa2, 0x10,
    0x82, 0x10, 0x41, 0x08, 0x61, 0x08, 0x41, 0x08, 0x41, 0x08, 0x61, 0x08,
    0x41, 0x08, 0x42, 0x08, 0x41, 0x10, 0x61, 0x08, 0x41, 0x08, 0x41, 0x08,
    0x41, 0x08, 0x61, 0x08, 0x41, 0x08, 0x62, 0x10, 0xa2, 0x10, 0x83, 0x18,
    0xa2, 0x10, 0xa2, 0x10, 0x83, 0x18, 0xa2, 0x10, 0xa3, 0x10, 0x82, 0x18,
    0xa2, 0x10, 0xa3, 0x18, 0xa2, 0x10, 0x82, 0x18, 0xa3, 0x18, 0xa2, 0x10,
    0xa2, 0x10, 0xe4, 0x20, 0xe4, 0x20, 0xe3, 0x18, 0xe4, 0x20, 0xe4, 0x20,
    0xe3, 0x18, 0x04, 0x21, 0xe4, 0x18, 0xe3, 0x18, 0xe4, 0x20, 0xe4, 0x20,
    0x03, 0x19, 0xe4, 0x20, 0xe4, 0x18, 0xe3, 0x20, 0xa2, 0x10, 0xa3, 0x10,
    0xa2, 0x18, 0x83, 0x10, 0xa2, 0x10, 0xa2, 0x18, 0x83, 0x10, 0xa2, 0x10,
    0xa3, 0x18, 0xa2, 0x18, 0xa3, 0x10, 0xa2, 0x10, 0xa2, 0x18, 0xa3, 0x10,
    0xa2, 0x18, 0xa2, 0x10, 0xa3, 0x10, 0x83, 0x18, 0xa3, 0x10, 0xa2, 0x10,
    0xa2, 0x18, 0xa3, 0x10, 0xa2, 0x10, 0xa3, 0x18, 0xa2, 0x10, 0x82, 0x10,
    0xa3, 0x18, 0xa2, 0x10, 0x82, 0x10, 0xa2, 0x18, 0xa3, 0x10, 0xa2, 0x10,
    0xa2, 0x18, 0x83, 0x10, 0xa3, 0x10, 0xa2, 0x18, 0xa2, 0x10, 0x83, 0x18,
    0xa2, 0x10, 0xa2, 0x10, 0x83, 0x18, 0xa2, 0x10, 0xa2, 0x10, 0xa3, 0x18,
    0xa2, 0x18, 0xa2, 0x10, 0x09, 0x01, 0x09, 0x01, 0x0a, 0x01, 0x0a, 0x01,
    0x29, 0x01, 0x0a, 0x01, 0x2a, 0x01, 0x09, 0x01, 0x2a, 0x01, 0x09, 0x01,
    0x0a, 0x01, 0x29, 0x01, 0x0a, 0x01, 0x09, 0x01, 0x0a, 0x01, 0x29, 0x01,
    0x09, 0x01, 0x0a, 0x01, 0x0a, 0x01, 0x09, 0x01, 0x09, 0x01, 0x2a, 0x01,
    0x09, 0x01, 0x09, 0x01, 0x0a, 0x01, 0x29, 0x01, 0x0a, 0x01, 0x09, 0x01,
    0x2a, 0x01, 0x0a, 0x01, 0x09, 0x01, 0x29, 0x01, 0x0a, 0x01, 0x09, 0x01,
    0x09, 0x01, 0x2a, 0x01, 0x0a, 0x01, 0x09, 0x01, 0x2a, 0x01, 0x29, 0x01,
    0x0a, 0x01, 0x0a, 0x01, 0x29, 0x01, 0x0a, 0x01, 0x09, 0x01, 0x09, 0x01,
    0x2a, 0x01, 0x09, 0x01, 0x0a, 0x01, 0x29, 0x01, 0x09, 0x01, 0x0a, 0x01,
    0x29, 0x01, 0x0a, 0x01, 0x0a, 0x01, 0x29, 0x01, 0x09, 0x01, 0xff, 0xff,
    0xff, 0xff, 0xff, 0xff, 0xff, 0xff, 0xff, 0xff, 0xff, 0xff, 0xff, 0xff,
    0xff, 0xff, 0xff, 0xff, 0xff, 0xff, 0xff, 0xff, 0xff, 0xff, 0xff, 0xff,
    0xff, 0xff, 0xff, 0xff, 0xff, 0xff, 0xff, 0xff, 0xff, 0xff, 0xff, 0xff,
    0xff, 0xff, 0xff, 0xff, 0xff, 0xff, 0xff, 0xff, 0xff, 0xff, 0xff, 0xff,
    0xff, 0xff, 0xff, 0xff, 0xff, 0xff, 0xff, 0xff, 0xff, 0xff, 0xff, 0xff,
    0xff, 0xff, 0xff, 0xff, 0xff, 0xff, 0xff, 0xff, 0xff, 0xff, 0xff, 0xff,
    0xff, 0xff, 0xff, 0xff, 0xff, 0xff, 0xff, 0xff, 0xff, 0xff, 0xff, 0xff,
    0xff, 0xff, 0xff, 0xff, 0xff, 0xff, 0xff, 0xff, 0xff, 0xff, 0xff, 0xff,
    0xff, 0xff, 0xff, 0xff, 0xff, 0xff, 0xff, 0xff, 0xff, 0xff, 0xff, 0xff,
    0xff, 0xff, 0xff, 0xff, 0xd1, 0x72, 0x0d, 0x30, 0x0d, 0x30, 0x0d, 0x38,
    0x0d, 0x30, 0x0e, 0x30, 0x0d, 0x38, 0x0d, 0x30, 0x0d, 0x30, 0x0e, 0x38,
    0x0d, 0x30, 0x0d, 0x30, 0x0d, 0x38, 0x0d, 0x30, 0x0d, 0x38, 0x0d, 0x30,
    0x0d, 0x30, 0x0d, 0x38, 0x0e, 0x30, 0x0d, 0x30, 0x0d, 0x38, 0x0e, 0x30,
    0x0d, 0x30, 0x0d, 0x30, 0x0d, 0x30, 0x0d, 0x38, 0x0e, 0x30, 0x0d, 0x30,
    0x0d, 0x38, 0x0d, 0x30, 0x0e, 0x30, 0x0d, 0x38, 0x0d, 0x30, 0x0e, 0x30,
    0x0d, 0x38, 0x0d, 0x30, 0x0e, 0x30, 0x0d, 0x38, 0x0e, 0x30, 0x0d, 0x30,
    0x0d, 0x30, 0x0d, 0x30, 0x0e, 0x30, 0x0d, 0x30, 0x0d, 0x38, 0x0e, 0x30,
    0x0d, 0x38, 0x0d, 0x30, 0x0d, 0x38, 0x0e, 0x38, 0x0d, 0x30, 0x0d, 0x30,
    0x0e, 0x30, 0x0d, 0x38, 0x0d, 0x30, 0x0e, 0x30, 0x0d, 0x30, 0x86, 0x30,
    0x82, 0x10, 0xa2, 0x18, 0x83, 0x18, 0xa2, 0x10, 0x83, 0x18, 0xa2, 0x10,
    0xa3, 0x10, 0x82, 0x18, 0xa2, 0x10, 0xa3, 0x10, 0xa2, 0x18, 0xa3, 0x10,
    0xa2, 0x10, 0x83, 0x18, 0xa2, 0x10, 0xa2, 0x18, 0x83, 0x10, 0xa2, 0x10,
    0xa2, 0x18, 0xa3, 0x10, 0x82, 0x10, 0xa2, 0x18, 0xa3, 0x10, 0xa2, 0x18,
    0x82, 0x10, 0xa3, 0x18, 0xa2, 0x10, 0x82, 0x18, 0xa3, 0x10, 0xa2, 0x18,
    0xa3, 0x10, 0x82, 0x10, 0x82, 0x18, 0xa3, 0x10, 0xa2, 0x10, 0xa2, 0x18,
    0xa3, 0x10, 0x82, 0x18, 0xa2, 0x10, 0xa3, 0x10, 0x83, 0x18, 0xa2, 0x10,
    0xa2, 0x10, 0x83, 0x18, 0xa2, 0x10, 0x83, 0x10, 0xa2, 0x18, 0xa3, 0x10,
    0xa2, 0x18, 0x82, 0x10, 0xa3, 0x10, 0x83, 0x18, 0xa2, 0x10, 0xa2, 0x10,
    0x83, 0x18, 0xa3, 0x10, 0x82, 0x10, 0x41, 0x08, 0x41, 0x08, 0x41, 0x08,
    0x42, 0x10, 0x61, 0x08, 0x41, 0x08, 0x41, 0x08, 0x41, 0x08, 0x41, 0x08,
    0x62, 0x08, 0x41, 0x10, 0x41, 0x08, 0x41, 0x08, 0x41, 0x08, 0x62, 0x10,
    0xa2, 0x10, 0xa2, 0x10, 0xa3, 0x18, 0xa2, 0x10, 0x82, 0x18, 0xa3, 0x10,
    0xa2, 0x10, 0xa2, 0x18, 0xa3, 0x10, 0xa3, 0x10, 0xa2, 0x10, 0xa3, 0x10,
    0xa2, 0x18, 0x83, 0x10, 0xa2, 0x10, 0xe4, 0x20, 0xe4, 0x20, 0x03, 0x19,
    0xe4, 0x20, 0xe4, 0x18, 0x03, 0x21, 0xe4, 0x20, 0xe4, 0x20, 0x03, 0x19,
    0xe4, 0x20, 0xe4, 0x18, 0xe3, 0x20, 0x04, 0x21, 0xe4, 0x18, 0xe3, 0x20,
    0xa2, 0x10, 0xa3, 0x18, 0x82, 0x10, 0xa2, 0x18, 0xa3, 0x10, 0xa2, 0x18,
    0xa2, 0x10, 0x83, 0x10, 0xa2, 0x18, 0x83, 0x10, 0xa2, 0x10, 0x82, 0x18,
    0xa3, 0x10, 0x82, 0x10, 0xa2, 0x18, 0xa3, 0x10, 0x82, 0x10, 0xa2, 0x18,
    0xa3, 0x10, 0x82, 0x10, 0xa3, 0x18, 0x82, 0x10, 0xa2, 0x18, 0xa3, 0x10,
    0x82, 0x18, 0xa2, 0x10, 0xa3, 0x18, 0xa2, 0x10, 0xa3, 0x10, 0xa2, 0x18,
    0xa2, 0x10, 0xa3, 0x10, 0xa2, 0x18, 0xa2, 0x18, 0x83, 0x10, 0xa2, 0x10,
    0xa2, 0x18, 0xa3, 0x10, 0x82, 0x10, 0xa2, 0x18, 0xa3, 0x10, 0x83, 0x10,
    0xa2, 0x18, 0x82, 0x10, 0xa3, 0x10, 0xa2, 0x18, 0x0a, 0x01, 0x29, 0x01,
    0x09, 0x01, 0x0a, 0x01, 0x09, 0x01, 0x09, 0x01, 0x0a, 0x01, 0x2a, 0x01,
    0x09, 0x01, 0x0a, 0x01, 0x2a, 0x01, 0x09, 0x01, 0x09, 0x01, 0x0a, 0x01,
    0x0a, 0x01, 0x09, 0x01, 0x2a, 0x01, 0x09, 0x01, 0x2a, 0x01, 0x0a, 0x01,
    0x09, 0x01, 0x2a, 0x01, 0x0a, 0x01, 0x09, 0x01, 0x0a, 0x01, 0x09, 0x01,
    0x29, 0x01, 0x0a, 0x01, 0x09, 0x01, 0x0a, 0x01, 0x0a, 0x01, 0x29, 0x01,
    0x0a, 0x01, 0x0a, 0x01, 0x29, 0x01, 0x09, 0x01, 0x0a, 0x01, 0x0a, 0x01,
    0x09, 0x01, 0x09, 0x01, 0x2a, 0x01, 0x09, 0x01, 0x0a, 0x01, 0x2a, 0x01,
    0x09, 0x01, 0x0a, 0x01, 0x09, 0x01, 0x2a, 0x01, 0x0a, 0x01, 0x09, 0x01,
    0x0a, 0x01, 0x09, 0x01, 0x29, 0x01, 0x0a, 0x01, 0x0a, 0x01, 0x09, 0x01,
    0x0a, 0x01, 0xff, 0xff, 0xff, 0xff, 0xff, 0xff, 0xff, 0xff, 0xff, 0xff,
    0xff, 0xff, 0xff, 0xff, 0xff, 0xff, 0xff, 0xff, 0xff, 0xff, 0xff, 0xff,
    0xff, 0xff, 0xff, 0xff, 0xff, 0xff, 0xff, 0xff, 0xff, 0xff, 0xff, 0xff,
    0xff, 0xff, 0xff, 0xff, 0xff, 0xff, 0xff, 0xff, 0xff, 0xff, 0xff, 0xff,
    0xff, 0xff, 0xff, 0xff, 0xff, 0xff, 0xff, 0xff, 0xff, 0xff, 0xff, 0xff,
    0xff, 0xff, 0xff, 0xff, 0xff, 0xff, 0xff, 0xff, 0xff, 0xff, 0xff, 0xff,
    0xff, 0xff, 0xff, 0xff, 0xff, 0xff, 0xff, 0xff, 0xff, 0xff, 0xff, 0xff,
    0xff, 0xff, 0xff, 0xff, 0xff, 0xff, 0xff, 0xff, 0xff, 0xff, 0xff, 0xff,
    0xff, 0xff, 0xff, 0xff, 0xff, 0xff, 0xff, 0xff, 0xff, 0xff, 0xff, 0xff,
    0xff, 0xff, 0xff, 0xff, 0xff, 0xff, 0xff, 0xff, 0xd1, 0x72, 0x0d, 0x30,
    0x0d, 0x30, 0x0e, 0x38, 0x0d, 0x30, 0x0d, 0x30, 0x0d, 0x30, 0x0d, 0x30,
    0x0e, 0x30, 0x0d, 0x30, 0x0d, 0x30, 0x0e, 0x38, 0x0d, 0x30, 0x0e, 0x30,
    0x0d, 0x30, 0x0e, 0x38, 0x0d, 0x30, 0x0d, 0x30, 0x0d, 0x30, 0x0d, 0x30,
    0x0d, 0x38, 0x0d, 0x30, 0x0e, 0x30, 0x0d, 0x30, 0x0d, 0x30, 0x0e, 0x30,
    0x0d, 0x30, 0x0d, 0x30, 0x0d, 0x30, 0x0d, 0x30, 0x0e, 0x30, 0x0d, 0x38,
    0x0d, 0x30, 0x0d, 0x30, 0x0d, 0x38, 0x0d, 0x30, 0x0d, 0x30, 0x0e, 0x30,
    0x0d, 0x30, 0x0d, 0x30, 0x0e, 0x38, 0x0d, 0x30, 0x0d, 0x30, 0x0e, 0x30,
    0x0d, 0x30, 0x0d, 0x30, 0x0d, 0x30, 0x0d, 0x30, 0x0d, 0x30, 0x0e, 0x30,
    0x0d, 0x38, 0x0d, 0x30, 0x0e, 0x30, 0x0d, 0x30, 0x0d, 0x30, 0x0d, 0x30,
    0x0d, 0x30, 0x86, 0x30, 0xa2, 0x10, 0xa2, 0x10, 0xa3, 0x10, 0x82, 0x10,
    0xa2, 0x18, 0xa3, 0x10, 0x82, 0x18, 0xa2, 0x18, 0xa3, 0x10, 0xa2, 0x10,
    0xa2, 0x18, 0xa3, 0x18, 0x82, 0x10, 0xa2, 0x10, 0xa3, 0x18, 0xa2, 0x10,
    0xa3, 0x18, 0x82, 0x10, 0xa3, 0x10, 0xa3, 0x18, 0x82, 0x10, 0xa2, 0x10,
    0xa3, 0x18, 0x82, 0x10, 0xa2, 0x10, 0xa3, 0x10, 0x82, 0x18, 0xa2, 0x10,
    0xa3, 0x10, 0xa2, 0x18, 0xa2, 0x10, 0xa3, 0x18, 0xa2, 0x10, 0x83, 0x10,
    0xa2, 0x18, 0xa2, 0x10, 0xa3, 0x10, 0xa2, 0x18, 0xa2, 0x10, 0x83, 0x10,
    0xa2, 0x18, 0xa2, 0x10, 0xa3, 0x10, 0xa2, 0x18, 0x82, 0x10, 0xa2, 0x10,
    0xa3, 0x18, 0xa2, 0x10, 0x82, 0x10, 0xa3, 0x18, 0xa2, 0x10, 0xa2, 0x10,
    0x83, 0x18, 0xa2, 0x10, 0xa2, 0x10, 0xa3, 0x18, 0x82, 0x10, 0x41, 0x08,
    0x61, 0x08, 0x41, 0x08, 0x41, 0x08, 0x41, 0x08, 0x61, 0x10, 0x41, 0x08,
    0x41, 0x08, 0x61, 0x08, 0x41, 0x08, 0x41, 0x08, 0x61, 0x08, 0x41, 0x08,
    0x41, 0x08, 0x62, 0x10, 0xa2, 0x10, 0x82, 0x10, 0xa3, 0x18, 0xa2, 0x10,
    0xa2, 0x10, 0x83, 0x18, 0xa2, 0x10, 0xa2, 0x10, 0x83, 0x18, 0x82, 0x18,
    0xa2, 0x10, 0xa2, 0x10, 0x83, 0x18, 0xa2, 0x10, 0xa2, 0x10, 0xe4, 0x20,
    0xe4, 0x20, 0xe3, 0x20, 0x04, 0x19, 0xe3, 0x20, 0xe4, 0x18, 0xe3, 0x20,
    0xe4, 0x20, 0x03, 0x19, 0xe4, 0x20, 0xe3, 0x20, 0xe4, 0x18, 0x04, 0x21,
    0xe3, 0x20, 0xe4, 0x20, 0xa2, 0x10, 0xa3, 0x10, 0xa2, 0x18, 0xa2, 0x10,
    0x83, 0x10, 0xa2, 0x18, 0xa3, 0x10, 0xa2, 0x10, 0xa2, 0x18, 0xa3, 0x10,
    0x82, 0x10, 0xa3, 0x18, 0xa2, 0x10, 0x82, 0x10, 0xa3, 0x18, 0xa2, 0x10,
    0xa2, 0x18, 0xa2, 0x10, 0xa2, 0x10, 0xa3, 0x18, 0xa2, 0x10, 0x82, 0x10,
    0xa3, 0x18, 0xa2, 0x10, 0xa3, 0x10, 0x82, 0x18, 0xa2, 0x10, 0x83, 0x18,
    0xa2, 0x10, 0x83, 0x18, 0x82, 0x10, 0xa3, 0x10, 0xa2, 0x18, 0xa2, 0x10,
    0x83, 0x10, 0xa2, 0x18, 0xa2, 0x10, 0xa3, 0x10, 0xa2, 0x18, 0xa2, 0x10,
    0xa3, 0x10, 0xa2, 0x18, 0xa2, 0x10, 0x83, 0x10, 0xa2, 0x10, 0xa3, 0x10,
    0x0a, 0x01, 0x0a, 0x01, 0x29, 0x01, 0x0a, 0x01, 0x0a, 0x01, 0x29, 0x01,
    0x09, 0x01, 0x0a, 0x01, 0x09, 0x01, 0x09, 0x01, 0x0a, 0x01, 0x0a, 0x01,
    0x29, 0x01, 0x2a, 0x01, 0x09, 0x01, 0x0a, 0x01, 0x09, 0x01, 0x09, 0x01,
    0x2a, 0x01, 0x09, 0x01, 0x09, 0x01, 0x0a, 0x01, 0x29, 0x01, 0x0a, 0x01,
    0x0a, 0x01, 0x29, 0x01, 0x0a, 0x01, 0x0a, 0x01, 0x09, 0x01, 0x29, 0x01,
    0x0a, 0x01, 0x09, 0x01, 0x09, 0x01, 0x2a, 0x01, 0x0a, 0x01, 0x09, 0x01,
    0x29, 0x01, 0x0a, 0x01, 0x09, 0x01, 0x0a, 0x01, 0x09, 0x01, 0x09, 0x01,
    0x0a, 0x01, 0x29, 0x01, 0x0a, 0x01, 0x09, 0x01, 0x0a, 0x01, 0x09, 0x01,
    0x29, 0x01, 0x0a, 0x01, 0x0a, 0x01, 0x09, 0x01, 0x0a, 0x01, 0x29, 0x01,
    0x09, 0x01, 0x0a, 0x01, 0x2a, 0x01, 0xff, 0xff, 0xff, 0xff, 0xff, 0xff,
    0xff, 0xff, 0xff, 0xff, 0xff, 0xff, 0xff, 0xff, 0xff, 0xff, 0xff, 0xff,
    0xff, 0xff, 0xff, 0xff, 0xff, 0xff, 0xff, 0xff, 0xff, 0xff, 0xff, 0xff,
    0xff, 0xff, 0xff, 0xff, 0xff, 0xff, 0xff, 0xff, 0xff, 0xff, 0xff, 0xff,
    0xff, 0xff, 0xff, 0xff, 0xff, 0xff, 0xff, 0xff, 0xff, 0xff, 0xff, 0xff,
    0xff, 0xff, 0xff, 0xff, 0xff, 0xff, 0xff, 0xff, 0xff, 0xff, 0xff, 0xff,
    0xff, 0xff, 0xff, 0xff, 0xff, 0xff, 0xff, 0xff, 0xff, 0xff, 0xff, 0xff,
    0xff, 0xff, 0xff, 0xff, 0xff, 0xff, 0xff, 0xff, 0xff, 0xff, 0xff, 0xff,
    0xff, 0xff, 0xff, 0xff, 0xff, 0xff, 0xff, 0xff, 0xff, 0xff, 0xff, 0xff,
    0xff, 0xff, 0xff, 0xff, 0xff, 0xff, 0xff, 0xff, 0xff, 0xff, 0xff, 0xff,
    0xd1, 0x72, 0x0d, 0x30, 0x0d, 0x30, 0x0e, 0x30, 0x0d, 0x38, 0x0d, 0x30,
    0x0e, 0x30, 0x0d, 0x38, 0x0d, 0x38, 0x0d, 0x30, 0x0d, 0x30, 0x0d, 0x30,
    0x0e, 0x30, 0x0d, 0x30, 0x0d, 0x30, 0x0d, 0x38, 0x0e, 0x30, 0x0d, 0x30,
    0x0d, 0x38, 0x0e, 0x30, 0x0d, 0x30, 0x0d, 0x30, 0x0e, 0x38, 0x0d, 0x38,
    0x0d, 0x30, 0x0d, 0x38, 0x0d, 0x30, 0x0e, 0x38, 0x0d, 0x30, 0x0d, 0x30,
    0x0d, 0x38, 0x0e, 0x30, 0x0d, 0x30, 0x0e, 0x30, 0x0d, 0x30, 0x0d, 0x38,
    0x0e, 0x30, 0x0d, 0x30, 0x0d, 0x38, 0x0d, 0x30, 0x0d, 0x30, 0x0d, 0x38,
    0x0d, 0x30, 0x0d, 0x38, 0x0e, 0x30, 0x0d, 0x30, 0x0e, 0x38, 0x0d, 0x30,
    0x0d, 0x30, 0x0d, 0x30, 0x0d, 0x30, 0x0d, 0x38, 0x0d, 0x30, 0x0d, 0x38,
    0x0e, 0x38, 0x0d, 0x30, 0x0d, 0x30, 0x86, 0x30, 0xa3, 0x10, 0xa2, 0x10,
    0xa2, 0x18, 0xa3, 0x10, 0xa2, 0x10, 0xa2, 0x10, 0xa3, 0x10, 0xa2, 0x10,
    0x83, 0x18, 0xa2, 0x10, 0x82, 0x10, 0xa3, 0x18, 0xa2, 0x10, 0xa2, 0x10,
    0x83, 0x18, 0xa2, 0x10, 0xa2, 0x10, 0xa2, 0x18, 0xa2, 0x10, 0xa3, 0x18,
    0xa2, 0x10, 0xa3, 0x10, 0x82, 0x18, 0xa3, 0x10, 0xa2, 0x18, 0xa3, 0x10,
    0xa2, 0x10, 0x83, 0x18, 0xa2, 0x10, 0x82, 0x10, 0xa3, 0x18, 0xa2, 0x10,
    0xa2, 0x10, 0xa3, 0x18, 0x82, 0x10, 0xa2, 0x10, 0x83, 0x18, 0xa2, 0x10,
    0xa2, 0x18, 0xa3, 0x10, 0x82, 0x18, 0xa2, 0x10, 0xa3, 0x10, 0xa3, 0x18,
    0xa2, 0x10, 0xa2, 0x18, 0x83, 0x10, 0xa2, 0x10, 0xa3, 0x18, 0xa2, 0x10,
    0xa2, 0x18, 0xa3, 0x10, 0xa2, 0x18, 0x82, 0x10, 0xa3, 0x10, 0xa2, 0x18,
    0x82, 0x10, 0x41, 0x08, 0x41, 0x10, 0x62, 0x08, 0x41, 0x08, 0x41, 0x08,
    0x42, 0x08, 0x61, 0x08, 0x41, 0x08, 0x42, 0x10, 0x41, 0x08, 0x41, 0x08,
    0x62, 0x08, 0x41, 0x08, 0x41, 0x08, 0x62, 0x10, 0xa2, 0x10, 0xa3, 0x18,
    0x82, 0x10, 0xa3, 0x10, 0xa2, 0x18, 0xa3, 0x10, 0x82, 0x18, 0xa2, 0x10,
    0xa3, 0x10, 0xa2, 0x18, 0xa2, 0x10, 0x83, 0x18, 0xa2, 0x10, 0xa2, 0x18,
    0xa2, 0x10, 0xe4, 0x20, 0xe4, 0x20, 0xe3, 0x18, 0xe4, 0x20, 0x04, 0x21,
    0xe3, 0x18, 0xe4, 0x20, 0xe4, 0x18, 0xe4, 0x20, 0x03, 0x21, 0xe4, 0x18,
    0xe4, 0x20, 0xe3, 0x18, 0xe4, 0x20, 0xe4, 0x20, 0xa2, 0x10, 0xa2, 0x10,
    0xa3, 0x18, 0xa2, 0x10, 0x82, 0x10, 0xa3, 0x18, 0xa2, 0x10, 0x82, 0x18,
    0xa3, 0x10, 0xa2, 0x10, 0xa2, 0x18, 0xa3, 0x10, 0xa2, 0x18, 0xa3, 0x10,
    0x83, 0x10, 0xa2, 0x18, 0x83, 0x10, 0xa3, 0x18, 0x82, 0x10, 0xa2, 0x18,
    0xa3, 0x10, 0xa2, 0x10, 0x82, 0x18, 0xa3, 0x10, 0xa2, 0x10, 0xa3, 0x18,
    0xa2, 0x10, 0xa2, 0x10, 0xa3, 0x18, 0xa2, 0x10, 0xa2, 0x10, 0x83, 0x18,
    0xa2, 0x10, 0xa2, 0x10, 0xa3, 0x18, 0x82, 0x10, 0xa3, 0x10, 0x82, 0x18,
    0xa3, 0x18, 0x82, 0x10, 0xa2, 0x18, 0xa3, 0x10, 0x82, 0x18, 0xa2, 0x18,
    0xa3, 0x10, 0x82, 0x18, 0x09, 0x01, 0x09, 0x01, 0x0a, 0x01, 0x29, 0x01,
    0x0a, 0x01, 0x0a, 0x01, 0x09, 0x01, 0x2a, 0x01, 0x09, 0x01, 0x09, 0x01,
    0x2a, 0x01, 0x09, 0x01, 0x0a, 0x01, 0x09, 0x01, 0x09, 0x01, 0x2a, 0x01,
    0x0a, 0x01, 0x09, 0x01, 0x0a, 0x01, 0x0a, 0x01, 0x09, 0x01, 0x0a, 0x01,
    0x29, 0x01, 0x09, 0x01, 0x0a, 0x01, 0x09, 0x01, 0x09, 0x01, 0x2a, 0x01,
    0x09, 0x01, 0x09, 0x01, 0x2a, 0x01, 0x0a, 0x01, 0x09, 0x01, 0x09, 0x01,
    0x0a, 0x01, 0x0a, 0x01, 0x29, 0x01, 0x0a, 0x01, 0x2a, 0x01, 0x29, 0x01,
    0x0a, 0x01, 0x0a, 0x01, 0x29, 0x01, 0x09, 0x01, 0x0a, 0x01, 0x2a, 0x01,
    0x09, 0x01, 0x0a, 0x01, 0x09, 0x01, 0x2a, 0x01, 0x09, 0x01, 0x0a, 0x01,
    0x2a, 0x01, 0x09, 0x01, 0x09, 0x01, 0x2a, 0x01, 0x09, 0x01, 0xff, 0xff,
    0xff, 0xff, 0xff, 0xff, 0xff, 0xff, 0xff, 0xff, 0xff, 0xff, 0xff, 0xff,
    0xff, 0xff, 0xff, 0xff, 0xff, 0xff, 0xff, 0xff, 0xff, 0xff, 0xff, 0xff,
    0xff, 0xff, 0xff, 0xff, 0xff, 0xff, 0xff, 0xff, 0xff, 0xff, 0xff, 0xff,
    0xff, 0xff, 0xff, 0xff, 0xff, 0xff, 0xff, 0xff, 0xff, 0xff, 0xff, 0xff,
    0xff, 0xff, 0xff, 0xff, 0xff, 0xff, 0xff, 0xff, 0xff, 0xff, 0xff, 0xff,
    0xff, 0xff, 0xff, 0xff, 0xff, 0xff, 0xff, 0xff, 0xff, 0xff, 0xff, 0xff,
    0xff, 0xff, 0xff, 0xff, 0xff, 0xff, 0xff, 0xff, 0xff, 0xff, 0xff, 0xff,
    0xff, 0xff, 0xff, 0xff, 0xff, 0xff, 0xff, 0xff, 0xff, 0xff, 0xff, 0xff,
    0xff, 0xff, 0xff, 0xff, 0xff, 0xff, 0xff, 0xff, 0xff, 0xff, 0xff, 0xff,
    0xff, 0xff, 0xff, 0xff, 0xd1, 0x72, 0x0d, 0x30, 0x0d, 0x30, 0x0d, 0x30,
    0x0d, 0x38, 0x0e, 0x30, 0x0d, 0x30, 0x0d, 0x30, 0x0e, 0x30, 0x0d, 0x38,
    0x0d, 0x30, 0x0d, 0x30, 0x0d, 0x38, 0x0d, 0x30, 0x0d, 0x30, 0x0d, 0x30,
    0x0e, 0x30, 0x0d, 0x38, 0x0d, 0x30, 0x0e, 0x30, 0x0d, 0x30, 0x0d, 0x30,
    0x0d, 0x30, 0x0e, 0x30, 0x0d, 0x30, 0x0d, 0x30, 0x0e, 0x38, 0x0d, 0x30,
    0x0d, 0x30, 0x0e, 0x38, 0x0d, 0x30, 0x0d, 0x30, 0x0d, 0x30, 0x0d, 0x38,
    0x0e, 0x30, 0x0d, 0x30, 0x0d, 0x38, 0x0d, 0x30, 0x0e, 0x30, 0x0d, 0x30,
    0x0e, 0x30, 0x0d, 0x30, 0x0d, 0x30, 0x0d, 0x38, 0x0d, 0x30, 0x0d, 0x30,
    0x0d, 0x38, 0x0e, 0x30, 0x0d, 0x38, 0x0e, 0x30, 0x0d, 0x30, 0x0e, 0x30,
    0x0d, 0x30, 0x0d, 0x30, 0x0e, 0x30, 0x0d, 0x30, 0x0d, 0x30, 0x86, 0x30,
    0x82, 0x18, 0x82, 0x10, 0xa3, 0x18, 0xa2, 0x18, 0x83, 0x10, 0xa2, 0x18,
    0xa2, 0x10, 0x83, 0x10, 0xa2, 0x18, 0xa3, 0x10, 0xa2, 0x10, 0x83, 0x18,
    0xa2, 0x10, 0xa3, 0x10, 0xa2, 0x18, 0x83, 0x10, 0xa2, 0x10, 0xa3, 0x18,
    0x82, 0x10, 0x82, 0x10, 0xa3, 0x18, 0xa2, 0x10, 0xa2, 0x10, 0xa3, 0x18,
    0x82, 0x10, 0xa2, 0x18, 0xa3, 0x10, 0xa2, 0x18, 0xa2, 0x10, 0x83, 0x10,
    0xa2, 0x18, 0x82, 0x10, 0xa3, 0x18, 0xa2, 0x10, 0xa3, 0x10, 0x82, 0x18,
    0xa3, 0x10, 0xa2, 0x10, 0x83, 0x18, 0xa2, 0x10, 0xa2, 0x10, 0x83, 0x18,
    0xa2, 0x10, 0x82, 0x10, 0xa3, 0x18, 0xa2, 0x10, 0x82, 0x18, 0xa3, 0x10,
    0xa2, 0x10, 0x82, 0x18, 0x83, 0x10, 0xa2, 0x10, 0xa2, 0x18, 0xa3, 0x10,
    0xa2, 0x18, 0xa2, 0x10, 0x82, 0x10, 0x41, 0x08, 0x41, 0x08, 0x41, 0x08,
    0x61, 0x08, 0x41, 0x08, 0x41, 0x08, 0x41, 0x08, 0x61, 0x08, 0x41, 0x08,
    0x41, 0x08, 0x61, 0x10, 0x41, 0x08, 0x41, 0x08, 0x41, 0x08, 0x62, 0x10,
    0xa2, 0x10, 0xa2, 0x10, 0xa3, 0x18, 0x82, 0x10, 0xa2, 0x10, 0xa3, 0x18,
    0xa2, 0x10, 0xa3, 0x10, 0xa2, 0x18, 0x82, 0x10, 0xa3, 0x10, 0xa3, 0x10,
    0xa2, 0x18, 0xa3, 0x10, 0xa2, 0x10, 0xe4, 0x20, 0xe4, 0x18, 0x03, 0x21,
    0xe4, 0x20, 0xe4, 0x18, 0x03, 0x21, 0xe4, 0x20, 0xe3, 0x18, 0x04, 0x21,
    0xe3, 0x18, 0xe4, 0x20, 0x03, 0x21, 0xe4, 0x18, 0xe4, 0x18, 0x04, 0x21,
    0xa2, 0x10, 0x82, 0x10, 0xa3, 0x18, 0xa2, 0x10, 0xa3, 0x10, 0xa2, 0x18,
    0x82, 0x10, 0xa3, 0x10, 0xa2, 0x18, 0x82, 0x10, 0xa3, 0x10, 0xa2, 0x18,
    0x82, 0x10, 0xa2, 0x18, 0xa2, 0x10, 0xa2, 0x10, 0xa3, 0x18, 0x82, 0x10,
    0xa2, 0x10, 0xa3, 0x18, 0x82, 0x10, 0xa3, 0x18, 0xa2, 0x10, 0x82, 0x10,
    0xa3, 0x18, 0xa2, 0x10, 0x82, 0x10, 0xa3, 0x18, 0xa2, 0x10, 0xa2, 0x10,
    0xa3, 0x18, 0xa2, 0x10, 0x83, 0x18, 0xa2, 0x10, 0xa2, 0x18, 0xa3, 0x10,
    0xa2, 0x10, 0xa2, 0x18, 0x83, 0x10, 0xa2, 0x10, 0xa2, 0x10, 0x83, 0x10,
    0xa2, 0x18, 0xa2, 0x10, 0xa3, 0x10, 0xa2, 0x18, 0x09, 0x01, 0x0a, 0x01,
    0x09, 0x01, 0x09, 0x01, 0x2a, 0x01, 0x09, 0x01, 0x0a, 0x01, 0x2a, 0x01,
    0x09, 0x01, 0x0a, 0x01, 0x29, 0x01, 0x0a, 0x01, 0x09, 0x01, 0x0a, 0x01,
    0x0a, 0x01, 0x29, 0x01, 0x0a, 0x01, 0x09, 0x01, 0x29, 0x01, 0x2a, 0x01,
    0x0a, 0x01, 0x09, 0x01, 0x0a, 0x01, 0x29, 0x01, 0x0a, 0x01, 0x0a, 0x01,
    0x29, 0x01, 0x0a, 0x01, 0x0a, 0x01, 0x09, 0x01, 0x0a, 0x01, 0x2a, 0x01,
    0x09, 0x01, 0x09, 0x01, 0x2a, 0x01, 0x09, 0x01, 0x09, 0x01, 0x0a, 0x01,
    0x09, 0x01, 0x09, 0x01, 0x0a, 0x01, 0x2a, 0x01, 0x09, 0x01, 0x0a, 0x01,
    0x09, 0x01, 0x29, 0x01, 0x0a, 0x01, 0x09, 0x01, 0x2a, 0x01, 0x09, 0x01,
    0x09, 0x01, 0x2a, 0x01, 0x09, 0x01, 0x0a, 0x01, 0x0a, 0x01, 0x09, 0x01,
    0x09, 0x01, 0xff, 0xff, 0xff, 0xff, 0xff, 0xff, 0xff, 0xff, 0xff, 0xff,
    0xff, 0xff, 0xff, 0xff, 0xff, 0xff, 0xff, 0xff, 0xff, 0xff, 0xff, 0xff,
    0xff, 0xff, 0xff, 0xff, 0xff, 0xff, 0xff, 0xff, 0xff, 0xff, 0xff, 0xff,
    0xff, 0xff, 0xff, 0xff, 0xff, 0xff, 0xff, 0xff, 0xff, 0xff, 0xff, 0xff,
    0xff, 0xff, 0xff, 0xff, 0xff, 0xff, 0xff, 0xff, 0xff, 0xff, 0xff, 0xff,
    0xff, 0xff, 0xff, 0xff, 0xff, 0xff, 0xff, 0xff, 0xff, 0xff, 0xff, 0xff,
    0xff, 0xff, 0xff, 0xff, 0xff, 0xff, 0xff, 0xff, 0xff, 0xff, 0xff, 0xff,
    0xff, 0xff, 0xff, 0xff, 0xff, 0xff, 0xff, 0xff, 0xff, 0xff, 0xff, 0xff,
    0xff, 0xff, 0xff, 0xff, 0xff, 0xff, 0xff, 0xff, 0xff, 0xff, 0xff, 0xff,
    0xff, 0xff, 0xff, 0xff, 0xff, 0xff, 0xff, 0xff, 0xd1, 0x72, 0x0d, 0x30,
    0x0d, 0x30, 0x0e, 0x38, 0x0d, 0x30, 0x0d, 0x30, 0x0d, 0x38, 0x0d, 0x30,
    0x0e, 0x30, 0x0d, 0x30, 0x0e, 0x38, 0x0e, 0x30, 0x0d, 0x38, 0x0e, 0x30,
    0x0d, 0x38, 0x0d, 0x30, 0x0d, 0x30, 0x0d, 0x30, 0x0d, 0x30, 0x0d, 0x38,
    0x0e, 0x38, 0x0d, 0x30, 0x0d, 0x30, 0x0d, 0x38, 0x0e, 0x30, 0x0d, 0x30,
    0x0d, 0x30, 0x0d, 0x30, 0x0d, 0x30, 0x0d, 0x30, 0x0e, 0x30, 0x0d, 0x30,
    0x0d, 0x38, 0x0d, 0x30, 0x0d, 0x30, 0x0e, 0x30, 0x0d, 0x30, 0x0d, 0x38,
    0x0d, 0x30, 0x0d, 0x38, 0x0e, 0x30, 0x0d, 0x30, 0x0e, 0x30, 0x0e, 0x30,
    0x0d, 0x30, 0x0d, 0x30, 0x0d, 0x30, 0x0d, 0x30, 0x0e, 0x30, 0x0d, 0x38,
    0x0d, 0x30, 0x0d, 0x30, 0x0e, 0x38, 0x0d, 0x30, 0x0d, 0x30, 0x0d, 0x38,
    0x0d, 0x30, 0x86, 0x30, 0xa2, 0x10, 0xa3, 0x10, 0xa2, 0x10, 0x82, 0x10,
    0xa3, 0x18, 0xa2, 0x18, 0x82, 0x10, 0xa3, 0x18, 0xa2, 0x10, 0xa2, 0x18,
    0xa3, 0x10, 0xa2, 0x10, 0x82, 0x18, 0xa2, 0x10, 0xa3, 0x18, 0xa2, 0x10,
    0x83, 0x18, 0xa2, 0x10, 0xa3, 0x10, 0xa2, 0x18, 0x82, 0x18, 0xa3, 0x10,
    0xa2, 0x10, 0x82, 0x18, 0xa3, 0x10, 0xa2, 0x10, 0x82, 0x18, 0xa3, 0x10,
    0xa2, 0x10, 0xa3, 0x18, 0xa2, 0x10, 0xa3, 0x10, 0x82, 0x18, 0xa2, 0x10,
    0xa2, 0x18, 0xa3, 0x18, 0xa2, 0x10, 0xa2, 0x10, 0x83, 0x18, 0xa2, 0x10,
    0xa3, 0x10, 0xa2, 0x18, 0xa2, 0x18, 0x83, 0x10, 0xa2, 0x10, 0xa3, 0x18,
    0xa2, 0x10, 0xa2, 0x18, 0xa3, 0x10, 0xa2, 0x10, 0xa3, 0x18, 0x82, 0x10,
    0xa3, 0x10, 0xa2, 0x18, 0x83, 0x10, 0xa3, 0x18, 0x82, 0x10, 0x41, 0x08,
    0x61, 0x08, 0x41, 0x08, 0x41, 0x10, 0x61, 0x08, 0x41, 0x08, 0x41, 0x10,
    0x41, 0x08, 0x61, 0x08, 0x41, 0x08, 0x41, 0x08, 0x41, 0x08, 0x41, 0x08,
    0x41, 0x08, 0x62, 0x10, 0xa2, 0x10, 0x82, 0x10, 0xa3, 0x18, 0xa2, 0x10,
    0x82, 0x10, 0xa3, 0x18, 0xa2, 0x10, 0x82, 0x18, 0xa3, 0x10, 0xa2, 0x18,
    0x82, 0x10, 0xa2, 0x10, 0x83, 0x18, 0xa2, 0x10, 0xa2, 0x10, 0xe4, 0x20,
    0xe4, 0x20, 0xe3, 0x18, 0xe4, 0x20, 0xe3, 0x18, 0xe4, 0x20, 0x04, 0x21,
    0xe3, 0x18, 0xe4, 0x20, 0xe4, 0x20, 0xe3, 0x18, 0x04, 0x21, 0xe3, 0x20,
    0xe3, 0x20, 0xe4, 0x20, 0xa2, 0x10, 0xa2, 0x10, 0x83, 0x18, 0xa2, 0x10,
    0xa2, 0x18, 0x83, 0x10, 0xa2, 0x10, 0xa3, 0x18, 0xa2, 0x18, 0x82, 0x10,
    0xa3, 0x10, 0xa2, 0x18, 0x83, 0x10, 0xa3, 0x10, 0xa2, 0x18, 0xa2, 0x10,
    0xa3, 0x10, 0xa2, 0x18, 0xa2, 0x10, 0xa3, 0x10, 0xa2, 0x18, 0xa2, 0x10,
    0xa3, 0x10, 0xa2, 0x18, 0x82, 0x10, 0xa3, 0x10, 0xa2, 0x18, 0x83, 0x10,
    0x82, 0x10, 0xa2, 0x18, 0xa3, 0x10, 0x82, 0x10, 0xa2, 0x18, 0xa3, 0x10,
    0x82, 0x10, 0xa3, 0x18, 0xa2, 0x10, 0xa2, 0x10, 0xa3, 0x18, 0xa2, 0x10,
    0xa3, 0x18, 0xa2, 0x10, 0xa3, 0x10, 0x82, 0x18, 0xa2, 0x10, 0xa3, 0x10,
    0x0a, 0x01, 0x2a, 0x01, 0x09, 0x01, 0x0a, 0x01, 0x09, 0x01, 0x09, 0x01,
    0x0a, 0x01, 0x09, 0x01, 0x0a, 0x01, 0x0a, 0x01, 0x09, 0x01, 0x29, 0x01,
    0x0a, 0x01, 0x09, 0x01, 0x29, 0x01, 0x0a, 0x01, 0x09, 0x01, 0x0a, 0x01,
    0x09, 0x01, 0x09, 0x01, 0x2a, 0x01, 0x09, 0x01, 0x0a, 0x01, 0x09, 0x01,
    0x29, 0x01, 0x0a, 0x01, 0x09, 0x01, 0x09, 0x01, 0x2a, 0x01, 0x09, 0x01,
    0x09, 0x01, 0x0a, 0x01, 0x2a, 0x01, 0x09, 0x01, 0x0a, 0x01, 0x2a, 0x01,
    0x09, 0x01, 0x0a, 0x01, 0x09, 0x01, 0x0a, 0x01, 0x09, 0x01, 0x09, 0x01,
    0x0a, 0x01, 0x0a, 0x01, 0x29, 0x01, 0x0a, 0x01, 0x09, 0x01, 0x0a, 0x01,
    0x0a, 0x01, 0x09, 0x01, 0x0a, 0x01, 0x09, 0x01, 0x09, 0x01, 0x2a, 0x01,
    0x0a, 0x01, 0x09, 0x01, 0x2a, 0x01, 0xff, 0xff, 0xff, 0xff, 0xff, 0xff,
    0xff, 0xff, 0xff, 0xff, 0xff, 0xff, 0xff, 0xff, 0xff, 0xff, 0xff, 0xff,
    0xff, 0xff, 0xff, 0xff, 0xff, 0xff, 0xff, 0xff, 0xff, 0xff, 0xff, 0xff,
    0xff, 0xff, 0xff, 0xff, 0xff, 0xff, 0xff, 0xff, 0xff, 0xff, 0xff, 0xff,
    0xff, 0xff, 0xff, 0xff, 0xff, 0xff, 0xff, 0xff, 0xff, 0xff, 0xff, 0xff,
    0xff, 0xff, 0xff, 0xff, 0xff, 0xff, 0xff, 0xff, 0xff, 0xff, 0xff, 0xff,
    0xff, 0xff, 0xff, 0xff, 0xff, 0xff, 0xff, 0xff, 0xff, 0xff, 0xff, 0xff,
    0xff, 0xff, 0xff, 0xff, 0xff, 0xff, 0xff, 0xff, 0xff, 0xff, 0xff, 0xff,
    0xff, 0xff, 0xff, 0xff, 0xff, 0xff, 0xff, 0xff, 0xff, 0xff, 0xff, 0xff,
    0xff, 0xff, 0xff, 0xff, 0xff, 0xff, 0xff, 0xff, 0xff, 0xff, 0xff, 0xff,
    0xd1, 0x72, 0x0d, 0x30, 0x0d, 0x30, 0x0e, 0x30, 0x0d, 0x30, 0x0d, 0x30,
    0x0e, 0x38, 0x0d, 0x30, 0x0d, 0x30, 0x0d, 0x30, 0x0d, 0x30, 0x0d, 0x30,
    0x0d, 0x30, 0x0d, 0x30, 0x0e, 0x30, 0x0d, 0x38, 0x0e, 0x30, 0x0d, 0x30,
    0x0d, 0x30, 0x0e, 0x30, 0x0d, 0x30, 0x0d, 0x30, 0x0d, 0x38, 0x0d, 0x30,
    0x0d, 0x30, 0x0e, 0x38, 0x0d, 0x30, 0x0d, 0x30, 0x0e, 0x38, 0x0d, 0x30,
    0x0d, 0x30, 0x0e, 0x38, 0x0d, 0x30, 0x0d, 0x30, 0x0e, 0x38, 0x0d, 0x30,
    0x0d, 0x30, 0x0e, 0x30, 0x0d, 0x30, 0x0d, 0x38, 0x0d, 0x30, 0x0d, 0x38,
    0x0d, 0x38, 0x0d, 0x30, 0x0e, 0x38, 0x0d, 0x30, 0x0d, 0x38, 0x0e, 0x30,
    0x0d, 0x30, 0x0d, 0x38, 0x0d, 0x30, 0x0d, 0x30, 0x0d, 0x38, 0x0e, 0x30,
    0x0d, 0x30, 0x0d, 0x30, 0x0e, 0x30, 0x86, 0x30, 0xa2, 0x10, 0xa2, 0x18,
    0xa3, 0x10, 0x82, 0x10, 0xa2, 0x10, 0xa3, 0x10, 0xa2, 0x18, 0xa2, 0x10,
    0x83, 0x10, 0x82, 0x18, 0xa2, 0x10, 0xa3, 0x10, 0xa2, 0x18, 0x83, 0x10,
    0xa2, 0x10, 0xa2, 0x18, 0xa2, 0x10, 0xa3, 0x10, 0xa2, 0x18, 0xa2, 0x10,
    0xa3, 0x10, 0x82, 0x18, 0xa2, 0x10, 0xa3, 0x10, 0xa2, 0x18, 0xa3, 0x10,
    0x82, 0x10, 0xa2, 0x18, 0xa3, 0x10, 0x82, 0x18, 0xa2, 0x10, 0xa3, 0x10,
    0xa2, 0x18, 0x83, 0x10, 0xa2, 0x10, 0xa2, 0x10, 0x83, 0x18, 0xa2, 0x10,
    0xa2, 0x10, 0xa3, 0x18, 0x82, 0x10, 0xa2, 0x10, 0xa3, 0x18, 0xa2, 0x10,
    0xa2, 0x10, 0x83, 0x10, 0xa2, 0x18, 0x83, 0x10, 0xa2, 0x10, 0xa2, 0x18,
    0xa2, 0x10, 0xa3, 0x18, 0x82, 0x10, 0xa2, 0x10, 0xa2, 0x18, 0xa3, 0x10,
    0x82, 0x10, 0x41, 0x08, 0x42, 0x08, 0x41, 0x08, 0x41, 0x08, 0x42, 0x08,
    0x61, 0x08, 0x41, 0x08, 0x42, 0x08, 0x41, 0x08, 0x41, 0x08, 0x62, 0x08,
    0x41, 0x08, 0x61, 0x08, 0x41, 0x08, 0x62, 0x10, 0xa2, 0x10, 0xa2, 0x18,
    0xa3, 0x10, 0xa2, 0x18, 0xa3, 0x10, 0x82, 0x10, 0xa2, 0x18, 0xa3, 0x10,
    0x82, 0x10, 0xa3, 0x18, 0xa2, 0x18, 0xa2, 0x10, 0xa3, 0x10, 0x82, 0x18,
    0xa2, 0x10, 0xe4, 0x20, 0xe4, 0x20, 0x03, 0x19, 0xe4, 0x20, 0xe4, 0x20,
    0x03, 0x19, 0xe4, 0x20, 0xe4, 0x20, 0x03, 0x19, 0xe4, 0x20, 0xe4, 0x18,
    0xe4, 0x20, 0x04, 0x19, 0xe3, 0x20, 0xe4, 0x20, 0xa2, 0x10, 0xa3, 0x10,
    0xa2, 0x18, 0xa2, 0x10, 0x83, 0x10, 0xa2, 0x18, 0xa2, 0x10, 0xa3, 0x10,
    0x82, 0x10, 0xa3, 0x18, 0xa2, 0x10, 0xa2, 0x10, 0xa3, 0x18, 0x82, 0x10,
    0xa2, 0x18, 0x83, 0x10, 0xa2, 0x10, 0x83, 0x18, 0xa2, 0x10, 0x82, 0x10,
    0xa3, 0x18, 0x82, 0x10, 0xa3, 0x18, 0xa2, 0x18, 0xa2, 0x10, 0xa3, 0x18,
    0xa2, 0x10, 0xa2, 0x10, 0xa3, 0x18, 0x82, 0x18, 0xa3, 0x10, 0xa2, 0x10,
    0xa2, 0x18, 0xa3, 0x10, 0x82, 0x10, 0xa2, 0x18, 0x83, 0x10, 0x82, 0x10,
    0xa2, 0x18, 0x83, 0x10, 0xa2, 0x18, 0xa2, 0x10, 0x83, 0x10, 0xa2, 0x18,
    0xa2, 0x10, 0x82, 0x10, 0x09, 0x01, 0x09, 0x01, 0x2a, 0x01, 0x0a, 0x01,
    0x09, 0x01, 0x2a, 0x01, 0x09, 0x01, 0x29, 0x01, 0x0a, 0x01, 0x09, 0x01,
    0x0a, 0x01, 0x0a, 0x01, 0x29, 0x01, 0x0a, 0x01, 0x0a, 0x01, 0x09, 0x01,
    0x2a, 0x01, 0x0a, 0x01, 0x09, 0x01, 0x0a, 0x01, 0x09, 0x01, 0x2a, 0x01,
    0x09, 0x01, 0x0a, 0x01, 0x0a, 0x01, 0x29, 0x01, 0x0a, 0x01, 0x0a, 0x01,
    0x29, 0x01, 0x0a, 0x01, 0x09, 0x01, 0x09, 0x01, 0x0a, 0x01, 0x09, 0x01,
    0x09, 0x01, 0x0a, 0x01, 0x2a, 0x01, 0x09, 0x01, 0x2a, 0x01, 0x2a, 0x01,
    0x09, 0x01, 0x29, 0x01, 0x0a, 0x01, 0x09, 0x01, 0x0a, 0x01, 0x09, 0x01,
    0x2a, 0x01, 0x09, 0x01, 0x29, 0x01, 0x0a, 0x01, 0x2a, 0x01, 0x09, 0x01,
    0x0a, 0x01, 0x29, 0x01, 0x09, 0x01, 0x0a, 0x01, 0x0a, 0x01, 0xff, 0xff,
    0xff, 0xff, 0xff, 0xff, 0xff, 0xff, 0xff, 0xff, 0xff, 0xff, 0xff, 0xff,
    0xff, 0xff, 0xff, 0xff, 0xff, 0xff, 0xff, 0xff, 0xff, 0xff, 0xff, 0xff,
    0xff, 0xff, 0xff, 0xff, 0xff, 0xff, 0xff, 0xff, 0xff, 0xff, 0xff, 0xff,
    0xff, 0xff, 0xff, 0xff, 0xff, 0xff, 0xff, 0xff, 0xff, 0xff, 0xff, 0xff,
    0xff, 0xff, 0xff, 0xff, 0xff, 0xff, 0xff, 0xff, 0xff, 0xff, 0xff, 0xff,
    0xff, 0xff, 0xff, 0xff, 0xff, 0xff, 0xff, 0xff, 0xff, 0xff, 0xff, 0xff,
    0xff, 0xff, 0xff, 0xff, 0xff, 0xff, 0xff, 0xff, 0xff, 0xff, 0xff, 0xff,
    0xff, 0xff, 0xff, 0xff, 0xff, 0xff, 0xff, 0xff, 0xff, 0xff, 0xff, 0xff,
    0xff, 0xff, 0xff, 0xff, 0xff, 0xff, 0xff, 0xff, 0xff, 0xff, 0xff, 0xff,
    0xff, 0xff, 0xff, 0xff, 0xd1, 0x72, 0x0d, 0x30, 0x0d, 0x30, 0x0d, 0x38,
    0x0d, 0x30, 0x0d, 0x30, 0x0e, 0x30, 0x0d, 0x38, 0x0d, 0x30, 0x0e, 0x38,
    0x0d, 0x30, 0x0d, 0x30, 0x0d, 0x38, 0x0d, 0x30, 0x0d, 0x30, 0x0e, 0x38,
    0x0d, 0x30, 0x0d, 0x38, 0x0e, 0x38, 0x0d, 0x30, 0x0d, 0x30, 0x0e, 0x30,
    0x0e, 0x30, 0x0d, 0x30, 0x0d, 0x30, 0x0d, 0x38, 0x0e, 0x30, 0x0d, 0x30,
    0x0d, 0x38, 0x0d, 0x30, 0x0d, 0x30, 0x0d, 0x38, 0x0e, 0x30, 0x0d, 0x30,
    0x0d, 0x30, 0x0d, 0x38, 0x0d, 0x30, 0x0e, 0x30, 0x0d, 0x30, 0x0d, 0x30,
    0x0e, 0x30, 0x0d, 0x30, 0x0d, 0x30, 0x0d, 0x30, 0x0d, 0x30, 0x0e, 0x38,
    0x0d, 0x30, 0x0d, 0x30, 0x0d, 0x30, 0x0e, 0x30, 0x0d, 0x30, 0x0d, 0x30,
    0x0e, 0x30, 0x0d, 0x38, 0x0d, 0x30, 0x0d, 0x30, 0x0d, 0x30, 0x86, 0x30,
    0x82, 0x10, 0xa2, 0x18, 0xa3, 0x18, 0xa2, 0x10, 0x83, 0x18, 0xa3, 0x10,
    0xa2, 0x10, 0xa2, 0x18, 0xa3, 0x10, 0xa2, 0x10, 0x82, 0x18, 0xa3, 0x18,
    0xa2, 0x10, 0xa2, 0x10, 0x83, 0x18, 0xa2, 0x10, 0x82, 0x10, 0xa3, 0x18,
    0x82, 0x10, 0xa2, 0x10, 0xa3, 0x18, 0xa2, 0x10, 0xa3, 0x18, 0x82, 0x10,
    0xa2, 0x18, 0xa3, 0x10, 0xa2, 0x10, 0xa2, 0x18, 0x83, 0x10, 0xa2, 0x10,
    0xa2, 0x18, 0x83, 0x10, 0xa2, 0x10, 0xa3, 0x18, 0x82, 0x10, 0xa2, 0x10,
    0xa3, 0x18, 0x82, 0x10, 0xa2, 0x10, 0xa3, 0x18, 0xa2, 0x10, 0x83, 0x10,
    0xa2, 0x18, 0xa2, 0x10, 0x83, 0x18, 0xa2, 0x10, 0xa2, 0x10, 0xa3, 0x18,
    0x82, 0x10, 0x83, 0x10, 0xa2, 0x18, 0xa2, 0x10, 0xa3, 0x10, 0x82, 0x18,
    0xa2, 0x10, 0xa3, 0x10, 0x82, 0x10, 0x41, 0x08, 0x61, 0x10, 0x41, 0x08,
    0x41, 0x08, 0x41, 0x08, 0x41, 0x08, 0x61, 0x08, 0x41, 0x10, 0x41, 0x08,
    0x61, 0x08, 0x41, 0x10, 0x41, 0x08, 0x41, 0x08, 0x41, 0x08, 0x62, 0x10,
    0xa2, 0x10, 0x83, 0x10, 0xa2, 0x18, 0xa2, 0x10, 0xa3, 0x18, 0xa2, 0x10,
    0xa3, 0x10, 0xa2, 0x18, 0xa2, 0x10, 0xa3, 0x10, 0xa3, 0x10, 0x82, 0x18,
    0xa2, 0x10, 0xa3, 0x10, 0xa2, 0x18, 0xe4, 0x20, 0xe4, 0x18, 0x03, 0x21,
    0xe4, 0x20, 0xe4, 0x18, 0xe3, 0x20, 0xe4, 0x18, 0xe4, 0x20, 0x03, 0x21,
    0xe3, 0x18, 0xe4, 0x20, 0xe3, 0x20, 0xe4, 0x18, 0x04, 0x19, 0xe4, 0x20,
    0xa2, 0x10, 0xa2, 0x10, 0xa3, 0x18, 0x82, 0x10, 0xa3, 0x10, 0xa2, 0x18,
    0xa2, 0x18, 0x83, 0x10, 0xa2, 0x10, 0xa2, 0x18, 0x83, 0x10, 0xa2, 0x10,
    0xa2, 0x18, 0xa3, 0x10, 0xa2, 0x10, 0xa2, 0x18, 0x83, 0x10, 0xa2, 0x18,
    0xa3, 0x10, 0xa2, 0x18, 0x82, 0x10, 0xa3, 0x10, 0xa2, 0x10, 0x83, 0x10,
    0xa2, 0x10, 0x82, 0x18, 0xa3, 0x10, 0xa2, 0x10, 0xa2, 0x18, 0xa3, 0x10,
    0x82, 0x10, 0xa3, 0x18, 0xa2, 0x10, 0x82, 0x18, 0xa3, 0x10, 0xa2, 0x18,
    0xa3, 0x10, 0xa2, 0x18, 0xa2, 0x10, 0xa3, 0x10, 0x82, 0x18, 0xa2, 0x10,
    0xa3, 0x18, 0xa3, 0x10, 0xa2, 0x18, 0xa3, 0x10, 0x09, 0x01, 0x0a, 0x01,
    0x09, 0x01, 0x29, 0x01, 0x0a, 0x01, 0x0a, 0x01, 0x29, 0x01, 0x0a, 0x01,
    0x29, 0x01, 0x09, 0x01, 0x2a, 0x01, 0x09, 0x01, 0x09, 0x01, 0x2a, 0x01,
    0x09, 0x01, 0x09, 0x01, 0x2a, 0x01, 0x09, 0x01, 0x2a, 0x01, 0x09, 0x01,
    0x0a, 0x01, 0x09, 0x01, 0x2a, 0x01, 0x09, 0x01, 0x0a, 0x01, 0x09, 0x01,
    0x09, 0x01, 0x0a, 0x01, 0x09, 0x01, 0x2a, 0x01, 0x0a, 0x01, 0x29, 0x01,
    0x0a, 0x01, 0x2a, 0x01, 0x09, 0x01, 0x09, 0x01, 0x0a, 0x01, 0x09, 0x01,
    0x09, 0x01, 0x0a, 0x01, 0x0a, 0x01, 0x29, 0x01, 0x0a, 0x01, 0x09, 0x01,
    0x29, 0x01, 0x0a, 0x01, 0x0a, 0x01, 0x29, 0x01, 0x09, 0x01, 0x0a, 0x01,
    0x09, 0x01, 0x2a, 0x01, 0x0a, 0x01, 0x09, 0x01, 0x09, 0x01, 0x2a, 0x01,
    0x09, 0x01, 0xff, 0xff, 0xff, 0xff, 0xff, 0xff, 0xff, 0xff, 0xff, 0xff,
    0xff, 0xff, 0xff, 0xff, 0xff, 0xff, 0xff, 0xff, 0xff, 0xff, 0xff, 0xff,
    0xff, 0xff, 0xff, 0xff, 0xff, 0xff, 0xff, 0xff, 0xff, 0xff, 0xff, 0xff,
    0xff, 0xff, 0xff, 0xff, 0xff, 0xff, 0xff, 0xff, 0xff, 0xff, 0xff, 0xff,
    0xff, 0xff, 0xff, 0xff, 0xff, 0xff, 0xff, 0xff, 0xff, 0xff, 0xff, 0xff,
    0xff, 0xff, 0xff, 0xff, 0xff, 0xff, 0xff, 0xff, 0xff, 0xff, 0xff, 0xff,
    0xff, 0xff, 0xff, 0xff, 0xff, 0xff, 0xff, 0xff, 0xff, 0xff, 0xff, 0xff,
    0xff, 0xff, 0xff, 0xff, 0xff, 0xff, 0xff, 0xff, 0xff, 0xff, 0xff, 0xff,
    0xff, 0xff, 0xff, 0xff, 0xff, 0xff, 0xff, 0xff, 0xff, 0xff, 0xff, 0xff,
    0xff, 0xff, 0xff, 0xff, 0xff, 0xff, 0xff, 0xff, 0xd1, 0x72, 0x0d, 0x30,
    0x0e, 0x30, 0x0d, 0x38, 0x0d, 0x30, 0x0e, 0x30, 0x0d, 0x30, 0x0d, 0x30,
    0x0d, 0x30, 0x0d, 0x38, 0x0e, 0x30, 0x0d, 0x30, 0x0e, 0x38, 0x0d, 0x30,
    0x0d, 0x30, 0x0d, 0x30, 0x0d, 0x30, 0x0d, 0x30, 0x0d, 0x30, 0x0d, 0x38,
    0x0d, 0x30, 0x0d, 0x38, 0x0d, 0x30, 0x0e, 0x30, 0x0d, 0x38, 0x0d, 0x30,
    0x0d, 0x30, 0x0e, 0x30, 0x0d, 0x30, 0x0e, 0x30, 0x0d, 0x30, 0x0d, 0x30,
    0x0d, 0x30, 0x0e, 0x30, 0x0d, 0x30, 0x0d, 0x30, 0x0e, 0x38, 0x0d, 0x30,
    0x0d, 0x38, 0x0d, 0x30, 0x0e, 0x30, 0x0d, 0x38, 0x0d, 0x30, 0x0e, 0x30,
    0x0d, 0x30, 0x0d, 0x30, 0x0d, 0x30, 0x0d, 0x38, 0x0e, 0x30, 0x0d, 0x38,
    0x0d, 0x30, 0x0e, 0x30, 0x0d, 0x38, 0x0d, 0x30, 0x0e, 0x30, 0x0d, 0x38,
    0x0d, 0x30, 0x86, 0x30, 0xa2, 0x10, 0x83, 0x10, 0xa2, 0x10, 0xa2, 0x18,
    0xa2, 0x10, 0x82, 0x18, 0xa3, 0x10, 0x82, 0x18, 0xa3, 0x10, 0xa2, 0x10,
    0xa3, 0x18, 0x82, 0x10, 0xa2, 0x10, 0xa3, 0x18, 0xa3, 0x10, 0xa2, 0x10,
    0xa3, 0x18, 0x82, 0x18, 0xa3, 0x10, 0xa2, 0x10, 0x82, 0x18, 0xa3, 0x10,
    0xa2, 0x10, 0x82, 0x18, 0xa3, 0x10, 0xa2, 0x10, 0x83, 0x18, 0xa2, 0x10,
    0xa3, 0x10, 0xa2, 0x18, 0xa3, 0x18, 0x82, 0x10, 0xa2, 0x10, 0xa3, 0x18,
    0xa2, 0x18, 0xa3, 0x10, 0xa2, 0x10, 0xa3, 0x18, 0x82, 0x18, 0xa2, 0x10,
    0xa3, 0x18, 0xa2, 0x10, 0x82, 0x10, 0xa3, 0x18, 0xa2, 0x10, 0xa2, 0x18,
    0xa3, 0x10, 0xa2, 0x18, 0xa2, 0x10, 0xa3, 0x10, 0x83, 0x18, 0xa2, 0x10,
    0xa3, 0x18, 0xa2, 0x10, 0xa3, 0x18, 0xa2, 0x18, 0x82, 0x10, 0x41, 0x08,
    0x41, 0x08, 0x61, 0x08, 0x61, 0x08, 0x41, 0x10, 0x41, 0x08, 0x41, 0x08,
    0x61, 0x08, 0x42, 0x08, 0x41, 0x08, 0x41, 0x08, 0x41, 0x08, 0x61, 0x08,
    0x41, 0x08, 0x62, 0x10, 0xa2, 0x10, 0x82, 0x10, 0xa3, 0x18, 0x82, 0x10,
    0x82, 0x10, 0xa3, 0x18, 0x82, 0x10, 0xa2, 0x18, 0x83, 0x10, 0xa2, 0x10,
    0xa2, 0x18, 0x83, 0x10, 0xa2, 0x18, 0xa2, 0x10, 0xa2, 0x10, 0xe4, 0x20,
    0xe4, 0x18, 0xe3, 0x20, 0xe4, 0x20, 0x03, 0x19, 0xe4, 0x20, 0xe3, 0x20,
    0x04, 0x19, 0xe4, 0x20, 0xe4, 0x20, 0x03, 0x19, 0xe4, 0x20, 0xe3, 0x20,
    0xe4, 0x20, 0xe4, 0x20, 0xa2, 0x10, 0xa2, 0x18, 0x83, 0x10, 0xa2, 0x18,
    0xa2, 0x10, 0xa3, 0x10, 0x82, 0x18, 0xa3, 0x10, 0xa2, 0x18, 0xa2, 0x10,
    0xa3, 0x18, 0x82, 0x10, 0xa2, 0x10, 0xa3, 0x18, 0x82, 0x10, 0xa2, 0x10,
    0xa3, 0x18, 0xa2, 0x10, 0xa2, 0x10, 0xa3, 0x18, 0xa2, 0x10, 0xa2, 0x18,
    0xa3, 0x18, 0xa2, 0x10, 0x83, 0x10, 0xa2, 0x18, 0xa3, 0x10, 0x82, 0x18,
    0xa2, 0x10, 0xa3, 0x10, 0xa2, 0x18, 0x82, 0x10, 0xa3, 0x10, 0xa2, 0x18,
    0xa2, 0x10, 0xa3, 0x10, 0xa2, 0x18, 0xa3, 0x10, 0xa2, 0x10, 0xa3, 0x18,
    0xa2, 0x10, 0x82, 0x10, 0xa3, 0x18, 0x82, 0x10, 0xa2, 0x10, 0xa2, 0x18,
    0x0a, 0x01, 0x0a, 0x01, 0x09, 0x01, 0x0a, 0x01, 0x09, 0x01, 0x09, 0x01,
    0x0a, 0x01, 0x0a, 0x01, 0x09, 0x01, 0x0a, 0x01, 0x0a, 0x01, 0x09, 0x01,
    0x0a, 0x01, 0x0a, 0x01, 0x09, 0x01, 0x0a, 0x01, 0x09, 0x01, 0x09, 0x01,
    0x0a, 0x01, 0x2a, 0x01, 0x09, 0x01, 0x0a, 0x01, 0x09, 0x01, 0x29, 0x01,
    0x0a, 0x01, 0x0a, 0x01, 0x29, 0x01, 0x0a, 0x01, 0x09, 0x01, 0x09, 0x01,
    0x0a, 0x01, 0x09, 0x01, 0x29, 0x01, 0x0a, 0x01, 0x0a, 0x01, 0x29, 0x01,
    0x0a, 0x01, 0x09, 0x01, 0x29, 0x01, 0x0a, 0x01, 0x09, 0x01, 0x0a, 0x01,
    0x0a, 0x01, 0x29, 0x01, 0x0a, 0x01, 0x09, 0x01, 0x0a, 0x01, 0x0a, 0x01,
    0x09, 0x01, 0x0a, 0x01, 0x09, 0x01, 0x09, 0x01, 0x2a, 0x01, 0x0a, 0x01,
    0x09, 0x01, 0x0a, 0x01, 0x29, 0x01, 0xff, 0xff, 0xff, 0xff, 0xff, 0xff,
    0xff, 0xff, 0xff, 0xff, 0xff, 0xff, 0xff, 0xff, 0xff, 0xff, 0xff, 0xff,
    0xff, 0xff, 0xff, 0xff, 0xff, 0xff, 0xff, 0xff, 0xff, 0xff, 0xff, 0xff,
    0xff, 0xff, 0xff, 0xff, 0xff, 0xff, 0xff, 0xff, 0xff, 0xff, 0xff, 0xff,
    0xff, 0xff, 0xff, 0xff, 0xff, 0xff, 0xff, 0xff, 0xff, 0xff, 0xff, 0xff,
    0xff, 0xff, 0xff, 0xff, 0xff, 0xff, 0xff, 0xff, 0xff, 0xff, 0xff, 0xff,
    0xff, 0xff, 0xff, 0xff, 0xff, 0xff, 0xff, 0xff, 0xff, 0xff, 0xff, 0xff,
    0xff, 0xff, 0xff, 0xff, 0xff, 0xff, 0xff, 0xff, 0xff, 0xff, 0xff, 0xff,
    0xff, 0xff, 0xff, 0xff, 0xff, 0xff, 0xff, 0xff, 0xff, 0xff, 0xff, 0xff,
    0xff, 0xff, 0xff, 0xff, 0xff, 0xff, 0xff, 0xff, 0xff, 0xff, 0xff, 0xff,
    0xd1, 0x72, 0x0d, 0x30, 0x0d, 0x30, 0x0e, 0x30, 0x0d, 0x38, 0x0d, 0x30,
    0x0d, 0x38, 0x0e, 0x30, 0x0d, 0x30, 0x0d, 0x30, 0x0d, 0x30, 0x0d, 0x30,
    0x0e, 0x30, 0x0d, 0x30, 0x0d, 0x38, 0x0e, 0x30, 0x0d, 0x30, 0x0e, 0x30,
    0x0d, 0x30, 0x0e, 0x30, 0x0d, 0x30, 0x0d, 0x38, 0x0d, 0x30, 0x0d, 0x30,
    0x0e, 0x38, 0x0d, 0x30, 0x0d, 0x30, 0x0d, 0x38, 0x0d, 0x30, 0x0d, 0x38,
    0x0e, 0x38, 0x0d, 0x30, 0x0d, 0x38, 0x0d, 0x38, 0x0e, 0x30, 0x0d, 0x30,
    0x0d, 0x30, 0x0d, 0x30, 0x0d, 0x38, 0x0e, 0x30, 0x0d, 0x30, 0x0d, 0x38,
    0x0d, 0x30, 0x0e, 0x30, 0x0d, 0x38, 0x0d, 0x30, 0x0e, 0x30, 0x0d, 0x30,
    0x0d, 0x38, 0x0d, 0x30, 0x0d, 0x30, 0x0d, 0x38, 0x0d, 0x30, 0x0d, 0x30,
    0x0d, 0x30, 0x0d, 0x30, 0x0d, 0x30, 0x86, 0x30, 0xa2, 0x10, 0xa2, 0x10,
    0x83, 0x18, 0xa3, 0x10, 0xa2, 0x10, 0xa2, 0x10, 0xa3, 0x18, 0x82, 0x10,
    0xa2, 0x10, 0xa3, 0x18, 0xa2, 0x10, 0xa2, 0x10, 0x83, 0x18, 0xa2, 0x10,
    0xa2, 0x10, 0x82, 0x18, 0xa2, 0x10, 0xa3, 0x10, 0xa2, 0x18, 0xa3, 0x10,
    0x82, 0x10, 0xa2, 0x18, 0xa3, 0x10, 0xa2, 0x10, 0xa2, 0x18, 0x83, 0x10,
    0xa2, 0x18, 0xa2, 0x10, 0x82, 0x10, 0xa3, 0x18, 0xa2, 0x10, 0xa2, 0x10,
    0xa3, 0x18, 0x82, 0x10, 0xa2, 0x10, 0x83, 0x18, 0xa2, 0x10, 0xa2, 0x10,
    0xa3, 0x10, 0x82, 0x10, 0xa2, 0x18, 0xa3, 0x10, 0xa2, 0x10, 0xa3, 0x18,
    0x82, 0x10, 0xa3, 0x10, 0x82, 0x18, 0xa2, 0x10, 0xa3, 0x18, 0xa2, 0x10,
    0xa2, 0x10, 0x82, 0x18, 0xa2, 0x10, 0xa3, 0x10, 0x82, 0x10, 0xa2, 0x18,
    0x82, 0x10, 0x41, 0x08, 0x41, 0x08, 0x42, 0x08, 0x41, 0x08, 0x61, 0x08,
    0x42, 0x08, 0x41, 0x08, 0x41, 0x08, 0x61, 0x08, 0x41, 0x08, 0x41, 0x08,
    0x62, 0x10, 0x41, 0x08, 0x41, 0x08, 0x62, 0x10, 0xa2, 0x10, 0xa2, 0x10,
    0xa3, 0x18, 0xa2, 0x10, 0xa2, 0x10, 0xa3, 0x18, 0xa2, 0x10, 0x82, 0x10,
    0xa3, 0x18, 0xa2, 0x18, 0xa2, 0x10, 0xa3, 0x10, 0xa3, 0x18, 0x82, 0x10,
    0xa2, 0x10, 0xe4, 0x20, 0xe4, 0x20, 0xe3, 0x18, 0x04, 0x21, 0xe4, 0x20,
    0xe3, 0x18, 0x04, 0x21, 0xe3, 0x18, 0xe4, 0x20, 0xe4, 0x20, 0x03, 0x19,
    0xe4, 0x20, 0xe4, 0x18, 0x03, 0x21, 0xe4, 0x20, 0xa2, 0x10, 0xa2, 0x10,
    0xa3, 0x18, 0xa2, 0x10, 0xa2, 0x10, 0x83, 0x18, 0xa2, 0x10, 0xa2, 0x10,
    0xa3, 0x10, 0x82, 0x18, 0xa3, 0x10, 0xa2, 0x18, 0xa3, 0x10, 0x82, 0x18,
    0xa3, 0x10, 0xa2, 0x10, 0xa2, 0x18, 0x83, 0x10, 0x82, 0x10, 0xa3, 0x18,
    0xa2, 0x10, 0x82, 0x10, 0xa3, 0x18, 0xa2, 0x10, 0xa2, 0x18, 0xa3, 0x10,
    0xa2, 0x10, 0x83, 0x18, 0xa2, 0x10, 0xa2, 0x10, 0xa3, 0x18, 0xa2, 0x10,
    0x83, 0x10, 0xa2, 0x18, 0xa2, 0x10, 0x83, 0x10, 0x82, 0x18, 0xa2, 0x10,
    0x83, 0x18, 0xa2, 0x10, 0xa3, 0x10, 0xa2, 0x18, 0xa2, 0x10, 0xa3, 0x10,
    0x82, 0x18, 0xa2, 0x10, 0x09, 0x01, 0x29, 0x01, 0x0a, 0x01, 0x2a, 0x01,
    0x09, 0x01, 0x2a, 0x01, 0x09, 0x01, 0x09, 0x01, 0x2a, 0x01, 0x09, 0x01,
    0x09, 0x01, 0x2a, 0x01, 0x09, 0x01, 0x29, 0x01, 0x0a, 0x01, 0x2a, 0x01,
    0x09, 0x01, 0x0a, 0x01, 0x09, 0x01, 0x29, 0x01, 0x0a, 0x01, 0x0a, 0x01,
    0x09, 0x01, 0x2a, 0x01, 0x09, 0x01, 0x0a, 0x01, 0x29, 0x01, 0x0a, 0x01,
    0x0a, 0x01, 0x29, 0x01, 0x0a, 0x01, 0x0a, 0x01, 0x09, 0x01, 0x09, 0x01,
    0x0a, 0x01, 0x29, 0x01, 0x0a, 0x01, 0x0a, 0x01, 0x29, 0x01, 0x0a, 0x01,
    0x09, 0x01, 0x29, 0x01, 0x0a, 0x01, 0x09, 0x01, 0x0a, 0x01, 0x29, 0x01,
    0x09, 0x01, 0x0a, 0x01, 0x2a, 0x01, 0x29, 0x01, 0x0a, 0x01, 0x09, 0x01,
    0x09, 0x01, 0x2a, 0x01, 0x0a, 0x01, 0x09, 0x01, 0x0a, 0x01, 0xff, 0xff,
    0xff, 0xff, 0xff, 0xff, 0xff, 0xff, 0xff, 0xff, 0xff, 0xff, 0xff, 0xff,
    0xff, 0xff, 0xff, 0xff, 0xff, 0xff, 0xff, 0xff, 0xff, 0xff, 0xff, 0xff,
    0xff, 0xff, 0xff, 0xff, 0xff, 0xff, 0xff, 0xff, 0xff, 0xff, 0xff, 0xff,
    0xff, 0xff, 0xff, 0xff, 0xff, 0xff, 0xff, 0xff, 0xff, 0xff, 0xff, 0xff,
    0xff, 0xff, 0xff, 0xff, 0xff, 0xff, 0xff, 0xff, 0xff, 0xff, 0xff, 0xff,
    0xff, 0xff, 0xff, 0xff, 0xff, 0xff, 0xff, 0xff, 0xff, 0xff, 0xff, 0xff,
    0xff, 0xff, 0xff, 0xff, 0xff, 0xff, 0xff, 0xff, 0xff, 0xff, 0xff, 0xff,
    0xff, 0xff, 0xff, 0xff, 0xff, 0xff, 0xff, 0xff, 0xff, 0xff, 0xff, 0xff,
    0xff, 0xff, 0xff, 0xff, 0xff, 0xff, 0xff, 0xff, 0xff, 0xff, 0xff, 0xff,
    0xff, 0xff, 0xff, 0xff, 0xd1, 0x72, 0x0d, 0x30, 0x0d, 0x30, 0x0d, 0x30,
    0x0d, 0x30, 0x0d, 0x30, 0x0e, 0x38, 0x0d, 0x30, 0x0d, 0x30, 0x0e, 0x38,
    0x0d, 0x30, 0x0d, 0x38, 0x0d, 0x30, 0x0e, 0x30, 0x0d, 0x38, 0x0d, 0x30,
    0x0e, 0x38, 0x0d, 0x38, 0x0d, 0x30, 0x0d, 0x30, 0x0e, 0x30, 0x0d, 0x30,
    0x0d, 0x30, 0x0d, 0x30, 0x0d, 0x30, 0x0e, 0x30, 0x0d, 0x38, 0x0d, 0x30,
    0x0e, 0x30, 0x0d, 0x30, 0x0d, 0x30, 0x0e, 0x30, 0x0d, 0x30, 0x0d, 0x30,
    0x0d, 0x38, 0x0d, 0x30, 0x0e, 0x30, 0x0d, 0x30, 0x0d, 0x30, 0x0d, 0x30,
    0x0d, 0x30, 0x0e, 0x30, 0x0d, 0x30, 0x0d, 0x38, 0x0d, 0x30, 0x0e, 0x30,
    0x0d, 0x38, 0x0d, 0x30, 0x0e, 0x30, 0x0d, 0x30, 0x0e, 0x30, 0x0d, 0x30,
    0x0e, 0x30, 0x0d, 0x38, 0x0e, 0x30, 0x0d, 0x30, 0x0d, 0x38, 0x86, 0x30,
    0xa2, 0x10, 0xa2, 0x18, 0xa3, 0x10, 0x82, 0x18, 0xa2, 0x10, 0xa3, 0x10,
    0xa2, 0x18, 0xa2, 0x10, 0x83, 0x18, 0xa2, 0x10, 0xa2, 0x10, 0x83, 0x18,
    0xa2, 0x10, 0xa2, 0x18, 0x83, 0x10, 0xa3, 0x18, 0xa2, 0x10, 0xa2, 0x10,
    0x83, 0x18, 0xa2, 0x10, 0xa2, 0x10, 0xa3, 0x18, 0x83, 0x10, 0xa2, 0x10,
    0xa2, 0x18, 0xa3, 0x10, 0xa2, 0x10, 0xa3, 0x18, 0x82, 0x10, 0xa2, 0x10,
    0xa3, 0x18, 0x82, 0x10, 0xa3, 0x10, 0xa2, 0x18, 0xa2, 0x10, 0xa3, 0x10,
    0x82, 0x18, 0xa2, 0x10, 0xa3, 0x18, 0xa2, 0x10, 0x83, 0x10, 0xa2, 0x18,
    0xa2, 0x10, 0x83, 0x10, 0xa2, 0x18, 0xa2, 0x10, 0xa3, 0x10, 0x82, 0x18,
    0xa3, 0x10, 0xa2, 0x18, 0xa2, 0x10, 0x83, 0x10, 0xa2, 0x18, 0xa3, 0x10,
    0x82, 0x10, 0xa3, 0x10, 0x82, 0x10, 0x41, 0x08, 0x61, 0x08, 0x41, 0x10,
    0x41, 0x08, 0x41, 0x08, 0x61, 0x08, 0x41, 0x10, 0x41, 0x08, 0x41, 0x08,
    0x61, 0x10, 0x41, 0x08, 0x41, 0x08, 0x41, 0x08, 0x41, 0x08, 0x62, 0x10,
    0xa2, 0x10, 0xa2, 0x10, 0x83, 0x18, 0xa2, 0x10, 0xa3, 0x18, 0xa2, 0x10,
    0xa3, 0x10, 0xa2, 0x18, 0xa2, 0x10, 0x83, 0x10, 0xa2, 0x10, 0xa2, 0x18,
    0x83, 0x10, 0xa2, 0x10, 0xa2, 0x18, 0xe4, 0x20, 0xe4, 0x18, 0x03, 0x21,
    0xe4, 0x18, 0xe4, 0x20, 0xe3, 0x20, 0xe4, 0x18, 0xe4, 0x20, 0xe3, 0x18,
    0xe4, 0x20, 0xe4, 0x20, 0xe3, 0x18, 0x04, 0x21, 0xe4, 0x18, 0xe3, 0x20,
    0xa2, 0x10, 0xa3, 0x10, 0x82, 0x18, 0xa3, 0x10, 0xa2, 0x10, 0xa3, 0x18,
    0xa2, 0x10, 0xa2, 0x10, 0x83, 0x18, 0xa2, 0x10, 0xa2, 0x10, 0xa3, 0x18,
    0x82, 0x10, 0xa2, 0x10, 0xa3, 0x18, 0xa2, 0x10, 0x82, 0x18, 0xa3, 0x10,
    0xa2, 0x10, 0xa2, 0x18, 0x83, 0x10, 0xa2, 0x10, 0xa2, 0x10, 0x83, 0x18,
    0xa2, 0x10, 0xa2, 0x10, 0x82, 0x18, 0xa3, 0x10, 0xa2, 0x18, 0x82, 0x10,
    0xa3, 0x18, 0xa2, 0x10, 0xa2, 0x10, 0x83, 0x18, 0xa2, 0x10, 0xa2, 0x18,
    0xa3, 0x10, 0xa2, 0x10, 0x82, 0x18, 0xa3, 0x10, 0x82, 0x18, 0xa2, 0x10,
    0xa3, 0x10, 0xa2, 0x18, 0xa3, 0x10, 0x83, 0x10, 0x09, 0x01, 0x0a, 0x01,
    0x09, 0x01, 0x09, 0x01, 0x2a, 0x01, 0x0a, 0x01, 0x09, 0x01, 0x2a, 0x01,
    0x0a, 0x01, 0x09, 0x01, 0x2a, 0x01, 0x0a, 0x01, 0x09, 0x01, 0x09, 0x01,
    0x2a, 0x01, 0x09, 0x01, 0x0a, 0x01, 0x2a, 0x01, 0x09, 0x01, 0x09, 0x01,
    0x2a, 0x01, 0x09, 0x01, 0x0a, 0x01, 0x09, 0x01, 0x0a, 0x01, 0x09, 0x01,
    0x09, 0x01, 0x2a, 0x01, 0x09, 0x01, 0x09, 0x01, 0x2a, 0x01, 0x0a, 0x01,
    0x29, 0x01, 0x0a, 0x01, 0x09, 0x01, 0x09, 0x01, 0x0a, 0x01, 0x09, 0x01,
    0x0a, 0x01, 0x0a, 0x01, 0x29, 0x01, 0x0a, 0x01, 0x09, 0x01, 0x0a, 0x01,
    0x29, 0x01, 0x0a, 0x01, 0x09, 0x01, 0x09, 0x01, 0x0a, 0x01, 0x09, 0x01,
    0x2a, 0x01, 0x0a, 0x01, 0x09, 0x01, 0x09, 0x01, 0x2a, 0x01, 0x09, 0x01,
    0x09, 0x01, 0xff, 0xff, 0xff, 0xff, 0xff, 0xff, 0xff, 0xff, 0xff, 0xff,
    0xff, 0xff, 0xff, 0xff, 0xff, 0xff, 0xff, 0xff, 0xff, 0xff, 0xff, 0xff,
    0xff, 0xff, 0xff, 0xff, 0xff, 0xff, 0xff, 0xff, 0xff, 0xff, 0xff, 0xff,
    0xff, 0xff, 0xff, 0xff, 0xff, 0xff, 0xff, 0xff, 0xff, 0xff, 0xff, 0xff,
    0xff, 0xff, 0xff, 0xff, 0xff, 0xff, 0xff, 0xff, 0xff, 0xff, 0xff, 0xff,
    0xff, 0xff, 0xff, 0xff, 0xff, 0xff, 0xff, 0xff, 0xff, 0xff, 0xff, 0xff,
    0xff, 0xff, 0xff, 0xff, 0xff, 0xff, 0xff, 0xff, 0xff, 0xff, 0xff, 0xff,
    0xff, 0xff, 0xff, 0xff, 0xff, 0xff, 0xff, 0xff, 0xff, 0xff, 0xff, 0xff,
    0xff, 0xff, 0xff, 0xff, 0xff, 0xff, 0xff, 0xff, 0xff, 0xff, 0xff, 0xff,
    0xff, 0xff, 0xff, 0xff, 0xff, 0xff, 0xff, 0xff, 0xd1, 0x72, 0x0d, 0x30,
    0x0d, 0x38, 0x0e, 0x30, 0x0d, 0x30, 0x0d, 0x30, 0x0d, 0x30, 0x0d, 0x30,
    0x0d, 0x38, 0x0e, 0x30, 0x0d, 0x30, 0x0d, 0x38, 0x0d, 0x30, 0x0d, 0x30,
    0x0d, 0x30, 0x0d, 0x30, 0x0d, 0x30, 0x0d, 0x30, 0x0d, 0x38, 0x0d, 0x30,
    0x0e, 0x38, 0x0d, 0x30, 0x0e, 0x38, 0x0d, 0x30, 0x0d, 0x30, 0x0d, 0x38,
    0x0e, 0x30, 0x0d, 0x30, 0x0d, 0x30, 0x0d, 0x30, 0x0d, 0x30, 0x0d, 0x38,
    0x0e, 0x30, 0x0d, 0x30, 0x0d, 0x30, 0x0e, 0x38, 0x0d, 0x30, 0x0d, 0x38,
    0x0e, 0x30, 0x0d, 0x38, 0x0d, 0x30, 0x0e, 0x30, 0x0d, 0x38, 0x0d, 0x30,
    0x0d, 0x30, 0x0d, 0x30, 0x0d, 0x38, 0x0d, 0x30, 0x0d, 0x30, 0x0e, 0x38,
    0x0d, 0x30, 0x0d, 0x30, 0x0d, 0x38, 0x0d, 0x30, 0x0e, 0x30, 0x0d, 0x30,
    0x0d, 0x30, 0x86, 0x30, 0x83, 0x10, 0xa2, 0x10, 0xa2, 0x18, 0xa3, 0x10,
    0x82, 0x18, 0xa3, 0x10, 0xa2, 0x10, 0x83, 0x18, 0xa2, 0x10, 0xa2, 0x10,
    0x83, 0x18, 0xa3, 0x10, 0xa2, 0x10, 0xa2, 0x18, 0xa3, 0x10, 0xa2, 0x10,
    0x82, 0x18, 0xa3, 0x10, 0xa2, 0x18, 0x82, 0x10, 0xa3, 0x18, 0xa2, 0x10,
    0x82, 0x18, 0xa3, 0x10, 0xa2, 0x10, 0x82, 0x18, 0xa3, 0x10, 0xa2, 0x18,
    0xa3, 0x10, 0xa2, 0x10, 0x82, 0x18, 0xa3, 0x10, 0xa2, 0x10, 0x82, 0x18,
    0xa3, 0x10, 0xa2, 0x10, 0xa3, 0x18, 0x82, 0x18, 0xa2, 0x10, 0xa3, 0x18,
    0xa2, 0x10, 0x82, 0x18, 0xa3, 0x10, 0xa2, 0x18, 0xa2, 0x10, 0xa3, 0x10,
    0x82, 0x18, 0xa2, 0x10, 0xa3, 0x10, 0x82, 0x18, 0xa3, 0x10, 0xa3, 0x10,
    0xa2, 0x18, 0xa2, 0x18, 0xa3, 0x10, 0xa2, 0x18, 0x82, 0x10, 0x41, 0x08,
    0x61, 0x08, 0x41, 0x08, 0x41, 0x08, 0x42, 0x08, 0x41, 0x08, 0x61, 0x08,
    0x42, 0x08, 0x41, 0x08, 0x41, 0x08, 0x42, 0x08, 0x61, 0x08, 0x41, 0x08,
    0x41, 0x08, 0x62, 0x10, 0xa2, 0x10, 0x83, 0x18, 0xa2, 0x10, 0xa2, 0x10,
    0x83, 0x18, 0x82, 0x10, 0xa2, 0x18, 0xa3, 0x10, 0x82, 0x10, 0xa3, 0x18,
    0xa2, 0x10, 0x82, 0x18, 0xa3, 0x10, 0xa2, 0x10, 0xa2, 0x18, 0xe4, 0x20,
    0xe4, 0x18, 0xe3, 0x20, 0xe4, 0x20, 0x03, 0x19, 0xe4, 0x20, 0xe4, 0x20,
    0x03, 0x19, 0x03, 0x21, 0xe4, 0x18, 0xe4, 0x20, 0x03, 0x21, 0xe4, 0x18,
    0xe4, 0x20, 0xe4, 0x20, 0xa2, 0x10, 0xa2, 0x10, 0x83, 0x18, 0xa2, 0x10,
    0x82, 0x10, 0xa3, 0x18, 0xa2, 0x18, 0x83, 0x10, 0xa2, 0x18, 0xa2, 0x10,
    0xa3, 0x10, 0x82, 0x18, 0xa2, 0x10, 0xa3, 0x10, 0xa2, 0x18, 0x83, 0x10,
    0xa2, 0x10, 0xa2, 0x18, 0xa3, 0x10, 0xa2, 0x18, 0xa3, 0x18, 0xa2, 0x10,
    0x82, 0x10, 0xa3, 0x18, 0xa3, 0x10, 0x82, 0x18, 0xa2, 0x10, 0xa3, 0x10,
    0xa2, 0x10, 0x83, 0x18, 0xa2, 0x10, 0xa2, 0x18, 0xa3, 0x10, 0xa3, 0x10,
    0x82, 0x18, 0xa2, 0x10, 0xa3, 0x10, 0xa2, 0x18, 0xa2, 0x10, 0xa3, 0x10,
    0xa2, 0x18, 0x82, 0x10, 0x83, 0x18, 0xa2, 0x10, 0xa2, 0x10, 0xa2, 0x18,
    0x0a, 0x01, 0x0a, 0x01, 0x09, 0x01, 0x0a, 0x01, 0x09, 0x01, 0x09, 0x01,
    0x0a, 0x01, 0x09, 0x01, 0x0a, 0x01, 0x09, 0x01, 0x2a, 0x01, 0x0a, 0x01,
    0x09, 0x01, 0x0a, 0x01, 0x0a, 0x01, 0x09, 0x01, 0x09, 0x01, 0x2a, 0x01,
    0x0a, 0x01, 0x09, 0x01, 0x0a, 0x01, 0x29, 0x01, 0x09, 0x01, 0x2a, 0x01,
    0x0a, 0x01, 0x09, 0x01, 0x2a, 0x01, 0x0a, 0x01, 0x09, 0x01, 0x0a, 0x01,
    0x09, 0x01, 0x09, 0x01, 0x2a, 0x01, 0x0a, 0x01, 0x09, 0x01, 0x2a, 0x01,
    0x29, 0x01, 0x09, 0x01, 0x0a, 0x01, 0x29, 0x01, 0x0a, 0x01, 0x09, 0x01,
    0x0a, 0x01, 0x29, 0x01, 0x0a, 0x01, 0x0a, 0x01, 0x29, 0x01, 0x0a, 0x01,
    0x09, 0x01, 0x09, 0x01, 0x0a, 0x01, 0x2a, 0x01, 0x09, 0x01, 0x0a, 0x01,
    0x0a, 0x01, 0x29, 0x01, 0x0a, 0x01, 0xff, 0xff, 0xff, 0xff, 0xff, 0xff,
    0xff, 0xff, 0xff, 0xff, 0xff, 0xff, 0xff, 0xff, 0xff, 0xff, 0xff, 0xff,
    0xff, 0xff, 0xff, 0xff, 0xff, 0xff, 0xff, 0xff, 0xff, 0xff, 0xff, 0xff,
    0xff, 0xff, 0xff, 0xff, 0xff, 0xff, 0xff, 0xff, 0xff, 0xff, 0xff, 0xff,
    0xff, 0xff, 0xff, 0xff, 0xff, 0xff, 0xff, 0xff, 0xff, 0xff, 0xff, 0xff,
    0xff, 0xff, 0xff, 0xff, 0xff, 0xff, 0xff, 0xff, 0xff, 0xff, 0xff, 0xff,
    0xff, 0xff, 0xff, 0xff, 0xff, 0xff, 0xff, 0xff, 0xff, 0xff, 0xff, 0xff,
    0xff, 0xff, 0xff, 0xff, 0xff, 0xff, 0xff, 0xff, 0xff, 0xff, 0xff, 0xff,
    0xff, 0xff, 0xff, 0xff, 0xff, 0xff, 0xff, 0xff, 0xff, 0xff, 0xff, 0xff,
    0xff, 0xff, 0xff, 0xff, 0xff, 0xff, 0xff, 0xff, 0xff, 0xff, 0xff, 0xff,
    0xd1, 0x72, 0x0d, 0x30, 0x0d, 0x30, 0x0e, 0x38, 0x0d, 0x30, 0x0d, 0x38,
    0x0e, 0x30, 0x0d, 0x30, 0x0d, 0x30, 0x0d, 0x30, 0x0e, 0x30, 0x0d, 0x30,
    0x0e, 0x30, 0x0d, 0x38, 0x0e, 0x30, 0x0d, 0x30, 0x0d, 0x30, 0x0e, 0x30,
    0x0d, 0x30, 0x0d, 0x30, 0x0d, 0x30, 0x0d, 0x38, 0x0d, 0x30, 0x0e, 0x30,
    0x0d, 0x38, 0x0d, 0x30, 0x0d, 0x30, 0x0e, 0x38, 0x0d, 0x38, 0x0e, 0x30,
    0x0d, 0x30, 0x0d, 0x38, 0x0d, 0x30, 0x0e, 0x30, 0x0d, 0x30, 0x0d, 0x30,
    0x0d, 0x38, 0x0d, 0x30, 0x0e, 0x30, 0x0d, 0x38, 0x0d, 0x30, 0x0d, 0x30,
    0x0e, 0x30, 0x0d, 0x30, 0x0e, 0x38, 0x0d, 0x30, 0x0e, 0x30, 0x0d, 0x30,
    0x0d, 0x30, 0x0d, 0x38, 0x0d, 0x30, 0x0d, 0x30, 0x0d, 0x38, 0x0d, 0x30,
    0x0d, 0x30, 0x0d, 0x38, 0x0d, 0x30, 0x86, 0x30, 0xa2, 0x10, 0x82, 0x10,
    0xa3, 0x10, 0xa2, 0x18, 0x82, 0x10, 0xa2, 0x18, 0xa3, 0x10, 0xa2, 0x10,
    0xa2, 0x18, 0xa3, 0x10, 0xa2, 0x18, 0xa2, 0x10, 0x83, 0x10, 0xa2, 0x18,
    0xa2, 0x10, 0x83, 0x10, 0xa2, 0x18, 0xa3, 0x10, 0xa2, 0x10, 0xa2, 0x18,
    0xa3, 0x10, 0xa2, 0x10, 0xa2, 0x18, 0xa3, 0x10, 0x82, 0x18, 0xa2, 0x10,
    0x83, 0x10, 0xa2, 0x18, 0xa2, 0x10, 0x83, 0x18, 0xa2, 0x10, 0xa2, 0x18,
    0xa3, 0x10, 0x82, 0x18, 0xa2, 0x10, 0xa3, 0x10, 0xa2, 0x18, 0xa3, 0x10,
    0x82, 0x10, 0xa3, 0x10, 0xa2, 0x18, 0xa3, 0x10, 0x82, 0x10, 0xa2, 0x18,
    0xa3, 0x10, 0x83, 0x18, 0xa2, 0x10, 0xa2, 0x10, 0xa3, 0x18, 0x82, 0x10,
    0xa2, 0x18, 0xa2, 0x10, 0x82, 0x10, 0xa3, 0x18, 0xa2, 0x10, 0xa3, 0x18,
    0x82, 0x10, 0x41, 0x08, 0x42, 0x08, 0x41, 0x08, 0x61, 0x08, 0x41, 0x10,
    0x41, 0x08, 0x41, 0x08, 0x61, 0x08, 0x41, 0x08, 0x41, 0x08, 0x61, 0x08,
    0x41, 0x08, 0x41, 0x08, 0x41, 0x08, 0x61, 0x08, 0xa3, 0x18, 0xa2, 0x10,
    0xa2, 0x10, 0xa3, 0x18, 0xa2, 0x10, 0xa2, 0x10, 0xa3, 0x18, 0x82, 0x10,
    0xa2, 0x18, 0xa3, 0x10, 0xa2, 0x10, 0xa2, 0x18, 0xa3, 0x10, 0xa2, 0x10,
    0xa2, 0x10, 0xe4, 0x20, 0xe4, 0x20, 0xe3, 0x18, 0x04, 0x21, 0xe4, 0x18,
    0xe3, 0x20, 0x04, 0x21, 0xe4, 0x18, 0xe4, 0x20, 0xe3, 0x20, 0x04, 0x19,
    0xe3, 0x20, 0xe3, 0x20, 0xe4, 0x18, 0xe4, 0x20, 0xa2, 0x10, 0xa2, 0x10,
    0xa3, 0x18, 0xa2, 0x10, 0xa2, 0x10, 0x83, 0x18, 0xa2, 0x10, 0xa2, 0x10,
    0xa3, 0x18, 0x82, 0x10, 0xa3, 0x10, 0xa2, 0x18, 0xa2, 0x10, 0xa3, 0x18,
    0x82, 0x10, 0xa2, 0x10, 0xa3, 0x18, 0x82, 0x10, 0xa2, 0x10, 0x83, 0x10,
    0xa2, 0x18, 0xa3, 0x10, 0xa2, 0x18, 0xa2, 0x10, 0xa3, 0x10, 0xa2, 0x18,
    0xa3, 0x10, 0xa2, 0x18, 0x82, 0x10, 0xa3, 0x10, 0xa2, 0x18, 0x82, 0x10,
    0xa3, 0x18, 0xa2, 0x10, 0xa2, 0x10, 0x83, 0x18, 0xa2, 0x10, 0x83, 0x18,
    0xa2, 0x10, 0xa2, 0x10, 0xa3, 0x18, 0xa2, 0x10, 0xa2, 0x10, 0x83, 0x18,
    0xa2, 0x10, 0xa2, 0x10, 0x09, 0x01, 0x29, 0x01, 0x2a, 0x01, 0x0a, 0x01,
    0x09, 0x01, 0x2a, 0x01, 0x0a, 0x01, 0x29, 0x01, 0x09, 0x01, 0x0a, 0x01,
    0x09, 0x01, 0x29, 0x01, 0x0a, 0x01, 0x29, 0x01, 0x0a, 0x01, 0x09, 0x01,
    0x29, 0x01, 0x0a, 0x01, 0x09, 0x01, 0x0a, 0x01, 0x0a, 0x01, 0x09, 0x01,
    0x0a, 0x01, 0x29, 0x01, 0x09, 0x01, 0x0a, 0x01, 0x29, 0x01, 0x09, 0x01,
    0x0a, 0x01, 0x2a, 0x01, 0x09, 0x01, 0x09, 0x01, 0x0a, 0x01, 0x09, 0x01,
    0x0a, 0x01, 0x0a, 0x01, 0x09, 0x01, 0x2a, 0x01, 0x09, 0x01, 0x0a, 0x01,
    0x09, 0x01, 0x0a, 0x01, 0x29, 0x01, 0x09, 0x01, 0x0a, 0x01, 0x09, 0x01,
    0x2a, 0x01, 0x0a, 0x01, 0x29, 0x01, 0x0a, 0x01, 0x09, 0x01, 0x09, 0x01,
    0x2a, 0x01, 0x09, 0x01, 0x09, 0x01, 0x0a, 0x01, 0x2a, 0x01, 0xff, 0xff,
    0xff, 0xff, 0xff, 0xff, 0xff, 0xff, 0xff, 0xff, 0xff, 0xff, 0xff, 0xff,
    0xff, 0xff, 0xff, 0xff, 0xff, 0xff, 0xff, 0xff, 0xff, 0xff, 0xff, 0xff,
    0xff, 0xff, 0xff, 0xff, 0xff, 0xff, 0xff, 0xff, 0xff, 0xff, 0xff, 0xff,
    0xff, 0xff, 0xff, 0xff, 0xff, 0xff, 0xff, 0xff, 0xff, 0xff, 0xff, 0xff,
    0xff, 0xff, 0xff, 0xff, 0xff, 0xff, 0xff, 0xff, 0xff, 0xff, 0xff, 0xff,
    0xff, 0xff, 0xff, 0xff, 0xff, 0xff, 0xff, 0xff, 0xff, 0xff, 0xff, 0xff,
    0xff, 0xff, 0xff, 0xff, 0xff, 0xff, 0xff, 0xff, 0xff, 0xff, 0xff, 0xff,
    0xff, 0xff, 0xff, 0xff, 0xff, 0xff, 0xff, 0xff, 0xff, 0xff, 0xff, 0xff,
    0xff, 0xff, 0xff, 0xff, 0xff, 0xff, 0xff, 0xff, 0xff, 0xff, 0xff, 0xff,
    0xff, 0xff, 0xff, 0xff, 0xd1, 0x72, 0x0d, 0x30, 0x0d, 0x30, 0x0d, 0x30,
    0x0d, 0x30, 0x0e, 0x38, 0x0d, 0x30, 0x0e, 0x30, 0x0d, 0x38, 0x0d, 0x30,
    0x0d, 0x38, 0x0d, 0x30, 0x0d, 0x30, 0x0e, 0x38, 0x0d, 0x30, 0x0d, 0x38,
    0x0e, 0x38, 0x0d, 0x30, 0x0e, 0x30, 0x0d, 0x38, 0x0d, 0x30, 0x0e, 0x30,
    0x0d, 0x30, 0x0d, 0x30, 0x0e, 0x30, 0x0d, 0x30, 0x0d, 0x30, 0x0d, 0x30,
    0x0d, 0x30, 0x0d, 0x30, 0x0e, 0x30, 0x0d, 0x30, 0x0d, 0x38, 0x0d, 0x30,
    0x0e, 0x30, 0x0d, 0x30, 0x0d, 0x30, 0x0e, 0x30, 0x0d, 0x30, 0x0d, 0x30,
    0x0d, 0x38, 0x0d, 0x30, 0x0d, 0x30, 0x0d, 0x38, 0x0d, 0x30, 0x0e, 0x30,
    0x0d, 0x38, 0x0d, 0x30, 0x0e, 0x30, 0x0d, 0x30, 0x0e, 0x30, 0x0e, 0x30,
    0x0d, 0x30, 0x0e, 0x30, 0x0d, 0x38, 0x0d, 0x30, 0x0e, 0x30, 0x86, 0x30,
    0xa2, 0x10, 0xa2, 0x18, 0xa3, 0x10, 0xa2, 0x10, 0xa3, 0x18, 0x82, 0x10,
    0xa2, 0x10, 0x83, 0x18, 0xa2, 0x10, 0x83, 0x10, 0xa2, 0x18, 0xa2, 0x10,
    0x83, 0x18, 0xa2, 0x10, 0xa2, 0x18, 0xa3, 0x10, 0xa2, 0x10, 0x82, 0x18,
    0xa3, 0x10, 0x82, 0x10, 0xa3, 0x18, 0x82, 0x10, 0xa2, 0x10, 0xa3, 0x18,
    0xa2, 0x10, 0xa3, 0x10, 0xa2, 0x18, 0x82, 0x10, 0xa3, 0x10, 0xa3, 0x18,
    0xa2, 0x10, 0xa2, 0x10, 0xa3, 0x18, 0xa2, 0x10, 0x82, 0x18, 0xa3, 0x10,
    0xa2, 0x10, 0x82, 0x18, 0xa3, 0x10, 0xa2, 0x10, 0x82, 0x18, 0xa3, 0x10,
    0xa2, 0x10, 0xa2, 0x18, 0x83, 0x10, 0xa2, 0x10, 0xa2, 0x18, 0xa3, 0x10,
    0x82, 0x10, 0xa2, 0x18, 0xa3, 0x10, 0xa2, 0x10, 0x83, 0x18, 0xa2, 0x10,
    0xa2, 0x10, 0xa3, 0x10, 0x82, 0x10, 0x41, 0x08, 0x41, 0x10, 0x61, 0x08,
    0x41, 0x08, 0x41, 0x08, 0x61, 0x08, 0x41, 0x08, 0x41, 0x10, 0x41, 0x08,
    0x61, 0x08, 0x41, 0x10, 0x41, 0x08, 0x41, 0x08, 0x41, 0x08, 0x62, 0x10,
    0xa2, 0x10, 0x82, 0x10, 0xa3, 0x18, 0xa2, 0x10, 0x82, 0x10, 0xa3, 0x18,
    0xa3, 0x10, 0xa2, 0x10, 0xa2, 0x18, 0x83, 0x10, 0xa2, 0x10, 0x83, 0x18,
    0xa2, 0x18, 0x83, 0x10, 0xa2, 0x10, 0xe4, 0x20, 0xe4, 0x20, 0x03, 0x19,
    0xe4, 0x20, 0xe4, 0x20, 0xe3, 0x18, 0xe3, 0x20, 0xe4, 0x20, 0xe4, 0x18,
    0xe3, 0x20, 0xe4, 0x18, 0xe4, 0x20, 0x03, 0x21, 0xe4, 0x18, 0xe4, 0x20,
    0xa2, 0x10, 0xa2, 0x18, 0xa3, 0x10, 0x82, 0x18, 0xa3, 0x10, 0xa2, 0x10,
    0x82, 0x10, 0xa3, 0x18, 0xa2, 0x10, 0x82, 0x10, 0xa3, 0x18, 0xa2, 0x10,
    0x83, 0x10, 0xa2, 0x18, 0xa2, 0x10, 0xa3, 0x18, 0xa3, 0x18, 0xa2, 0x10,
    0xa2, 0x10, 0x83, 0x18, 0xa2, 0x10, 0xa2, 0x10, 0x83, 0x18, 0x82, 0x10,
    0xa2, 0x10, 0x82, 0x18, 0xa3, 0x10, 0xa2, 0x10, 0x82, 0x18, 0xa3, 0x10,
    0xa2, 0x10, 0x82, 0x18, 0xa3, 0x10, 0xa2, 0x10, 0x82, 0x18, 0xa3, 0x10,
    0xa2, 0x10, 0xa2, 0x18, 0x83, 0x10, 0xa2, 0x10, 0x83, 0x18, 0xa2, 0x10,
    0xa3, 0x10, 0xa3, 0x18, 0x82, 0x18, 0xa3, 0x10, 0x09, 0x01, 0x0a, 0x01,
    0x09, 0x01, 0x09, 0x01, 0x2a, 0x01, 0x09, 0x01, 0x0a, 0x01, 0x29, 0x01,
    0x0a, 0x01, 0x0a, 0x01, 0x09, 0x01, 0x0a, 0x01, 0x09, 0x01, 0x29, 0x01,
    0x0a, 0x01, 0x0a, 0x01, 0x09, 0x01, 0x0a, 0x01, 0x29, 0x01, 0x29, 0x01,
    0x0a, 0x01, 0x0a, 0x01, 0x09, 0x01, 0x0a, 0x01, 0x0a, 0x01, 0x09, 0x01,
    0x0a, 0x01, 0x09, 0x01, 0x2a, 0x01, 0x09, 0x01, 0x0a, 0x01, 0x2a, 0x01,
    0x09, 0x01, 0x29, 0x01, 0x0a, 0x01, 0x09, 0x01, 0x0a, 0x01, 0x0a, 0x01,
    0x29, 0x01, 0x09, 0x01, 0x0a, 0x01, 0x2a, 0x01, 0x09, 0x01, 0x0a, 0x01,
    0x09, 0x01, 0x29, 0x01, 0x0a, 0x01, 0x09, 0x01, 0x0a, 0x01, 0x2a, 0x01,
    0x09, 0x01, 0x0a, 0x01, 0x0a, 0x01, 0x29, 0x01, 0x09, 0x01, 0x0a, 0x01,
    0x09, 0x01, 0xff, 0xff, 0xff, 0xff, 0xff, 0xff, 0xff, 0xff, 0xff, 0xff,
    0xff, 0xff, 0xff, 0xff, 0xff, 0xff, 0xff, 0xff, 0xff, 0xff, 0xff, 0xff,
    0xff, 0xff, 0xff, 0xff, 0xff, 0xff, 0xff, 0xff, 0xff, 0xff, 0xff, 0xff,
    0xff, 0xff, 0xff, 0xff, 0xff, 0xff, 0xff, 0xff, 0xff, 0xff, 0xff, 0xff,
    0xff, 0xff, 0xff, 0xff, 0xff, 0xff, 0xff, 0xff, 0xff, 0xff, 0xff, 0xff,
    0xff, 0xff, 0xff, 0xff, 0xff, 0xff, 0xff, 0xff, 0xff, 0xff, 0xff, 0xff,
    0xff, 0xff, 0xff, 0xff, 0xff, 0xff, 0xff, 0xff, 0xff, 0xff, 0xff, 0xff,
    0xff, 0xff, 0xff, 0xff, 0xff, 0xff, 0xff, 0xff, 0xff, 0xff, 0xff, 0xff,
    0xff, 0xff, 0xff, 0xff, 0xff, 0xff, 0xff, 0xff, 0xff, 0xff, 0xff, 0xff,
    0xff, 0xff, 0xff, 0xff, 0xff, 0xff, 0xff, 0xff, 0xd1, 0x72, 0x0d, 0x30,
    0x0d, 0x30, 0x0e, 0x30, 0x0d, 0x30, 0x0d, 0x30, 0x0d, 0x38, 0x0d, 0x30,
    0x0e, 0x30, 0x0d, 0x38, 0x0d, 0x30, 0x0e, 0x30, 0x0d, 0x30, 0x0d, 0x30,
    0x0d, 0x30, 0x0d, 0x30, 0x0d, 0x30, 0x0d, 0x30, 0x0d, 0x38, 0x0e, 0x30,
    0x0d, 0x30, 0x0d, 0x38, 0x0d, 0x30, 0x0d, 0x38, 0x0e, 0x30, 0x0d, 0x30,
    0x0d, 0x38, 0x0e, 0x30, 0x0d, 0x30, 0x0d, 0x38, 0x0d, 0x30, 0x0e, 0x30,
    0x0d, 0x30, 0x0d, 0x38, 0x0d, 0x30, 0x0e, 0x38, 0x0d, 0x30, 0x0d, 0x38,
    0x0d, 0x30, 0x0e, 0x30, 0x0e, 0x30, 0x0d, 0x38, 0x0d, 0x30, 0x0e, 0x30,
    0x0d, 0x30, 0x0d, 0x30, 0x0d, 0x38, 0x0d, 0x30, 0x0d, 0x30, 0x0d, 0x38,
    0x0d, 0x38, 0x0d, 0x30, 0x0d, 0x30, 0x0e, 0x38, 0x0d, 0x30, 0x0d, 0x30,
    0x0d, 0x30, 0x86, 0x30, 0xa2, 0x10, 0x83, 0x18, 0xa2, 0x10, 0xa2, 0x10,
    0x83, 0x18, 0xa3, 0x10, 0xa2, 0x18, 0xa2, 0x10, 0xa3, 0x10, 0x82, 0x18,
    0xa2, 0x10, 0xa3, 0x10, 0xa2, 0x18, 0x83, 0x10, 0xa2, 0x10, 0xa2, 0x18,
    0x83, 0x10, 0xa2, 0x18, 0xa2, 0x10, 0xa3, 0x10, 0x82, 0x18, 0xa3, 0x10,
    0xa2, 0x10, 0x82, 0x18, 0xa3, 0x10, 0xa2, 0x18, 0xa2, 0x10, 0xa3, 0x10,
    0x82, 0x18, 0xa2, 0x10, 0x83, 0x10, 0x82, 0x18, 0xa3, 0x10, 0xa2, 0x10,
    0xa3, 0x18, 0x82, 0x10, 0xa2, 0x10, 0xa3, 0x18, 0xa2, 0x10, 0xa2, 0x18,
    0xa3, 0x10, 0x82, 0x10, 0xa3, 0x18, 0xa2, 0x10, 0xa2, 0x10, 0xa3, 0x18,
    0xa2, 0x10, 0x83, 0x18, 0xa2, 0x10, 0xa3, 0x10, 0xa2, 0x18, 0x83, 0x10,
    0xa2, 0x18, 0xa2, 0x10, 0x83, 0x18, 0xa2, 0x18, 0x82, 0x10, 0x41, 0x08,
    0x61, 0x08, 0x41, 0x08, 0x42, 0x08, 0x41, 0x08, 0x61, 0x08, 0x42, 0x08,
    0x41, 0x08, 0x41, 0x08, 0x42, 0x08, 0x41, 0x08, 0x61, 0x08, 0x41, 0x08,
    0x41, 0x08, 0x62, 0x10, 0xa2, 0x10, 0xa3, 0x18, 0x82, 0x18, 0xa3, 0x10,
    0xa2, 0x10, 0x82, 0x18, 0xa2, 0x10, 0xa3, 0x10, 0x82, 0x18, 0xa2, 0x10,
    0xa3, 0x10, 0xa2, 0x18, 0xa2, 0x10, 0xa3, 0x10, 0xa2, 0x18, 0xe4, 0x20,
    0xe4, 0x18, 0xe3, 0x20, 0xe4, 0x20, 0x04, 0x19, 0xe3, 0x18, 0xe4, 0x20,
    0x04, 0x21, 0x03, 0x19, 0xe4, 0x20, 0xe4, 0x20, 0x04, 0x19, 0xe3, 0x20,
    0xe4, 0x20, 0xe4, 0x20, 0xa2, 0x10, 0xa2, 0x10, 0x83, 0x18, 0xa2, 0x10,
    0xa2, 0x18, 0xa3, 0x10, 0xa2, 0x18, 0xa3, 0x10, 0xa2, 0x10, 0xa2, 0x18,
    0xa3, 0x18, 0x82, 0x10, 0xa2, 0x10, 0xa3, 0x18, 0x82, 0x10, 0xa2, 0x10,
    0x83, 0x10, 0xa2, 0x18, 0xa2, 0x10, 0xa3, 0x18, 0xa2, 0x10, 0xa2, 0x10,
    0xa3, 0x18, 0xa3, 0x10, 0xa2, 0x10, 0x82, 0x18, 0xa3, 0x10, 0xa2, 0x10,
    0xa3, 0x18, 0xa2, 0x10, 0xa3, 0x10, 0xa2, 0x18, 0xa3, 0x10, 0x82, 0x18,
    0xa2, 0x10, 0xa3, 0x10, 0xa2, 0x18, 0xa2, 0x10, 0xa3, 0x18, 0x82, 0x10,
    0xa2, 0x18, 0xa3, 0x10, 0xa2, 0x10, 0xa2, 0x18, 0xa2, 0x10, 0xa2, 0x10,
    0x0a, 0x01, 0x0a, 0x01, 0x09, 0x01, 0x0a, 0x01, 0x2a, 0x01, 0x09, 0x01,
    0x09, 0x01, 0x0a, 0x01, 0x29, 0x01, 0x09, 0x01, 0x2a, 0x01, 0x0a, 0x01,
    0x09, 0x01, 0x0a, 0x01, 0x2a, 0x01, 0x09, 0x01, 0x0a, 0x01, 0x0a, 0x01,
    0x09, 0x01, 0x09, 0x01, 0x2a, 0x01, 0x09, 0x01, 0x29, 0x01, 0x0a, 0x01,
    0x29, 0x01, 0x0a, 0x01, 0x0a, 0x01, 0x29, 0x01, 0x09, 0x01, 0x0a, 0x01,
    0x09, 0x01, 0x0a, 0x01, 0x2a, 0x01, 0x09, 0x01, 0x29, 0x01, 0x0a, 0x01,
    0x09, 0x01, 0x2a, 0x01, 0x09, 0x01, 0x0a, 0x01, 0x29, 0x01, 0x09, 0x01,
    0x0a, 0x01, 0x0a, 0x01, 0x29, 0x01, 0x0a, 0x01, 0x09, 0x01, 0x09, 0x01,
    0x0a, 0x01, 0x09, 0x01, 0x29, 0x01, 0x0a, 0x01, 0x09, 0x01, 0x0a, 0x01,
    0x2a, 0x01, 0x09, 0x01, 0x09, 0x01, 0xff, 0xff, 0xff, 0xff, 0xff, 0xff,
    0xff, 0xff, 0xff, 0xff, 0xff, 0xff, 0xff, 0xff, 0xff, 0xff, 0xff, 0xff,
    0xff, 0xff, 0xff, 0xff, 0xff, 0xff, 0xff, 0xff, 0xff, 0xff, 0xff, 0xff,
    0xff, 0xff, 0xff, 0xff, 0xff, 0xff, 0xff, 0xff, 0xff, 0xff, 0xff, 0xff,
    0xff, 0xff, 0xff, 0xff, 0xff, 0xff, 0xff, 0xff, 0xff, 0xff, 0xff, 0xff,
    0xff, 0xff, 0xff, 0xff, 0xff, 0xff, 0xff, 0xff, 0xff, 0xff, 0xff, 0xff,
    0xff, 0xff, 0xff, 0xff, 0xff, 0xff, 0xff, 0xff, 0xff, 0xff, 0xff, 0xff,
    0xff, 0xff, 0xff, 0xff, 0xff, 0xff, 0xff, 0xff, 0xff, 0xff, 0xff, 0xff,
    0xff, 0xff, 0xff, 0xff, 0xff, 0xff, 0xff, 0xff, 0xff, 0xff, 0xff, 0xff,
    0xff, 0xff, 0xff, 0xff, 0xff, 0xff, 0xff, 0xff, 0xff, 0xff, 0xff, 0xff,
    0xd1, 0x72, 0x0d, 0x30, 0x0d, 0x38, 0x0e, 0x38, 0x0d, 0x30, 0x0d, 0x30,
    0x0d, 0x30, 0x0d, 0x30, 0x0e, 0x30, 0x0d, 0x30, 0x0d, 0x30, 0x0e, 0x38,
    0x0d, 0x30, 0x0d, 0x30, 0x0e, 0x38, 0x0d, 0x30, 0x0e, 0x30, 0x0d, 0x30,
    0x0d, 0x30, 0x0d, 0x30, 0x0e, 0x30, 0x0d, 0x30, 0x0d, 0x30, 0x0e, 0x38,
    0x0d, 0x30, 0x0d, 0x30, 0x0d, 0x38, 0x0e, 0x30, 0x0d, 0x30, 0x0d, 0x38,
    0x0e, 0x30, 0x0d, 0x30, 0x0d, 0x38, 0x0d, 0x30, 0x0d, 0x30, 0x0d, 0x30,
    0x0e, 0x38, 0x0d, 0x30, 0x0d, 0x30, 0x0d, 0x30, 0x0d, 0x38, 0x0d, 0x30,
    0x0e, 0x30, 0x0d, 0x38, 0x0d, 0x30, 0x0d, 0x30, 0x0e, 0x30, 0x0d, 0x30,
    0x0e, 0x30, 0x0d, 0x30, 0x0d, 0x30, 0x0d, 0x30, 0x0d, 0x38, 0x0d, 0x30,
    0x0e, 0x30, 0x0d, 0x30, 0x0d, 0x30, 0x86, 0x30, 0xa2, 0x10, 0x82, 0x10,
    0xa3, 0x18, 0xa2, 0x10, 0xa2, 0x10, 0xa3, 0x18, 0xa2, 0x10, 0xa2, 0x18,
    0xa3, 0x10, 0xa2, 0x18, 0x83, 0x10, 0xa2, 0x10, 0xa2, 0x18, 0xa3, 0x10,
    0x82, 0x10, 0xa3, 0x18, 0xa2, 0x10, 0xa3, 0x10, 0xa2, 0x18, 0xa2, 0x10,
    0xa3, 0x18, 0xa2, 0x10, 0xa3, 0x18, 0x82, 0x10, 0xa2, 0x10, 0x83, 0x18,
    0xa2, 0x10, 0xa3, 0x18, 0xa2, 0x10, 0xa2, 0x10, 0xa3, 0x18, 0xa2, 0x10,
    0x82, 0x10, 0xa3, 0x18, 0xa2, 0x10, 0xa2, 0x10, 0x83, 0x18, 0xa2, 0x10,
    0x82, 0x10, 0xa3, 0x18, 0xa2, 0x10, 0xa2, 0x18, 0x83, 0x10, 0xa2, 0x18,
    0xa2, 0x10, 0x83, 0x10, 0xa2, 0x18, 0xa2, 0x10, 0xa3, 0x18, 0xa2, 0x10,
    0x82, 0x10, 0xa3, 0x18, 0xa2, 0x10, 0xa2, 0x10, 0xa3, 0x10, 0xa2, 0x18,
    0x82, 0x10, 0x41, 0x08, 0x41, 0x08, 0x41, 0x08, 0x41, 0x10, 0x61, 0x08,
    0x41, 0x08, 0x41, 0x10, 0x61, 0x08, 0x61, 0x08, 0x41, 0x08, 0x41, 0x08,
    0x62, 0x10, 0x41, 0x08, 0x41, 0x08, 0x62, 0x10, 0xa2, 0x10, 0xa2, 0x10,
    0xa3, 0x10, 0xa2, 0x18, 0xa3, 0x10, 0x82, 0x18, 0xa2, 0x10, 0xa3, 0x18,
    0xa2, 0x10, 0xa2, 0x18, 0x83, 0x10, 0xa2, 0x10, 0xa2, 0x18, 0x82, 0x10,
    0xa2, 0x10, 0xe4, 0x20, 0xe3, 0x18, 0xe4, 0x20, 0x03, 0x21, 0xe4, 0x18,
    0xe4, 0x20, 0xe3, 0x20, 0xe4, 0x18, 0xe3, 0x20, 0x04, 0x21, 0xe3, 0x18,
    0xe3, 0x20, 0xe4, 0x18, 0x04, 0x21, 0xe3, 0x20, 0xa2, 0x10, 0xa3, 0x10,
    0xa2, 0x10, 0xa2, 0x18, 0x83, 0x10, 0xa2, 0x10, 0xa2, 0x18, 0x83, 0x10,
    0x82, 0x10, 0xa3, 0x18, 0xa2, 0x10, 0xa2, 0x10, 0xa3, 0x18, 0xa2, 0x10,
    0xa2, 0x10, 0xa3, 0x18, 0xa2, 0x10, 0x82, 0x10, 0xa3, 0x18, 0x82, 0x10,
    0xa3, 0x10, 0x82, 0x18, 0xa2, 0x10, 0xa3, 0x18, 0xa2, 0x10, 0xa3, 0x18,
    0x82, 0x10, 0xa2, 0x18, 0xa3, 0x10, 0x82, 0x18, 0xa2, 0x10, 0xa3, 0x10,
    0x82, 0x18, 0xa3, 0x10, 0xa2, 0x10, 0x83, 0x18, 0xa2, 0x10, 0xa3, 0x10,
    0xa2, 0x18, 0xa2, 0x10, 0xa3, 0x10, 0x82, 0x18, 0x82, 0x10, 0xa3, 0x10,
    0xa2, 0x18, 0x82, 0x10, 0x09, 0x01, 0x29, 0x01, 0x0a, 0x01, 0x09, 0x01,
    0x0a, 0x01, 0x09, 0x01, 0x0a, 0x01, 0x0a, 0x01, 0x09, 0x01, 0x09, 0x01,
    0x2a, 0x01, 0x09, 0x01, 0x09, 0x01, 0x0a, 0x01, 0x09, 0x01, 0x29, 0x01,
    0x0a, 0x01, 0x29, 0x01, 0x0a, 0x01, 0x0a, 0x01, 0x09, 0x01, 0x0a, 0x01,
    0x0a, 0x01, 0x29, 0x01, 0x09, 0x01, 0x0a, 0x01, 0x29, 0x01, 0x0a, 0x01,
    0x0a, 0x01, 0x29, 0x01, 0x09, 0x01, 0x0a, 0x01, 0x09, 0x01, 0x0a, 0x01,
    0x0a, 0x01, 0x29, 0x01, 0x09, 0x01, 0x0a, 0x01, 0x0a, 0x01, 0x09, 0x01,
    0x0a, 0x01, 0x09, 0x01, 0x2a, 0x01, 0x09, 0x01, 0x0a, 0x01, 0x0a, 0x01,
    0x29, 0x01, 0x0a, 0x01, 0x0a, 0x01, 0x29, 0x01, 0x0a, 0x01, 0x09, 0x01,
    0x29, 0x01, 0x0a, 0x01, 0x0a, 0x01, 0x29, 0x01, 0x0a, 0x01, 0xff, 0xff,
    0xff, 0xff, 0xff, 0xff, 0xff, 0xff, 0xff, 0xff, 0xff, 0xff, 0xff, 0xff,
    0xff, 0xff, 0xff, 0xff, 0xff, 0xff, 0xff, 0xff, 0xff, 0xff, 0xff, 0xff,
    0xff, 0xff, 0xff, 0xff, 0xff, 0xff, 0xff, 0xff, 0xff, 0xff, 0xff, 0xff,
    0xff, 0xff, 0xff, 0xff, 0xff, 0xff, 0xff, 0xff, 0xff, 0xff, 0xff, 0xff,
    0xff, 0xff, 0xff, 0xff, 0xff, 0xff, 0xff, 0xff, 0xff, 0xff, 0xff, 0xff,
    0xff, 0xff, 0xff, 0xff, 0xff, 0xff, 0xff, 0xff, 0xff, 0xff, 0xff, 0xff,
    0xff, 0xff, 0xff, 0xff, 0xff, 0xff, 0xff, 0xff, 0xff, 0xff, 0xff, 0xff,
    0xff, 0xff, 0xff, 0xff, 0xff, 0xff, 0xff, 0xff, 0xff, 0xff, 0xff, 0xff,
    0xff, 0xff, 0xff, 0xff, 0xff, 0xff, 0xff, 0xff, 0xff, 0xff, 0xff, 0xff,
    0xff, 0xff, 0xff, 0xff, 0xd1, 0x72, 0x0d, 0x30, 0x0d, 0x30, 0x0d, 0x30,
    0x0e, 0x30, 0x0d, 0x38, 0x0e, 0x30, 0x0d, 0x38, 0x0d, 0x30, 0x0d, 0x30,
    0x0d, 0x38, 0x0d, 0x30, 0x0d, 0x30, 0x0e, 0x38, 0x0d, 0x30, 0x0d, 0x30,
    0x0d, 0x38, 0x0e, 0x38, 0x0d, 0x30, 0x0d, 0x38, 0x0d, 0x30, 0x0e, 0x30,
    0x0d, 0x30, 0x0d, 0x30, 0x0d, 0x30, 0x0d, 0x30, 0x0e, 0x30, 0x0d, 0x30,
    0x0d, 0x30, 0x0d, 0x30, 0x0d, 0x38, 0x0d, 0x30, 0x0e, 0x30, 0x0e, 0x30,
    0x0d, 0x30, 0x0d, 0x30, 0x0d, 0x30, 0x0e, 0x30, 0x0d, 0x38, 0x0d, 0x30,
    0x0d, 0x30, 0x0e, 0x30, 0x0d, 0x30, 0x0d, 0x38, 0x0d, 0x30, 0x0e, 0x30,
    0x0d, 0x38, 0x0d, 0x38, 0x0e, 0x30, 0x0d, 0x30, 0x0e, 0x30, 0x0e, 0x38,
    0x0d, 0x30, 0x0d, 0x30, 0x0d, 0x38, 0x0d, 0x30, 0x0d, 0x30, 0x86, 0x30,
    0xa2, 0x10, 0xa2, 0x10, 0x83, 0x18, 0xa2, 0x10, 0xa2, 0x10, 0x83, 0x18,
    0x82, 0x10, 0xa2, 0x10, 0x83, 0x18, 0xa2, 0x10, 0xa2, 0x18, 0x83, 0x10,
    0xa2, 0x10, 0xa2, 0x18, 0xa3, 0x10, 0xa2, 0x18, 0x82, 0x10, 0xa3, 0x10,
    0x82, 0x18, 0x82, 0x10, 0xa3, 0x10, 0xa2, 0x18, 0x82, 0x10, 0xa3, 0x10,
    0xa2, 0x18, 0xa2, 0x10, 0x83, 0x10, 0xa2, 0x18, 0xa2, 0x10, 0x83, 0x18,
    0xa2, 0x18, 0xa2, 0x10, 0xa3, 0x10, 0x82, 0x18, 0xa2, 0x10, 0xa3, 0x18,
    0xa3, 0x18, 0xa2, 0x10, 0xa2, 0x10, 0x83, 0x18, 0xa2, 0x10, 0xa2, 0x10,
    0xa3, 0x18, 0x82, 0x10, 0xa3, 0x18, 0xa2, 0x10, 0x82, 0x10, 0xa3, 0x18,
    0xa2, 0x10, 0x82, 0x10, 0xa3, 0x18, 0xa2, 0x10, 0x82, 0x10, 0xa3, 0x18,
    0xa2, 0x10, 0xa3, 0x10, 0x82, 0x10, 0x41, 0x08, 0x62, 0x08, 0x41, 0x08,
    0x41, 0x08, 0x41, 0x08, 0x41, 0x08, 0x41, 0x08, 0x41, 0x08, 0x42, 0x08,
    0x41, 0x10, 0x41, 0x08, 0x41, 0x08, 0x41, 0x08, 0x41, 0x08, 0x62, 0x10,
    0xa2, 0x10, 0x82, 0x10, 0xa3, 0x18, 0xa2, 0x10, 0x82, 0x10, 0xa3, 0x10,
    0xa3, 0x18, 0x82, 0x10, 0xa3, 0x10, 0xa2, 0x18, 0x83, 0x10, 0xa3, 0x10,
    0xa2, 0x18, 0xa3, 0x10, 0xa2, 0x10, 0xe4, 0x20, 0xe4, 0x20, 0x03, 0x19,
    0xe4, 0x20, 0xe4, 0x20, 0x03, 0x21, 0xe4, 0x18, 0xe4, 0x20, 0xe4, 0x18,
    0xe3, 0x20, 0x04, 0x21, 0xe4, 0x18, 0xe4, 0x20, 0xe3, 0x18, 0xe4, 0x20,
    0xa2, 0x10, 0xa3, 0x10, 0xa2, 0x18, 0x82, 0x10, 0xa3, 0x10, 0xa2, 0x18,
    0xa2, 0x10, 0xa3, 0x18, 0xa2, 0x10, 0x82, 0x10, 0xa3, 0x18, 0xa2, 0x10,
    0x83, 0x18, 0x82, 0x10, 0xa3, 0x18, 0xa2, 0x18, 0xa2, 0x10, 0xa3, 0x10,
    0xa2, 0x18, 0xa2, 0x10, 0x83, 0x18, 0xa2, 0x10, 0xa2, 0x10, 0x82, 0x10,
    0xa3, 0x18, 0xa2, 0x10, 0xa2, 0x10, 0x83, 0x18, 0xa2, 0x10, 0xa2, 0x10,
    0x83, 0x18, 0xa2, 0x10, 0xa2, 0x10, 0xa2, 0x18, 0xa3, 0x10, 0x82, 0x18,
    0xa2, 0x10, 0x83, 0x10, 0x82, 0x18, 0xa3, 0x10, 0xa2, 0x10, 0xa2, 0x18,
    0xa3, 0x10, 0x83, 0x10, 0xa2, 0x18, 0xa3, 0x10, 0x09, 0x01, 0x0a, 0x01,
    0x2a, 0x01, 0x09, 0x01, 0x09, 0x01, 0x2a, 0x01, 0x29, 0x01, 0x0a, 0x01,
    0x0a, 0x01, 0x09, 0x01, 0x0a, 0x01, 0x2a, 0x01, 0x09, 0x01, 0x0a, 0x01,
    0x29, 0x01, 0x0a, 0x01, 0x09, 0x01, 0x09, 0x01, 0x2a, 0x01, 0x09, 0x01,
    0x09, 0x01, 0x2a, 0x01, 0x0a, 0x01, 0x09, 0x01, 0x0a, 0x01, 0x09, 0x01,
    0x09, 0x01, 0x0a, 0x01, 0x0a, 0x01, 0x09, 0x01, 0x2a, 0x01, 0x09, 0x01,
    0x09, 0x01, 0x0a, 0x01, 0x0a, 0x01, 0x09, 0x01, 0x2a, 0x01, 0x09, 0x01,
    0x09, 0x01, 0x2a, 0x01, 0x0a, 0x01, 0x09, 0x01, 0x09, 0x01, 0x2a, 0x01,
    0x09, 0x01, 0x09, 0x01, 0x2a, 0x01, 0x09, 0x01, 0x09, 0x01, 0x2a, 0x01,
    0x0a, 0x01, 0x09, 0x01, 0x0a, 0x01, 0x09, 0x01, 0x09, 0x01, 0x0a, 0x01,
    0x2a, 0x01, 0xff, 0xff, 0xff, 0xff, 0xff, 0xff, 0xff, 0xff, 0xff, 0xff,
    0xff, 0xff, 0xff, 0xff, 0xff, 0xff, 0xff, 0xff, 0xff, 0xff, 0xff, 0xff,
    0xff, 0xff, 0xff, 0xff, 0xff, 0xff, 0xff, 0xff, 0xff, 0xff, 0xff, 0xff,
    0xff, 0xff, 0xff, 0xff, 0xff, 0xff, 0xff, 0xff, 0xff, 0xff, 0xff, 0xff,
    0xff, 0xff, 0xff, 0xff, 0xff, 0xff, 0xff, 0xff, 0xff, 0xff, 0xff, 0xff,
    0xff, 0xff, 0xff, 0xff, 0xff, 0xff, 0xff, 0xff, 0xff, 0xff, 0xff, 0xff,
    0xff, 0xff, 0xff, 0xff, 0xff, 0xff, 0xff, 0xff, 0xff, 0xff, 0xff, 0xff,
    0xff, 0xff, 0xff, 0xff, 0xff, 0xff, 0xff, 0xff, 0xff, 0xff, 0xff, 0xff,
    0xff, 0xff, 0xff, 0xff, 0xff, 0xff, 0xff, 0xff, 0xff, 0xff, 0xff, 0xff,
    0xff, 0xff, 0xff, 0xff, 0xff, 0xff, 0xff, 0xff, 0xd1, 0x72, 0x0d, 0x30,
    0x0d, 0x30, 0x0d, 0x30, 0x0d, 0x30, 0x0d, 0x30, 0x0d, 0x38, 0x0e, 0x30,
    0x0d, 0x30, 0x0e, 0x38, 0x0d, 0x30, 0x0d, 0x30, 0x0e, 0x30, 0x0d, 0x30,
    0x0d, 0x30, 0x0d, 0x30, 0x0d, 0x30, 0x0d, 0x30, 0x0e, 0x30, 0x0d, 0x30,
    0x0d, 0x38, 0x0d, 0x38, 0x0e, 0x30, 0x0d, 0x38, 0x0d, 0x30, 0x0e, 0x38,
    0x0d, 0x30, 0x0d, 0x38, 0x0e, 0x30, 0x0d, 0x30, 0x0d, 0x30, 0x0d, 0x38,
    0x0d, 0x30, 0x0d, 0x38, 0x0e, 0x38, 0x0d, 0x30, 0x0d, 0x30, 0x0d, 0x38,
    0x0e, 0x30, 0x0d, 0x30, 0x0d, 0x38, 0x0d, 0x30, 0x0d, 0x30, 0x0e, 0x30,
    0x0d, 0x30, 0x0d, 0x30, 0x0d, 0x30, 0x0d, 0x30, 0x0d, 0x38, 0x0d, 0x30,
    0x0d, 0x30, 0x0d, 0x38, 0x0e, 0x30, 0x0d, 0x30, 0x0d, 0x30, 0x0e, 0x38,
    0x0d, 0x30, 0x86, 0x30, 0xa2, 0x10, 0xa3, 0x18, 0xa2, 0x10, 0x82, 0x18,
    0xa3, 0x10, 0xa2, 0x10, 0xa2, 0x18, 0xa3, 0x10, 0xa2, 0x10, 0xa2, 0x18,
    0xa3, 0x10, 0xa2, 0x10, 0x83, 0x18, 0xa2, 0x10, 0xa2, 0x10, 0x83, 0x18,
    0xa2, 0x10, 0xa2, 0x18, 0xa3, 0x10, 0xa2, 0x10, 0xa2, 0x18, 0x83, 0x10,
    0xa2, 0x10, 0xa3, 0x18, 0xa2, 0x10, 0xa2, 0x10, 0x83, 0x18, 0xa2, 0x10,
    0xa2, 0x10, 0x83, 0x10, 0xa2, 0x10, 0xa2, 0x18, 0xa3, 0x10, 0xa2, 0x10,
    0x82, 0x18, 0xa3, 0x10, 0xa2, 0x10, 0x82, 0x18, 0xa3, 0x10, 0xa2, 0x10,
    0x83, 0x18, 0xa2, 0x10, 0xa2, 0x10, 0xa3, 0x18, 0xa2, 0x10, 0xa2, 0x10,
    0x83, 0x18, 0xa2, 0x10, 0xa2, 0x10, 0xa3, 0x18, 0xa2, 0x10, 0xa2, 0x10,
    0x83, 0x18, 0xa2, 0x18, 0xa2, 0x10, 0x83, 0x18, 0x82, 0x10, 0x41, 0x08,
    0x41, 0x08, 0x61, 0x08, 0x41, 0x08, 0x42, 0x08, 0x61, 0x08, 0x41, 0x08,
    0x41, 0x08, 0x61, 0x08, 0x41, 0x08, 0x61, 0x08, 0x41, 0x08, 0x61, 0x08,
    0x41, 0x08, 0x62, 0x10, 0xa2, 0x10, 0xa2, 0x18, 0x83, 0x10, 0xa2, 0x18,
    0xa2, 0x10, 0xa3, 0x18, 0xa2, 0x10, 0x82, 0x10, 0xa2, 0x18, 0xa2, 0x10,
    0xa2, 0x18, 0x82, 0x10, 0xa3, 0x18, 0xa2, 0x10, 0xa2, 0x10, 0xe4, 0x20,
    0xe4, 0x20, 0xe3, 0x18, 0xe4, 0x18, 0xe4, 0x20, 0x03, 0x19, 0xe4, 0x20,
    0x03, 0x21, 0xe4, 0x18, 0xe4, 0x20, 0xe3, 0x20, 0x04, 0x19, 0xe3, 0x20,
    0xe4, 0x20, 0xe4, 0x18, 0xa2, 0x10, 0xa2, 0x18, 0x83, 0x18, 0xa2, 0x10,
    0xa3, 0x10, 0x82, 0x18, 0xa3, 0x10, 0xa2, 0x10, 0xa2, 0x18, 0xa3, 0x10,
    0x82, 0x10, 0xa2, 0x18, 0xa3, 0x10, 0xa2, 0x10, 0x82, 0x10, 0xa3, 0x10,
    0x82, 0x18, 0xa3, 0x10, 0xa2, 0x10, 0xa2, 0x18, 0xa3, 0x10, 0xa3, 0x18,
    0xa2, 0x10, 0x82, 0x18, 0xa3, 0x10, 0xa2, 0x10, 0xa2, 0x18, 0xa3, 0x10,
    0xa2, 0x10, 0xa2, 0x18, 0xa3, 0x18, 0x82, 0x10, 0xa2, 0x10, 0xa3, 0x18,
    0xa2, 0x10, 0xa2, 0x10, 0xa3, 0x18, 0xa2, 0x10, 0xa2, 0x18, 0xa3, 0x10,
    0x82, 0x18, 0xa2, 0x10, 0xa3, 0x18, 0xa2, 0x10, 0xa2, 0x10, 0xa2, 0x18,
    0x0a, 0x01, 0x09, 0x01, 0x0a, 0x01, 0x29, 0x01, 0x0a, 0x01, 0x0a, 0x01,
    0x09, 0x01, 0x29, 0x01, 0x0a, 0x01, 0x09, 0x01, 0x29, 0x01, 0x0a, 0x01,
    0x0a, 0x01, 0x29, 0x01, 0x0a, 0x01, 0x0a, 0x01, 0x09, 0x01, 0x0a, 0x01,
    0x2a, 0x01, 0x09, 0x01, 0x09, 0x01, 0x2a, 0x01, 0x09, 0x01, 0x09, 0x01,
    0x2a, 0x01, 0x0a, 0x01, 0x29, 0x01, 0x09, 0x01, 0x09, 0x01, 0x2a, 0x01,
    0x0a, 0x01, 0x09, 0x01, 0x2a, 0x01, 0x29, 0x01, 0x09, 0x01, 0x0a, 0x01,
    0x0a, 0x01, 0x29, 0x01, 0x09, 0x01, 0x0a, 0x01, 0x29, 0x01, 0x0a, 0x01,
    0x0a, 0x01, 0x09, 0x01, 0x0a, 0x01, 0x0a, 0x01, 0x09, 0x01, 0x0a, 0x01,
    0x09, 0x01, 0x0a, 0x01, 0x09, 0x01, 0x2a, 0x01, 0x0a, 0x01, 0x29, 0x01,
    0x09, 0x01, 0x0a, 0x01, 0x09, 0x01, 0xff, 0xff, 0xff, 0xff, 0xff, 0xff,
    0xff, 0xff, 0xff, 0xff, 0xff, 0xff, 0xff, 0xff, 0xff, 0xff, 0xff, 0xff,
    0xff, 0xff, 0xff, 0xff, 0xff, 0xff, 0xff, 0xff, 0xff, 0xff, 0xff, 0xff,
    0xff, 0xff, 0xff, 0xff, 0xff, 0xff, 0xff, 0xff, 0xff, 0xff, 0xff, 0xff,
    0xff, 0xff, 0xff, 0xff, 0xff, 0xff, 0xff, 0xff, 0xff, 0xff, 0xff, 0xff,
    0xff, 0xff, 0xff, 0xff, 0xff, 0xff, 0xff, 0xff, 0xff, 0xff, 0xff, 0xff,
    0xff, 0xff, 0xff, 0xff, 0xff, 0xff, 0xff, 0xff, 0xff, 0xff, 0xff, 0xff,
    0xff, 0xff, 0xff, 0xff, 0xff, 0xff, 0xff, 0xff, 0xff, 0xff, 0xff, 0xff,
    0xff, 0xff, 0xff, 0xff, 0xff, 0xff, 0xff, 0xff, 0xff, 0xff, 0xff, 0xff,
    0xff, 0xff, 0xff, 0xff, 0xff, 0xff, 0xff, 0xff, 0xff, 0xff, 0xff, 0xff,
    0xd1, 0x72, 0x0d, 0x30, 0x0e, 0x30, 0x0d, 0x38, 0x0d, 0x30, 0x0e, 0x30,
    0x0d, 0x30, 0x0d, 0x30, 0x0d, 0x30, 0x0d, 0x30, 0x0e, 0x30, 0x0d, 0x38,
    0x0d, 0x30, 0x0d, 0x38, 0x0e, 0x30, 0x0e, 0x38, 0x0d, 0x30, 0x0d, 0x30,
    0x0d, 0x30, 0x0e, 0x30, 0x0d, 0x30, 0x0d, 0x30, 0x0d, 0x30, 0x0e, 0x30,
    0x0d, 0x38, 0x0d, 0x30, 0x0d, 0x30, 0x0d, 0x30, 0x0e, 0x38, 0x0d, 0x30,
    0x0e, 0x30, 0x0e, 0x30, 0x0d, 0x30, 0x0d, 0x30, 0x0d, 0x30, 0x0e, 0x30,
    0x0d, 0x38, 0x0d, 0x30, 0x0d, 0x30, 0x0e, 0x30, 0x0d, 0x30, 0x0d, 0x38,
    0x0e, 0x30, 0x0d, 0x30, 0x0d, 0x38, 0x0e, 0x30, 0x0d, 0x30, 0x0d, 0x30,
    0x0e, 0x30, 0x0d, 0x38, 0x0d, 0x30, 0x0d, 0x30, 0x0d, 0x30, 0x0e, 0x30,
    0x0d, 0x30, 0x0d, 0x30, 0x0d, 0x30, 0x86, 0x30, 0x82, 0x10, 0xa3, 0x10,
    0xa2, 0x18, 0xa3, 0x10, 0x82, 0x18, 0xa3, 0x10, 0xa2, 0x18, 0x83, 0x10,
    0xa2, 0x10, 0x83, 0x18, 0xa2, 0x10, 0xa2, 0x18, 0xa3, 0x10, 0xa2, 0x10,
    0x82, 0x18, 0xa3, 0x10, 0xa2, 0x10, 0xa3, 0x18, 0xa2, 0x10, 0xa3, 0x18,
    0xa2, 0x10, 0xa2, 0x10, 0xa3, 0x18, 0x82, 0x18, 0xa3, 0x10, 0xa2, 0x10,
    0xa3, 0x18, 0xa2, 0x10, 0xa3, 0x18, 0xa2, 0x10, 0x83, 0x10, 0xa2, 0x18,
    0xa3, 0x10, 0xa2, 0x10, 0x82, 0x18, 0xa3, 0x10, 0xa2, 0x10, 0x82, 0x18,
    0xa3, 0x10, 0xa2, 0x10, 0xa2, 0x18, 0x83, 0x10, 0xa2, 0x10, 0xa3, 0x18,
    0x82, 0x10, 0xa3, 0x10, 0xa2, 0x18, 0xa2, 0x10, 0x83, 0x18, 0xa3, 0x18,
    0xa2, 0x10, 0x83, 0x10, 0xa2, 0x18, 0xa2, 0x10, 0xa3, 0x10, 0xa2, 0x18,
    0x82, 0x10, 0x41, 0x08, 0x41, 0x10, 0x61, 0x08, 0x41, 0x08, 0x41, 0x10,
    0x61, 0x08, 0x42, 0x08, 0x41, 0x10, 0x61, 0x08, 0x41, 0x08, 0x41, 0x08,
    0x42, 0x08, 0x41, 0x08, 0x41, 0x08, 0x62, 0x08, 0xa2, 0x18, 0xa2, 0x10,
    0xa3, 0x10, 0x82, 0x18, 0xa2, 0x10, 0xa3, 0x10, 0xa2, 0x18, 0xa3, 0x10,
    0x83, 0x10, 0xa2, 0x18, 0xa3, 0x10, 0xa2, 0x10, 0x82, 0x18, 0xa3, 0x10,
    0xa2, 0x10, 0xe4, 0x20, 0xe4, 0x20, 0x03, 0x21, 0xe4, 0x20, 0xe3, 0x18,
    0xe4, 0x20, 0xe4, 0x20, 0xe3, 0x18, 0x03, 0x21, 0xe4, 0x18, 0xe4, 0x20,
    0xe3, 0x18, 0x04, 0x21, 0xe4, 0x20, 0xe3, 0x20, 0xa2, 0x10, 0xa3, 0x10,
    0xa2, 0x10, 0xa2, 0x18, 0xa3, 0x10, 0x82, 0x10, 0xa2, 0x18, 0x83, 0x10,
    0xa2, 0x18, 0xa3, 0x10, 0xa2, 0x10, 0xa2, 0x18, 0xa3, 0x10, 0xa2, 0x18,
    0xa2, 0x10, 0xa3, 0x10, 0x82, 0x18, 0xa2, 0x10, 0x83, 0x10, 0x82, 0x18,
    0xa2, 0x10, 0xa3, 0x10, 0x82, 0x18, 0xa3, 0x10, 0xa2, 0x10, 0x83, 0x18,
    0x82, 0x10, 0xa3, 0x10, 0x82, 0x18, 0xa3, 0x10, 0xa2, 0x10, 0xa3, 0x18,
    0x83, 0x10, 0xa2, 0x18, 0x82, 0x10, 0xa3, 0x10, 0xa2, 0x18, 0x82, 0x10,
    0xa3, 0x10, 0xa2, 0x18, 0xa3, 0x10, 0x82, 0x10, 0xa2, 0x18, 0xa3, 0x10,
    0x82, 0x10, 0xa2, 0x18, 0x09, 0x01, 0x0a, 0x01, 0x09, 0x01, 0x0a, 0x01,
    0x29, 0x01, 0x0a, 0x01, 0x09, 0x01, 0x0a, 0x01, 0x2a, 0x01, 0x09, 0x01,
    0x09, 0x01, 0x0a, 0x01, 0x09, 0x01, 0x09, 0x01, 0x0a, 0x01, 0x29, 0x01,
    0x09, 0x01, 0x0a, 0x01, 0x0a, 0x01, 0x09, 0x01, 0x0a, 0x01, 0x0a, 0x01,
    0x09, 0x01, 0x0a, 0x01, 0x29, 0x01, 0x0a, 0x01, 0x0a, 0x01, 0x29, 0x01,
    0x0a, 0x01, 0x09, 0x01, 0x09, 0x01, 0x0a, 0x01, 0x0a, 0x01, 0x09, 0x01,
    0x29, 0x01, 0x0a, 0x01, 0x09, 0x01, 0x0a, 0x01, 0x0a, 0x01, 0x09, 0x01,
    0x29, 0x01, 0x0a, 0x01, 0x09, 0x01, 0x29, 0x01, 0x0a, 0x01, 0x29, 0x01,
    0x0a, 0x01, 0x2a, 0x01, 0x09, 0x01, 0x09, 0x01, 0x2a, 0x01, 0x09, 0x01,
    0x0a, 0x01, 0x0a, 0x01, 0x29, 0x01, 0x0a, 0x01, 0x09, 0x01, 0xff, 0xff,
    0xff, 0xff, 0xff, 0xff, 0xff, 0xff, 0xff, 0xff, 0xff, 0xff, 0xff, 0xff,
    0xff, 0xff, 0xff, 0xff, 0xff, 0xff, 0xff, 0xff, 0xff, 0xff, 0xff, 0xff,
    0xff, 0xff, 0xff, 0xff, 0xff, 0xff, 0xff, 0xff, 0xff, 0xff, 0xff, 0xff,
    0xff, 0xff, 0xff, 0xff, 0xff, 0xff, 0xff, 0xff, 0xff, 0xff, 0xff, 0xff,
    0xff, 0xff, 0xff, 0xff, 0xff, 0xff, 0xff, 0xff, 0xff, 0xff, 0xff, 0xff,
    0xff, 0xff, 0xff, 0xff, 0xff, 0xff, 0xff, 0xff, 0xff, 0xff, 0xff, 0xff,
    0xff, 0xff, 0xff, 0xff, 0xff, 0xff, 0xff, 0xff, 0xff, 0xff, 0xff, 0xff,
    0xff, 0xff, 0xff, 0xff, 0xff, 0xff, 0xff, 0xff, 0xff, 0xff, 0xff, 0xff,
    0xff, 0xff, 0xff, 0xff, 0xff, 0xff, 0xff, 0xff, 0xff, 0xff, 0xff, 0xff,
    0xff, 0xff, 0xff, 0xff, 0xd1, 0x72, 0x0d, 0x30, 0x0d, 0x30, 0x0e, 0x38,
    0x0d, 0x30, 0x0d, 0x30, 0x0e, 0x38, 0x0d, 0x30, 0x0d, 0x38, 0x0d, 0x30,
    0x0d, 0x30, 0x0e, 0x30, 0x0d, 0x38, 0x0d, 0x30, 0x0d, 0x30, 0x0d, 0x30,
    0x0e, 0x38, 0x0d, 0x38, 0x0d, 0x30, 0x0d, 0x38, 0x0e, 0x30, 0x0d, 0x30,
    0x0d, 0x30, 0x0d, 0x30, 0x0d, 0x30, 0x0e, 0x30, 0x0d, 0x30, 0x0d, 0x30,
    0x0d, 0x38, 0x0d, 0x30, 0x0d, 0x30, 0x0d, 0x38, 0x0d, 0x30, 0x0d, 0x30,
    0x0d, 0x30, 0x0d, 0x30, 0x0e, 0x30, 0x0d, 0x30, 0x0d, 0x38, 0x0e, 0x30,
    0x0d, 0x30, 0x0d, 0x30, 0x0e, 0x38, 0x0d, 0x30, 0x0d, 0x30, 0x0e, 0x38,
    0x0d, 0x38, 0x0d, 0x30, 0x0e, 0x30, 0x0d, 0x30, 0x0d, 0x38, 0x0e, 0x30,
    0x0d, 0x30, 0x0d, 0x38, 0x0e, 0x38, 0x0d, 0x30, 0x0d, 0x30, 0x86, 0x30,
    0xa2, 0x10, 0x82, 0x10, 0xa3, 0x18, 0xa2, 0x10, 0xa2, 0x10, 0xa3, 0x18,
    0x82, 0x10, 0xa2, 0x10, 0xa3, 0x18, 0xa2, 0x10, 0x82, 0x10, 0xa3, 0x18,
    0xa2, 0x10, 0x83, 0x18, 0xa2, 0x10, 0xa2, 0x10, 0x83, 0x18, 0x82, 0x10,
    0xa2, 0x10, 0x83, 0x18, 0x82, 0x10, 0xa2, 0x10, 0xa3, 0x18, 0x82, 0x10,
    0xa2, 0x10, 0xa3, 0x18, 0x82, 0x10, 0xa2, 0x18, 0xa3, 0x10, 0x82, 0x18,
    0xa2, 0x18, 0xa3, 0x10, 0x82, 0x18, 0xa3, 0x10, 0xa2, 0x10, 0xa3, 0x18,
    0xa2, 0x10, 0xa2, 0x10, 0xa3, 0x18, 0xa2, 0x10, 0xa2, 0x18, 0xa3, 0x10,
    0x82, 0x18, 0xa2, 0x10, 0xa3, 0x18, 0x82, 0x10, 0xa2, 0x10, 0xa3, 0x18,
    0x82, 0x10, 0xa2, 0x10, 0xa2, 0x18, 0xa3, 0x10, 0xa2, 0x10, 0x83, 0x10,
    0xa2, 0x18, 0xa3, 0x10, 0x82, 0x10, 0x41, 0x08, 0x61, 0x08, 0x42, 0x08,
    0x41, 0x08, 0x41, 0x08, 0x41, 0x08, 0x41, 0x08, 0x41, 0x08, 0x41, 0x08,
    0x41, 0x08, 0x41, 0x10, 0x61, 0x08, 0x41, 0x08, 0x41, 0x08, 0x62, 0x10,
    0xa2, 0x10, 0x83, 0x10, 0xa2, 0x18, 0xa3, 0x10, 0x82, 0x10, 0xa2, 0x18,
    0xa2, 0x18, 0x82, 0x10, 0xa3, 0x10, 0xa2, 0x18, 0xa3, 0x10, 0xa2, 0x10,
    0x82, 0x18, 0xa3, 0x18, 0xa2, 0x10, 0xe4, 0x20, 0xe4, 0x18, 0xe3, 0x20,
    0x04, 0x21, 0xe4, 0x18, 0xe3, 0x20, 0x04, 0x19, 0xe4, 0x20, 0xe3, 0x20,
    0x04, 0x19, 0xe4, 0x20, 0xe3, 0x20, 0x04, 0x19, 0xe4, 0x20, 0xe4, 0x20,
    0xa2, 0x10, 0xa2, 0x10, 0xa3, 0x18, 0x82, 0x10, 0xa2, 0x18, 0xa3, 0x10,
    0xa2, 0x10, 0xa2, 0x18, 0x83, 0x10, 0xa2, 0x18, 0x83, 0x10, 0xa2, 0x10,
    0x83, 0x18, 0x82, 0x10, 0xa3, 0x18, 0xa2, 0x10, 0xa2, 0x18, 0xa3, 0x10,
    0xa3, 0x18, 0xa2, 0x10, 0xa2, 0x10, 0x82, 0x18, 0xa3, 0x10, 0xa2, 0x10,
    0xa2, 0x18, 0xa2, 0x18, 0xa3, 0x10, 0xa2, 0x10, 0xa2, 0x18, 0x83, 0x10,
    0xa2, 0x10, 0xa2, 0x18, 0xa3, 0x10, 0xa2, 0x10, 0x83, 0x18, 0xa2, 0x10,
    0xa3, 0x18, 0x82, 0x10, 0xa2, 0x10, 0xa3, 0x18, 0xa2, 0x10, 0xa2, 0x10,
    0x83, 0x18, 0xa2, 0x10, 0xa3, 0x10, 0x83, 0x10, 0x09, 0x01, 0x2a, 0x01,
    0x09, 0x01, 0x09, 0x01, 0x0a, 0x01, 0x29, 0x01, 0x09, 0x01, 0x0a, 0x01,
    0x0a, 0x01, 0x29, 0x01, 0x0a, 0x01, 0x0a, 0x01, 0x29, 0x01, 0x0a, 0x01,
    0x09, 0x01, 0x2a, 0x01, 0x09, 0x01, 0x09, 0x01, 0x2a, 0x01, 0x09, 0x01,
    0x29, 0x01, 0x0a, 0x01, 0x0a, 0x01, 0x29, 0x01, 0x09, 0x01, 0x0a, 0x01,
    0x09, 0x01, 0x0a, 0x01, 0x0a, 0x01, 0x29, 0x01, 0x0a, 0x01, 0x29, 0x01,
    0x0a, 0x01, 0x0a, 0x01, 0x09, 0x01, 0x2a, 0x01, 0x09, 0x01, 0x29, 0x01,
    0x0a, 0x01, 0x0a, 0x01, 0x09, 0x01, 0x0a, 0x01, 0x2a, 0x01, 0x09, 0x01,
    0x0a, 0x01, 0x09, 0x01, 0x29, 0x01, 0x0a, 0x01, 0x09, 0x01, 0x2a, 0x01,
    0x09, 0x01, 0x09, 0x01, 0x0a, 0x01, 0x09, 0x01, 0x0a, 0x01, 0x29, 0x01,
    0x0a, 0x01, 0xff, 0xff, 0xff, 0xff, 0xff, 0xff, 0xff, 0xff, 0xff, 0xff,
    0xff, 0xff, 0xff, 0xff, 0xff, 0xff, 0xff, 0xff, 0xff, 0xff, 0xff, 0xff,
    0xff, 0xff, 0xff, 0xff, 0xff, 0xff, 0xff, 0xff, 0xff, 0xff, 0xff, 0xff,
    0xff, 0xff, 0xff, 0xff, 0xff, 0xff, 0xff, 0xff, 0xff, 0xff, 0xff, 0xff,
    0xff, 0xff, 0xff, 0xff, 0xff, 0xff, 0xff, 0xff, 0xff, 0xff, 0xff, 0xff,
    0xff, 0xff, 0xff, 0xff, 0xff, 0xff, 0xff, 0xff, 0xff, 0xff, 0xff, 0xff,
    0xff, 0xff, 0xff, 0xff, 0xff, 0xff, 0xff, 0xff, 0xff, 0xff, 0xff, 0xff,
    0xff, 0xff, 0xff, 0xff, 0xff, 0xff, 0xff, 0xff, 0xff, 0xff, 0xff, 0xff,
    0xff, 0xff, 0xff, 0xff, 0xff, 0xff, 0xff, 0xff, 0xff, 0xff, 0xff, 0xff,
    0xff, 0xff, 0xff, 0xff, 0xff, 0xff, 0xff, 0xff, 0xd1, 0x72, 0x0d, 0x30,
    0x0d, 0x30, 0x0d, 0x30, 0x0d, 0x30, 0x0d, 0x38, 0x0d, 0x30, 0x0e, 0x30,
    0x0d, 0x38, 0x0d, 0x30, 0x0e, 0x30, 0x0d, 0x30, 0x0d, 0x30, 0x0e, 0x30,
    0x0d, 0x30, 0x0d, 0x30, 0x0d, 0x30, 0x0e, 0x30, 0x0d, 0x30, 0x0d, 0x30,
    0x0d, 0x38, 0x0e, 0x38, 0x0d, 0x30, 0x0d, 0x38, 0x0e, 0x30, 0x0d, 0x38,
    0x0d, 0x30, 0x0e, 0x30, 0x0d, 0x30, 0x0d, 0x30, 0x0e, 0x38, 0x0d, 0x30,
    0x0d, 0x30, 0x0e, 0x38, 0x0d, 0x38, 0x0d, 0x30, 0x0d, 0x30, 0x0d, 0x38,
    0x0d, 0x30, 0x0d, 0x30, 0x0d, 0x38, 0x0d, 0x30, 0x0d, 0x30, 0x0d, 0x30,
    0x0d, 0x30, 0x0d, 0x30, 0x0d, 0x30, 0x0d, 0x38, 0x0d, 0x30, 0x0d, 0x30,
    0x0e, 0x30, 0x0d, 0x38, 0x0d, 0x30, 0x0d, 0x30, 0x0d, 0x30, 0x0d, 0x30,
    0x0d, 0x30, 0x86, 0x30, 0xa2, 0x18, 0xa2, 0x10, 0x83, 0x10, 0xa2, 0x18,
    0xa2, 0x10, 0x83, 0x10, 0xa2, 0x18, 0xa2, 0x10, 0xa3, 0x18, 0xa2, 0x10,
    0x83, 0x10, 0xa2, 0x18, 0xa2, 0x10, 0xa3, 0x10, 0xa2, 0x18, 0xa2, 0x10,
    0xa3, 0x18, 0xa2, 0x10, 0xa2, 0x10, 0xa3, 0x18, 0xa2, 0x10, 0xa3, 0x18,
    0xa2, 0x10, 0xa2, 0x10, 0xa3, 0x18, 0x82, 0x10, 0xa2, 0x10, 0xa3, 0x10,
    0x82, 0x10, 0xa2, 0x10, 0xa3, 0x10, 0xa2, 0x10, 0x82, 0x18, 0xa2, 0x10,
    0xa3, 0x10, 0x82, 0x18, 0xa3, 0x10, 0x82, 0x18, 0xa3, 0x10, 0x82, 0x10,
    0xa3, 0x18, 0xa2, 0x10, 0xa2, 0x10, 0xa3, 0x18, 0xa2, 0x10, 0xa2, 0x18,
    0xa3, 0x10, 0xa2, 0x10, 0xa2, 0x10, 0x83, 0x10, 0xa2, 0x18, 0xa2, 0x18,
    0x83, 0x10, 0xa2, 0x18, 0xa2, 0x10, 0xa3, 0x10, 0x82, 0x10, 0x41, 0x08,
    0x41, 0x08, 0x41, 0x08, 0x61, 0x08, 0x41, 0x08, 0x61, 0x10, 0x41, 0x08,
    0x61, 0x08, 0x42, 0x08, 0x41, 0x08, 0x61, 0x08, 0x41, 0x08, 0x41, 0x08,
    0x41, 0x08, 0x61, 0x10, 0xa3, 0x10, 0xa2, 0x10, 0xa2, 0x18, 0xa3, 0x10,
    0xa3, 0x10, 0x82, 0x18, 0xa3, 0x10, 0xa2, 0x10, 0xa2, 0x18, 0x82, 0x10,
    0xa3, 0x18, 0xa2, 0x10, 0xa3, 0x10, 0xa2, 0x10, 0xa2, 0x10, 0xe4, 0x20,
    0xe3, 0x20, 0xe4, 0x18, 0xe4, 0x20, 0x03, 0x21, 0xe4, 0x18, 0xe4, 0x20,
    0xe3, 0x20, 0xe4, 0x18, 0xe4, 0x20, 0xe3, 0x20, 0xe4, 0x18, 0xe3, 0x18,
    0xe4, 0x20, 0xe4, 0x20, 0xa2, 0x10, 0xa2, 0x18, 0x83, 0x10, 0xa2, 0x10,
    0xa2, 0x18, 0xa3, 0x10, 0x82, 0x10, 0xa2, 0x18, 0xa3, 0x10, 0xa2, 0x10,
    0xa2, 0x18, 0xa3, 0x10, 0xa2, 0x10, 0xa2, 0x18, 0xa3, 0x10, 0x82, 0x10,
    0xa2, 0x10, 0xa3, 0x18, 0x82, 0x10, 0xa2, 0x10, 0xa3, 0x18, 0xa2, 0x10,
    0xa2, 0x10, 0x83, 0x18, 0xa2, 0x10, 0xa2, 0x10, 0x83, 0x18, 0xa2, 0x10,
    0xa2, 0x18, 0xa3, 0x10, 0x82, 0x10, 0xa2, 0x18, 0xa2, 0x10, 0xa3, 0x10,
    0xa2, 0x18, 0xa2, 0x10, 0xa3, 0x10, 0xa2, 0x18, 0x82, 0x10, 0xa3, 0x10,
    0xa2, 0x18, 0x83, 0x10, 0xa2, 0x18, 0xa2, 0x18, 0xa2, 0x10, 0xa2, 0x18,
    0x0a, 0x01, 0x09, 0x01, 0x2a, 0x01, 0x0a, 0x01, 0x09, 0x01, 0x0a, 0x01,
    0x29, 0x01, 0x09, 0x01, 0x0a, 0x01, 0x09, 0x01, 0x2a, 0x01, 0x09, 0x01,
    0x0a, 0x01, 0x29, 0x01, 0x0a, 0x01, 0x0a, 0x01, 0x09, 0x01, 0x2a, 0x01,
    0x0a, 0x01, 0x09, 0x01, 0x29, 0x01, 0x0a, 0x01, 0x09, 0x01, 0x0a, 0x01,
    0x0a, 0x01, 0x29, 0x01, 0x09, 0x01, 0x0a, 0x01, 0x29, 0x01, 0x0a, 0x01,
    0x09, 0x01, 0x09, 0x01, 0x2a, 0x01, 0x09, 0x01, 0x0a, 0x01, 0x0a, 0x01,
    0x09, 0x01, 0x0a, 0x01, 0x29, 0x01, 0x0a, 0x01, 0x09, 0x01, 0x29, 0x01,
    0x0a, 0x01, 0x0a, 0x01, 0x09, 0x01, 0x0a, 0x01, 0x09, 0x01, 0x0a, 0x01,
    0x0a, 0x01, 0x09, 0x01, 0x0a, 0x01, 0x2a, 0x01, 0x29, 0x01, 0x09, 0x01,
    0x0a, 0x01, 0x09, 0x01, 0x2a, 0x01, 0xff, 0xff, 0xff, 0xff, 0xff, 0xff,
    0xff, 0xff, 0xff, 0xff, 0xff, 0xff, 0xff, 0xff, 0xff, 0xff, 0xff, 0xff,
    0xff, 0xff, 0xff, 0xff, 0xff, 0xff, 0xff, 0xff, 0xff, 0xff, 0xff, 0xff,
    0xff, 0xff, 0xff, 0xff, 0xff, 0xff, 0xff, 0xff, 0xff, 0xff, 0xff, 0xff,
    0xff, 0xff, 0xff, 0xff, 0xff, 0xff, 0xff, 0xff, 0xff, 0xff, 0xff, 0xff,
    0xff, 0xff, 0xff, 0xff, 0xff, 0xff, 0xff, 0xff, 0xff, 0xff, 0xff, 0xff,
    0xff, 0xff, 0xff, 0xff, 0xff, 0xff, 0xff, 0xff, 0xff, 0xff, 0xff, 0xff,
    0xff, 0xff, 0xff, 0xff, 0xff, 0xff, 0xff, 0xff, 0xff, 0xff, 0xff, 0xff,
    0xff, 0xff, 0xff, 0xff, 0xff, 0xff, 0xff, 0xff, 0xff, 0xff, 0xff, 0xff,
    0xff, 0xff, 0xff, 0xff, 0xff, 0xff, 0xff, 0xff, 0xff, 0xff, 0xff, 0xff,
    0xd1, 0x72, 0x0d, 0x30, 0x0d, 0x30, 0x0e, 0x30, 0x0d, 0x38, 0x0d, 0x30,
    0x0e, 0x30, 0x0d, 0x30, 0x0d, 0x30, 0x0e, 0x38, 0x0d, 0x30, 0x0d, 0x38,
    0x0d, 0x30, 0x0d, 0x38, 0x0e, 0x38, 0x0d, 0x30, 0x0d, 0x30, 0x0d, 0x38,
    0x0e, 0x30, 0x0d, 0x30, 0x0d, 0x30, 0x0d, 0x30, 0x0e, 0x30, 0x0d, 0x30,
    0x0d, 0x38, 0x0d, 0x30, 0x0d, 0x30, 0x0e, 0x38, 0x0d, 0x30, 0x0d, 0x30,
    0x0e, 0x30, 0x0d, 0x30, 0x0d, 0x30, 0x0e, 0x30, 0x0d, 0x30, 0x0e, 0x38,
    0x0d, 0x30, 0x0e, 0x30, 0x0d, 0x30, 0x0e, 0x30, 0x0d, 0x38, 0x0e, 0x30,
    0x0d, 0x30, 0x0d, 0x38, 0x0e, 0x30, 0x0d, 0x30, 0x0e, 0x30, 0x0d, 0x30,
    0x0d, 0x38, 0x0e, 0x30, 0x0d, 0x30, 0x0d, 0x30, 0x0e, 0x30, 0x0d, 0x30,
    0x0d, 0x38, 0x0e, 0x30, 0x0d, 0x30, 0x86, 0x30, 0xa2, 0x10, 0xa3, 0x10,
    0xa2, 0x18, 0x82, 0x10, 0xa3, 0x10, 0xa2, 0x18, 0xa2, 0x10, 0x83, 0x10,
    0xa2, 0x18, 0xa2, 0x10, 0xa3, 0x10, 0x82, 0x18, 0xa2, 0x10, 0xa3, 0x10,
    0x82, 0x18, 0xa3, 0x10, 0xa2, 0x10, 0xa3, 0x18, 0x82, 0x10, 0xa2, 0x10,
    0xa3, 0x18, 0x82, 0x10, 0xa2, 0x10, 0xa3, 0x18, 0x82, 0x10, 0xa2, 0x18,
    0xa3, 0x18, 0xa2, 0x10, 0xa2, 0x18, 0xa3, 0x18, 0xa2, 0x10, 0x83, 0x18,
    0xa2, 0x10, 0xa2, 0x18, 0xa3, 0x10, 0xa2, 0x10, 0x82, 0x18, 0xa3, 0x10,
    0xa2, 0x10, 0xa2, 0x18, 0x83, 0x10, 0xa2, 0x10, 0x83, 0x18, 0xa2, 0x10,
    0x82, 0x10, 0xa3, 0x18, 0x83, 0x18, 0xa2, 0x10, 0xa3, 0x18, 0x83, 0x10,
    0xa2, 0x10, 0xa2, 0x10, 0xa3, 0x18, 0xa2, 0x10, 0x82, 0x18, 0xa3, 0x18,
    0x82, 0x10, 0x41, 0x08, 0x41, 0x10, 0x61, 0x08, 0x41, 0x08, 0x42, 0x08,
    0x41, 0x08, 0x61, 0x08, 0x41, 0x08, 0x41, 0x10, 0x61, 0x08, 0x42, 0x08,
    0x41, 0x08, 0x61, 0x08, 0x41, 0x08, 0x62, 0x10, 0xa2, 0x10, 0x82, 0x18,
    0xa2, 0x10, 0xa2, 0x18, 0x82, 0x10, 0xa3, 0x10, 0xa2, 0x10, 0xa3, 0x18,
    0x82, 0x10, 0xa3, 0x10, 0xa2, 0x18, 0x82, 0x10, 0xa3, 0x18, 0x82, 0x10,
    0xa2, 0x10, 0xe4, 0x20, 0xe4, 0x20, 0x03, 0x19, 0xe4, 0x20, 0xe3, 0x20,
    0x04, 0x19, 0xe4, 0x20, 0x03, 0x21, 0xe4, 0x18, 0x04, 0x21, 0x03, 0x21,
    0xe4, 0x18, 0xe4, 0x20, 0x03, 0x21, 0xe4, 0x18, 0xa2, 0x10, 0xa2, 0x18,
    0xa3, 0x10, 0xa2, 0x10, 0xa3, 0x18, 0x82, 0x10, 0xa3, 0x18, 0xa2, 0x10,
    0x82, 0x10, 0xa3, 0x18, 0xa2, 0x10, 0x82, 0x18, 0xa3, 0x10, 0xa2, 0x10,
    0xa2, 0x18, 0x83, 0x10, 0xa2, 0x18, 0xa2, 0x10, 0x83, 0x10, 0xa2, 0x18,
    0xa3, 0x18, 0x82, 0x10, 0xa2, 0x10, 0xa3, 0x18, 0x83, 0x10, 0xa2, 0x10,
    0xa3, 0x18, 0x82, 0x10, 0xa2, 0x10, 0xa3, 0x18, 0xa2, 0x10, 0x83, 0x18,
    0x82, 0x10, 0xa2, 0x18, 0x83, 0x10, 0xa2, 0x10, 0xa2, 0x18, 0x83, 0x18,
    0xa2, 0x10, 0xa2, 0x10, 0x83, 0x18, 0xa2, 0x10, 0xa3, 0x10, 0x82, 0x10,
    0xa3, 0x18, 0xa2, 0x10, 0x09, 0x01, 0x0a, 0x01, 0x09, 0x01, 0x2a, 0x01,
    0x09, 0x01, 0x0a, 0x01, 0x0a, 0x01, 0x29, 0x01, 0x09, 0x01, 0x0a, 0x01,
    0x09, 0x01, 0x09, 0x01, 0x0a, 0x01, 0x09, 0x01, 0x29, 0x01, 0x0a, 0x01,
    0x09, 0x01, 0x0a, 0x01, 0x09, 0x01, 0x0a, 0x01, 0x0a, 0x01, 0x29, 0x01,
    0x09, 0x01, 0x0a, 0x01, 0x29, 0x01, 0x0a, 0x01, 0x0a, 0x01, 0x09, 0x01,
    0x09, 0x01, 0x0a, 0x01, 0x0a, 0x01, 0x09, 0x01, 0x0a, 0x01, 0x29, 0x01,
    0x09, 0x01, 0x0a, 0x01, 0x29, 0x01, 0x0a, 0x01, 0x09, 0x01, 0x2a, 0x01,
    0x0a, 0x01, 0x09, 0x01, 0x09, 0x01, 0x2a, 0x01, 0x29, 0x01, 0x0a, 0x01,
    0x09, 0x01, 0x29, 0x01, 0x0a, 0x01, 0x09, 0x01, 0x0a, 0x01, 0x0a, 0x01,
    0x09, 0x01, 0x2a, 0x01, 0x09, 0x01, 0x0a, 0x01, 0x09, 0x01, 0xff, 0xff,
    0xff, 0xff, 0xff, 0xff, 0xff, 0xff, 0xff, 0xff, 0xff, 0xff, 0xff, 0xff,
    0xff, 0xff, 0xff, 0xff, 0xff, 0xff, 0xff, 0xff, 0xff, 0xff, 0xff, 0xff,
    0xff, 0xff, 0xff, 0xff, 0xff, 0xff, 0xff, 0xff, 0xff, 0xff, 0xff, 0xff,
    0xff, 0xff, 0xff, 0xff, 0xff, 0xff, 0xff, 0xff, 0xff, 0xff, 0xff, 0xff,
    0xff, 0xff, 0xff, 0xff, 0xff, 0xff, 0xff, 0xff, 0xff, 0xff, 0xff, 0xff,
    0xff, 0xff, 0xff, 0xff, 0xff, 0xff, 0xff, 0xff, 0xff, 0xff, 0xff, 0xff,
    0xff, 0xff, 0xff, 0xff, 0xff, 0xff, 0xff, 0xff, 0xff, 0xff, 0xff, 0xff,
    0xff, 0xff, 0xff, 0xff, 0xff, 0xff, 0xff, 0xff, 0xff, 0xff, 0xff, 0xff,
    0xff, 0xff, 0xff, 0xff, 0xff, 0xff, 0xff, 0xff, 0xff, 0xff, 0xff, 0xff,
    0xff, 0xff, 0xff, 0xff, 0xd1, 0x72, 0x0d, 0x30, 0x0d, 0x30, 0x0e, 0x38,
    0x0d, 0x30, 0x0d, 0x30, 0x0d, 0x38, 0x0d, 0x30, 0x0d, 0x30, 0x0d, 0x30,
    0x0d, 0x30, 0x0e, 0x30, 0x0d, 0x30, 0x0d, 0x30, 0x0d, 0x30, 0x0e, 0x30,
    0x0d, 0x38, 0x0d, 0x30, 0x0d, 0x30, 0x0e, 0x38, 0x0d, 0x30, 0x0d, 0x30,
    0x0d, 0x30, 0x0e, 0x30, 0x0d, 0x30, 0x0d, 0x30, 0x0e, 0x30, 0x0d, 0x38,
    0x0d, 0x30, 0x0d, 0x38, 0x0d, 0x30, 0x0d, 0x38, 0x0d, 0x30, 0x0d, 0x30,
    0x0d, 0x30, 0x0d, 0x30, 0x0e, 0x38, 0x0d, 0x30, 0x0d, 0x30, 0x0d, 0x38,
    0x0e, 0x30, 0x0d, 0x30, 0x0d, 0x30, 0x0e, 0x38, 0x0d, 0x30, 0x0d, 0x38,
    0x0e, 0x30, 0x0d, 0x30, 0x0d, 0x30, 0x0d, 0x38, 0x0d, 0x30, 0x0d, 0x30,
    0x0e, 0x38, 0x0d, 0x30, 0x0d, 0x30, 0x0e, 0x38, 0x0d, 0x30, 0x86, 0x30,
    0x82, 0x10, 0xa2, 0x10, 0xa3, 0x18, 0xa2, 0x10, 0x83, 0x18, 0xa2, 0x10,
    0xa3, 0x10, 0x82, 0x18, 0xa2, 0x10, 0xa3, 0x18, 0xa2, 0x10, 0x83, 0x18,
    0xa2, 0x10, 0xa2, 0x18, 0x83, 0x10, 0xa2, 0x10, 0xa2, 0x18, 0x83, 0x18,
    0xa2, 0x10, 0xa2, 0x10, 0x83, 0x18, 0xa2, 0x10, 0xa3, 0x18, 0x82, 0x10,
    0xa2, 0x10, 0xa3, 0x10, 0x83, 0x18, 0xa2, 0x10, 0x82, 0x10, 0xa3, 0x18,
    0xa2, 0x10, 0xa2, 0x10, 0xa3, 0x18, 0x83, 0x10, 0xa2, 0x18, 0xa2, 0x10,
    0xa3, 0x10, 0xa2, 0x18, 0xa2, 0x10, 0xa3, 0x18, 0xa2, 0x10, 0x82, 0x10,
    0xa3, 0x18, 0xa2, 0x10, 0xa2, 0x10, 0x83, 0x10, 0xa2, 0x10, 0xa2, 0x18,
    0xa2, 0x10, 0xa2, 0x18, 0x83, 0x10, 0xa2, 0x10, 0xa2, 0x10, 0x83, 0x10,
    0xa2, 0x10, 0xa2, 0x18, 0x82, 0x10, 0x41, 0x08, 0x61, 0x08, 0x41, 0x08,
    0x41, 0x08, 0x41, 0x10, 0x41, 0x08, 0x41, 0x08, 0x42, 0x08, 0x41, 0x08,
    0x41, 0x08, 0x41, 0x08, 0x41, 0x10, 0x41, 0x08, 0x41, 0x08, 0x62, 0x10,
    0xa2, 0x10, 0xa3, 0x10, 0x83, 0x18, 0xa2, 0x10, 0xa2, 0x18, 0xa3, 0x10,
    0xa2, 0x18, 0x82, 0x10, 0xa3, 0x10, 0xa2, 0x18, 0xa2, 0x10, 0x83, 0x10,
    0xa2, 0x18, 0xa2, 0x18, 0xa3, 0x10, 0xe4, 0x20, 0xe3, 0x20, 0xe4, 0x18,
    0xe4, 0x18, 0xe3, 0x20, 0xe4, 0x18, 0xe3, 0x20, 0xe4, 0x18, 0xe3, 0x20,
    0xe4, 0x18, 0xe4, 0x20, 0xe3, 0x20, 0x04, 0x19, 0xe3, 0x20, 0xe4, 0x20,
    0xa2, 0x10, 0xa3, 0x10, 0x82, 0x18, 0xa2, 0x10, 0xa3, 0x10, 0x82, 0x18,
    0xa2, 0x10, 0xa3, 0x10, 0xa2, 0x18, 0x83, 0x10, 0xa2, 0x10, 0xa2, 0x18,
    0x83, 0x10, 0xa2, 0x10, 0xa2, 0x18, 0xa3, 0x10, 0xa2, 0x18, 0xa2, 0x10,
    0xa3, 0x10, 0xa2, 0x18, 0x82, 0x10, 0xa3, 0x10, 0xa2, 0x18, 0xa2, 0x10,
    0xa2, 0x18, 0xa3, 0x10, 0xa2, 0x10, 0xa2, 0x18, 0x83, 0x10, 0xa2, 0x10,
    0xa2, 0x18, 0xa3, 0x10, 0xa2, 0x10, 0xa2, 0x18, 0xa3, 0x10, 0x82, 0x10,
    0xa3, 0x18, 0xa3, 0x10, 0xa2, 0x10, 0xa2, 0x18, 0xa3, 0x10, 0xa2, 0x18,
    0xa2, 0x10, 0x83, 0x10, 0xa2, 0x10, 0xa3, 0x10, 0x09, 0x01, 0x0a, 0x01,
    0x09, 0x01, 0x09, 0x01, 0x2a, 0x01, 0x09, 0x01, 0x0a, 0x01, 0x0a, 0x01,
    0x29, 0x01, 0x0a, 0x01, 0x0a, 0x01, 0x29, 0x01, 0x0a, 0x01, 0x0a, 0x01,
    0x09, 0x01, 0x2a, 0x01, 0x09, 0x01, 0x09, 0x01, 0x2a, 0x01, 0x09, 0x01,
    0x0a, 0x01, 0x0a, 0x01, 0x29, 0x01, 0x09, 0x01, 0x0a, 0x01, 0x09, 0x01,
    0x2a, 0x01, 0x09, 0x01, 0x2a, 0x01, 0x29, 0x01, 0x0a, 0x01, 0x0a, 0x01,
    0x29, 0x01, 0x0a, 0x01, 0x09, 0x01, 0x29, 0x01, 0x0a, 0x01, 0x09, 0x01,
    0x0a, 0x01, 0x09, 0x01, 0x2a, 0x01, 0x09, 0x01, 0x0a, 0x01, 0x09, 0x01,
    0x0a, 0x01, 0x09, 0x01, 0x2a, 0x01, 0x0a, 0x01, 0x29, 0x01, 0x29, 0x01,
    0x09, 0x01, 0x0a, 0x01, 0x09, 0x01, 0x0a, 0x01, 0x2a, 0x01, 0x09, 0x01,
    0x0a, 0x01, 0xff, 0xff, 0xff, 0xff, 0xff, 0xff, 0xff, 0xff, 0xff, 0xff,
    0xff, 0xff, 0xff, 0xff, 0xff, 0xff, 0xff, 0xff, 0xff, 0xff, 0xff, 0xff,
    0xff, 0xff, 0xff, 0xff, 0xff, 0xff, 0xff, 0xff, 0xff, 0xff, 0xff, 0xff,
    0xff, 0xff, 0xff, 0xff, 0xff, 0xff, 0xff, 0xff, 0xff, 0xff, 0xff, 0xff,
    0xff, 0xff, 0xff, 0xff, 0xff, 0xff, 0xff, 0xff, 0xff, 0xff, 0xff, 0xff,
    0xff, 0xff, 0xff, 0xff, 0xff, 0xff, 0xff, 0xff, 0xff, 0xff, 0xff, 0xff,
    0xff, 0xff, 0xff, 0xff, 0xff, 0xff, 0xff, 0xff, 0xff, 0xff, 0xff, 0xff,
    0xff, 0xff, 0xff, 0xff, 0xff, 0xff, 0xff, 0xff, 0xff, 0xff, 0xff, 0xff,
    0xff, 0xff, 0xff, 0xff, 0xff, 0xff, 0xff, 0xff, 0xff, 0xff, 0xff, 0xff,
    0xff, 0xff, 0xff, 0xff, 0xff, 0xff, 0xff, 0xff, 0xd1, 0x72, 0x0d, 0x30,
    0x0d, 0x30, 0x0d, 0x30, 0x0e, 0x30, 0x0d, 0x30, 0x0d, 0x30, 0x0e, 0x38,
    0x0e, 0x30, 0x0d, 0x30, 0x0d, 0x38, 0x0d, 0x30, 0x0e, 0x30, 0x0d, 0x38,
    0x0d, 0x30, 0x0d, 0x30, 0x0e, 0x30, 0x0d, 0x30, 0x0d, 0x30, 0x0d, 0x38,
    0x0e, 0x30, 0x0d, 0x38, 0x0d, 0x38, 0x0d, 0x30, 0x0d, 0x30, 0x0e, 0x38,
    0x0d, 0x30, 0x0d, 0x30, 0x0e, 0x30, 0x0d, 0x30, 0x0d, 0x38, 0x0e, 0x30,
    0x0e, 0x38, 0x0d, 0x30, 0x0d, 0x30, 0x0d, 0x38, 0x0d, 0x30, 0x0d, 0x30,
    0x0d, 0x30, 0x0d, 0x30, 0x0d, 0x30, 0x0d, 0x30, 0x0d, 0x38, 0x0d, 0x30,
    0x0d, 0x30, 0x0d, 0x30, 0x0d, 0x38, 0x0e, 0x30, 0x0d, 0x30, 0x0e, 0x30,
    0x0d, 0x38, 0x0d, 0x30, 0x0d, 0x30, 0x0d, 0x30, 0x0d, 0x30, 0x0d, 0x30,
    0x0d, 0x30, 0x86, 0x30, 0xa2, 0x10, 0x82, 0x18, 0xa3, 0x10, 0xa2, 0x10,
    0xa2, 0x18, 0xa3, 0x10, 0xa2, 0x18, 0xa2, 0x10, 0x83, 0x10, 0xa2, 0x18,
    0xa2, 0x10, 0xa3, 0x10, 0xa2, 0x18, 0xa2, 0x10, 0xa3, 0x10, 0x82, 0x18,
    0xa2, 0x10, 0xa3, 0x10, 0xa2, 0x18, 0xa3, 0x10, 0xa2, 0x10, 0xa2, 0x18,
    0xa3, 0x10, 0xa2, 0x18, 0xa2, 0x10, 0xa3, 0x10, 0xa2, 0x18, 0x82, 0x10,
    0xa3, 0x10, 0xa2, 0x18, 0x82, 0x10, 0xa3, 0x10, 0xa2, 0x10, 0x82, 0x18,
    0xa2, 0x10, 0xa3, 0x18, 0x82, 0x10, 0x82, 0x10, 0xa3, 0x18, 0xa2, 0x10,
    0x82, 0x18, 0xa3, 0x10, 0xa2, 0x18, 0xa3, 0x18, 0xa2, 0x10, 0xa2, 0x10,
    0xa3, 0x18, 0x82, 0x10, 0xa2, 0x10, 0xa3, 0x18, 0xa2, 0x18, 0x83, 0x10,
    0xa2, 0x18, 0xa3, 0x18, 0xa3, 0x10, 0xa2, 0x10, 0x82, 0x10, 0x41, 0x08,
    0x42, 0x08, 0x41, 0x08, 0x61, 0x08, 0x41, 0x08, 0x61, 0x08, 0x41, 0x08,
    0x61, 0x08, 0x41, 0x08, 0x61, 0x08, 0x41, 0x08, 0x61, 0x08, 0x41, 0x08,
    0x41, 0x08, 0x62, 0x10, 0xa2, 0x10, 0xa2, 0x10, 0xa3, 0x18, 0x82, 0x10,
    0xa3, 0x10, 0xa2, 0x18, 0x82, 0x10, 0xa3, 0x18, 0xa2, 0x10, 0xa2, 0x18,
    0x83, 0x10, 0xa2, 0x10, 0xa2, 0x10, 0xa3, 0x10, 0xa2, 0x10, 0xe4, 0x20,
    0xe3, 0x20, 0x04, 0x21, 0xe4, 0x20, 0x03, 0x19, 0xe4, 0x20, 0xe4, 0x20,
    0x03, 0x21, 0xe4, 0x18, 0xe3, 0x20, 0xe4, 0x20, 0x04, 0x19, 0xe3, 0x20,
    0xe4, 0x20, 0xe4, 0x20, 0xa2, 0x10, 0xa2, 0x10, 0xa3, 0x18, 0x82, 0x10,
    0xa2, 0x10, 0xa3, 0x18, 0xa2, 0x10, 0xa2, 0x18, 0xa3, 0x10, 0xa2, 0x10,
    0xa3, 0x18, 0xa2, 0x10, 0x83, 0x18, 0xa2, 0x10, 0xa3, 0x10, 0x83, 0x18,
    0x82, 0x10, 0xa3, 0x10, 0xa2, 0x18, 0x82, 0x10, 0xa3, 0x10, 0xa3, 0x18,
    0x82, 0x10, 0xa2, 0x10, 0xa3, 0x18, 0x82, 0x10, 0xa2, 0x10, 0xa3, 0x18,
    0xa3, 0x10, 0x82, 0x10, 0xa2, 0x18, 0xa3, 0x10, 0x82, 0x10, 0xa3, 0x18,
    0xa2, 0x10, 0xa2, 0x10, 0x82, 0x18, 0xa2, 0x10, 0xa3, 0x10, 0x82, 0x18,
    0xa2, 0x10, 0xa3, 0x10, 0x82, 0x18, 0xa2, 0x18, 0xa2, 0x10, 0x82, 0x18,
    0x0a, 0x01, 0x29, 0x01, 0x0a, 0x01, 0x0a, 0x01, 0x09, 0x01, 0x29, 0x01,
    0x0a, 0x01, 0x09, 0x01, 0x0a, 0x01, 0x29, 0x01, 0x0a, 0x01, 0x09, 0x01,
    0x29, 0x01, 0x0a, 0x01, 0x0a, 0x01, 0x09, 0x01, 0x2a, 0x01, 0x0a, 0x01,
    0x09, 0x01, 0x29, 0x01, 0x0a, 0x01, 0x09, 0x01, 0x0a, 0x01, 0x2a, 0x01,
    0x09, 0x01, 0x09, 0x01, 0x0a, 0x01, 0x0a, 0x01, 0x09, 0x01, 0x09, 0x01,
    0x09, 0x01, 0x2a, 0x01, 0x09, 0x01, 0x0a, 0x01, 0x0a, 0x01, 0x09, 0x01,
    0x0a, 0x01, 0x2a, 0x01, 0x09, 0x01, 0x09, 0x01, 0x0a, 0x01, 0x2a, 0x01,
    0x09, 0x01, 0x0a, 0x01, 0x09, 0x01, 0x2a, 0x01, 0x09, 0x01, 0x0a, 0x01,
    0x0a, 0x01, 0x09, 0x01, 0x2a, 0x01, 0x09, 0x01, 0x09, 0x01, 0x0a, 0x01,
    0x09, 0x01, 0x29, 0x01, 0x0a, 0x01, 0xff, 0xff, 0xff, 0xff, 0xff, 0xff,
    0xff, 0xff, 0xff, 0xff, 0xff, 0xff, 0xff, 0xff, 0xff, 0xff, 0xff, 0xff,
    0xff, 0xff, 0xff, 0xff, 0xff, 0xff, 0xff, 0xff, 0xff, 0xff, 0xff, 0xff,
    0xff, 0xff, 0xff, 0xff, 0xff, 0xff, 0xff, 0xff, 0xff, 0xff, 0xff, 0xff,
    0xff, 0xff, 0xff, 0xff, 0xff, 0xff, 0xff, 0xff, 0xff, 0xff, 0xff, 0xff,
    0xff, 0xff, 0xff, 0xff, 0xff, 0xff, 0xff, 0xff, 0xff, 0xff, 0xff, 0xff,
    0xff, 0xff, 0xff, 0xff, 0xff, 0xff, 0xff, 0xff, 0xff, 0xff, 0xff, 0xff,
    0xff, 0xff, 0xff, 0xff, 0xff, 0xff, 0xff, 0xff, 0xff, 0xff, 0xff, 0xff,
    0xff, 0xff, 0xff, 0xff, 0xff, 0xff, 0xff, 0xff, 0xff, 0xff, 0xff, 0xff,
    0xff, 0xff, 0xff, 0xff, 0xff, 0xff, 0xff, 0xff, 0xff, 0xff, 0xff, 0xff,
    0xd1, 0x72, 0x0d, 0x30, 0x0d, 0x30, 0x0d, 0x38, 0x0d, 0x30, 0x0e, 0x30,
    0x0d, 0x30, 0x0d, 0x38, 0x0d, 0x30, 0x0e, 0x30, 0x0d, 0x38, 0x0d, 0x30,
    0x0d, 0x30, 0x0e, 0x38, 0x0d, 0x30, 0x0d, 0x30, 0x0d, 0x38, 0x0e, 0x30,
    0x0d, 0x30, 0x0d, 0x30, 0x0d, 0x30, 0x0e, 0x30, 0x0d, 0x30, 0x0d, 0x30,
    0x0e, 0x38, 0x0d, 0x30, 0x0d, 0x30, 0x0d, 0x38, 0x0d, 0x30, 0x0e, 0x30,
    0x0d, 0x30, 0x0d, 0x30, 0x0d, 0x30, 0x0e, 0x38, 0x0d, 0x30, 0x0e, 0x30,
    0x0d, 0x30, 0x0e, 0x38, 0x0e, 0x30, 0x0d, 0x38, 0x0d, 0x30, 0x0e, 0x30,
    0x0e, 0x30, 0x0d, 0x30, 0x0e, 0x30, 0x0d, 0x30, 0x0d, 0x38, 0x0d, 0x30,
    0x0d, 0x30, 0x0d, 0x30, 0x0e, 0x30, 0x0d, 0x38, 0x0e, 0x30, 0x0d, 0x38,
    0x0e, 0x30, 0x0d, 0x30, 0x0d, 0x30, 0x86, 0x30, 0xa2, 0x10, 0xa3, 0x10,
    0x82, 0x18, 0xa2, 0x10, 0xa3, 0x10, 0x82, 0x18, 0xa2, 0x10, 0xa3, 0x10,
    0xa3, 0x18, 0x82, 0x10, 0xa2, 0x10, 0x83, 0x18, 0xa2, 0x10, 0xa3, 0x10,
    0x82, 0x18, 0xa3, 0x10, 0xa2, 0x10, 0x82, 0x18, 0xa3, 0x10, 0x82, 0x10,
    0xa2, 0x18, 0x83, 0x10, 0x82, 0x10, 0xa3, 0x18, 0x82, 0x10, 0xa2, 0x18,
    0xa3, 0x10, 0xa2, 0x10, 0xa3, 0x18, 0xa2, 0x10, 0x83, 0x18, 0xa2, 0x10,
    0xa2, 0x18, 0xa3, 0x10, 0xa2, 0x10, 0xa3, 0x18, 0xa2, 0x10, 0xa3, 0x10,
    0x82, 0x18, 0xa2, 0x10, 0xa3, 0x10, 0xa2, 0x10, 0x82, 0x10, 0xa3, 0x18,
    0x82, 0x10, 0xa2, 0x18, 0xa3, 0x18, 0x83, 0x10, 0xa2, 0x10, 0xa2, 0x10,
    0xa3, 0x18, 0xa2, 0x10, 0x82, 0x10, 0xa2, 0x18, 0xa3, 0x10, 0xa2, 0x18,
    0x82, 0x10, 0x41, 0x08, 0x41, 0x08, 0x61, 0x10, 0x42, 0x08, 0x41, 0x08,
    0x41, 0x08, 0x62, 0x10, 0x41, 0x08, 0x41, 0x08, 0x41, 0x10, 0x62, 0x08,
    0x41, 0x08, 0x41, 0x08, 0x41, 0x08, 0x62, 0x10, 0xa2, 0x10, 0x82, 0x10,
    0xa2, 0x18, 0xa3, 0x10, 0xa2, 0x10, 0x82, 0x18, 0xa3, 0x10, 0xa2, 0x10,
    0xa2, 0x18, 0x83, 0x10, 0xa3, 0x18, 0xa2, 0x18, 0x83, 0x10, 0xa2, 0x18,
    0xa2, 0x10, 0xe4, 0x20, 0xe4, 0x18, 0xe3, 0x20, 0xe4, 0x20, 0x04, 0x19,
    0xe3, 0x20, 0xe4, 0x20, 0x04, 0x19, 0xe3, 0x20, 0xe4, 0x20, 0x03, 0x19,
    0xe4, 0x18, 0xe4, 0x20, 0xe3, 0x18, 0xe4, 0x20, 0xa2, 0x10, 0xa2, 0x10,
    0xa3, 0x18, 0xa2, 0x10, 0xa3, 0x18, 0x82, 0x10, 0xa3, 0x10, 0x82, 0x18,
    0x82, 0x10, 0xa3, 0x18, 0xa2, 0x10, 0x82, 0x10, 0xa2, 0x18, 0xa3, 0x10,
    0xa2, 0x10, 0xa2, 0x18, 0xa2, 0x10, 0xa3, 0x18, 0x82, 0x10, 0xa2, 0x10,
    0xa3, 0x18, 0xa2, 0x10, 0xa2, 0x10, 0x83, 0x18, 0xa3, 0x10, 0xa2, 0x18,
    0x82, 0x10, 0xa3, 0x18, 0xa2, 0x10, 0xa2, 0x18, 0x83, 0x10, 0xa2, 0x10,
    0xa2, 0x18, 0x83, 0x10, 0xa2, 0x18, 0xa3, 0x10, 0xa2, 0x10, 0x82, 0x18,
    0xa3, 0x10, 0xa2, 0x10, 0x82, 0x18, 0xa3, 0x10, 0xa3, 0x10, 0xa2, 0x18,
    0xa3, 0x10, 0xa2, 0x10, 0x09, 0x01, 0x0a, 0x01, 0x29, 0x01, 0x0a, 0x01,
    0x0a, 0x01, 0x09, 0x01, 0x2a, 0x01, 0x09, 0x01, 0x09, 0x01, 0x0a, 0x01,
    0x09, 0x01, 0x0a, 0x01, 0x29, 0x01, 0x09, 0x01, 0x0a, 0x01, 0x29, 0x01,
    0x09, 0x01, 0x0a, 0x01, 0x0a, 0x01, 0x29, 0x01, 0x09, 0x01, 0x0a, 0x01,
    0x09, 0x01, 0x0a, 0x01, 0x2a, 0x01, 0x09, 0x01, 0x09, 0x01, 0x2a, 0x01,
    0x0a, 0x01, 0x09, 0x01, 0x2a, 0x01, 0x09, 0x01, 0x09, 0x01, 0x2a, 0x01,
    0x09, 0x01, 0x0a, 0x01, 0x29, 0x01, 0x0a, 0x01, 0x09, 0x01, 0x2a, 0x01,
    0x09, 0x01, 0x09, 0x01, 0x2a, 0x01, 0x09, 0x01, 0x0a, 0x01, 0x09, 0x01,
    0x09, 0x01, 0x0a, 0x01, 0x09, 0x01, 0x0a, 0x01, 0x0a, 0x01, 0x29, 0x01,
    0x0a, 0x01, 0x2a, 0x01, 0x09, 0x01, 0x0a, 0x01, 0x29, 0x01, 0xff, 0xff,
    0xff, 0xff, 0xff, 0xff, 0xff, 0xff, 0xff, 0xff, 0xff, 0xff, 0xff, 0xff,
    0xff, 0xff, 0xff, 0xff, 0xff, 0xff, 0xff, 0xff, 0xff, 0xff, 0xff, 0xff,
    0xff, 0xff, 0xff, 0xff, 0xff, 0xff, 0xff, 0xff, 0xff, 0xff, 0xff, 0xff,
    0xff, 0xff, 0xff, 0xff, 0xff, 0xff, 0xff, 0xff, 0xff, 0xff, 0xff, 0xff,
    0xff, 0xff, 0xff, 0xff, 0xff, 0xff, 0xff, 0xff, 0xff, 0xff, 0xff, 0xff,
    0xff, 0xff, 0xff, 0xff, 0xff, 0xff, 0xff, 0xff, 0xff, 0xff, 0xff, 0xff,
    0xff, 0xff, 0xff, 0xff, 0xff, 0xff, 0xff, 0xff, 0xff, 0xff, 0xff, 0xff,
    0xff, 0xff, 0xff, 0xff, 0xff, 0xff, 0xff, 0xff, 0xff, 0xff, 0xff, 0xff,
    0xff, 0xff, 0xff, 0xff, 0xff, 0xff, 0xff, 0xff, 0xff, 0xff, 0xff, 0xff,
    0xff, 0xff, 0xff, 0xff, 0xd1, 0x72, 0x0d, 0x30, 0x0d, 0x30, 0x0e, 0x38,
    0x0d, 0x30, 0x0d, 0x30, 0x0d, 0x38, 0x0d, 0x30, 0x0d, 0x30, 0x0d, 0x30,
    0x0e, 0x30, 0x0d, 0x30, 0x0d, 0x30, 0x0d, 0x30, 0x0e, 0x30, 0x0d, 0x38,
    0x0d, 0x30, 0x0d, 0x30, 0x0e, 0x38, 0x0d, 0x30, 0x0d, 0x30, 0x0d, 0x30,
    0x0e, 0x30, 0x0d, 0x38, 0x0d, 0x30, 0x0d, 0x30, 0x0d, 0x30, 0x0e, 0x38,
    0x0d, 0x30, 0x0d, 0x30, 0x0d, 0x38, 0x0d, 0x30, 0x0d, 0x30, 0x0d, 0x30,
    0x0d, 0x38, 0x0d, 0x30, 0x0d, 0x30, 0x0d, 0x30, 0x0d, 0x38, 0x0d, 0x30,
    0x0e, 0x30, 0x0d, 0x38, 0x0d, 0x30, 0x0d, 0x38, 0x0d, 0x30, 0x0e, 0x30,
    0x0d, 0x30, 0x0d, 0x38, 0x0e, 0x30, 0x0d, 0x30, 0x0d, 0x38, 0x0d, 0x30,
    0x0d, 0x30, 0x0e, 0x30, 0x0d, 0x38, 0x0d, 0x30, 0x0d, 0x30, 0x86, 0x30,
    0xa2, 0x10, 0xa3, 0x18, 0xa2, 0x10, 0x83, 0x18, 0xa2, 0x10, 0xa2, 0x10,
    0x83, 0x18, 0xa2, 0x10, 0xa2, 0x18, 0xa3, 0x10, 0xa2, 0x10, 0x82, 0x18,
    0xa3, 0x10, 0xa2, 0x18, 0xa2, 0x18, 0xa3, 0x10, 0xa2, 0x10, 0xa2, 0x18,
    0x83, 0x10, 0xa2, 0x18, 0xa3, 0x10, 0xa2, 0x10, 0xa2, 0x18, 0xa3, 0x10,
    0xa2, 0x10, 0x82, 0x18, 0xa3, 0x10, 0xa2, 0x10, 0x82, 0x18, 0xa3, 0x10,
    0xa2, 0x10, 0x82, 0x18, 0xa3, 0x10, 0xa2, 0x10, 0x83, 0x18, 0x82, 0x10,
    0xa2, 0x18, 0xa3, 0x10, 0xa2, 0x10, 0xa3, 0x18, 0xa3, 0x18, 0x82, 0x10,
    0xa2, 0x10, 0xa3, 0x10, 0xa2, 0x10, 0x82, 0x10, 0xa3, 0x10, 0xa2, 0x18,
    0x82, 0x10, 0xa3, 0x10, 0xa2, 0x18, 0x82, 0x10, 0xa3, 0x10, 0xa2, 0x10,
    0x82, 0x18, 0xa3, 0x10, 0x82, 0x10, 0x41, 0x08, 0x61, 0x08, 0x41, 0x08,
    0x41, 0x08, 0x41, 0x08, 0x41, 0x08, 0x41, 0x08, 0x41, 0x08, 0x41, 0x08,
    0x41, 0x08, 0x41, 0x08, 0x41, 0x08, 0x61, 0x08, 0x41, 0x08, 0x62, 0x10,
    0xa3, 0x10, 0xa2, 0x18, 0x83, 0x10, 0xa2, 0x10, 0xa2, 0x18, 0xa3, 0x10,
    0xa3, 0x10, 0x82, 0x18, 0xa2, 0x10, 0xa3, 0x10, 0xa2, 0x10, 0xa2, 0x18,
    0xa3, 0x10, 0x82, 0x10, 0xa2, 0x18, 0xe4, 0x20, 0xe4, 0x18, 0xe3, 0x18,
    0xe4, 0x20, 0xe4, 0x20, 0xe3, 0x18, 0xe4, 0x18, 0xe4, 0x20, 0x03, 0x19,
    0xe4, 0x20, 0xe4, 0x20, 0xe3, 0x20, 0x04, 0x19, 0xe4, 0x20, 0xe4, 0x20,
    0xa2, 0x10, 0xa2, 0x10, 0x83, 0x18, 0xa2, 0x10, 0xa2, 0x10, 0xa3, 0x18,
    0xa2, 0x10, 0xa3, 0x10, 0xa2, 0x18, 0xa2, 0x10, 0x83, 0x10, 0xa2, 0x18,
    0xa2, 0x10, 0x83, 0x18, 0xa2, 0x10, 0xa2, 0x10, 0x83, 0x18, 0xa2, 0x10,
    0xa3, 0x10, 0xa2, 0x18, 0x82, 0x18, 0xa3, 0x10, 0xa2, 0x10, 0xa2, 0x18,
    0xa2, 0x10, 0xa3, 0x10, 0x82, 0x18, 0xa2, 0x10, 0xa2, 0x10, 0xa3, 0x18,
    0xa2, 0x10, 0xa2, 0x18, 0xa3, 0x10, 0xa2, 0x10, 0x82, 0x18, 0xa3, 0x10,
    0xa3, 0x18, 0xa2, 0x10, 0xa3, 0x18, 0xa2, 0x10, 0xa2, 0x18, 0x83, 0x10,
    0xa2, 0x10, 0xa2, 0x18, 0x83, 0x10, 0xa2, 0x10, 0x09, 0x01, 0x0a, 0x01,
    0x09, 0x01, 0x29, 0x01, 0x0a, 0x01, 0x09, 0x01, 0x0a, 0x01, 0x2a, 0x01,
    0x09, 0x01, 0x0a, 0x01, 0x2a, 0x01, 0x09, 0x01, 0x0a, 0x01, 0x0a, 0x01,
    0x09, 0x01, 0x0a, 0x01, 0x09, 0x01, 0x09, 0x01, 0x2a, 0x01, 0x0a, 0x01,
    0x09, 0x01, 0x2a, 0x01, 0x09, 0x01, 0x09, 0x01, 0x0a, 0x01, 0x2a, 0x01,
    0x09, 0x01, 0x09, 0x01, 0x2a, 0x01, 0x0a, 0x01, 0x0a, 0x01, 0x09, 0x01,
    0x0a, 0x01, 0x29, 0x01, 0x0a, 0x01, 0x09, 0x01, 0x09, 0x01, 0x0a, 0x01,
    0x0a, 0x01, 0x29, 0x01, 0x0a, 0x01, 0x09, 0x01, 0x0a, 0x01, 0x29, 0x01,
    0x0a, 0x01, 0x2a, 0x01, 0x09, 0x01, 0x29, 0x01, 0x2a, 0x01, 0x09, 0x01,
    0x09, 0x01, 0x0a, 0x01, 0x09, 0x01, 0x09, 0x01, 0x0a, 0x01, 0x0a, 0x01,
    0x09, 0x01, 0xff, 0xff, 0xff, 0xff, 0xff, 0xff, 0xff, 0xff, 0xff, 0xff,
    0xff, 0xff, 0xff, 0xff, 0xff, 0xff, 0xff, 0xff, 0xff, 0xff, 0xff, 0xff,
    0xff, 0xff, 0xff, 0xff, 0xff, 0xff, 0xff, 0xff, 0xff, 0xff, 0xff, 0xff,
    0xff, 0xff, 0xff, 0xff, 0xff, 0xff, 0xff, 0xff, 0xff, 0xff, 0xff, 0xff,
    0xff, 0xff, 0xff, 0xff, 0xff, 0xff, 0xff, 0xff, 0xff, 0xff, 0xff, 0xff,
    0xff, 0xff, 0xff, 0xff, 0xff, 0xff, 0xff, 0xff, 0xff, 0xff, 0xff, 0xff,
    0xff, 0xff, 0xff, 0xff, 0xff, 0xff, 0xff, 0xff, 0xff, 0xff, 0xff, 0xff,
    0xff, 0xff, 0xff, 0xff, 0xff, 0xff, 0xff, 0xff, 0xff, 0xff, 0xff, 0xff,
    0xff, 0xff, 0xff, 0xff, 0xff, 0xff, 0xff, 0xff, 0xff, 0xff, 0xff, 0xff,
    0xff, 0xff, 0xff, 0xff, 0xff, 0xff, 0xff, 0xff, 0xd1, 0x72, 0x0d, 0x30,
    0x0d, 0x30, 0x0e, 0x30, 0x0d, 0x30, 0x0d, 0x38, 0x0e, 0x30, 0x0e, 0x30,
    0x0d, 0x38, 0x0d, 0x30, 0x0d, 0x38, 0x0e, 0x30, 0x0d, 0x38, 0x0d, 0x30,
    0x0d, 0x30, 0x0e, 0x30, 0x0d, 0x30, 0x0d, 0x30, 0x0d, 0x38, 0x0e, 0x30,
    0x0d, 0x38, 0x0d, 0x30, 0x0d, 0x30, 0x0d, 0x38, 0x0e, 0x30, 0x0d, 0x30,
    0x0d, 0x30, 0x0e, 0x30, 0x0d, 0x30, 0x0d, 0x30, 0x0e, 0x38, 0x0e, 0x30,
    0x0d, 0x30, 0x0d, 0x30, 0x0e, 0x30, 0x0d, 0x38, 0x0d, 0x30, 0x0e, 0x30,
    0x0d, 0x30, 0x0d, 0x30, 0x0d, 0x30, 0x0d, 0x38, 0x0d, 0x30, 0x0d, 0x30,
    0x0d, 0x38, 0x0e, 0x30, 0x0d, 0x30, 0x0d, 0x30, 0x0e, 0x38, 0x0d, 0x30,
    0x0d, 0x30, 0x0e, 0x30, 0x0d, 0x30, 0x0d, 0x30, 0x0d, 0x38, 0x0d, 0x30,
    0x0e, 0x30, 0x86, 0x30, 0x82, 0x10, 0xa2, 0x10, 0xa3, 0x18, 0xa2, 0x10,
    0xa2, 0x18, 0xa3, 0x10, 0x82, 0x10, 0xa2, 0x18, 0xa3, 0x10, 0x82, 0x18,
    0xa2, 0x10, 0xa3, 0x10, 0x82, 0x18, 0xa2, 0x10, 0xa3, 0x10, 0x82, 0x18,
    0xa3, 0x10, 0xa2, 0x10, 0xa2, 0x18, 0xa3, 0x10, 0xa2, 0x10, 0xa2, 0x18,
    0x83, 0x10, 0xa2, 0x10, 0xa3, 0x18, 0xa2, 0x10, 0x82, 0x18, 0xa3, 0x10,
    0xa2, 0x10, 0xa2, 0x18, 0xa3, 0x10, 0xa2, 0x10, 0x82, 0x18, 0xa3, 0x10,
    0xa2, 0x10, 0xa2, 0x18, 0xa3, 0x10, 0x82, 0x18, 0xa2, 0x10, 0xa2, 0x10,
    0x82, 0x18, 0xa3, 0x18, 0xa2, 0x10, 0xa3, 0x18, 0xa2, 0x18, 0xa2, 0x10,
    0xa3, 0x10, 0xa2, 0x18, 0xa2, 0x18, 0x83, 0x10, 0xa2, 0x10, 0xa3, 0x18,
    0xa3, 0x18, 0xa2, 0x10, 0xa2, 0x10, 0xa3, 0x18, 0x82, 0x10, 0x41, 0x08,
    0x41, 0x08, 0x41, 0x08, 0x61, 0x08, 0x41, 0x10, 0x61, 0x08, 0x41, 0x08,
    0x61, 0x08, 0x62, 0x08, 0x41, 0x08, 0x41, 0x10, 0x61, 0x08, 0x41, 0x08,
    0x41, 0x08, 0x61, 0x10, 0xa2, 0x10, 0xa3, 0x10, 0xa2, 0x18, 0x82, 0x10,
    0xa3, 0x18, 0xa2, 0x10, 0x82, 0x10, 0xa3, 0x18, 0xa2, 0x10, 0x82, 0x10,
    0xa2, 0x18, 0xa3, 0x10, 0xa2, 0x10, 0xa2, 0x10, 0xa3, 0x10, 0xe4, 0x20,
    0xe3, 0x20, 0x04, 0x19, 0x03, 0x21, 0xe4, 0x20, 0x03, 0x19, 0xe4, 0x20,
    0xe3, 0x20, 0xe4, 0x18, 0x04, 0x21, 0xe3, 0x20, 0xe4, 0x18, 0x03, 0x21,
    0xe4, 0x20, 0xe4, 0x18, 0xa2, 0x10, 0xa2, 0x18, 0xa3, 0x10, 0x82, 0x10,
    0xa2, 0x18, 0xa3, 0x10, 0x82, 0x18, 0xa2, 0x10, 0xa3, 0x10, 0xa2, 0x18,
    0xa3, 0x10, 0xa3, 0x10, 0xa2, 0x18, 0x82, 0x10, 0xa3, 0x18, 0xa2, 0x10,
    0x82, 0x10, 0xa3, 0x18, 0xa2, 0x10, 0xa2, 0x10, 0xa3, 0x18, 0x82, 0x10,
    0xa3, 0x10, 0x82, 0x18, 0xa2, 0x10, 0xa3, 0x10, 0xa3, 0x18, 0x82, 0x10,
    0xa3, 0x10, 0x82, 0x18, 0xa3, 0x10, 0x82, 0x10, 0xa3, 0x18, 0xa2, 0x10,
    0xa2, 0x10, 0x83, 0x18, 0xa2, 0x10, 0xa2, 0x10, 0x83, 0x18, 0xa2, 0x10,
    0xa3, 0x10, 0xa2, 0x18, 0x82, 0x10, 0xa3, 0x10, 0xa2, 0x18, 0x82, 0x10,
    0x0a, 0x01, 0x09, 0x01, 0x0a, 0x01, 0x0a, 0x01, 0x29, 0x01, 0x09, 0x01,
    0x0a, 0x01, 0x09, 0x01, 0x29, 0x01, 0x0a, 0x01, 0x09, 0x01, 0x29, 0x01,
    0x0a, 0x01, 0x29, 0x01, 0x0a, 0x01, 0x2a, 0x01, 0x0a, 0x01, 0x09, 0x01,
    0x09, 0x01, 0x0a, 0x01, 0x0a, 0x01, 0x29, 0x01, 0x0a, 0x01, 0x09, 0x01,
    0x29, 0x01, 0x0a, 0x01, 0x0a, 0x01, 0x09, 0x01, 0x09, 0x01, 0x29, 0x01,
    0x0a, 0x01, 0x0a, 0x01, 0x09, 0x01, 0x0a, 0x01, 0x2a, 0x01, 0x09, 0x01,
    0x0a, 0x01, 0x29, 0x01, 0x09, 0x01, 0x0a, 0x01, 0x0a, 0x01, 0x09, 0x01,
    0x0a, 0x01, 0x09, 0x01, 0x09, 0x01, 0x0a, 0x01, 0x0a, 0x01, 0x09, 0x01,
    0x0a, 0x01, 0x0a, 0x01, 0x29, 0x01, 0x0a, 0x01, 0x2a, 0x01, 0x09, 0x01,
    0x29, 0x01, 0x0a, 0x01, 0x09, 0x01, 0xff, 0xff, 0xff, 0xff, 0xff, 0xff,
    0xff, 0xff, 0xff, 0xff, 0xff, 0xff, 0xff, 0xff, 0xff, 0xff, 0xff, 0xff,
    0xff, 0xff, 0xff, 0xff, 0xff, 0xff, 0xff, 0xff, 0xff, 0xff, 0xff, 0xff,
    0xff, 0xff, 0xff, 0xff, 0xff, 0xff, 0xff, 0xff, 0xff, 0xff, 0xff, 0xff,
    0xff, 0xff, 0xff, 0xff, 0xff, 0xff, 0xff, 0xff, 0xff, 0xff, 0xff, 0xff,
    0xff, 0xff, 0xff, 0xff, 0xff, 0xff, 0xff, 0xff, 0xff, 0xff, 0xff, 0xff,
    0xff, 0xff, 0xff, 0xff, 0xff, 0xff, 0xff, 0xff, 0xff, 0xff, 0xff, 0xff,
    0xff, 0xff, 0xff, 0xff, 0xff, 0xff, 0xff, 0xff, 0xff, 0xff, 0xff, 0xff,
    0xff, 0xff, 0xff, 0xff, 0xff, 0xff, 0xff, 0xff, 0xff, 0xff, 0xff, 0xff,
    0xff, 0xff, 0xff, 0xff, 0xff, 0xff, 0xff, 0xff, 0xff, 0xff, 0xff, 0xff,
    0xd1, 0x72, 0x0d, 0x30, 0x0d, 0x30, 0x0d, 0x30, 0x0d, 0x38, 0x0d, 0x30,
    0x0d, 0x30, 0x0d, 0x30, 0x0e, 0x30, 0x0d, 0x30, 0x0d, 0x30, 0x0d, 0x38,
    0x0e, 0x30, 0x0d, 0x30, 0x0d, 0x38, 0x0d, 0x30, 0x0e, 0x30, 0x0d, 0x38,
    0x0d, 0x30, 0x0d, 0x30, 0x0e, 0x30, 0x0d, 0x38, 0x0d, 0x30, 0x0e, 0x30,
    0x0d, 0x30, 0x0d, 0x38, 0x0d, 0x30, 0x0d, 0x38, 0x0d, 0x30, 0x0d, 0x30,
    0x0d, 0x30, 0x0d, 0x38, 0x0d, 0x30, 0x0e, 0x30, 0x0d, 0x30, 0x0d, 0x30,
    0x0e, 0x38, 0x0d, 0x30, 0x0d, 0x30, 0x0e, 0x38, 0x0d, 0x30, 0x0e, 0x30,
    0x0e, 0x30, 0x0d, 0x30, 0x0d, 0x30, 0x0d, 0x38, 0x0d, 0x30, 0x0d, 0x30,
    0x0d, 0x30, 0x0d, 0x38, 0x0d, 0x30, 0x0e, 0x38, 0x0d, 0x30, 0x0d, 0x30,
    0x0e, 0x30, 0x0d, 0x30, 0x0d, 0x38, 0x86, 0x30, 0xa2, 0x10, 0x82, 0x10,
    0xa3, 0x18, 0x82, 0x10, 0xa3, 0x10, 0xa3, 0x18, 0xa2, 0x10, 0xa2, 0x10,
    0x83, 0x18, 0xa2, 0x10, 0xa3, 0x10, 0xa2, 0x18, 0xa2, 0x10, 0x83, 0x10,
    0xa2, 0x10, 0xa2, 0x18, 0x83, 0x10, 0xa2, 0x10, 0xa2, 0x18, 0x83, 0x10,
    0xa2, 0x18, 0x83, 0x18, 0xa2, 0x10, 0xa2, 0x10, 0x83, 0x18, 0xa2, 0x10,
    0xa2, 0x10, 0x83, 0x18, 0xa2, 0x10, 0x82, 0x18, 0xa3, 0x10, 0xa3, 0x10,
    0xa2, 0x18, 0xa2, 0x10, 0xa3, 0x10, 0xa2, 0x18, 0x83, 0x10, 0xa2, 0x10,
    0xa3, 0x18, 0x82, 0x10, 0xa2, 0x10, 0xa3, 0x10, 0x82, 0x18, 0xa2, 0x10,
    0x83, 0x18, 0xa2, 0x10, 0x83, 0x10, 0xa2, 0x18, 0xa2, 0x10, 0xa3, 0x10,
    0x82, 0x18, 0xa2, 0x10, 0xa2, 0x10, 0x83, 0x18, 0xa2, 0x10, 0xa2, 0x10,
    0x82, 0x10, 0x41, 0x08, 0x42, 0x10, 0x61, 0x08, 0x41, 0x08, 0x42, 0x08,
    0x41, 0x08, 0x41, 0x08, 0x41, 0x10, 0x41, 0x08, 0x41, 0x08, 0x62, 0x08,
    0x41, 0x08, 0x41, 0x08, 0x41, 0x08, 0x62, 0x10, 0xa2, 0x10, 0x82, 0x10,
    0xa3, 0x18, 0xa2, 0x10, 0xa3, 0x10, 0x82, 0x18, 0xa2, 0x10, 0xa3, 0x18,
    0xa3, 0x10, 0x82, 0x18, 0xa3, 0x10, 0x82, 0x18, 0x82, 0x18, 0xa3, 0x10,
    0xa2, 0x10, 0xe4, 0x20, 0xe4, 0x20, 0xe3, 0x20, 0xe4, 0x18, 0xe4, 0x20,
    0xe3, 0x20, 0x04, 0x21, 0xe4, 0x18, 0xe3, 0x20, 0xe4, 0x18, 0xe4, 0x20,
    0xe3, 0x18, 0xe4, 0x20, 0xe3, 0x20, 0xe4, 0x18, 0xa2, 0x10, 0xa2, 0x18,
    0xa3, 0x10, 0xa2, 0x18, 0x82, 0x10, 0xa3, 0x10, 0xa2, 0x18, 0x82, 0x10,
    0x83, 0x10, 0xa2, 0x18, 0x82, 0x18, 0xa2, 0x10, 0xa3, 0x10, 0xa2, 0x18,
    0xa3, 0x10, 0xa2, 0x10, 0xa2, 0x18, 0x83, 0x18, 0xa2, 0x10, 0xa3, 0x10,
    0x82, 0x18, 0xa2, 0x10, 0xa3, 0x18, 0xa3, 0x10, 0x82, 0x18, 0xa2, 0x10,
    0xa2, 0x10, 0xa3, 0x18, 0xa2, 0x10, 0xa2, 0x10, 0x83, 0x18, 0xa2, 0x10,
    0xa2, 0x18, 0x83, 0x10, 0xa2, 0x10, 0xa2, 0x18, 0x82, 0x10, 0xa3, 0x10,
    0xa2, 0x18, 0x82, 0x10, 0xa3, 0x10, 0xa2, 0x18, 0xa2, 0x10, 0xa3, 0x18,
    0xa2, 0x10, 0xa2, 0x18, 0x09, 0x01, 0x2a, 0x01, 0x09, 0x01, 0x0a, 0x01,
    0x09, 0x01, 0x2a, 0x01, 0x0a, 0x01, 0x09, 0x01, 0x0a, 0x01, 0x0a, 0x01,
    0x09, 0x01, 0x0a, 0x01, 0x09, 0x01, 0x09, 0x01, 0x29, 0x01, 0x0a, 0x01,
    0x09, 0x01, 0x2a, 0x01, 0x09, 0x01, 0x09, 0x01, 0x2a, 0x01, 0x09, 0x01,
    0x0a, 0x01, 0x0a, 0x01, 0x09, 0x01, 0x09, 0x01, 0x2a, 0x01, 0x0a, 0x01,
    0x09, 0x01, 0x09, 0x01, 0x2a, 0x01, 0x09, 0x01, 0x09, 0x01, 0x2a, 0x01,
    0x09, 0x01, 0x0a, 0x01, 0x2a, 0x01, 0x09, 0x01, 0x09, 0x01, 0x2a, 0x01,
    0x09, 0x01, 0x29, 0x01, 0x2a, 0x01, 0x0a, 0x01, 0x09, 0x01, 0x29, 0x01,
    0x0a, 0x01, 0x09, 0x01, 0x09, 0x01, 0x2a, 0x01, 0x09, 0x01, 0x09, 0x01,
    0x0a, 0x01, 0x2a, 0x01, 0x09, 0x01, 0x0a, 0x01, 0x2a, 0x01, 0xff, 0xff,
    0xff, 0xff, 0xff, 0xff, 0xff, 0xff, 0xff, 0xff, 0xff, 0xff, 0xff, 0xff,
    0xff, 0xff, 0xff, 0xff, 0xff, 0xff, 0xff, 0xff, 0xff, 0xff, 0xff, 0xff,
    0xff, 0xff, 0xff, 0xff, 0xff, 0xff, 0xff, 0xff, 0xff, 0xff, 0xff, 0xff,
    0xff, 0xff, 0xff, 0xff, 0xff, 0xff, 0xff, 0xff, 0xff, 0xff, 0xff, 0xff,
    0xff, 0xff, 0xff, 0xff, 0xff, 0xff, 0xff, 0xff, 0xff, 0xff, 0xff, 0xff,
    0xff, 0xff, 0xff, 0xff, 0xff, 0xff, 0xff, 0xff, 0xff, 0xff, 0xff, 0xff,
    0xff, 0xff, 0xff, 0xff, 0xff, 0xff, 0xff, 0xff, 0xff, 0xff, 0xff, 0xff,
    0xff, 0xff, 0xff, 0xff, 0xff, 0xff, 0xff, 0xff, 0xff, 0xff, 0xff, 0xff,
    0xff, 0xff, 0xff, 0xff, 0xff, 0xff, 0xff, 0xff, 0xff, 0xff, 0xff, 0xff,
    0xff, 0xff, 0xff, 0xff, 0xd1, 0x72, 0x0d, 0x30, 0x0d, 0x30, 0x0e, 0x38,
    0x0d, 0x30, 0x0e, 0x30, 0x0d, 0x30, 0x0d, 0x38, 0x0d, 0x30, 0x0e, 0x30,
    0x0d, 0x30, 0x0d, 0x30, 0x0d, 0x30, 0x0e, 0x30, 0x0d, 0x38, 0x0d, 0x30,
    0x0d, 0x30, 0x0e, 0x38, 0x0d, 0x30, 0x0d, 0x30, 0x0d, 0x30, 0x0e, 0x30,
    0x0d, 0x38, 0x0d, 0x30, 0x0d, 0x30, 0x0e, 0x30, 0x0d, 0x38, 0x0e, 0x30,
    0x0d, 0x30, 0x0e, 0x38, 0x0d, 0x30, 0x0d, 0x30, 0x0e, 0x38, 0x0d, 0x30,
    0x0d, 0x38, 0x0d, 0x30, 0x0d, 0x30, 0x0d, 0x38, 0x0d, 0x30, 0x0d, 0x30,
    0x0d, 0x38, 0x0d, 0x30, 0x0d, 0x30, 0x0e, 0x38, 0x0d, 0x30, 0x0d, 0x30,
    0x0e, 0x38, 0x0e, 0x30, 0x0d, 0x30, 0x0d, 0x30, 0x0e, 0x30, 0x0d, 0x30,
    0x0d, 0x38, 0x0d, 0x30, 0x0d, 0x30, 0x0d, 0x30, 0x0d, 0x30, 0x86, 0x30,
    0xa2, 0x10, 0xa2, 0x18, 0xa3, 0x10, 0xa2, 0x10, 0x82, 0x18, 0xa2, 0x10,
    0xa3, 0x18, 0x82, 0x10, 0xa2, 0x10, 0xa3, 0x18, 0x82, 0x10, 0xa3, 0x18,
    0xa2, 0x10, 0xa3, 0x18, 0xa2, 0x18, 0xa2, 0x10, 0x83, 0x10, 0xa2, 0x18,
    0xa3, 0x10, 0x82, 0x10, 0xa2, 0x10, 0xa3, 0x10, 0xa2, 0x18, 0xa2, 0x10,
    0xa3, 0x10, 0xa2, 0x18, 0xa3, 0x10, 0xa2, 0x10, 0xa3, 0x18, 0xa2, 0x10,
    0x82, 0x18, 0xa3, 0x10, 0x82, 0x18, 0x82, 0x10, 0xa3, 0x18, 0xa2, 0x10,
    0x82, 0x10, 0xa3, 0x18, 0xa2, 0x10, 0xa3, 0x18, 0xa2, 0x10, 0xa2, 0x10,
    0xa3, 0x10, 0x82, 0x10, 0xa2, 0x10, 0xa3, 0x18, 0xa2, 0x10, 0x82, 0x10,
    0xa3, 0x18, 0xa2, 0x10, 0xa2, 0x10, 0x83, 0x18, 0xa2, 0x10, 0xa2, 0x10,
    0x83, 0x18, 0xa3, 0x18, 0x82, 0x10, 0x41, 0x08, 0x61, 0x08, 0x41, 0x08,
    0x41, 0x08, 0x41, 0x08, 0x61, 0x08, 0x42, 0x08, 0x41, 0x08, 0x41, 0x08,
    0x41, 0x08, 0x41, 0x08, 0x41, 0x08, 0x41, 0x08, 0x41, 0x08, 0x62, 0x10,
    0xa3, 0x10, 0xa2, 0x18, 0x82, 0x10, 0xa3, 0x10, 0xa2, 0x18, 0xa2, 0x10,
    0xa3, 0x10, 0xa2, 0x18, 0xa2, 0x10, 0xa2, 0x10, 0xa3, 0x10, 0xa2, 0x10,
    0xa2, 0x18, 0xa3, 0x10, 0xa2, 0x10, 0xe3, 0x20, 0xe4, 0x20, 0xe4, 0x18,
    0x03, 0x21, 0xe4, 0x18, 0xe4, 0x20, 0xe3, 0x18, 0x04, 0x21, 0xe3, 0x20,
    0x04, 0x21, 0xe4, 0x18, 0x03, 0x21, 0xe4, 0x18, 0x04, 0x21, 0xe3, 0x20,
    0xa2, 0x10, 0xa3, 0x10, 0x82, 0x18, 0xa3, 0x10, 0xa2, 0x10, 0xa3, 0x18,
    0xa2, 0x10, 0xa2, 0x18, 0xa3, 0x10, 0xa2, 0x10, 0xa2, 0x18, 0x83, 0x10,
    0xa2, 0x10, 0x82, 0x18, 0xa3, 0x10, 0xa2, 0x10, 0x83, 0x18, 0xa2, 0x10,
    0xa2, 0x10, 0x83, 0x18, 0xa2, 0x10, 0xa2, 0x10, 0xa2, 0x10, 0xa3, 0x18,
    0x82, 0x10, 0xa2, 0x18, 0xa3, 0x10, 0x82, 0x18, 0xa2, 0x10, 0xa3, 0x10,
    0xa2, 0x18, 0xa2, 0x10, 0xa3, 0x10, 0x82, 0x18, 0xa3, 0x10, 0xa2, 0x18,
    0xa3, 0x10, 0xa2, 0x10, 0xa2, 0x18, 0x83, 0x10, 0xa2, 0x18, 0xa2, 0x10,
    0x83, 0x10, 0xa2, 0x18, 0xa3, 0x10, 0x83, 0x10, 0x09, 0x01, 0x0a, 0x01,
    0x29, 0x01, 0x09, 0x01, 0x0a, 0x01, 0x09, 0x01, 0x29, 0x01, 0x0a, 0x01,
    0x29, 0x01, 0x09, 0x01, 0x2a, 0x01, 0x0a, 0x01, 0x0a, 0x01, 0x0a, 0x01,
    0x09, 0x01, 0x09, 0x01, 0x0a, 0x01, 0x2a, 0x01, 0x09, 0x01, 0x0a, 0x01,
    0x09, 0x01, 0x09, 0x01, 0x2a, 0x01, 0x0a, 0x01, 0x09, 0x01, 0x2a, 0x01,
    0x09, 0x01, 0x0a, 0x01, 0x2a, 0x01, 0x0a, 0x01, 0x09, 0x01, 0x2a, 0x01,
    0x09, 0x01, 0x09, 0x01, 0x0a, 0x01, 0x09, 0x01, 0x09, 0x01, 0x0a, 0x01,
    0x0a, 0x01, 0x09, 0x01, 0x0a, 0x01, 0x09, 0x01, 0x0a, 0x01, 0x0a, 0x01,
    0x29, 0x01, 0x0a, 0x01, 0x2a, 0x01, 0x09, 0x01, 0x0a, 0x01, 0x2a, 0x01,
    0x09, 0x01, 0x09, 0x01, 0x0a, 0x01, 0x09, 0x01, 0x09, 0x01, 0x0a, 0x01,
    0x09, 0x01, 0xff, 0xff, 0xff, 0xff, 0xff, 0xff, 0xff, 0xff, 0xff, 0xff,
    0xff, 0xff, 0xff, 0xff, 0xff, 0xff, 0xff, 0xff, 0xff, 0xff, 0xff, 0xff,
    0xff, 0xff, 0xff, 0xff, 0xff, 0xff, 0xff, 0xff, 0xff, 0xff, 0xff, 0xff,
    0xff, 0xff, 0xff, 0xff, 0xff, 0xff, 0xff, 0xff, 0xff, 0xff, 0xff, 0xff,
    0xff, 0xff, 0xff, 0xff, 0xff, 0xff, 0xff, 0xff, 0xff, 0xff, 0xff, 0xff,
    0xff, 0xff, 0xff, 0xff, 0xff, 0xff, 0xff, 0xff, 0xff, 0xff, 0xff, 0xff,
    0xff, 0xff, 0xff, 0xff, 0xff, 0xff, 0xff, 0xff, 0xff, 0xff, 0xff, 0xff,
    0xff, 0xff, 0xff, 0xff, 0xff, 0xff, 0xff, 0xff, 0xff, 0xff, 0xff, 0xff,
    0xff, 0xff, 0xff, 0xff, 0xff, 0xff, 0xff, 0xff, 0xff, 0xff, 0xff, 0xff,
    0xff, 0xff, 0xff, 0xff, 0xff, 0xff, 0xff, 0xff, 0xd1, 0x72, 0x0d, 0x30,
    0x0d, 0x30, 0x0d, 0x30, 0x0d, 0x30, 0x0e, 0x30, 0x0d, 0x38, 0x0d, 0x30,
    0x0d, 0x38, 0x0d, 0x30, 0x0e, 0x38, 0x0d, 0x30, 0x0d, 0x30, 0x0d, 0x38,
    0x0e, 0x30, 0x0d, 0x30, 0x0d, 0x30, 0x0d, 0x30, 0x0e, 0x30, 0x0d, 0x38,
    0x0d, 0x30, 0x0d, 0x30, 0x0e, 0x30, 0x0d, 0x38, 0x0d, 0x30, 0x0d, 0x30,
    0x0e, 0x30, 0x0d, 0x30, 0x0d, 0x30, 0x0d, 0x38, 0x0e, 0x30, 0x0d, 0x30,
    0x0d, 0x30, 0x0d, 0x30, 0x0e, 0x30, 0x0d, 0x30, 0x0e, 0x30, 0x0e, 0x30,
    0x0d, 0x30, 0x0d, 0x30, 0x0e, 0x30, 0x0d, 0x38, 0x0d, 0x30, 0x0d, 0x30,
    0x0e, 0x30, 0x0d, 0x30, 0x0d, 0x30, 0x0d, 0x38, 0x0d, 0x30, 0x0e, 0x30,
    0x0d, 0x38, 0x0d, 0x30, 0x0d, 0x30, 0x0e, 0x38, 0x0d, 0x38, 0x0d, 0x30,
    0x0d, 0x30, 0x86, 0x30, 0xa2, 0x10, 0x83, 0x10, 0xa2, 0x18, 0xa2, 0x10,
    0x83, 0x10, 0xa2, 0x18, 0xa2, 0x10, 0xa3, 0x18, 0xa2, 0x10, 0xa2, 0x10,
    0x83, 0x18, 0xa2, 0x10, 0xa2, 0x10, 0x83, 0x10, 0xa2, 0x18, 0xa3, 0x10,
    0xa2, 0x10, 0xa2, 0x18, 0xa3, 0x18, 0xa2, 0x10, 0xa2, 0x10, 0x83, 0x18,
    0xa2, 0x10, 0x83, 0x18, 0xa2, 0x10, 0x82, 0x18, 0xa3, 0x10, 0xa2, 0x10,
    0x82, 0x18, 0xa3, 0x10, 0xa2, 0x10, 0xa2, 0x18, 0xa3, 0x10, 0xa2, 0x10,
    0xa2, 0x18, 0xa3, 0x10, 0xa2, 0x10, 0xa2, 0x18, 0x83, 0x10, 0xa2, 0x10,
    0x83, 0x18, 0xa2, 0x18, 0xa3, 0x10, 0xa2, 0x18, 0xa2, 0x18, 0xa3, 0x10,
    0xa2, 0x18, 0x83, 0x10, 0xa2, 0x18, 0xa3, 0x10, 0xa2, 0x10, 0xa3, 0x18,
    0xa2, 0x10, 0xa2, 0x10, 0xa3, 0x18, 0xa2, 0x10, 0x82, 0x10, 0x41, 0x08,
    0x41, 0x08, 0x41, 0x08, 0x41, 0x10, 0x61, 0x08, 0x41, 0x08, 0x61, 0x10,
    0x41, 0x08, 0x61, 0x08, 0x61, 0x10, 0x41, 0x08, 0x62, 0x08, 0x41, 0x08,
    0x41, 0x08, 0x61, 0x10, 0xa3, 0x10, 0xa2, 0x10, 0xa2, 0x18, 0x83, 0x10,
    0xa2, 0x18, 0xa2, 0x10, 0x83, 0x10, 0x82, 0x18, 0xa2, 0x10, 0xa3, 0x18,
    0x82, 0x18, 0xa3, 0x10, 0xa2, 0x10, 0x82, 0x18, 0xa3, 0x10, 0xe4, 0x20,
    0xe3, 0x18, 0x04, 0x21, 0xe3, 0x20, 0xe4, 0x18, 0x04, 0x21, 0xe3, 0x20,
    0xe4, 0x18, 0xe4, 0x20, 0xe3, 0x18, 0x04, 0x21, 0xe4, 0x20, 0xe3, 0x18,
    0xe4, 0x20, 0xe4, 0x20, 0xa2, 0x10, 0xa2, 0x10, 0xa3, 0x18, 0x82, 0x10,
    0xa2, 0x18, 0x83, 0x10, 0xa2, 0x10, 0xa3, 0x18, 0x82, 0x10, 0xa3, 0x10,
    0xa2, 0x18, 0xa3, 0x10, 0xa2, 0x10, 0x82, 0x18, 0xa3, 0x10, 0xa2, 0x10,
    0xa2, 0x18, 0xa3, 0x10, 0xa2, 0x10, 0xa2, 0x18, 0xa3, 0x10, 0x82, 0x10,
    0xa2, 0x18, 0xa3, 0x10, 0xa2, 0x10, 0xa3, 0x10, 0x82, 0x18, 0xa2, 0x10,
    0xa3, 0x18, 0x82, 0x10, 0xa2, 0x18, 0xa3, 0x10, 0x82, 0x10, 0xa2, 0x18,
    0xa3, 0x10, 0xa2, 0x10, 0x82, 0x18, 0xa3, 0x10, 0xa2, 0x10, 0xa3, 0x18,
    0x82, 0x10, 0xa3, 0x10, 0xa2, 0x18, 0x82, 0x10, 0xa2, 0x10, 0xa2, 0x10,
    0x0a, 0x01, 0x09, 0x01, 0x0a, 0x01, 0x2a, 0x01, 0x09, 0x01, 0x0a, 0x01,
    0x0a, 0x01, 0x09, 0x01, 0x0a, 0x01, 0x29, 0x01, 0x09, 0x01, 0x29, 0x01,
    0x0a, 0x01, 0x2a, 0x01, 0x09, 0x01, 0x0a, 0x01, 0x29, 0x01, 0x09, 0x01,
    0x0a, 0x01, 0x2a, 0x01, 0x0a, 0x01, 0x09, 0x01, 0x29, 0x01, 0x0a, 0x01,
    0x09, 0x01, 0x2a, 0x01, 0x09, 0x01, 0x09, 0x01, 0x0a, 0x01, 0x09, 0x01,
    0x09, 0x01, 0x0a, 0x01, 0x2a, 0x01, 0x09, 0x01, 0x0a, 0x01, 0x2a, 0x01,
    0x09, 0x01, 0x2a, 0x01, 0x09, 0x01, 0x0a, 0x01, 0x2a, 0x01, 0x09, 0x01,
    0x09, 0x01, 0x0a, 0x01, 0x09, 0x01, 0x09, 0x01, 0x0a, 0x01, 0x29, 0x01,
    0x0a, 0x01, 0x0a, 0x01, 0x09, 0x01, 0x2a, 0x01, 0x0a, 0x01, 0x09, 0x01,
    0x2a, 0x01, 0x09, 0x01, 0x09, 0x01, 0xff, 0xff, 0xff, 0xff, 0xff, 0xff,
    0xff, 0xff, 0xff, 0xff, 0xff, 0xff, 0xff, 0xff, 0xff, 0xff, 0xff, 0xff,
    0xff, 0xff, 0xff, 0xff, 0xff, 0xff, 0xff, 0xff, 0xff, 0xff, 0xff, 0xff,
    0xff, 0xff, 0xff, 0xff, 0xff, 0xff, 0xff, 0xff, 0xff, 0xff, 0xff, 0xff,
    0xff, 0xff, 0xff, 0xff, 0xff, 0xff, 0xff, 0xff, 0xff, 0xff, 0xff, 0xff,
    0xff, 0xff, 0xff, 0xff, 0xff, 0xff, 0xff, 0xff, 0xff, 0xff, 0xff, 0xff,
    0xff, 0xff, 0xff, 0xff, 0xff, 0xff, 0xff, 0xff, 0xff, 0xff, 0xff, 0xff,
    0xff, 0xff, 0xff, 0xff, 0xff, 0xff, 0xff, 0xff, 0xff, 0xff, 0xff, 0xff,
    0xff, 0xff, 0xff, 0xff, 0xff, 0xff, 0xff, 0xff, 0xff, 0xff, 0xff, 0xff,
    0xff, 0xff, 0xff, 0xff, 0xff, 0xff, 0xff, 0xff, 0xff, 0xff, 0xff, 0xff,
    0xd1, 0x72, 0x0d, 0x30, 0x0d, 0x30, 0x0e, 0x38, 0x0d, 0x30, 0x0d, 0x30,
    0x0d, 0x30, 0x0e, 0x30, 0x0d, 0x30, 0x0d, 0x30, 0x0d, 0x38, 0x0e, 0x30,
    0x0d, 0x30, 0x0d, 0x38, 0x0d, 0x30, 0x0e, 0x30, 0x0d, 0x38, 0x0d, 0x30,
    0x0d, 0x30, 0x0e, 0x38, 0x0d, 0x30, 0x0d, 0x30, 0x0d, 0x30, 0x0e, 0x30,
    0x0d, 0x38, 0x0d, 0x30, 0x0d, 0x30, 0x0d, 0x38, 0x0d, 0x30, 0x0d, 0x30,
    0x0d, 0x30, 0x0e, 0x38, 0x0d, 0x30, 0x0d, 0x30, 0x0d, 0x38, 0x0d, 0x38,
    0x0d, 0x30, 0x0d, 0x30, 0x0d, 0x38, 0x0e, 0x30, 0x0d, 0x30, 0x0d, 0x30,
    0x0d, 0x38, 0x0d, 0x30, 0x0d, 0x38, 0x0d, 0x30, 0x0d, 0x30, 0x0d, 0x30,
    0x0d, 0x38, 0x0d, 0x30, 0x0d, 0x30, 0x0d, 0x30, 0x0e, 0x30, 0x0d, 0x30,
    0x0e, 0x30, 0x0d, 0x30, 0x0d, 0x30, 0x86, 0x30, 0xa2, 0x10, 0xa2, 0x10,
    0x83, 0x18, 0xa2, 0x10, 0xa3, 0x10, 0xa2, 0x18, 0x82, 0x10, 0xa3, 0x10,
    0xa2, 0x18, 0x82, 0x10, 0xa3, 0x10, 0xa2, 0x18, 0xa2, 0x10, 0x83, 0x10,
    0xa2, 0x18, 0x82, 0x10, 0xa3, 0x10, 0x82, 0x18, 0x82, 0x10, 0xa3, 0x18,
    0xa2, 0x18, 0xa2, 0x10, 0xa3, 0x10, 0xa2, 0x18, 0x82, 0x10, 0xa3, 0x10,
    0xa2, 0x18, 0x82, 0x10, 0xa3, 0x10, 0xa2, 0x18, 0xa2, 0x10, 0x83, 0x10,
    0xa2, 0x18, 0xa3, 0x10, 0x82, 0x10, 0xa3, 0x18, 0xa2, 0x10, 0x82, 0x10,
    0xa3, 0x18, 0xa2, 0x10, 0xa2, 0x10, 0x83, 0x18, 0xa2, 0x10, 0xa3, 0x10,
    0x82, 0x10, 0xa2, 0x10, 0xa3, 0x10, 0xa2, 0x18, 0x82, 0x10, 0xa3, 0x10,
    0x82, 0x18, 0xa2, 0x10, 0x83, 0x18, 0xa2, 0x10, 0xa2, 0x10, 0xa3, 0x18,
    0x82, 0x10, 0x41, 0x08, 0x61, 0x08, 0x42, 0x08, 0x41, 0x08, 0x41, 0x08,
    0x42, 0x08, 0x41, 0x08, 0x41, 0x08, 0x42, 0x08, 0x41, 0x08, 0x41, 0x08,
    0x41, 0x10, 0x61, 0x08, 0x41, 0x08, 0x62, 0x10, 0xa2, 0x10, 0x82, 0x10,
    0xa3, 0x18, 0xa2, 0x10, 0xa3, 0x10, 0xa2, 0x18, 0xa2, 0x10, 0xa3, 0x10,
    0x83, 0x18, 0xa2, 0x10, 0xa2, 0x10, 0x83, 0x18, 0xa2, 0x10, 0xa2, 0x10,
    0xa3, 0x18, 0xe4, 0x20, 0xe3, 0x18, 0xe4, 0x20, 0xe4, 0x20, 0xe3, 0x18,
    0x04, 0x21, 0xe4, 0x20, 0xe3, 0x18, 0x04, 0x21, 0xe3, 0x20, 0xe4, 0x18,
    0xe4, 0x20, 0xe3, 0x20, 0x04, 0x19, 0xe4, 0x20, 0xa2, 0x10, 0xa2, 0x18,
    0xa3, 0x10, 0xa2, 0x10, 0xa2, 0x18, 0xa3, 0x10, 0x82, 0x10, 0xa2, 0x18,
    0xa3, 0x10, 0x82, 0x10, 0xa2, 0x18, 0xa3, 0x10, 0xa2, 0x18, 0xa2, 0x10,
    0x83, 0x18, 0xa2, 0x10, 0xa2, 0x10, 0x83, 0x18, 0xa2, 0x10, 0xa3, 0x18,
    0x83, 0x10, 0xa2, 0x18, 0xa3, 0x18, 0x82, 0x10, 0xa2, 0x10, 0xa3, 0x18,
    0xa2, 0x10, 0xa3, 0x10, 0x82, 0x10, 0xa2, 0x18, 0xa3, 0x10, 0x83, 0x18,
    0xa2, 0x10, 0xa2, 0x10, 0xa3, 0x18, 0x82, 0x10, 0xa2, 0x18, 0xa3, 0x10,
    0x82, 0x10, 0xa2, 0x18, 0xa3, 0x10, 0xa2, 0x18, 0xa3, 0x10, 0x82, 0x18,
    0xa3, 0x18, 0xa2, 0x10, 0x09, 0x01, 0x0a, 0x01, 0x09, 0x01, 0x0a, 0x01,
    0x29, 0x01, 0x0a, 0x01, 0x09, 0x01, 0x2a, 0x01, 0x0a, 0x01, 0x0a, 0x01,
    0x09, 0x01, 0x09, 0x01, 0x0a, 0x01, 0x29, 0x01, 0x09, 0x01, 0x0a, 0x01,
    0x2a, 0x01, 0x09, 0x01, 0x09, 0x01, 0x2a, 0x01, 0x09, 0x01, 0x0a, 0x01,
    0x0a, 0x01, 0x09, 0x01, 0x0a, 0x01, 0x09, 0x01, 0x2a, 0x01, 0x09, 0x01,
    0x0a, 0x01, 0x29, 0x01, 0x0a, 0x01, 0x0a, 0x01, 0x09, 0x01, 0x29, 0x01,
    0x0a, 0x01, 0x09, 0x01, 0x2a, 0x01, 0x09, 0x01, 0x09, 0x01, 0x2a, 0x01,
    0x09, 0x01, 0x2a, 0x01, 0x09, 0x01, 0x2a, 0x01, 0x0a, 0x01, 0x09, 0x01,
    0x09, 0x01, 0x0a, 0x01, 0x29, 0x01, 0x09, 0x01, 0x0a, 0x01, 0x29, 0x01,
    0x0a, 0x01, 0x0a, 0x01, 0x29, 0x01, 0x0a, 0x01, 0x2a, 0x01, 0xff, 0xff,
    0xff, 0xff, 0xff, 0xff, 0xff, 0xff, 0xff, 0xff, 0xff, 0xff, 0xff, 0xff,
    0xff, 0xff, 0xff, 0xff, 0xff, 0xff, 0xff, 0xff, 0xff, 0xff, 0xff, 0xff,
    0xff, 0xff, 0xff, 0xff, 0xff, 0xff, 0xff, 0xff, 0xff, 0xff, 0xff, 0xff,
    0xff, 0xff, 0xff, 0xff, 0xff, 0xff, 0xff, 0xff, 0xff, 0xff, 0xff, 0xff,
    0xff, 0xff, 0xff, 0xff, 0xff, 0xff, 0xff, 0xff, 0xff, 0xff, 0xff, 0xff,
    0xff, 0xff, 0xff, 0xff, 0xff, 0xff, 0xff, 0xff, 0xff, 0xff, 0xff, 0xff,
    0xff, 0xff, 0xff, 0xff, 0xff, 0xff, 0xff, 0xff, 0xff, 0xff, 0xff, 0xff,
    0xff, 0xff, 0xff, 0xff, 0xff, 0xff, 0xff, 0xff, 0xff, 0xff, 0xff, 0xff,
    0xff, 0xff, 0xff, 0xff, 0xff, 0xff, 0xff, 0xff, 0xff, 0xff, 0xff, 0xff,
    0xff, 0xff, 0xff, 0xff, 0xd1, 0x72, 0x0d, 0x30, 0x0d, 0x30, 0x0d, 0x38,
    0x0e, 0x30, 0x0d, 0x30, 0x0d, 0x38, 0x0e, 0x30, 0x0d, 0x30, 0x0d, 0x30,
    0x0d, 0x30, 0x0d, 0x30, 0x0e, 0x30, 0x0d, 0x30, 0x0d, 0x30, 0x0d, 0x38,
    0x0e, 0x30, 0x0d, 0x30, 0x0d, 0x30, 0x0d, 0x30, 0x0e, 0x38, 0x0d, 0x30,
    0x0d, 0x30, 0x0d, 0x38, 0x0e, 0x30, 0x0d, 0x30, 0x0d, 0x38, 0x0e, 0x30,
    0x0e, 0x30, 0x0d, 0x30, 0x0d, 0x38, 0x0d, 0x30, 0x0e, 0x30, 0x0d, 0x30,
    0x0d, 0x30, 0x0e, 0x30, 0x0d, 0x38, 0x0d, 0x30, 0x0e, 0x30, 0x0d, 0x38,
    0x0d, 0x30, 0x0e, 0x30, 0x0e, 0x30, 0x0d, 0x30, 0x0e, 0x30, 0x0e, 0x38,
    0x0d, 0x30, 0x0e, 0x30, 0x0e, 0x30, 0x0d, 0x38, 0x0d, 0x30, 0x0e, 0x38,
    0x0d, 0x30, 0x0d, 0x30, 0x0d, 0x38, 0x0e, 0x30, 0x0d, 0x30, 0x86, 0x30,
    0xa2, 0x18, 0xa2, 0x10, 0xa3, 0x18, 0xa2, 0x10, 0xa2, 0x18, 0x83, 0x10,
    0xa3, 0x10, 0xa2, 0x18, 0x83, 0x10, 0xa2, 0x18, 0xa3, 0x10, 0xa2, 0x18,
    0x82, 0x18, 0xa3, 0x10, 0xa2, 0x10, 0xa2, 0x18, 0xa3, 0x10, 0xa2, 0x10,
    0xa3, 0x10, 0x83, 0x10, 0xa2, 0x10, 0xa2, 0x10, 0x83, 0x18, 0xa2, 0x10,
    0xa3, 0x10, 0xa2, 0x18, 0xa2, 0x18, 0xa3, 0x10, 0x83, 0x10, 0xa2, 0x18,
    0xa3, 0x10, 0x82, 0x10, 0xa2, 0x18, 0xa3, 0x10, 0x82, 0x18, 0xa2, 0x18,
    0xa3, 0x10, 0xa2, 0x10, 0xa2, 0x18, 0xa3, 0x10, 0xa2, 0x10, 0x82, 0x18,
    0xa3, 0x10, 0xa2, 0x10, 0x83, 0x18, 0xa2, 0x18, 0xa2, 0x10, 0x83, 0x10,
    0xa2, 0x18, 0xa2, 0x10, 0xa3, 0x10, 0x82, 0x18, 0xa3, 0x10, 0x82, 0x18,
    0xa2, 0x10, 0xa3, 0x10, 0x82, 0x10, 0x41, 0x08, 0x41, 0x10, 0x61, 0x08,
    0x41, 0x08, 0x61, 0x08, 0x41, 0x08, 0x41, 0x08, 0x61, 0x08, 0x41, 0x08,
    0x41, 0x08, 0x41, 0x08, 0x41, 0x08, 0x41, 0x08, 0x41, 0x08, 0x62, 0x10,
    0xa2, 0x10, 0xa3, 0x18, 0x82, 0x10, 0xa2, 0x10, 0x83, 0x18, 0xa2, 0x18,
    0xa2, 0x10, 0xa3, 0x10, 0xa2, 0x18, 0xa2, 0x10, 0xa3, 0x10, 0xa2, 0x18,
    0xa2, 0x10, 0xa3, 0x10, 0xa2, 0x18, 0xe4, 0x20, 0xe4, 0x18, 0x03, 0x21,
    0xe4, 0x18, 0xe3, 0x20, 0xe4, 0x18, 0xe3, 0x20, 0xe4, 0x18, 0x04, 0x21,
    0xe3, 0x20, 0xe4, 0x18, 0x03, 0x21, 0xe4, 0x20, 0xe4, 0x18, 0xe3, 0x20,
    0xa2, 0x10, 0xa3, 0x10, 0x82, 0x18, 0xa3, 0x10, 0xa2, 0x10, 0xa2, 0x18,
    0xa3, 0x10, 0xa2, 0x18, 0xa2, 0x10, 0xa3, 0x18, 0x82, 0x10, 0xa2, 0x10,
    0xa3, 0x18, 0x82, 0x10, 0xa3, 0x10, 0xa2, 0x18, 0x83, 0x10, 0xa2, 0x10,
    0xa2, 0x18, 0x82, 0x10, 0xa2, 0x10, 0xa3, 0x10, 0xa2, 0x18, 0x82, 0x10,
    0xa3, 0x18, 0x82, 0x18, 0xa2, 0x10, 0xa3, 0x10, 0xa2, 0x18, 0xa2, 0x10,
    0xa3, 0x10, 0xa2, 0x18, 0xa2, 0x10, 0xa3, 0x18, 0x82, 0x10, 0xa3, 0x10,
    0xa2, 0x18, 0xa3, 0x10, 0x82, 0x18, 0xa2, 0x10, 0xa3, 0x10, 0x82, 0x18,
    0xa2, 0x10, 0xa3, 0x10, 0xa2, 0x18, 0xa3, 0x10, 0x09, 0x01, 0x2a, 0x01,
    0x09, 0x01, 0x09, 0x01, 0x0a, 0x01, 0x29, 0x01, 0x09, 0x01, 0x09, 0x01,
    0x0a, 0x01, 0x09, 0x01, 0x2a, 0x01, 0x0a, 0x01, 0x09, 0x01, 0x0a, 0x01,
    0x09, 0x01, 0x0a, 0x01, 0x0a, 0x01, 0x09, 0x01, 0x0a, 0x01, 0x09, 0x01,
    0x29, 0x01, 0x0a, 0x01, 0x09, 0x01, 0x29, 0x01, 0x0a, 0x01, 0x0a, 0x01,
    0x09, 0x01, 0x2a, 0x01, 0x09, 0x01, 0x0a, 0x01, 0x29, 0x01, 0x09, 0x01,
    0x0a, 0x01, 0x0a, 0x01, 0x09, 0x01, 0x09, 0x01, 0x0a, 0x01, 0x0a, 0x01,
    0x09, 0x01, 0x09, 0x01, 0x0a, 0x01, 0x09, 0x01, 0x0a, 0x01, 0x29, 0x01,
    0x0a, 0x01, 0x2a, 0x01, 0x09, 0x01, 0x0a, 0x01, 0x09, 0x01, 0x0a, 0x01,
    0x09, 0x01, 0x09, 0x01, 0x09, 0x01, 0x0a, 0x01, 0x09, 0x01, 0x0a, 0x01,
    0x09, 0x01, 0xff, 0xff, 0xff, 0xff, 0xff, 0xff, 0xff, 0xff, 0xff, 0xff,
    0xff, 0xff, 0xff, 0xff, 0xff, 0xff, 0xff, 0xff, 0xff, 0xff, 0xff, 0xff,
    0xff, 0xff, 0xff, 0xff, 0xff, 0xff, 0xff, 0xff, 0xff, 0xff, 0xff, 0xff,
    0xff, 0xff, 0xff, 0xff, 0xff, 0xff, 0xff, 0xff, 0xff, 0xff, 0xff, 0xff,
    0xff, 0xff, 0xff, 0xff, 0xff, 0xff, 0xff, 0xff, 0xff, 0xff, 0xff, 0xff,
    0xff, 0xff, 0xff, 0xff, 0xff, 0xff, 0xff, 0xff, 0xff, 0xff, 0xff, 0xff,
    0xff, 0xff, 0xff, 0xff, 0xff, 0xff, 0xff, 0xff, 0xff, 0xff, 0xff, 0xff,
    0xff, 0xff, 0xff, 0xff, 0xff, 0xff, 0xff, 0xff, 0xff, 0xff, 0xff, 0xff,
    0xff, 0xff, 0xff, 0xff, 0xff, 0xff, 0xff, 0xff, 0xff, 0xff, 0xff, 0xff,
    0xff, 0xff, 0xff, 0xff, 0xff, 0xff, 0xff, 0xff, 0xd1, 0x72, 0x0d, 0x30,
    0x0d, 0x30, 0x0d, 0x30, 0x0d, 0x30, 0x0d, 0x38, 0x0d, 0x30, 0x0d, 0x38,
    0x0e, 0x30, 0x0d, 0x38, 0x0d, 0x30, 0x0e, 0x38, 0x0d, 0x30, 0x0d, 0x30,
    0x0d, 0x38, 0x0d, 0x30, 0x0d, 0x30, 0x0e, 0x38, 0x0d, 0x30, 0x0d, 0x30,
    0x0d, 0x38, 0x0e, 0x30, 0x0d, 0x30, 0x0d, 0x30, 0x0d, 0x30, 0x0e, 0x30,
    0x0d, 0x30, 0x0d, 0x30, 0x0d, 0x38, 0x0e, 0x30, 0x0d, 0x30, 0x0d, 0x30,
    0x0d, 0x38, 0x0e, 0x30, 0x0d, 0x30, 0x0d, 0x30, 0x0e, 0x30, 0x0d, 0x30,
    0x0d, 0x30, 0x0d, 0x38, 0x0d, 0x30, 0x0d, 0x30, 0x0d, 0x38, 0x0d, 0x30,
    0x0d, 0x30, 0x0d, 0x30, 0x0d, 0x38, 0x0d, 0x30, 0x0d, 0x30, 0x0d, 0x30,
    0x0e, 0x30, 0x0d, 0x30, 0x0d, 0x38, 0x0d, 0x30, 0x0d, 0x30, 0x0d, 0x38,
    0x0d, 0x30, 0x86, 0x30, 0x83, 0x10, 0xa2, 0x10, 0x82, 0x10, 0xa3, 0x18,
    0xa2, 0x10, 0x82, 0x10, 0xa2, 0x18, 0xa2, 0x10, 0xa3, 0x10, 0xa2, 0x18,
    0xa2, 0x10, 0x83, 0x10, 0xa2, 0x10, 0xa3, 0x18, 0xa2, 0x10, 0x83, 0x18,
    0xa2, 0x18, 0xa2, 0x10, 0xa2, 0x18, 0xa3, 0x18, 0x82, 0x10, 0xa3, 0x18,
    0xa2, 0x10, 0x82, 0x10, 0xa3, 0x18, 0xa2, 0x10, 0x82, 0x10, 0xa3, 0x18,
    0xa2, 0x10, 0xa2, 0x18, 0xa3, 0x10, 0xa2, 0x18, 0xa2, 0x10, 0xa3, 0x10,
    0xa2, 0x10, 0x82, 0x18, 0xa3, 0x10, 0x82, 0x18, 0x82, 0x10, 0xa3, 0x18,
    0xa2, 0x10, 0xa2, 0x10, 0xa2, 0x18, 0xa3, 0x10, 0xa2, 0x18, 0x82, 0x10,
    0xa3, 0x10, 0xa2, 0x18, 0xa3, 0x18, 0xa2, 0x10, 0xa2, 0x10, 0xa3, 0x18,
    0xa2, 0x10, 0xa3, 0x10, 0x82, 0x18, 0xa2, 0x18, 0x82, 0x10, 0x41, 0x08,
    0x41, 0x08, 0x41, 0x08, 0x41, 0x08, 0x61, 0x10, 0x41, 0x08, 0x41, 0x08,
    0x61, 0x10, 0x41, 0x08, 0x61, 0x08, 0x62, 0x08, 0x41, 0x08, 0x41, 0x08,
    0x41, 0x08, 0x62, 0x08, 0xa2, 0x18, 0xa2, 0x10, 0xa3, 0x10, 0xa2, 0x18,
    0x82, 0x10, 0xa3, 0x10, 0x82, 0x18, 0x82, 0x10, 0xa2, 0x10, 0x83, 0x18,
    0xa2, 0x10, 0xa2, 0x18, 0x83, 0x10, 0xa2, 0x10, 0xa2, 0x10, 0xe4, 0x20,
    0xe3, 0x20, 0xe4, 0x18, 0x04, 0x21, 0xe4, 0x20, 0x03, 0x19, 0xe4, 0x20,
    0xe4, 0x20, 0xe3, 0x18, 0xe4, 0x20, 0xe4, 0x18, 0x03, 0x21, 0xe4, 0x18,
    0xe4, 0x20, 0xe3, 0x20, 0xa3, 0x10, 0xa2, 0x10, 0x82, 0x18, 0xa3, 0x10,
    0x82, 0x18, 0x82, 0x10, 0xa3, 0x10, 0x82, 0x18, 0xa2, 0x10, 0xa3, 0x10,
    0x82, 0x18, 0xa3, 0x10, 0xa2, 0x10, 0xa2, 0x18, 0xa3, 0x10, 0xa2, 0x18,
    0xa2, 0x10, 0xa3, 0x10, 0xa3, 0x18, 0xa2, 0x10, 0xa2, 0x10, 0xa3, 0x18,
    0x82, 0x10, 0xa2, 0x10, 0xa3, 0x10, 0xa2, 0x10, 0x82, 0x18, 0xa3, 0x18,
    0x82, 0x10, 0xa3, 0x10, 0x82, 0x18, 0xa2, 0x10, 0xa3, 0x10, 0x82, 0x18,
    0xa2, 0x10, 0xa3, 0x10, 0xa2, 0x18, 0x82, 0x10, 0xa3, 0x10, 0xa2, 0x18,
    0xa2, 0x10, 0x83, 0x10, 0xa2, 0x18, 0xa2, 0x10, 0x82, 0x10, 0xa2, 0x10
};
